{"UP":{"2PM":17.25,"2PA":43.5,"3PM":4.0,"3PA":20.75,"FTM":16.5,"FTA":28.0,"OFF":13.5,"DEF":25.75,"AST":12.0,"TO":14.25,"STL":7.25,"BLK":3.25,"PF":22.5,"Fls on:":23.75,"+\/-":-16.0,"GW":0.0,"GP":4.0,"MINS":200.0,"FGM":21.25,"FGA":64.25,"FG%":33.0739299611,"2P%":39.6551724138,"3P%":19.2771084337,"FT%":58.9285714286,"PTS":63.0,"REB":39.25,"STK":10.5},"DLSU":{"2PM":18.8,"2PA":45.2,"3PM":5.2,"3PA":23.8,"FTM":11.8,"FTA":17.6,"OFF":14.0,"DEF":26.0,"AST":14.4,"TO":15.2,"STL":10.0,"BLK":2.8,"PF":20.6,"Fls on:":18.4,"+\/-":-9.6,"GW":11.0,"GP":5.0,"MINS":200.0,"FGM":24.0,"FGA":69.0,"FG%":34.7826086957,"2P%":41.592920354,"3P%":21.8487394958,"FT%":67.0454545455,"PTS":65.0,"REB":40.0,"STK":12.8},"UST":{"2PM":16.75,"2PA":38.0,"3PM":5.75,"3PA":23.0,"FTM":12.25,"FTA":17.0,"OFF":9.25,"DEF":28.75,"AST":15.0,"TO":12.5,"STL":5.0,"BLK":3.0,"PF":20.25,"Fls on:":20.5,"+\/-":-3.75,"GW":14.0,"GP":4.0,"MINS":200.0,"FGM":22.5,"FGA":61.0,"FG%":36.8852459016,"2P%":44.0789473684,"3P%":25.0,"FT%":72.0588235294,"PTS":63.0,"REB":38.0,"STK":8.0},"League":{"2PM":18.1666666667,"2PA":42.3611111111,"3PM":5.4722222222,"3PA":22.3888888889,"FTM":12.5,"FTA":19.5555555556,"OFF":13.1666666667,"DEF":30.1388888889,"AST":16.5277777778,"TO":14.6944444444,"STL":7.3333333333,"BLK":2.9444444444,"PF":20.9166666667,"Fls on:":20.7222222222,"+\/-":0.0,"GW":30.375,"GP":4.5,"MINS":200.0,"FGM":23.6388888889,"FGA":64.75,"FG%":36.5079365079,"2P%":42.8852459016,"3P%":24.4416873449,"FT%":63.9204545455,"PTS":65.25,"REB":43.3055555556,"STK":10.2777777778},"AdU":{"2PM":14.8,"2PA":39.8,"3PM":6.8,"3PA":26.6,"FTM":10.6,"FTA":15.8,"OFF":12.6,"DEF":28.8,"AST":17.2,"TO":12.4,"STL":8.0,"BLK":0.8,"PF":19.4,"Fls on:":19.0,"+\/-":2.4,"GW":27.0,"GP":5.0,"MINS":200.0,"FGM":21.6,"FGA":66.4,"FG%":32.5301204819,"2P%":37.1859296482,"3P%":25.5639097744,"FT%":67.0886075949,"PTS":60.6,"REB":41.4,"STK":8.8},"UE":{"2PM":19.5,"2PA":41.0,"3PM":5.75,"3PA":21.5,"FTM":12.0,"FTA":22.75,"OFF":12.75,"DEF":31.25,"AST":20.0,"TO":16.0,"STL":7.25,"BLK":3.5,"PF":22.5,"Fls on:":22.75,"+\/-":4.0,"GW":28.0,"GP":4.0,"MINS":200.0,"FGM":25.25,"FGA":62.5,"FG%":40.4,"2P%":47.5609756098,"3P%":26.7441860465,"FT%":52.7472527473,"PTS":68.25,"REB":44.0,"STK":10.75},"NU":{"2PM":18.2,"2PA":41.4,"3PM":6.4,"3PA":22.2,"FTM":15.2,"FTA":22.0,"OFF":15.4,"DEF":32.6,"AST":17.8,"TO":16.8,"STL":7.2,"BLK":3.4,"PF":20.2,"Fls on:":22.8,"+\/-":6.6,"GW":52.0,"GP":5.0,"MINS":200.0,"FGM":24.6,"FGA":63.6,"FG%":38.679245283,"2P%":43.961352657,"3P%":28.8288288288,"FT%":69.0909090909,"PTS":70.8,"REB":48.0,"STK":10.6},"FEU":{"2PM":18.6,"2PA":46.6,"3PM":5.4,"3PA":19.8,"FTM":9.4,"FTA":15.6,"OFF":13.2,"DEF":33.2,"AST":18.4,"TO":14.8,"STL":9.0,"BLK":4.0,"PF":18.4,"Fls on:":18.4,"+\/-":7.2,"GW":72.0,"GP":5.0,"MINS":200.0,"FGM":24.0,"FGA":66.4,"FG%":36.1445783133,"2P%":39.9141630901,"3P%":27.2727272727,"FT%":60.2564102564,"PTS":62.8,"REB":46.4,"STK":13.0},"ADMU":{"2PM":22.0,"2PA":42.5,"3PM":4.0,"3PA":20.75,"FTM":13.0,"FTA":19.5,"OFF":14.0,"DEF":34.75,"AST":17.0,"TO":15.5,"STL":3.75,"BLK":3.0,"PF":24.75,"Fls on:":21.25,"+\/-":7.5,"GW":39.0,"GP":4.0,"MINS":200.0,"FGM":26.0,"FGA":63.25,"FG%":41.1067193676,"2P%":51.7647058824,"3P%":19.2771084337,"FT%":66.6666666667,"PTS":69.0,"REB":48.75,"STK":6.75}}