{"ADMU":{"2PM":88.0,"2PA":170.0,"3PM":16.0,"3PA":83.0,"FTM":52.0,"FTA":78.0,"OFF":56.0,"DEF":139.0,"AST":68.0,"TO":62.0,"STL":15.0,"BLK":12.0,"PF":99.0,"Fls on:":85.0,"+\/-":30.0,"GW":39.0,"GP":4.0,"MINS":800.0,"FGM":104.0,"FGA":253.0,"FG%":41.1067193676,"2P%":51.7647058824,"3P%":19.2771084337,"FT%":66.6666666667,"PTS":276.0,"REB":195.0,"STK":27.0},"NU":{"2PM":91.0,"2PA":207.0,"3PM":32.0,"3PA":111.0,"FTM":76.0,"FTA":110.0,"OFF":77.0,"DEF":163.0,"AST":89.0,"TO":84.0,"STL":36.0,"BLK":17.0,"PF":101.0,"Fls on:":114.0,"+\/-":33.0,"GW":52.0,"GP":5.0,"MINS":1000.0,"FGM":123.0,"FGA":318.0,"FG%":38.679245283,"2P%":43.961352657,"3P%":28.8288288288,"FT%":69.0909090909,"PTS":354.0,"REB":240.0,"STK":53.0},"AdU":{"2PM":74.0,"2PA":199.0,"3PM":34.0,"3PA":133.0,"FTM":53.0,"FTA":79.0,"OFF":63.0,"DEF":144.0,"AST":86.0,"TO":62.0,"STL":40.0,"BLK":4.0,"PF":97.0,"Fls on:":95.0,"+\/-":12.0,"GW":27.0,"GP":5.0,"MINS":1000.0,"FGM":108.0,"FGA":332.0,"FG%":32.5301204819,"2P%":37.1859296482,"3P%":25.5639097744,"FT%":67.0886075949,"PTS":303.0,"REB":207.0,"STK":44.0},"UST":{"2PM":67.0,"2PA":152.0,"3PM":23.0,"3PA":92.0,"FTM":49.0,"FTA":68.0,"OFF":37.0,"DEF":115.0,"AST":60.0,"TO":50.0,"STL":20.0,"BLK":12.0,"PF":81.0,"Fls on:":82.0,"+\/-":-15.0,"GW":14.0,"GP":4.0,"MINS":800.0,"FGM":90.0,"FGA":244.0,"FG%":36.8852459016,"2P%":44.0789473684,"3P%":25.0,"FT%":72.0588235294,"PTS":252.0,"REB":152.0,"STK":32.0},"UP":{"2PM":69.0,"2PA":174.0,"3PM":16.0,"3PA":83.0,"FTM":66.0,"FTA":112.0,"OFF":54.0,"DEF":103.0,"AST":48.0,"TO":57.0,"STL":29.0,"BLK":13.0,"PF":90.0,"Fls on:":95.0,"+\/-":-64.0,"GW":0.0,"GP":4.0,"MINS":800.0,"FGM":85.0,"FGA":257.0,"FG%":33.0739299611,"2P%":39.6551724138,"3P%":19.2771084337,"FT%":58.9285714286,"PTS":252.0,"REB":157.0,"STK":42.0},"DLSU":{"2PM":94.0,"2PA":226.0,"3PM":26.0,"3PA":119.0,"FTM":59.0,"FTA":88.0,"OFF":70.0,"DEF":130.0,"AST":72.0,"TO":76.0,"STL":50.0,"BLK":14.0,"PF":103.0,"Fls on:":92.0,"+\/-":-48.0,"GW":11.0,"GP":5.0,"MINS":1000.0,"FGM":120.0,"FGA":345.0,"FG%":34.7826086957,"2P%":41.592920354,"3P%":21.8487394958,"FT%":67.0454545455,"PTS":325.0,"REB":200.0,"STK":64.0},"UE":{"2PM":78.0,"2PA":164.0,"3PM":23.0,"3PA":86.0,"FTM":48.0,"FTA":91.0,"OFF":51.0,"DEF":125.0,"AST":80.0,"TO":64.0,"STL":29.0,"BLK":14.0,"PF":90.0,"Fls on:":91.0,"+\/-":16.0,"GW":28.0,"GP":4.0,"MINS":800.0,"FGM":101.0,"FGA":250.0,"FG%":40.4,"2P%":47.5609756098,"3P%":26.7441860465,"FT%":52.7472527473,"PTS":273.0,"REB":176.0,"STK":43.0},"FEU":{"2PM":93.0,"2PA":233.0,"3PM":27.0,"3PA":99.0,"FTM":47.0,"FTA":78.0,"OFF":66.0,"DEF":166.0,"AST":92.0,"TO":74.0,"STL":45.0,"BLK":20.0,"PF":92.0,"Fls on:":92.0,"+\/-":36.0,"GW":72.0,"GP":5.0,"MINS":1000.0,"FGM":120.0,"FGA":332.0,"FG%":36.1445783133,"2P%":39.9141630901,"3P%":27.2727272727,"FT%":60.2564102564,"PTS":314.0,"REB":232.0,"STK":65.0},"League":{"2PM":81.75,"2PA":190.625,"3PM":24.625,"3PA":100.75,"FTM":56.25,"FTA":88.0,"OFF":59.25,"DEF":135.625,"AST":74.375,"TO":66.125,"STL":33.0,"BLK":13.25,"PF":94.125,"Fls on:":93.25,"+\/-":0.0,"GW":30.375,"GP":4.5,"MINS":900.0,"FGM":106.375,"FGA":291.375,"FG%":36.5079365079,"2P%":42.8852459016,"3P%":24.4416873449,"FT%":63.9204545455,"PTS":293.625,"REB":194.875,"STK":46.25}}