{"UP":{"MINS":200.0,"FGM":29.75,"FGA":66.75,"2PM":23.0,"2PA":48.0,"3PM":6.75,"3PA":18.75,"FTM":12.75,"FTA":21.25,"PTS":79.0,"OFF":12.5,"DEF":33.75,"REB":46.25,"AST":22.5,"TO":14.0,"STL":6.0,"BLK":3.75,"STK":9.75,"PF":24.5,"Fls on:":22.25,"+\/-":16.0,"GW":60.0,"GP":4.0,"W":4.0,"L":0.0,"FG%":44.5692883895,"2P%":47.9166666667,"3P%":36.0,"FT%":60.0,"W%":1.0},"DLSU":{"MINS":200.0,"FGM":28.0,"FGA":68.6,"2PM":21.0,"2PA":44.2,"3PM":7.0,"3PA":24.4,"FTM":11.6,"FTA":18.4,"PTS":74.6,"OFF":17.4,"DEF":32.8,"REB":50.2,"AST":21.0,"TO":19.0,"STL":9.0,"BLK":3.2,"STK":12.2,"PF":18.4,"Fls on:":20.6,"+\/-":9.6,"GW":52.0,"GP":5.0,"W":4.0,"L":1.0,"FG%":40.8163265306,"2P%":47.5113122172,"3P%":28.6885245902,"FT%":63.0434782609,"W%":0.8},"UST":{"MINS":200.0,"FGM":23.75,"FGA":60.5,"2PM":17.25,"2PA":34.0,"3PM":6.5,"3PA":26.5,"FTM":12.75,"FTA":19.0,"PTS":66.75,"OFF":10.0,"DEF":30.5,"REB":40.5,"AST":20.0,"TO":12.5,"STL":6.25,"BLK":1.25,"STK":7.5,"PF":20.5,"Fls on:":20.0,"+\/-":3.75,"GW":37.0,"GP":4.0,"W":3.0,"L":1.0,"FG%":39.2561983471,"2P%":50.7352941176,"3P%":24.5283018868,"FT%":67.1052631579,"W%":0.75},"AdU":{"MINS":200.0,"FGM":20.4,"FGA":60.4,"2PM":15.4,"2PA":38.2,"3PM":5.0,"3PA":22.2,"FTM":12.4,"FTA":17.6,"PTS":58.2,"OFF":12.4,"DEF":34.4,"REB":46.8,"AST":13.6,"TO":16.0,"STL":6.8,"BLK":4.4,"STK":11.2,"PF":19.2,"Fls on:":19.4,"+\/-":-2.4,"GW":43.0,"GP":5.0,"W":3.0,"L":2.0,"FG%":33.7748344371,"2P%":40.3141361257,"3P%":22.5225225225,"FT%":70.4545454545,"W%":0.6},"UE":{"MINS":200.0,"FGM":21.25,"FGA":59.25,"2PM":14.75,"2PA":36.25,"3PM":6.5,"3PA":23.0,"FTM":15.25,"FTA":24.25,"PTS":64.25,"OFF":10.5,"DEF":25.75,"REB":36.25,"AST":13.25,"TO":14.75,"STL":8.0,"BLK":2.75,"STK":10.75,"PF":23.25,"Fls on:":22.5,"+\/-":-4.0,"GW":23.0,"GP":4.0,"W":2.0,"L":2.0,"FG%":35.864978903,"2P%":40.6896551724,"3P%":28.2608695652,"FT%":62.8865979381,"W%":0.5},"League":{"MINS":200.0,"FGM":23.6388888889,"FGA":64.75,"2PM":18.1666666667,"2PA":42.3611111111,"3PM":5.4722222222,"3PA":22.3888888889,"FTM":12.5,"FTA":19.5555555556,"PTS":65.25,"OFF":13.1666666667,"DEF":30.1388888889,"REB":43.3055555556,"AST":16.5277777778,"TO":14.6944444444,"STL":7.3333333333,"BLK":2.9444444444,"STK":10.2777777778,"PF":20.9166666667,"Fls on:":20.7222222222,"+\/-":0.0,"GW":30.375,"GP":4.5,"W":2.25,"L":2.25,"FG%":36.5079365079,"2P%":42.8852459016,"3P%":24.4416873449,"FT%":63.9204545455,"W%":0.5},"ADMU":{"MINS":200.0,"FGM":21.0,"FGA":63.0,"2PM":15.75,"2PA":37.25,"3PM":5.25,"3PA":25.75,"FTM":14.25,"FTA":25.25,"PTS":61.5,"OFF":12.0,"DEF":25.5,"REB":37.5,"AST":17.75,"TO":10.5,"STL":7.5,"BLK":2.75,"STK":10.25,"PF":21.25,"Fls on:":24.5,"+\/-":-7.5,"GW":13.0,"GP":4.0,"W":1.0,"L":3.0,"FG%":33.3333333333,"2P%":42.2818791946,"3P%":20.3883495146,"FT%":56.4356435644,"W%":0.25},"NU":{"MINS":200.0,"FGM":24.2,"FGA":69.8,"2PM":20.2,"2PA":49.6,"3PM":4.0,"3PA":20.2,"FTM":11.8,"FTA":18.2,"PTS":64.2,"OFF":15.0,"DEF":26.4,"REB":41.4,"AST":13.0,"TO":14.0,"STL":8.0,"BLK":2.0,"STK":10.0,"PF":22.8,"Fls on:":19.8,"+\/-":-6.6,"GW":15.0,"GP":5.0,"W":1.0,"L":4.0,"FG%":34.670487106,"2P%":40.7258064516,"3P%":19.801980198,"FT%":64.8351648352,"W%":0.2},"FEU":{"MINS":200.0,"FGM":21.0,"FGA":67.8,"2PM":17.6,"2PA":48.6,"3PM":3.4,"3PA":19.2,"FTM":10.2,"FTA":14.8,"PTS":55.6,"OFF":14.0,"DEF":31.0,"REB":45.0,"AST":12.6,"TO":15.4,"STL":6.8,"BLK":3.2,"STK":10.0,"PF":18.6,"Fls on:":18.0,"+\/-":-7.2,"GW":0.0,"GP":5.0,"W":0.0,"L":5.0,"FG%":30.9734513274,"2P%":36.2139917695,"3P%":17.7083333333,"FT%":68.9189189189,"W%":0.0}}