{"ADMU":{"MINS":800.0,"FGM":84.0,"FGA":252.0,"2PM":63.0,"2PA":149.0,"3PM":21.0,"3PA":103.0,"FTM":57.0,"FTA":101.0,"PTS":246.0,"OFF":48.0,"DEF":102.0,"REB":150.0,"AST":71.0,"TO":42.0,"STL":30.0,"BLK":11.0,"STK":41.0,"PF":85.0,"Fls on:":98.0,"+\/-":-30.0,"GW":13.0,"GP":4.0,"W":1.0,"L":3.0,"FG%":33.3333333333,"2P%":42.2818791946,"3P%":20.3883495146,"FT%":56.4356435644},"AdU":{"MINS":1000.0,"FGM":102.0,"FGA":302.0,"2PM":77.0,"2PA":191.0,"3PM":25.0,"3PA":111.0,"FTM":62.0,"FTA":88.0,"PTS":291.0,"OFF":62.0,"DEF":172.0,"REB":234.0,"AST":68.0,"TO":80.0,"STL":34.0,"BLK":22.0,"STK":56.0,"PF":96.0,"Fls on:":97.0,"+\/-":-12.0,"GW":43.0,"GP":5.0,"W":3.0,"L":2.0,"FG%":33.7748344371,"2P%":40.3141361257,"3P%":22.5225225225,"FT%":70.4545454545},"DLSU":{"MINS":1000.0,"FGM":140.0,"FGA":343.0,"2PM":105.0,"2PA":221.0,"3PM":35.0,"3PA":122.0,"FTM":58.0,"FTA":92.0,"PTS":373.0,"OFF":87.0,"DEF":164.0,"REB":251.0,"AST":105.0,"TO":95.0,"STL":45.0,"BLK":16.0,"STK":61.0,"PF":92.0,"Fls on:":103.0,"+\/-":48.0,"GW":52.0,"GP":5.0,"W":4.0,"L":1.0,"FG%":40.8163265306,"2P%":47.5113122172,"3P%":28.6885245902,"FT%":63.0434782609},"FEU":{"MINS":1000.0,"FGM":105.0,"FGA":339.0,"2PM":88.0,"2PA":243.0,"3PM":17.0,"3PA":96.0,"FTM":51.0,"FTA":74.0,"PTS":278.0,"OFF":70.0,"DEF":155.0,"REB":225.0,"AST":63.0,"TO":77.0,"STL":34.0,"BLK":16.0,"STK":50.0,"PF":93.0,"Fls on:":90.0,"+\/-":-36.0,"GW":0.0,"GP":5.0,"W":0.0,"L":5.0,"FG%":30.9734513274,"2P%":36.2139917695,"3P%":17.7083333333,"FT%":68.9189189189},"NU":{"MINS":1000.0,"FGM":121.0,"FGA":349.0,"2PM":101.0,"2PA":248.0,"3PM":20.0,"3PA":101.0,"FTM":59.0,"FTA":91.0,"PTS":321.0,"OFF":75.0,"DEF":132.0,"REB":207.0,"AST":65.0,"TO":70.0,"STL":40.0,"BLK":10.0,"STK":50.0,"PF":114.0,"Fls on:":99.0,"+\/-":-33.0,"GW":15.0,"GP":5.0,"W":1.0,"L":4.0,"FG%":34.670487106,"2P%":40.7258064516,"3P%":19.801980198,"FT%":64.8351648352},"UE":{"MINS":800.0,"FGM":85.0,"FGA":237.0,"2PM":59.0,"2PA":145.0,"3PM":26.0,"3PA":92.0,"FTM":61.0,"FTA":97.0,"PTS":257.0,"OFF":42.0,"DEF":103.0,"REB":145.0,"AST":53.0,"TO":59.0,"STL":32.0,"BLK":11.0,"STK":43.0,"PF":93.0,"Fls on:":90.0,"+\/-":-16.0,"GW":23.0,"GP":4.0,"W":2.0,"L":2.0,"FG%":35.864978903,"2P%":40.6896551724,"3P%":28.2608695652,"FT%":62.8865979381},"UP":{"MINS":800.0,"FGM":119.0,"FGA":267.0,"2PM":92.0,"2PA":192.0,"3PM":27.0,"3PA":75.0,"FTM":51.0,"FTA":85.0,"PTS":316.0,"OFF":50.0,"DEF":135.0,"REB":185.0,"AST":90.0,"TO":56.0,"STL":24.0,"BLK":15.0,"STK":39.0,"PF":98.0,"Fls on:":89.0,"+\/-":64.0,"GW":60.0,"GP":4.0,"W":4.0,"L":0.0,"FG%":44.5692883895,"2P%":47.9166666667,"3P%":36.0,"FT%":60.0},"UST":{"MINS":800.0,"FGM":95.0,"FGA":242.0,"2PM":69.0,"2PA":136.0,"3PM":26.0,"3PA":106.0,"FTM":51.0,"FTA":76.0,"PTS":267.0,"OFF":40.0,"DEF":122.0,"REB":162.0,"AST":80.0,"TO":50.0,"STL":25.0,"BLK":5.0,"STK":30.0,"PF":82.0,"Fls on:":80.0,"+\/-":15.0,"GW":37.0,"GP":4.0,"W":3.0,"L":1.0,"FG%":39.2561983471,"2P%":50.7352941176,"3P%":24.5283018868,"FT%":67.1052631579},"League":{"MINS":900.0,"FGM":106.375,"FGA":291.375,"2PM":81.75,"2PA":190.625,"3PM":24.625,"3PA":100.75,"FTM":56.25,"FTA":88.0,"PTS":293.625,"OFF":59.25,"DEF":135.625,"REB":194.875,"AST":74.375,"TO":66.125,"STL":33.0,"BLK":13.25,"STK":46.25,"PF":94.125,"Fls on:":93.25,"+\/-":0.0,"GW":30.375,"GP":4.5,"W":2.25,"L":2.25,"FG%":36.5079365079,"2P%":42.8852459016,"3P%":24.4416873449,"FT%":63.9204545455}}