{"DLSU":{"2PM":18.5714285714,"2PA":43.4285714286,"3PM":5.1428571429,"3PA":23.0,"FTM":11.3571428571,"FTA":18.7142857143,"OFF":11.4285714286,"DEF":26.0,"AST":12.2857142857,"TO":14.9285714286,"STL":9.1428571429,"BLK":2.8571428571,"PF":20.8571428571,"Fls on:":18.5,"+\/-":-10.2857142857,"GW":25.0,"GP":14.0,"MINS":200.0,"FGM":23.7142857143,"FGA":66.4285714286,"FG%":35.6989247312,"2P%":42.7631578947,"3P%":22.3602484472,"FT%":60.6870229008,"PTS":63.9285714286,"REB":37.4285714286,"STK":12.0},"UP":{"2PM":16.3076923077,"2PA":40.7692307692,"3PM":6.3076923077,"3PA":22.4615384615,"FTM":13.6923076923,"FTA":21.5384615385,"OFF":12.6923076923,"DEF":25.9230769231,"AST":14.6153846154,"TO":17.3846153846,"STL":7.3076923077,"BLK":3.0,"PF":21.3846153846,"Fls on:":21.1538461538,"+\/-":-7.7692307692,"GW":37.0,"GP":13.0,"MINS":200.0,"FGM":22.6153846154,"FGA":63.2307692308,"FG%":35.7664233577,"2P%":40.0,"3P%":28.0821917808,"FT%":63.5714285714,"PTS":65.2307692308,"REB":38.6153846154,"STK":10.3076923077},"UST":{"2PM":17.2857142857,"2PA":39.2142857143,"3PM":7.7857142857,"3PA":25.9285714286,"FTM":12.7857142857,"FTA":18.8571428571,"OFF":12.2857142857,"DEF":29.5714285714,"AST":16.0,"TO":14.4285714286,"STL":6.0714285714,"BLK":3.4285714286,"PF":19.2142857143,"Fls on:":19.9285714286,"+\/-":-0.9285714286,"GW":92.0,"GP":14.0,"MINS":200.0,"FGM":25.0714285714,"FGA":65.1428571429,"FG%":38.4868421053,"2P%":44.0801457195,"3P%":30.0275482094,"FT%":67.803030303,"PTS":70.7142857143,"REB":41.8571428571,"STK":9.5},"League":{"2PM":17.1481481481,"2PA":40.2037037037,"3PM":6.4907407407,"3PA":24.3333333333,"FTM":12.0,"FTA":19.0740740741,"OFF":13.0555555556,"DEF":29.1666666667,"AST":15.3148148148,"TO":15.212962963,"STL":6.8148148148,"BLK":3.0648148148,"PF":19.8611111111,"Fls on:":19.5555555556,"+\/-":0.0,"GW":86.75,"GP":13.5,"MINS":200.0,"FGM":23.6388888889,"FGA":64.537037037,"FG%":36.6284074605,"2P%":42.653155228,"3P%":26.6742770167,"FT%":62.9126213592,"PTS":65.7685185185,"REB":42.2222222222,"STK":9.8796296296},"UE":{"2PM":15.9230769231,"2PA":36.0,"3PM":6.6923076923,"3PA":25.5384615385,"FTM":12.2307692308,"FTA":21.4615384615,"OFF":13.0769230769,"DEF":29.9230769231,"AST":16.7692307692,"TO":15.6153846154,"STL":6.5384615385,"BLK":3.0769230769,"PF":20.6923076923,"Fls on:":20.3846153846,"+\/-":1.8461538462,"GW":83.0,"GP":13.0,"MINS":200.0,"FGM":22.6153846154,"FGA":61.5384615385,"FG%":36.75,"2P%":44.2307692308,"3P%":26.2048192771,"FT%":56.9892473118,"PTS":64.1538461538,"REB":43.0,"STK":9.6153846154},"NU":{"2PM":16.2142857143,"2PA":38.2142857143,"3PM":6.5714285714,"3PA":25.2142857143,"FTM":12.4285714286,"FTA":19.7142857143,"OFF":15.2857142857,"DEF":29.6428571429,"AST":15.0,"TO":16.8571428571,"STL":6.2142857143,"BLK":2.8571428571,"PF":18.8571428571,"Fls on:":21.6428571429,"+\/-":2.2857142857,"GW":119.0,"GP":14.0,"MINS":200.0,"FGM":22.7857142857,"FGA":63.4285714286,"FG%":35.9234234234,"2P%":42.4299065421,"3P%":26.0623229462,"FT%":63.0434782609,"PTS":64.5714285714,"REB":44.9285714286,"STK":9.0714285714},"FEU":{"2PM":18.0,"2PA":46.7857142857,"3PM":6.8571428571,"3PA":24.6428571429,"FTM":9.1428571429,"FTA":15.7857142857,"OFF":14.8571428571,"DEF":30.1428571429,"AST":16.5714285714,"TO":12.5714285714,"STL":7.0714285714,"BLK":3.0714285714,"PF":18.9285714286,"Fls on:":16.2142857143,"+\/-":2.7142857143,"GW":124.0,"GP":14.0,"MINS":200.0,"FGM":24.8571428571,"FGA":71.4285714286,"FG%":34.8,"2P%":38.4732824427,"3P%":27.8260869565,"FT%":57.9185520362,"PTS":65.7142857143,"REB":45.0,"STK":10.1428571429},"AdU":{"2PM":15.0,"2PA":36.8461538462,"3PM":6.9230769231,"3PA":25.8461538462,"FTM":11.0769230769,"FTA":16.7692307692,"OFF":11.7692307692,"DEF":28.7692307692,"AST":15.3846153846,"TO":14.6923076923,"STL":7.8461538462,"BLK":2.8461538462,"PF":17.5384615385,"Fls on:":18.5384615385,"+\/-":5.4615384615,"GW":104.0,"GP":13.0,"MINS":200.0,"FGM":21.9230769231,"FGA":62.6923076923,"FG%":34.9693251534,"2P%":40.7098121086,"3P%":26.7857142857,"FT%":66.0550458716,"PTS":61.8461538462,"REB":40.5384615385,"STK":10.6923076923},"ADMU":{"2PM":19.7692307692,"2PA":39.8461538462,"3PM":5.6153846154,"3PA":21.9230769231,"FTM":13.4615384615,"FTA":20.0,"OFF":12.9230769231,"DEF":33.4615384615,"AST":16.0,"TO":15.3846153846,"STL":4.2307692308,"BLK":3.3846153846,"PF":21.5384615385,"Fls on:":20.2307692308,"+\/-":7.1538461538,"GW":110.0,"GP":13.0,"MINS":200.0,"FGM":25.3846153846,"FGA":61.7692307692,"FG%":41.095890411,"2P%":49.6138996139,"3P%":25.6140350877,"FT%":67.3076923077,"PTS":69.8461538462,"REB":46.3846153846,"STK":7.6153846154}}