{"UP":{"2PM":212.0,"2PA":530.0,"3PM":82.0,"3PA":292.0,"FTM":178.0,"FTA":280.0,"OFF":165.0,"DEF":337.0,"AST":190.0,"TO":226.0,"STL":95.0,"BLK":39.0,"PF":278.0,"Fls on:":275.0,"+\/-":-101.0,"GW":37.0,"GP":13.0,"MINS":2600.0,"FGM":294.0,"FGA":822.0,"FG%":35.7664233577,"2P%":40.0,"3P%":28.0821917808,"FT%":63.5714285714,"PTS":848.0,"REB":502.0,"STK":134.0},"DLSU":{"2PM":260.0,"2PA":608.0,"3PM":72.0,"3PA":322.0,"FTM":159.0,"FTA":262.0,"OFF":160.0,"DEF":364.0,"AST":172.0,"TO":209.0,"STL":128.0,"BLK":40.0,"PF":292.0,"Fls on:":259.0,"+\/-":-144.0,"GW":25.0,"GP":14.0,"MINS":2800.0,"FGM":332.0,"FGA":930.0,"FG%":35.6989247312,"2P%":42.7631578947,"3P%":22.3602484472,"FT%":60.6870229008,"PTS":895.0,"REB":524.0,"STK":168.0},"UST":{"2PM":242.0,"2PA":549.0,"3PM":109.0,"3PA":363.0,"FTM":179.0,"FTA":264.0,"OFF":172.0,"DEF":414.0,"AST":224.0,"TO":202.0,"STL":85.0,"BLK":48.0,"PF":269.0,"Fls on:":279.0,"+\/-":-13.0,"GW":92.0,"GP":14.0,"MINS":2800.0,"FGM":351.0,"FGA":912.0,"FG%":38.4868421053,"2P%":44.0801457195,"3P%":30.0275482094,"FT%":67.803030303,"PTS":990.0,"REB":586.0,"STK":133.0},"NU":{"2PM":227.0,"2PA":535.0,"3PM":92.0,"3PA":353.0,"FTM":174.0,"FTA":276.0,"OFF":214.0,"DEF":415.0,"AST":210.0,"TO":236.0,"STL":87.0,"BLK":40.0,"PF":264.0,"Fls on:":303.0,"+\/-":32.0,"GW":119.0,"GP":14.0,"MINS":2800.0,"FGM":319.0,"FGA":888.0,"FG%":35.9234234234,"2P%":42.4299065421,"3P%":26.0623229462,"FT%":63.0434782609,"PTS":904.0,"REB":629.0,"STK":127.0},"ADMU":{"2PM":257.0,"2PA":518.0,"3PM":73.0,"3PA":285.0,"FTM":175.0,"FTA":260.0,"OFF":168.0,"DEF":435.0,"AST":208.0,"TO":200.0,"STL":55.0,"BLK":44.0,"PF":280.0,"Fls on:":263.0,"+\/-":93.0,"GW":110.0,"GP":13.0,"MINS":2600.0,"FGM":330.0,"FGA":803.0,"FG%":41.095890411,"2P%":49.6138996139,"3P%":25.6140350877,"FT%":67.3076923077,"PTS":908.0,"REB":603.0,"STK":99.0},"AdU":{"2PM":195.0,"2PA":479.0,"3PM":90.0,"3PA":336.0,"FTM":144.0,"FTA":218.0,"OFF":153.0,"DEF":374.0,"AST":200.0,"TO":191.0,"STL":102.0,"BLK":37.0,"PF":228.0,"Fls on:":241.0,"+\/-":71.0,"GW":104.0,"GP":13.0,"MINS":2600.0,"FGM":285.0,"FGA":815.0,"FG%":34.9693251534,"2P%":40.7098121086,"3P%":26.7857142857,"FT%":66.0550458716,"PTS":804.0,"REB":527.0,"STK":139.0},"UE":{"2PM":207.0,"2PA":468.0,"3PM":87.0,"3PA":332.0,"FTM":159.0,"FTA":279.0,"OFF":170.0,"DEF":389.0,"AST":218.0,"TO":203.0,"STL":85.0,"BLK":40.0,"PF":269.0,"Fls on:":265.0,"+\/-":24.0,"GW":83.0,"GP":13.0,"MINS":2600.0,"FGM":294.0,"FGA":800.0,"FG%":36.75,"2P%":44.2307692308,"3P%":26.2048192771,"FT%":56.9892473118,"PTS":834.0,"REB":559.0,"STK":125.0},"FEU":{"2PM":252.0,"2PA":655.0,"3PM":96.0,"3PA":345.0,"FTM":128.0,"FTA":221.0,"OFF":208.0,"DEF":422.0,"AST":232.0,"TO":176.0,"STL":99.0,"BLK":43.0,"PF":265.0,"Fls on:":227.0,"+\/-":38.0,"GW":124.0,"GP":14.0,"MINS":2800.0,"FGM":348.0,"FGA":1000.0,"FG%":34.8,"2P%":38.4732824427,"3P%":27.8260869565,"FT%":57.9185520362,"PTS":920.0,"REB":630.0,"STK":142.0},"League":{"2PM":231.5,"2PA":542.75,"3PM":87.625,"3PA":328.5,"FTM":162.0,"FTA":257.5,"OFF":176.25,"DEF":393.75,"AST":206.75,"TO":205.375,"STL":92.0,"BLK":41.375,"PF":268.125,"Fls on:":264.0,"+\/-":0.0,"GW":86.75,"GP":13.5,"MINS":2700.0,"FGM":319.125,"FGA":871.25,"FG%":36.6284074605,"2P%":42.653155228,"3P%":26.6742770167,"FT%":62.9126213592,"PTS":887.875,"REB":570.0,"STK":133.375}}