{"DLSU":{"MINS":201.7857142857,"FGM":26.8571428571,"FGA":66.7857142857,"2PM":19.5714285714,"2PA":42.7142857143,"3PM":7.2857142857,"3PA":24.0714285714,"FTM":13.2142857143,"FTA":21.0,"PTS":74.2142857143,"OFF":16.1428571429,"DEF":32.8571428571,"REB":49.0,"AST":20.7857142857,"TO":18.7857142857,"STL":7.0,"BLK":3.2142857143,"STK":10.2142857143,"PF":18.8571428571,"Fls on:":20.2857142857,"+\/-":10.2857142857,"GW":152.0,"GP":14.0,"W":12.0,"L":2.0,"FG%":40.2139037433,"2P%":45.8193979933,"3P%":30.2670623145,"FT%":62.925170068,"W%":0.8571428571},"UP":{"MINS":200.0,"FGM":27.2307692308,"FGA":66.2307692308,"2PM":21.0,"2PA":43.7692307692,"3PM":6.2307692308,"3PA":22.4615384615,"FTM":12.3076923077,"FTA":20.0769230769,"PTS":73.0,"OFF":14.2307692308,"DEF":29.6923076923,"REB":43.9230769231,"AST":17.4615384615,"TO":16.4615384615,"STL":8.0,"BLK":3.6153846154,"STK":11.6153846154,"PF":21.6153846154,"Fls on:":20.9230769231,"+\/-":7.7692307692,"GW":143.0,"GP":13.0,"W":10.0,"L":3.0,"FG%":41.1149825784,"2P%":47.9789103691,"3P%":27.7397260274,"FT%":61.3026819923,"W%":0.7692307692},"UST":{"MINS":201.7857142857,"FGM":26.0,"FGA":66.8571428571,"2PM":17.9285714286,"2PA":37.7857142857,"3PM":8.0714285714,"3PA":29.0714285714,"FTM":11.5714285714,"FTA":18.1428571429,"PTS":71.6428571429,"OFF":12.5,"DEF":28.5714285714,"REB":41.0714285714,"AST":16.9285714286,"TO":14.1428571429,"STL":7.1428571429,"BLK":2.3571428571,"STK":9.5,"PF":20.2857142857,"Fls on:":18.7857142857,"+\/-":0.9285714286,"GW":87.0,"GP":14.0,"W":7.0,"L":7.0,"FG%":38.8888888889,"2P%":47.4480151229,"3P%":27.7641277641,"FT%":63.7795275591,"W%":0.5},"League":{"MINS":201.3888888889,"FGM":23.6388888889,"FGA":64.537037037,"2PM":17.1481481481,"2PA":40.2037037037,"3PM":6.4907407407,"3PA":24.3333333333,"FTM":12.0,"FTA":19.0740740741,"PTS":65.7685185185,"OFF":13.0555555556,"DEF":29.1666666667,"REB":42.2222222222,"AST":15.3148148148,"TO":15.212962963,"STL":6.8148148148,"BLK":3.0648148148,"STK":9.8796296296,"PF":19.8611111111,"Fls on:":19.5555555556,"+\/-":0.0,"GW":86.75,"GP":13.5,"W":6.75,"L":6.75,"FG%":36.6284074605,"2P%":42.653155228,"3P%":26.6742770167,"FT%":62.9126213592,"W%":0.5},"UE":{"MINS":200.0,"FGM":21.6153846154,"FGA":60.7692307692,"2PM":14.8461538462,"2PA":37.1538461538,"3PM":6.7692307692,"3PA":23.6153846154,"FTM":12.3076923077,"FTA":19.3846153846,"PTS":62.3076923077,"OFF":11.3076923077,"DEF":26.8461538462,"REB":38.1538461538,"AST":12.7692307692,"TO":14.3846153846,"STL":6.6923076923,"BLK":2.7692307692,"STK":9.4615384615,"PF":20.8461538462,"Fls on:":20.5384615385,"+\/-":-1.8461538462,"GW":72.0,"GP":13.0,"W":6.0,"L":7.0,"FG%":35.5696202532,"2P%":39.9585921325,"3P%":28.664495114,"FT%":63.4920634921,"W%":0.4615384615},"AdU":{"MINS":201.9230769231,"FGM":19.5384615385,"FGA":60.4615384615,"2PM":12.6153846154,"2PA":34.6923076923,"3PM":6.9230769231,"3PA":25.7692307692,"FTM":10.3846153846,"FTA":16.6923076923,"PTS":56.3846153846,"OFF":12.3846153846,"DEF":30.6923076923,"REB":43.0769230769,"AST":13.6923076923,"TO":17.2307692308,"STL":6.1538461538,"BLK":4.1538461538,"STK":10.3076923077,"PF":18.7692307692,"Fls on:":17.6153846154,"+\/-":-5.4615384615,"GW":70.0,"GP":13.0,"W":5.0,"L":8.0,"FG%":32.3155216285,"2P%":36.3636363636,"3P%":26.8656716418,"FT%":62.2119815668,"W%":0.3846153846},"FEU":{"MINS":203.5714285714,"FGM":23.0714285714,"FGA":65.1428571429,"2PM":18.5714285714,"2PA":44.9285714286,"3PM":4.5,"3PA":20.2142857143,"FTM":12.3571428571,"FTA":17.9285714286,"PTS":63.0,"OFF":13.0,"DEF":32.4285714286,"REB":45.4285714286,"AST":12.0,"TO":15.2857142857,"STL":5.9285714286,"BLK":4.0714285714,"STK":10.0,"PF":16.5714285714,"Fls on:":18.7142857143,"+\/-":-2.7142857143,"GW":52.0,"GP":14.0,"W":5.0,"L":9.0,"FG%":35.4166666667,"2P%":41.3354531002,"3P%":22.2614840989,"FT%":68.9243027888,"W%":0.3571428571},"NU":{"MINS":200.0,"FGM":22.8571428571,"FGA":64.6428571429,"2PM":17.5,"2PA":43.0714285714,"3PM":5.3571428571,"3PA":21.5714285714,"FTM":11.2142857143,"FTA":17.3571428571,"PTS":62.2857142857,"OFF":12.2857142857,"DEF":27.2142857143,"REB":39.5,"AST":13.2142857143,"TO":14.4285714286,"STL":6.8571428571,"BLK":2.4285714286,"STK":9.2857142857,"PF":21.7857142857,"Fls on:":18.5,"+\/-":-2.2857142857,"GW":71.0,"GP":14.0,"W":5.0,"L":9.0,"FG%":35.3591160221,"2P%":40.6301824212,"3P%":24.8344370861,"FT%":64.6090534979,"W%":0.3571428571},"ADMU":{"MINS":201.9230769231,"FGM":21.6153846154,"FGA":65.0,"2PM":14.7692307692,"2PA":36.9230769231,"3PM":6.8461538462,"3PA":28.0769230769,"FTM":12.6153846154,"FTA":22.1538461538,"PTS":62.6923076923,"OFF":12.4615384615,"DEF":24.6923076923,"REB":37.1538461538,"AST":15.5384615385,"TO":10.8461538462,"STL":6.7692307692,"BLK":1.9230769231,"STK":8.6923076923,"PF":20.3076923077,"Fls on:":21.2307692308,"+\/-":-7.1538461538,"GW":47.0,"GP":13.0,"W":4.0,"L":9.0,"FG%":33.2544378698,"2P%":40.0,"3P%":24.3835616438,"FT%":56.9444444444,"W%":0.3076923077}}