{"ADMU":{"POS":935.2816629158,"PACE":71.9447433012},"AdU":{"POS":930.7553369565,"PACE":71.5965643813},"DLSU":{"POS":1082.5803176599,"PACE":77.3271655471},"FEU":{"POS":1040.8490959064,"PACE":74.3463639933},"NU":{"POS":1018.1064507752,"PACE":72.7218893411},"UE":{"POS":932.8447261704,"PACE":71.7572866285},"UP":{"POS":988.9789095584,"PACE":76.0753007353},"UST":{"POS":1046.4268649602,"PACE":74.7447760686},"League":{"POS":996.9779206129,"PACE":73.8142612495}}