TEAM,MINS,FGM,FGA,2PM,2PA,3PM,3PA,FTM,FTA,PTS,OFF,DEF,REB,AST,TO,STL,BLK,STK,PF,Fls on:,+/-,GW,GP,W,L,FG%,2P%,3P%,FT%
ADMU,1425.0,151.0,456.0,98.0,241.0,53.0,215.0,86.0,154.0,441.0,79.0,172.0,251.0,122.0,71.0,50.0,18.0,68.0,157.0,154.0,-48.0,13.0,7.0,1.0,6.0,33.1140350877193,40.66390041493776,24.651162790697676,55.84415584415584
AdU,1625.0,165.0,488.0,111.0,307.0,54.0,181.0,98.0,147.0,482.0,100.0,255.0,355.0,117.0,127.0,50.0,40.0,90.0,163.0,148.0,-29.0,43.0,8.0,3.0,5.0,33.81147540983606,36.156351791530945,29.834254143646408,66.66666666666667
DLSU,1600.0,220.0,546.0,158.0,356.0,62.0,190.0,104.0,166.0,606.0,141.0,262.0,403.0,170.0,144.0,58.0,26.0,84.0,152.0,164.0,90.0,88.0,8.0,7.0,1.0,40.29304029304029,44.38202247191011,32.63157894736842,62.65060240963855
FEU,1650.0,181.0,531.0,152.0,375.0,29.0,156.0,101.0,149.0,492.0,104.0,268.0,372.0,94.0,121.0,50.0,31.0,81.0,147.0,155.0,-42.0,22.0,8.0,2.0,6.0,34.08662900188324,40.53333333333333,18.58974358974359,67.78523489932886
NU,1400.0,164.0,465.0,132.0,319.0,32.0,146.0,90.0,133.0,450.0,94.0,192.0,286.0,89.0,93.0,47.0,16.0,63.0,161.0,144.0,-29.0,29.0,7.0,2.0,5.0,35.26881720430107,41.37931034482759,21.91780821917808,67.66917293233082
UE,1600.0,175.0,466.0,121.0,294.0,54.0,172.0,110.0,179.0,514.0,78.0,213.0,291.0,105.0,108.0,59.0,23.0,82.0,169.0,177.0,-11.0,56.0,8.0,5.0,3.0,37.55364806866953,41.156462585034014,31.3953488372093,61.452513966480446
UP,1400.0,194.0,458.0,153.0,318.0,41.0,140.0,93.0,152.0,522.0,91.0,224.0,315.0,128.0,103.0,48.0,32.0,80.0,158.0,162.0,75.0,87.0,7.0,6.0,1.0,42.35807860262009,48.113207547169814,29.285714285714285,61.18421052631579
UST,1400.0,179.0,446.0,130.0,263.0,49.0,183.0,80.0,119.0,487.0,72.0,203.0,275.0,130.0,96.0,47.0,12.0,59.0,148.0,136.0,-6.0,50.0,7.0,4.0,3.0,40.134529147982065,49.42965779467681,26.775956284153004,67.22689075630252
League,1512.5,178.625,482.0,131.875,309.125,46.75,172.875,95.25,149.875,499.25,94.875,223.625,318.5,119.375,107.875,51.125,24.75,75.875,156.875,155.0,0.0,48.5,7.5,3.75,3.75,37.059128630705395,42.660735948241005,27.042660882140275,63.55296080066722
