{"ADMU":{"POS":505.9154666667,"PACE":72.2736380952},"AdU":{"POS":572.0632621727,"PACE":71.5079077716},"DLSU":{"POS":613.7684573488,"PACE":76.7210571686},"FEU":{"POS":606.7276121884,"PACE":75.8409515235},"NU":{"POS":508.9700009843,"PACE":72.7100001406},"UE":{"POS":571.8820247253,"PACE":71.4852530907},"UP":{"POS":530.6837214104,"PACE":75.8119602015},"UST":{"POS":515.2015241935,"PACE":73.6002177419},"League":{"POS":553.1515087113,"PACE":73.7438732167}}