{"DLSU":{"MINS":200.0,"FGM":27.5,"FGA":68.25,"2PM":19.75,"2PA":44.5,"3PM":7.75,"3PA":23.75,"FTM":13.0,"FTA":20.75,"PTS":75.75,"OFF":17.625,"DEF":32.75,"REB":50.375,"AST":21.25,"TO":18.0,"STL":7.25,"BLK":3.25,"STK":10.5,"PF":19.0,"Fls on:":20.5,"+\/-":11.25,"GW":88.0,"GP":8.0,"W":7.0,"L":1.0,"FG%":40.293040293,"2P%":44.3820224719,"3P%":32.6315789474,"FT%":62.6506024096,"W%":0.875},"UP":{"MINS":200.0,"FGM":27.7142857143,"FGA":65.4285714286,"2PM":21.8571428571,"2PA":45.4285714286,"3PM":5.8571428571,"3PA":20.0,"FTM":13.2857142857,"FTA":21.7142857143,"PTS":74.5714285714,"OFF":13.0,"DEF":32.0,"REB":45.0,"AST":18.2857142857,"TO":14.7142857143,"STL":6.8571428571,"BLK":4.5714285714,"STK":11.4285714286,"PF":22.5714285714,"Fls on:":23.1428571429,"+\/-":10.7142857143,"GW":87.0,"GP":7.0,"W":6.0,"L":1.0,"FG%":42.3580786026,"2P%":48.1132075472,"3P%":29.2857142857,"FT%":61.1842105263,"W%":0.8571428571},"UE":{"MINS":200.0,"FGM":21.875,"FGA":58.25,"2PM":15.125,"2PA":36.75,"3PM":6.75,"3PA":21.5,"FTM":13.75,"FTA":22.375,"PTS":64.25,"OFF":9.75,"DEF":26.625,"REB":36.375,"AST":13.125,"TO":13.5,"STL":7.375,"BLK":2.875,"STK":10.25,"PF":21.125,"Fls on:":22.125,"+\/-":-1.375,"GW":56.0,"GP":8.0,"W":5.0,"L":3.0,"FG%":37.5536480687,"2P%":41.156462585,"3P%":31.3953488372,"FT%":61.4525139665,"W%":0.625},"UST":{"MINS":200.0,"FGM":25.5714285714,"FGA":63.7142857143,"2PM":18.5714285714,"2PA":37.5714285714,"3PM":7.0,"3PA":26.1428571429,"FTM":11.4285714286,"FTA":17.0,"PTS":69.5714285714,"OFF":10.2857142857,"DEF":29.0,"REB":39.2857142857,"AST":18.5714285714,"TO":13.7142857143,"STL":6.7142857143,"BLK":1.7142857143,"STK":8.4285714286,"PF":21.1428571429,"Fls on:":19.4285714286,"+\/-":-0.8571428571,"GW":50.0,"GP":7.0,"W":4.0,"L":3.0,"FG%":40.134529148,"2P%":49.4296577947,"3P%":26.7759562842,"FT%":67.2268907563,"W%":0.5714285714},"League":{"MINS":201.6666666667,"FGM":23.8166666667,"FGA":64.2666666667,"2PM":17.5833333333,"2PA":41.2166666667,"3PM":6.2333333333,"3PA":23.05,"FTM":12.7,"FTA":19.9833333333,"PTS":66.5666666667,"OFF":12.65,"DEF":29.8166666667,"REB":42.4666666667,"AST":15.9166666667,"TO":14.3833333333,"STL":6.8166666667,"BLK":3.3,"STK":10.1166666667,"PF":20.9166666667,"Fls on:":20.6666666667,"+\/-":0.0,"GW":48.5,"GP":7.5,"W":3.75,"L":3.75,"FG%":37.0591286307,"2P%":42.6607359482,"3P%":27.0426608821,"FT%":63.5529608007,"W%":0.5},"AdU":{"MINS":203.125,"FGM":20.625,"FGA":61.0,"2PM":13.875,"2PA":38.375,"3PM":6.75,"3PA":22.625,"FTM":12.25,"FTA":18.375,"PTS":60.25,"OFF":12.5,"DEF":31.875,"REB":44.375,"AST":14.625,"TO":15.875,"STL":6.25,"BLK":5.0,"STK":11.25,"PF":20.375,"Fls on:":18.5,"+\/-":-3.625,"GW":43.0,"GP":8.0,"W":3.0,"L":5.0,"FG%":33.8114754098,"2P%":36.1563517915,"3P%":29.8342541436,"FT%":66.6666666667,"W%":0.375},"NU":{"MINS":200.0,"FGM":23.4285714286,"FGA":66.4285714286,"2PM":18.8571428571,"2PA":45.5714285714,"3PM":4.5714285714,"3PA":20.8571428571,"FTM":12.8571428571,"FTA":19.0,"PTS":64.2857142857,"OFF":13.4285714286,"DEF":27.4285714286,"REB":40.8571428571,"AST":12.7142857143,"TO":13.2857142857,"STL":6.7142857143,"BLK":2.2857142857,"STK":9.0,"PF":23.0,"Fls on:":20.5714285714,"+\/-":-4.1428571429,"GW":29.0,"GP":7.0,"W":2.0,"L":5.0,"FG%":35.2688172043,"2P%":41.3793103448,"3P%":21.9178082192,"FT%":67.6691729323,"W%":0.2857142857},"FEU":{"MINS":206.25,"FGM":22.625,"FGA":66.375,"2PM":19.0,"2PA":46.875,"3PM":3.625,"3PA":19.5,"FTM":12.625,"FTA":18.625,"PTS":61.5,"OFF":13.0,"DEF":33.5,"REB":46.5,"AST":11.75,"TO":15.125,"STL":6.25,"BLK":3.875,"STK":10.125,"PF":18.375,"Fls on:":19.375,"+\/-":-5.25,"GW":22.0,"GP":8.0,"W":2.0,"L":6.0,"FG%":34.0866290019,"2P%":40.5333333333,"3P%":18.5897435897,"FT%":67.7852348993,"W%":0.25},"ADMU":{"MINS":203.5714285714,"FGM":21.5714285714,"FGA":65.1428571429,"2PM":14.0,"2PA":34.4285714286,"3PM":7.5714285714,"3PA":30.7142857143,"FTM":12.2857142857,"FTA":22.0,"PTS":63.0,"OFF":11.2857142857,"DEF":24.5714285714,"REB":35.8571428571,"AST":17.4285714286,"TO":10.1428571429,"STL":7.1428571429,"BLK":2.5714285714,"STK":9.7142857143,"PF":22.4285714286,"Fls on:":22.0,"+\/-":-6.8571428571,"GW":13.0,"GP":7.0,"W":1.0,"L":6.0,"FG%":33.1140350877,"2P%":40.6639004149,"3P%":24.6511627907,"FT%":55.8441558442,"W%":0.1428571429}}