{"NU":{"2PM":154.0,"2PA":362.0,"3PM":59.0,"3PA":212.0,"FTM":129.0,"FTA":192.0,"OFF":132.0,"DEF":272.0,"AST":140.0,"TO":127.0,"STL":57.0,"BLK":29.0,"PF":176.0,"Fls on:":206.0,"+\/-":38.0,"GW":87.0,"GP":9.0,"MINS":1800.0,"FGM":213.0,"FGA":574.0,"FG%":37.1080139373,"2P%":42.5414364641,"3P%":27.8301886792,"FT%":67.1875,"PTS":614.0,"REB":404.0,"STK":86.0},"UP":{"2PM":125.0,"2PA":323.0,"3PM":52.0,"3PA":194.0,"FTM":114.0,"FTA":186.0,"OFF":107.0,"DEF":201.0,"AST":110.0,"TO":124.0,"STL":58.0,"BLK":27.0,"PF":180.0,"Fls on:":173.0,"+\/-":-85.0,"GW":11.0,"GP":8.0,"MINS":1600.0,"FGM":177.0,"FGA":517.0,"FG%":34.2359767892,"2P%":38.6996904025,"3P%":26.8041237113,"FT%":61.2903225806,"PTS":520.0,"REB":308.0,"STK":85.0},"ADMU":{"2PM":162.0,"2PA":317.0,"3PM":40.0,"3PA":162.0,"FTM":113.0,"FTA":171.0,"OFF":92.0,"DEF":270.0,"AST":127.0,"TO":122.0,"STL":30.0,"BLK":22.0,"PF":184.0,"Fls on:":177.0,"+\/-":46.0,"GW":73.0,"GP":8.0,"MINS":1600.0,"FGM":202.0,"FGA":479.0,"FG%":42.1711899791,"2P%":51.1041009464,"3P%":24.6913580247,"FT%":66.081871345,"PTS":557.0,"REB":362.0,"STK":52.0},"UST":{"2PM":161.0,"2PA":325.0,"3PM":51.0,"3PA":180.0,"FTM":101.0,"FTA":143.0,"OFF":85.0,"DEF":238.0,"AST":137.0,"TO":114.0,"STL":48.0,"BLK":29.0,"PF":158.0,"Fls on:":163.0,"+\/-":16.0,"GW":53.0,"GP":8.0,"MINS":1600.0,"FGM":212.0,"FGA":505.0,"FG%":41.9801980198,"2P%":49.5384615385,"3P%":28.3333333333,"FT%":70.6293706294,"PTS":576.0,"REB":323.0,"STK":77.0},"AdU":{"2PM":125.0,"2PA":325.0,"3PM":55.0,"3PA":198.0,"FTM":96.0,"FTA":147.0,"OFF":111.0,"DEF":235.0,"AST":123.0,"TO":103.0,"STL":61.0,"BLK":18.0,"PF":148.0,"Fls on:":162.0,"+\/-":29.0,"GW":63.0,"GP":8.0,"MINS":1600.0,"FGM":180.0,"FGA":523.0,"FG%":34.4168260038,"2P%":38.4615384615,"3P%":27.7777777778,"FT%":65.306122449,"PTS":511.0,"REB":346.0,"STK":79.0},"FEU":{"2PM":164.0,"2PA":435.0,"3PM":60.0,"3PA":197.0,"FTM":84.0,"FTA":146.0,"OFF":122.0,"DEF":285.0,"AST":160.0,"TO":115.0,"STL":64.0,"BLK":30.0,"PF":177.0,"Fls on:":154.0,"+\/-":35.0,"GW":85.0,"GP":9.0,"MINS":1800.0,"FGM":224.0,"FGA":632.0,"FG%":35.4430379747,"2P%":37.7011494253,"3P%":30.4568527919,"FT%":57.5342465753,"PTS":592.0,"REB":407.0,"STK":94.0},"DLSU":{"2PM":150.0,"2PA":347.0,"3PM":41.0,"3PA":186.0,"FTM":93.0,"FTA":146.0,"OFF":91.0,"DEF":208.0,"AST":104.0,"TO":115.0,"STL":76.0,"BLK":28.0,"PF":166.0,"Fls on:":150.0,"+\/-":-90.0,"GW":11.0,"GP":8.0,"MINS":1600.0,"FGM":191.0,"FGA":533.0,"FG%":35.8348968105,"2P%":43.2276657061,"3P%":22.0430107527,"FT%":63.698630137,"PTS":516.0,"REB":299.0,"STK":104.0},"UE":{"2PM":130.0,"2PA":293.0,"3PM":57.0,"3PA":196.0,"FTM":94.0,"FTA":167.0,"OFF":99.0,"DEF":237.0,"AST":149.0,"TO":122.0,"STL":49.0,"BLK":32.0,"PF":177.0,"Fls on:":164.0,"+\/-":11.0,"GW":40.0,"GP":8.0,"MINS":1600.0,"FGM":187.0,"FGA":489.0,"FG%":38.2413087935,"2P%":44.3686006826,"3P%":29.0816326531,"FT%":56.2874251497,"PTS":525.0,"REB":336.0,"STK":81.0},"League":{"2PM":146.375,"2PA":340.875,"3PM":51.875,"3PA":190.625,"FTM":103.0,"FTA":162.25,"OFF":104.875,"DEF":243.25,"AST":131.25,"TO":117.75,"STL":55.375,"BLK":26.875,"PF":170.75,"Fls on:":168.625,"+\/-":0.0,"GW":52.875,"GP":8.25,"MINS":1650.0,"FGM":198.25,"FGA":531.5,"FG%":37.3000940734,"2P%":42.9409607627,"3P%":27.2131147541,"FT%":63.4822804314,"PTS":551.375,"REB":348.125,"STK":82.25}}