{"DLSU":{"OFF":74.0507262239,"DEF":63.0530936164,"NET":10.9976326075,"PACE":76.7210571686,"hAST%":18.2200120038,"hTO%":15.4334219326,"TOR":23.4616162294,"AR":27.6977413819,"STL%":9.4498176479,"BLK%":7.492795389,"EFG%":45.9706959707,"TS%":48.9467562678,"PPWS":0.9789351254,"REB%":57.4074074074,"OREB%":40.4011461318,"DREB%":74.2209631728,"FTR":0.304029304,"FFI":36.8943512324,"Py-W":7.4324972182,"Py-L":0.5675027818,"PPR":-1.8373577966,"HHI":0.1121077454},"UP":{"OFF":74.9804272703,"DEF":64.4459870753,"NET":10.534440195,"PACE":75.6447409876,"hAST%":17.2149071791,"hTO%":14.3069836691,"TOR":20.3252728468,"AR":24.4564258645,"STL%":9.0885366388,"BLK%":11.1455108359,"EFG%":48.5493230174,"TS%":51.3826606876,"PPWS":1.0276532138,"REB%":53.4743202417,"OREB%":33.0,"DREB%":70.4419889503,"FTR":0.3152804642,"FFI":35.8302543819,"Py-W":7.3481529683,"Py-L":0.6518470317,"PPR":-1.4786473446,"HHI":0.0987664777},"League":{"OFF":68.1538375975,"DEF":68.1538375975,"NET":0.0,"PACE":73.5464517655,"hAST%":15.4069187336,"hTO%":13.8222070925,"TOR":19.406306965,"AR":21.6312338781,"STL%":9.1263205791,"BLK%":7.8841217455,"EFG%":42.1801505174,"TS%":45.7276617625,"PPWS":0.9145532353,"REB%":50.0,"OREB%":30.1256732496,"DREB%":69.8743267504,"FTR":0.3052681091,"FFI":32.327793235,"Py-W":4.125,"Py-L":4.125,"PPR":-1.8195488722,"HHI":0.0103791558},"UE":{"OFF":67.4090080354,"DEF":68.8516132657,"NET":-1.4426052303,"PACE":71.4852530907,"hAST%":13.8566300676,"hTO%":14.2525337838,"TOR":18.8850139243,"AR":18.3604302042,"STL%":10.3168131624,"BLK%":7.8498293515,"EFG%":43.347639485,"TS%":47.1767383802,"PPWS":0.9435347676,"REB%":46.4114832536,"OREB%":24.7619047619,"DREB%":68.2692307692,"FTR":0.3841201717,"FFI":32.7744928026,"Py-W":3.3288080957,"Py-L":4.6711919043,"PPR":-2.4434805137,"HHI":0.124475768},"UST":{"OFF":71.211713393,"DEF":73.2463337757,"NET":-2.0346203827,"PACE":73.7238264585,"hAST%":17.2695001439,"hTO%":12.8321980236,"TOR":18.1420317454,"AR":24.4154445919,"STL%":9.6644468176,"BLK%":4.3076923077,"EFG%":44.9330783939,"TS%":48.0406286459,"PPWS":0.9608125729,"REB%":48.8114104596,"OREB%":27.4390243902,"DREB%":71.9471947195,"FTR":0.2600382409,"FFI":31.8971177857,"Py-W":3.1134900614,"Py-L":4.8865099386,"PPR":-0.6858459201,"HHI":0.132557398},"AdU":{"OFF":63.1923117431,"DEF":66.9943387982,"NET":-3.8020270551,"PACE":71.5079077716,"hAST%":14.6859466787,"hTO%":15.9411557966,"TOR":22.2003418849,"AR":20.4522834687,"STL%":8.7402920807,"BLK%":12.3076923077,"EFG%":39.3442622951,"TS%":43.6057031193,"PPWS":0.8721140624,"REB%":50.6419400856,"OREB%":29.8507462687,"DREB%":69.6721311475,"FTR":0.3012295082,"FFI":31.7763822659,"Py-W":2.2556029733,"Py-L":5.7443970267,"PPR":-3.1013470549,"HHI":0.1095280729},"FEU":{"OFF":61.8744089668,"DEF":65.7623879863,"NET":-3.8879790195,"PACE":75.0175515884,"hAST%":11.9496579547,"hTO%":14.5807753026,"TOR":19.6990936986,"AR":16.1443700237,"STL%":8.2943552415,"BLK%":7.816091954,"EFG%":37.2909698997,"TS%":41.5572400621,"PPWS":0.8311448012,"REB%":50.4866180049,"OREB%":29.6296296296,"DREB%":70.7434052758,"FTR":0.2742474916,"FFI":29.880799685,"Py-W":2.4648536281,"Py-L":6.5351463719,"PPR":-3.1973076829,"HHI":0.1525323208},"NU":{"OFF":66.5727556687,"DEF":70.9647082997,"NET":-4.3919526309,"PACE":72.1015669516,"hAST%":13.6485713028,"hTO%":13.0982256857,"TOR":18.3383285291,"AR":19.1088465345,"STL%":8.0133872564,"BLK%":6.0773480663,"EFG%":39.5973154362,"TS%":43.2744320231,"PPWS":0.8654886405,"REB%":47.5324675325,"OREB%":30.2564102564,"DREB%":65.2631578947,"FTR":0.2651006711,"FFI":30.4513004252,"Py-W":2.3813983152,"Py-L":6.6186016848,"PPR":-2.0589687733,"HHI":0.1020748939},"ADMU":{"OFF":66.3799950547,"DEF":72.355493631,"NET":-5.9754985764,"PACE":72.169710107,"hAST%":16.3511187608,"hTO%":9.9582001475,"TOR":14.0294314401,"AR":23.035980019,"STL%":9.699360008,"BLK%":6.309148265,"EFG%":39.2857142857,"TS%":42.6259592926,"PPWS":0.8525191859,"REB%":44.7328244275,"OREB%":25.6198347107,"DREB%":68.4931506849,"FTR":0.3571428571,"FFI":29.7027533736,"Py-W":1.6091895868,"Py-L":6.3908104132,"PPR":0.4807950417,"HHI":0.110596237}}