{"DLSU":{"MINS":200.0,"FGM":27.5,"FGA":68.25,"2PM":19.75,"2PA":44.5,"3PM":7.75,"3PA":23.75,"FTM":13.0,"FTA":20.75,"PTS":75.75,"OFF":17.625,"DEF":32.75,"REB":50.375,"AST":21.25,"TO":18.0,"STL":7.25,"BLK":3.25,"STK":10.5,"PF":19.0,"Fls on:":20.5,"+\/-":11.25,"GW":88.0,"GP":8.0,"W":7.0,"L":1.0,"FG%":40.293040293,"2P%":44.3820224719,"3P%":32.6315789474,"FT%":62.6506024096,"W%":0.875},"UP":{"MINS":200.0,"FGM":28.25,"FGA":64.625,"2PM":22.0,"2PA":44.5,"3PM":6.25,"3PA":20.125,"FTM":12.875,"FTA":20.375,"PTS":75.625,"OFF":12.375,"DEF":31.875,"REB":44.25,"AST":18.5,"TO":15.375,"STL":6.875,"BLK":4.5,"STK":11.375,"PF":22.25,"Fls on:":22.25,"+\/-":10.625,"GW":100.0,"GP":8.0,"W":7.0,"L":1.0,"FG%":43.7137330754,"2P%":49.4382022472,"3P%":31.0559006211,"FT%":63.1901840491,"W%":0.875},"UE":{"MINS":200.0,"FGM":21.875,"FGA":58.25,"2PM":15.125,"2PA":36.75,"3PM":6.75,"3PA":21.5,"FTM":13.75,"FTA":22.375,"PTS":64.25,"OFF":9.75,"DEF":26.625,"REB":36.375,"AST":13.125,"TO":13.5,"STL":7.375,"BLK":2.875,"STK":10.25,"PF":21.125,"Fls on:":22.125,"+\/-":-1.375,"GW":56.0,"GP":8.0,"W":5.0,"L":3.0,"FG%":37.5536480687,"2P%":41.156462585,"3P%":31.3953488372,"FT%":61.4525139665,"W%":0.625},"UST":{"MINS":200.0,"FGM":25.75,"FGA":65.375,"2PM":18.5,"2PA":38.125,"3PM":7.25,"3PA":27.25,"FTM":11.25,"FTA":17.0,"PTS":70.0,"OFF":11.25,"DEF":27.25,"REB":38.5,"AST":18.0,"TO":13.375,"STL":7.125,"BLK":1.75,"STK":8.875,"PF":20.5,"Fls on:":19.25,"+\/-":-2.0,"GW":50.0,"GP":8.0,"W":4.0,"L":4.0,"FG%":39.3881453155,"2P%":48.5245901639,"3P%":26.6055045872,"FT%":66.1764705882,"W%":0.5},"League":{"MINS":201.5151515152,"FGM":24.0303030303,"FGA":64.4242424242,"2PM":17.7424242424,"2PA":41.3181818182,"3PM":6.2878787879,"3PA":23.1060606061,"FTM":12.4848484848,"FTA":19.6666666667,"PTS":66.8333333333,"OFF":12.7121212121,"DEF":29.4848484848,"REB":42.196969697,"AST":15.9090909091,"TO":14.2727272727,"STL":6.7121212121,"BLK":3.2575757576,"STK":9.9696969697,"PF":20.696969697,"Fls on:":20.4393939394,"+\/-":0.0,"GW":52.875,"GP":8.25,"W":4.125,"L":4.125,"FG%":37.3000940734,"2P%":42.9409607627,"3P%":27.2131147541,"FT%":63.4822804314,"W%":0.5},"AdU":{"MINS":203.125,"FGM":20.625,"FGA":61.0,"2PM":13.875,"2PA":38.375,"3PM":6.75,"3PA":22.625,"FTM":12.25,"FTA":18.375,"PTS":60.25,"OFF":12.5,"DEF":31.875,"REB":44.375,"AST":14.625,"TO":15.875,"STL":6.25,"BLK":5.0,"STK":11.25,"PF":20.375,"Fls on:":18.5,"+\/-":-3.625,"GW":43.0,"GP":8.0,"W":3.0,"L":5.0,"FG%":33.8114754098,"2P%":36.1563517915,"3P%":29.8342541436,"FT%":66.6666666667,"W%":0.375},"FEU":{"MINS":205.5555555556,"FGM":23.0,"FGA":66.4444444444,"2PM":19.4444444444,"2PA":47.0,"3PM":3.5555555556,"3PA":19.4444444444,"FTM":12.3333333333,"FTA":18.2222222222,"PTS":61.8888888889,"OFF":13.3333333333,"DEF":32.7777777778,"REB":46.1111111111,"AST":12.1111111111,"TO":14.7777777778,"STL":6.2222222222,"BLK":3.7777777778,"STK":10.0,"PF":17.3333333333,"Fls on:":19.4444444444,"+\/-":-3.8888888889,"GW":32.0,"GP":9.0,"W":3.0,"L":6.0,"FG%":34.6153846154,"2P%":41.3711583924,"3P%":18.2857142857,"FT%":67.6829268293,"W%":0.3333333333},"ADMU":{"MINS":203.125,"FGM":21.75,"FGA":64.75,"2PM":14.375,"2PA":35.25,"3PM":7.375,"3PA":29.5,"FTM":13.0,"FTA":23.125,"PTS":63.875,"OFF":11.625,"DEF":25.0,"REB":36.625,"AST":16.625,"TO":10.125,"STL":7.0,"BLK":2.5,"STK":9.5,"PF":22.125,"Fls on:":22.5,"+\/-":-5.75,"GW":25.0,"GP":8.0,"W":2.0,"L":6.0,"FG%":33.5907335907,"2P%":40.780141844,"3P%":25.0,"FT%":56.2162162162,"W%":0.25},"NU":{"MINS":200.0,"FGM":23.6666666667,"FGA":66.2222222222,"2PM":18.5555555556,"2PA":44.8888888889,"3PM":5.1111111111,"3PA":21.3333333333,"FTM":11.5555555556,"FTA":17.5555555556,"PTS":64.0,"OFF":13.1111111111,"DEF":27.5555555556,"REB":40.6666666667,"AST":13.7777777778,"TO":13.2222222222,"STL":5.7777777778,"BLK":2.4444444444,"STK":8.2222222222,"PF":23.0,"Fls on:":19.2222222222,"+\/-":-4.2222222222,"GW":29.0,"GP":9.0,"W":2.0,"L":7.0,"FG%":35.7382550336,"2P%":41.3366336634,"3P%":23.9583333333,"FT%":65.8227848101,"W%":0.2222222222}}