{"UE":{"2PM":112.0,"2PA":250.0,"3PM":49.0,"3PA":174.0,"FTM":77.0,"FTA":139.0,"OFF":78.0,"DEF":206.0,"AST":127.0,"TO":105.0,"STL":48.0,"BLK":26.0,"PF":159.0,"Fls on:":144.0,"+\/-":2.0,"GW":28.0,"GP":7.0,"MINS":1400.0,"FGM":161.0,"FGA":424.0,"FG%":37.9716981132,"2P%":44.8,"3P%":28.1609195402,"FT%":55.3956834532,"PTS":448.0,"REB":284.0,"STK":74.0},"DLSU":{"2PM":128.0,"2PA":302.0,"3PM":38.0,"3PA":170.0,"FTM":78.0,"FTA":123.0,"OFF":86.0,"DEF":185.0,"AST":96.0,"TO":107.0,"STL":67.0,"BLK":25.0,"PF":144.0,"Fls on:":133.0,"+\/-":-81.0,"GW":11.0,"GP":7.0,"MINS":1400.0,"FGM":166.0,"FGA":472.0,"FG%":35.1694915254,"2P%":42.3841059603,"3P%":22.3529411765,"FT%":63.4146341463,"PTS":448.0,"REB":271.0,"STK":92.0},"NU":{"2PM":114.0,"2PA":273.0,"3PM":50.0,"3PA":172.0,"FTM":101.0,"FTA":146.0,"OFF":102.0,"DEF":217.0,"AST":114.0,"TO":105.0,"STL":45.0,"BLK":24.0,"PF":147.0,"Fls on:":160.0,"+\/-":29.0,"GW":65.0,"GP":7.0,"MINS":1400.0,"FGM":164.0,"FGA":445.0,"FG%":36.8539325843,"2P%":41.7582417582,"3P%":29.0697674419,"FT%":69.1780821918,"PTS":479.0,"REB":319.0,"STK":69.0},"ADMU":{"2PM":147.0,"2PA":283.0,"3PM":30.0,"3PA":129.0,"FTM":105.0,"FTA":155.0,"OFF":78.0,"DEF":242.0,"AST":106.0,"TO":108.0,"STL":27.0,"BLK":18.0,"PF":158.0,"Fls on:":157.0,"+\/-":48.0,"GW":73.0,"GP":7.0,"MINS":1400.0,"FGM":177.0,"FGA":412.0,"FG%":42.9611650485,"2P%":51.9434628975,"3P%":23.2558139535,"FT%":67.7419354839,"PTS":489.0,"REB":320.0,"STK":45.0},"UP":{"2PM":107.0,"2PA":281.0,"3PM":43.0,"3PA":159.0,"FTM":104.0,"FTA":169.0,"OFF":89.0,"DEF":186.0,"AST":96.0,"TO":113.0,"STL":48.0,"BLK":25.0,"PF":164.0,"Fls on:":155.0,"+\/-":-75.0,"GW":11.0,"GP":7.0,"MINS":1400.0,"FGM":150.0,"FGA":440.0,"FG%":34.0909090909,"2P%":38.0782918149,"3P%":27.0440251572,"FT%":61.5384615385,"PTS":447.0,"REB":275.0,"STK":73.0},"FEU":{"2PM":144.0,"2PA":384.0,"3PM":56.0,"3PA":184.0,"FTM":78.0,"FTA":137.0,"OFF":112.0,"DEF":257.0,"AST":146.0,"TO":103.0,"STL":62.0,"BLK":28.0,"PF":157.0,"Fls on:":145.0,"+\/-":42.0,"GW":85.0,"GP":8.0,"MINS":1600.0,"FGM":200.0,"FGA":568.0,"FG%":35.2112676056,"2P%":37.5,"3P%":30.4347826087,"FT%":56.9343065693,"PTS":534.0,"REB":369.0,"STK":90.0},"UST":{"2PM":138.0,"2PA":287.0,"3PM":42.0,"3PA":159.0,"FTM":91.0,"FTA":132.0,"OFF":77.0,"DEF":207.0,"AST":117.0,"TO":94.0,"STL":41.0,"BLK":25.0,"PF":138.0,"Fls on:":147.0,"+\/-":6.0,"GW":40.0,"GP":7.0,"MINS":1400.0,"FGM":180.0,"FGA":446.0,"FG%":40.3587443946,"2P%":48.0836236934,"3P%":26.4150943396,"FT%":68.9393939394,"PTS":493.0,"REB":284.0,"STK":66.0},"AdU":{"2PM":125.0,"2PA":325.0,"3PM":55.0,"3PA":198.0,"FTM":96.0,"FTA":147.0,"OFF":111.0,"DEF":235.0,"AST":123.0,"TO":103.0,"STL":61.0,"BLK":18.0,"PF":148.0,"Fls on:":162.0,"+\/-":29.0,"GW":63.0,"GP":8.0,"MINS":1600.0,"FGM":180.0,"FGA":523.0,"FG%":34.4168260038,"2P%":38.4615384615,"3P%":27.7777777778,"FT%":65.306122449,"PTS":511.0,"REB":346.0,"STK":79.0},"League":{"2PM":126.875,"2PA":298.125,"3PM":45.375,"3PA":168.125,"FTM":91.25,"FTA":143.5,"OFF":91.625,"DEF":216.875,"AST":115.625,"TO":104.75,"STL":49.875,"BLK":23.625,"PF":151.875,"Fls on:":150.375,"+\/-":0.0,"GW":47.0,"GP":7.25,"MINS":1450.0,"FGM":172.25,"FGA":466.25,"FG%":36.9436997319,"2P%":42.5576519916,"3P%":26.9888475836,"FT%":63.5888501742,"PTS":481.125,"REB":308.5,"STK":73.5}}