TEAM,MINS,FGM,FGA,2PM,2PA,3PM,3PA,FTM,FTA,PTS,OFF,DEF,REB,AST,TO,STL,BLK,STK,PF,Fls on:,+/-,GW,GP,W,L,FG%,2P%,3P%,FT%
ADMU,1425.0,151.0,456.0,98.0,241.0,53.0,215.0,86.0,154.0,441.0,79.0,172.0,251.0,122.0,71.0,50.0,18.0,68.0,157.0,154.0,-48.0,13.0,7.0,1.0,6.0,33.1140350877193,40.66390041493776,24.651162790697676,55.84415584415584
AdU,1625.0,165.0,488.0,111.0,307.0,54.0,181.0,98.0,147.0,482.0,100.0,255.0,355.0,117.0,127.0,50.0,40.0,90.0,163.0,148.0,-29.0,43.0,8.0,3.0,5.0,33.81147540983606,36.156351791530945,29.834254143646408,66.66666666666667
DLSU,1400.0,194.0,481.0,140.0,313.0,54.0,168.0,87.0,138.0,529.0,120.0,231.0,351.0,148.0,127.0,57.0,20.0,77.0,134.0,144.0,81.0,76.0,7.0,6.0,1.0,40.33264033264033,44.72843450479233,32.142857142857146,63.04347826086956
FEU,1650.0,181.0,531.0,152.0,375.0,29.0,156.0,101.0,149.0,492.0,104.0,268.0,372.0,94.0,121.0,50.0,31.0,81.0,147.0,155.0,-42.0,22.0,8.0,2.0,6.0,34.08662900188324,40.53333333333333,18.58974358974359,67.78523489932886
NU,1400.0,164.0,465.0,132.0,319.0,32.0,146.0,90.0,133.0,450.0,94.0,192.0,286.0,89.0,93.0,47.0,16.0,63.0,161.0,144.0,-29.0,29.0,7.0,2.0,5.0,35.26881720430107,41.37931034482759,21.91780821917808,67.66917293233082
UE,1400.0,150.0,405.0,99.0,249.0,51.0,156.0,95.0,156.0,446.0,73.0,190.0,263.0,97.0,100.0,50.0,20.0,70.0,147.0,160.0,-2.0,56.0,7.0,5.0,2.0,37.03703703703704,39.75903614457831,32.69230769230769,60.8974358974359
UP,1400.0,194.0,458.0,153.0,318.0,41.0,140.0,93.0,152.0,522.0,91.0,224.0,315.0,128.0,103.0,48.0,32.0,80.0,158.0,162.0,75.0,87.0,7.0,6.0,1.0,42.35807860262009,48.113207547169814,29.285714285714285,61.18421052631579
UST,1400.0,179.0,446.0,130.0,263.0,49.0,183.0,80.0,119.0,487.0,72.0,203.0,275.0,130.0,96.0,47.0,12.0,59.0,148.0,136.0,-6.0,50.0,7.0,4.0,3.0,40.134529147982065,49.42965779467681,26.775956284153004,67.22689075630252
League,1462.5,172.25,466.25,126.875,298.125,45.375,168.125,91.25,143.5,481.125,91.625,216.875,308.5,115.625,104.75,49.875,23.625,73.5,151.875,150.375,0.0,47.0,7.25,3.625,3.625,36.943699731903486,42.55765199161426,26.98884758364312,63.58885017421603
