{"ADMU":{"MINS":1425.0,"FGM":151.0,"FGA":456.0,"2PM":98.0,"2PA":241.0,"3PM":53.0,"3PA":215.0,"FTM":86.0,"FTA":154.0,"PTS":441.0,"OFF":79.0,"DEF":172.0,"REB":251.0,"AST":122.0,"TO":71.0,"STL":50.0,"BLK":18.0,"STK":68.0,"PF":157.0,"Fls on:":154.0,"+\/-":-48.0,"GW":13.0,"GP":7.0,"W":1.0,"L":6.0,"FG%":33.1140350877,"2P%":40.6639004149,"3P%":24.6511627907,"FT%":55.8441558442},"AdU":{"MINS":1625.0,"FGM":165.0,"FGA":488.0,"2PM":111.0,"2PA":307.0,"3PM":54.0,"3PA":181.0,"FTM":98.0,"FTA":147.0,"PTS":482.0,"OFF":100.0,"DEF":255.0,"REB":355.0,"AST":117.0,"TO":127.0,"STL":50.0,"BLK":40.0,"STK":90.0,"PF":163.0,"Fls on:":148.0,"+\/-":-29.0,"GW":43.0,"GP":8.0,"W":3.0,"L":5.0,"FG%":33.8114754098,"2P%":36.1563517915,"3P%":29.8342541436,"FT%":66.6666666667},"DLSU":{"MINS":1400.0,"FGM":194.0,"FGA":481.0,"2PM":140.0,"2PA":313.0,"3PM":54.0,"3PA":168.0,"FTM":87.0,"FTA":138.0,"PTS":529.0,"OFF":120.0,"DEF":231.0,"REB":351.0,"AST":148.0,"TO":127.0,"STL":57.0,"BLK":20.0,"STK":77.0,"PF":134.0,"Fls on:":144.0,"+\/-":81.0,"GW":76.0,"GP":7.0,"W":6.0,"L":1.0,"FG%":40.3326403326,"2P%":44.7284345048,"3P%":32.1428571429,"FT%":63.0434782609},"FEU":{"MINS":1650.0,"FGM":181.0,"FGA":531.0,"2PM":152.0,"2PA":375.0,"3PM":29.0,"3PA":156.0,"FTM":101.0,"FTA":149.0,"PTS":492.0,"OFF":104.0,"DEF":268.0,"REB":372.0,"AST":94.0,"TO":121.0,"STL":50.0,"BLK":31.0,"STK":81.0,"PF":147.0,"Fls on:":155.0,"+\/-":-42.0,"GW":22.0,"GP":8.0,"W":2.0,"L":6.0,"FG%":34.0866290019,"2P%":40.5333333333,"3P%":18.5897435897,"FT%":67.7852348993},"NU":{"MINS":1400.0,"FGM":164.0,"FGA":465.0,"2PM":132.0,"2PA":319.0,"3PM":32.0,"3PA":146.0,"FTM":90.0,"FTA":133.0,"PTS":450.0,"OFF":94.0,"DEF":192.0,"REB":286.0,"AST":89.0,"TO":93.0,"STL":47.0,"BLK":16.0,"STK":63.0,"PF":161.0,"Fls on:":144.0,"+\/-":-29.0,"GW":29.0,"GP":7.0,"W":2.0,"L":5.0,"FG%":35.2688172043,"2P%":41.3793103448,"3P%":21.9178082192,"FT%":67.6691729323},"UE":{"MINS":1400.0,"FGM":150.0,"FGA":405.0,"2PM":99.0,"2PA":249.0,"3PM":51.0,"3PA":156.0,"FTM":95.0,"FTA":156.0,"PTS":446.0,"OFF":73.0,"DEF":190.0,"REB":263.0,"AST":97.0,"TO":100.0,"STL":50.0,"BLK":20.0,"STK":70.0,"PF":147.0,"Fls on:":160.0,"+\/-":-2.0,"GW":56.0,"GP":7.0,"W":5.0,"L":2.0,"FG%":37.037037037,"2P%":39.7590361446,"3P%":32.6923076923,"FT%":60.8974358974},"UP":{"MINS":1400.0,"FGM":194.0,"FGA":458.0,"2PM":153.0,"2PA":318.0,"3PM":41.0,"3PA":140.0,"FTM":93.0,"FTA":152.0,"PTS":522.0,"OFF":91.0,"DEF":224.0,"REB":315.0,"AST":128.0,"TO":103.0,"STL":48.0,"BLK":32.0,"STK":80.0,"PF":158.0,"Fls on:":162.0,"+\/-":75.0,"GW":87.0,"GP":7.0,"W":6.0,"L":1.0,"FG%":42.3580786026,"2P%":48.1132075472,"3P%":29.2857142857,"FT%":61.1842105263},"UST":{"MINS":1400.0,"FGM":179.0,"FGA":446.0,"2PM":130.0,"2PA":263.0,"3PM":49.0,"3PA":183.0,"FTM":80.0,"FTA":119.0,"PTS":487.0,"OFF":72.0,"DEF":203.0,"REB":275.0,"AST":130.0,"TO":96.0,"STL":47.0,"BLK":12.0,"STK":59.0,"PF":148.0,"Fls on:":136.0,"+\/-":-6.0,"GW":50.0,"GP":7.0,"W":4.0,"L":3.0,"FG%":40.134529148,"2P%":49.4296577947,"3P%":26.7759562842,"FT%":67.2268907563},"League":{"MINS":1462.5,"FGM":172.25,"FGA":466.25,"2PM":126.875,"2PA":298.125,"3PM":45.375,"3PA":168.125,"FTM":91.25,"FTA":143.5,"PTS":481.125,"OFF":91.625,"DEF":216.875,"REB":308.5,"AST":115.625,"TO":104.75,"STL":49.875,"BLK":23.625,"STK":73.5,"PF":151.875,"Fls on:":150.375,"+\/-":0.0,"GW":47.0,"GP":7.25,"W":3.625,"L":3.625,"FG%":36.9436997319,"2P%":42.5576519916,"3P%":26.9888475836,"FT%":63.5888501742}}