{"DLSU":{"OFF":73.353306464,"DEF":62.121514737,"NET":11.231791727,"PACE":77.2679162819,"hAST%":18.12126555,"hTO%":15.5500048976,"TOR":23.4804534869,"AR":27.363048158,"STL%":10.53847125,"BLK%":6.6225165563,"EFG%":45.9459459459,"TS%":48.8259617515,"PPWS":0.976519235,"REB%":56.4308681672,"OREB%":39.3442622951,"DREB%":72.8706624606,"FTR":0.2869022869,"FFI":36.4208785127,"Py-W":6.5419975033,"Py-L":0.4580024967,"PPR":-1.9328096999,"HHI":0.1103448029},"UP":{"OFF":73.7727546945,"DEF":63.1732209741,"NET":10.5995337205,"PACE":75.8119602015,"hAST%":16.9339048526,"hTO%":13.6265015611,"TOR":19.4089239682,"AR":24.1198278439,"STL%":9.0449354415,"BLK%":11.3879003559,"EFG%":46.8340611354,"TS%":49.7256515775,"PPWS":0.9945130316,"REB%":53.3898305085,"OREB%":32.8519855596,"DREB%":71.5654952077,"FTR":0.3318777293,"FFI":35.134418497,"Py-W":6.4599643351,"Py-L":0.5400356649,"PPR":-1.2283086634,"HHI":0.0952863287},"League":{"OFF":67.4507375732,"DEF":67.4507375732,"NET":0.0,"PACE":73.7935938743,"hAST%":15.4214987363,"hTO%":13.9710442605,"TOR":19.580399441,"AR":21.6132094068,"STL%":9.3228870847,"BLK%":7.9245283019,"EFG%":41.8096514745,"TS%":45.4414514819,"PPWS":0.9088290296,"REB%":50.0,"OREB%":29.7001620746,"DREB%":70.2998379254,"FTR":0.3077747989,"FFI":32.1756148489,"Py-W":3.625,"Py-L":3.625,"PPR":-1.8917378917,"HHI":0.0102107985},"UE":{"OFF":66.9866653825,"DEF":67.2870540165,"NET":-0.300388634,"PACE":71.3361592384,"hAST%":14.4637957772,"hTO%":14.9111296672,"TOR":20.0259089335,"AR":19.4251316655,"STL%":10.0129544667,"BLK%":8.0,"EFG%":43.3333333333,"TS%":47.0821721138,"PPWS":0.9416434423,"REB%":48.0804387569,"OREB%":26.164874552,"DREB%":70.8955223881,"FTR":0.3851851852,"FFI":33.3505632549,"Py-W":3.3747736255,"Py-L":3.6252263745,"PPR":-2.6107513637,"HHI":0.1227754429},"UST":{"OFF":70.8945883985,"DEF":71.7680330195,"NET":-0.8734446209,"PACE":73.6002177419,"hAST%":17.9468772434,"hTO%":13.2530785797,"TOR":18.6334852464,"AR":25.2328446045,"STL%":9.1226438186,"BLK%":4.181184669,"EFG%":45.6278026906,"TS%":48.8602616582,"PPWS":0.9772052332,"REB%":49.1949910555,"OREB%":25.8064516129,"DREB%":72.5,"FTR":0.2668161435,"FFI":32.0730248629,"Py-W":3.1582311066,"Py-L":3.8417688934,"PPR":-0.6684182569,"HHI":0.126361371},"AdU":{"OFF":63.1923117431,"DEF":66.9943387982,"NET":-3.8020270551,"PACE":71.5079077716,"hAST%":14.6859466787,"hTO%":15.9411557966,"TOR":22.2003418849,"AR":20.4522834687,"STL%":8.7402920807,"BLK%":12.3076923077,"EFG%":39.3442622951,"TS%":43.6057031193,"PPWS":0.8721140624,"REB%":50.6419400856,"OREB%":29.8507462687,"DREB%":69.6721311475,"FTR":0.3012295082,"FFI":31.7763822659,"Py-W":2.2556029733,"Py-L":5.7443970267,"PPR":-3.1117686787,"HHI":0.1095280729},"NU":{"OFF":66.3103914469,"DEF":70.5837277846,"NET":-4.2733363377,"PACE":72.7100001406,"hAST%":12.6148089353,"hTO%":13.1817666402,"TOR":18.2721967543,"AR":17.4862958186,"STL%":9.2343359941,"BLK%":5.8608058608,"EFG%":38.7096774194,"TS%":42.9783007335,"PPWS":0.8595660147,"REB%":47.2727272727,"OREB%":30.2250803859,"DREB%":65.306122449,"FTR":0.2860215054,"FFI":30.3872588141,"Py-W":1.883624772,"Py-L":5.116375228,"PPR":-2.440599959,"HHI":0.1022123457},"FEU":{"OFF":60.8180660625,"DEF":66.0098521898,"NET":-5.1917861273,"PACE":75.8409515235,"hAST%":11.5826309823,"hTO%":14.9095569028,"TOR":19.9430514731,"AR":15.4929490782,"STL%":8.2409303608,"BLK%":8.0729166667,"EFG%":36.8173258004,"TS%":41.2364221537,"PPWS":0.8247284431,"REB%":50.2024291498,"OREB%":28.8088642659,"DREB%":70.5263157895,"FTR":0.2806026365,"FFI":29.6835055896,"Py-W":1.6989927053,"Py-L":6.3010072947,"PPR":-3.439915214,"HHI":0.1468454624},"ADMU":{"OFF":65.3765345778,"DEF":72.4923478652,"NET":-7.1158132874,"PACE":72.2736380952,"hAST%":17.0210391205,"hTO%":9.9056867013,"TOR":14.0339650946,"AR":24.114700585,"STL%":9.8830740103,"BLK%":6.3604240283,"EFG%":38.9254385965,"TS%":42.0994348557,"PPWS":0.8419886971,"REB%":43.9579684764,"OREB%":24.6105919003,"DREB%":68.8,"FTR":0.3377192982,"FFI":29.066574566,"Py-W":1.1248500696,"Py-L":5.8751499304,"PPR":0.7403964365,"HHI":0.1145458939}}