{"DLSU":{"2PM":18.0909090909,"2PA":42.0909090909,"3PM":5.6363636364,"3PA":24.0909090909,"FTM":11.7272727273,"FTA":19.9090909091,"OFF":11.0909090909,"DEF":25.8181818182,"AST":12.8181818182,"TO":14.9090909091,"STL":9.8181818182,"BLK":2.8181818182,"PF":20.7272727273,"Fls on:":19.7272727273,"+\/-":-12.4545454545,"GW":11.0,"GP":11.0,"MINS":200.0,"FGM":23.7272727273,"FGA":66.1818181818,"FG%":35.8516483516,"2P%":42.9805615551,"3P%":23.3962264151,"FT%":58.904109589,"PTS":64.8181818182,"REB":36.9090909091,"STK":12.6363636364},"UP":{"2PM":15.2222222222,"2PA":39.6666666667,"3PM":6.5555555556,"3PA":24.1111111111,"FTM":14.2222222222,"FTA":22.5555555556,"OFF":13.2222222222,"DEF":25.4444444444,"AST":13.7777777778,"TO":16.6666666667,"STL":7.1111111111,"BLK":3.3333333333,"PF":22.4444444444,"Fls on:":21.4444444444,"+\/-":-10.6666666667,"GW":11.0,"GP":9.0,"MINS":200.0,"FGM":21.7777777778,"FGA":63.7777777778,"FG%":34.1463414634,"2P%":38.3753501401,"3P%":27.1889400922,"FT%":63.0541871921,"PTS":64.3333333333,"REB":38.6666666667,"STK":10.4444444444},"League":{"2PM":17.1829268293,"2PA":40.1707317073,"3PM":6.6341463415,"3PA":24.0,"FTM":12.5,"FTA":19.5609756098,"OFF":12.3902439024,"DEF":29.5243902439,"AST":15.7682926829,"TO":14.987804878,"STL":6.9634146341,"BLK":3.1097560976,"PF":20.5,"Fls on:":20.2195121951,"+\/-":0.0,"GW":65.875,"GP":10.25,"MINS":200.0,"FGM":23.8170731707,"FGA":64.1707317073,"FG%":37.1151653364,"2P%":42.7747419551,"3P%":27.6422764228,"FT%":63.9027431421,"PTS":66.7682926829,"REB":41.9146341463,"STK":10.0731707317},"UE":{"2PM":15.2,"2PA":35.5,"3PM":7.0,"3PA":26.1,"FTM":11.4,"FTA":20.4,"OFF":12.9,"DEF":29.9,"AST":17.3,"TO":15.9,"STL":6.7,"BLK":3.3,"PF":21.0,"Fls on:":20.4,"+\/-":0.3,"GW":51.0,"GP":10.0,"MINS":200.0,"FGM":22.2,"FGA":61.6,"FG%":36.038961039,"2P%":42.8169014085,"3P%":26.8199233716,"FT%":55.8823529412,"PTS":62.8,"REB":42.8,"STK":10.0},"UST":{"2PM":19.0909090909,"2PA":41.5454545455,"3PM":7.2727272727,"3PA":23.8181818182,"FTM":13.3636363636,"FTA":19.0,"OFF":11.4545454545,"DEF":30.5454545455,"AST":16.5454545455,"TO":14.4545454545,"STL":6.7272727273,"BLK":3.5454545455,"PF":19.5454545455,"Fls on:":20.2727272727,"+\/-":1.5454545455,"GW":78.0,"GP":11.0,"MINS":200.0,"FGM":26.3636363636,"FGA":65.3636363636,"FG%":40.3337969402,"2P%":45.9518599562,"3P%":30.534351145,"FT%":70.3349282297,"PTS":73.3636363636,"REB":42.0,"STK":10.2727272727},"FEU":{"2PM":17.9,"2PA":46.8,"3PM":7.2,"3PA":23.2,"FTM":9.7,"FTA":16.5,"OFF":13.3,"DEF":31.3,"AST":17.3,"TO":12.8,"STL":6.8,"BLK":3.4,"PF":19.3,"Fls on:":17.0,"+\/-":4.4,"GW":98.0,"GP":10.0,"MINS":200.0,"FGM":25.1,"FGA":70.0,"FG%":35.8571428571,"2P%":38.2478632479,"3P%":31.0344827586,"FT%":58.7878787879,"PTS":67.1,"REB":44.6,"STK":10.2},"AdU":{"2PM":15.4545454545,"2PA":37.8181818182,"3PM":6.7272727273,"3PA":25.1818181818,"FTM":11.4545454545,"FTA":17.0,"OFF":12.0,"DEF":28.8181818182,"AST":15.8181818182,"TO":14.9090909091,"STL":8.0,"BLK":2.3636363636,"PF":18.3636363636,"Fls on:":19.0909090909,"+\/-":5.1818181818,"GW":91.0,"GP":11.0,"MINS":200.0,"FGM":22.1818181818,"FGA":63.0,"FG%":35.2092352092,"2P%":40.8653846154,"3P%":26.714801444,"FT%":67.3796791444,"PTS":62.5454545455,"REB":40.8181818182,"STK":10.3636363636},"NU":{"2PM":16.6,"2PA":39.3,"3PM":7.1,"3PA":23.8,"FTM":14.3,"FTA":21.0,"OFF":14.0,"DEF":30.2,"AST":16.0,"TO":14.7,"STL":6.6,"BLK":3.1,"PF":20.3,"Fls on:":22.6,"+\/-":5.4,"GW":103.0,"GP":10.0,"MINS":200.0,"FGM":23.7,"FGA":63.1,"FG%":37.559429477,"2P%":42.2391857506,"3P%":29.8319327731,"FT%":68.0952380952,"PTS":68.8,"REB":44.2,"STK":9.7},"ADMU":{"2PM":19.6,"2PA":38.5,"3PM":5.6,"3PA":21.6,"FTM":14.1,"FTA":20.7,"OFF":11.5,"DEF":34.1,"AST":16.6,"TO":15.8,"STL":3.6,"BLK":3.1,"PF":22.8,"Fls on:":21.5,"+\/-":5.8,"GW":84.0,"GP":10.0,"MINS":200.0,"FGM":25.2,"FGA":60.1,"FG%":41.9301164725,"2P%":50.9090909091,"3P%":25.9259259259,"FT%":68.115942029,"PTS":70.1,"REB":45.6,"STK":6.7}}