,2PM,2PA,3PM,3PA,FTM,FTA,OFF,DEF,AST,TO,STL,BLK,PF,Fls on:,+/-,GW,GP,MINS,FGM,FGA,FG%,2P%,3P%,FT%,PTS,REB,STK
AdU,170.0,416.0,74.0,277.0,126.0,187.0,132.0,317.0,174.0,164.0,88.0,26.0,202.0,210.0,57.0,91.0,11.0,2200.0,244.0,693.0,35.20923520923521,40.86538461538461,26.71480144404332,67.37967914438502,688.0,449.0,114.0
DLSU,199.0,463.0,62.0,265.0,129.0,219.0,122.0,284.0,141.0,164.0,108.0,31.0,228.0,217.0,-137.0,11.0,11.0,2200.0,261.0,728.0,35.85164835164835,42.980561555075596,23.39622641509434,58.9041095890411,713.0,406.0,139.0
UP,137.0,357.0,59.0,217.0,128.0,203.0,119.0,229.0,124.0,150.0,64.0,30.0,202.0,193.0,-96.0,11.0,9.0,1800.0,196.0,574.0,34.146341463414636,38.37535014005602,27.1889400921659,63.05418719211823,579.0,348.0,94.0
ADMU,196.0,385.0,56.0,216.0,141.0,207.0,115.0,341.0,166.0,158.0,36.0,31.0,228.0,215.0,58.0,84.0,10.0,2000.0,252.0,601.0,41.930116472545755,50.90909090909091,25.925925925925927,68.1159420289855,701.0,456.0,67.0
FEU,179.0,468.0,72.0,232.0,97.0,165.0,133.0,313.0,173.0,128.0,68.0,34.0,193.0,170.0,44.0,98.0,10.0,2000.0,251.0,700.0,35.857142857142854,38.24786324786325,31.03448275862069,58.78787878787879,671.0,446.0,102.0
UE,152.0,355.0,70.0,261.0,114.0,204.0,129.0,299.0,173.0,159.0,67.0,33.0,210.0,204.0,3.0,51.0,10.0,2000.0,222.0,616.0,36.03896103896104,42.816901408450704,26.81992337164751,55.88235294117647,628.0,428.0,100.0
UST,210.0,457.0,80.0,262.0,147.0,209.0,126.0,336.0,182.0,159.0,74.0,39.0,215.0,223.0,17.0,78.0,11.0,2200.0,290.0,719.0,40.333796940194716,45.951859956236326,30.53435114503817,70.33492822966507,807.0,462.0,113.0
NU,166.0,393.0,71.0,238.0,143.0,210.0,140.0,302.0,160.0,147.0,66.0,31.0,203.0,226.0,54.0,103.0,10.0,2000.0,237.0,631.0,37.5594294770206,42.23918575063613,29.831932773109244,68.0952380952381,688.0,442.0,97.0
League,176.125,411.75,68.0,246.0,128.125,200.5,127.0,302.625,161.625,153.625,71.375,31.875,210.125,207.25,0.0,65.875,10.25,2050.0,244.125,657.75,37.115165336374005,42.77474195506982,27.642276422764226,63.90274314214464,684.375,429.625,103.25
