{"DLSU":{"OFF":74.2939179042,"DEF":62.3194864302,"NET":11.974431474,"PACE":78.0071196801,"hAST%":18.5272045028,"hTO%":16.4165103189,"TOR":24.4732906037,"AR":27.6198565385,"STL%":8.973539888,"BLK%":8.2073434125,"EFG%":47.6060191518,"TS%":51.0694544581,"PPWS":1.0213890892,"REB%":57.037037037,"OREB%":37.4449339207,"DREB%":75.1527494908,"FTR":0.3146374829,"FFI":37.3692793393,"Py-W":10.3765757019,"Py-L":0.6234242981,"PPR":-2.2227684825,"HHI":0.1172235294},"UP":{"OFF":74.1674011819,"DEF":63.6191485694,"NET":10.5482526125,"PACE":75.8419455227,"hAST%":17.332281634,"hTO%":14.8414148124,"TOR":20.9500017166,"AR":24.4660859208,"STL%":9.6692315615,"BLK%":10.6442577031,"EFG%":48.6910994764,"TS%":51.6434080059,"PPWS":1.0328681601,"REB%":52.4590163934,"OREB%":31.4371257485,"DREB%":70.1005025126,"FTR":0.3193717277,"FFI":35.7919412857,"Py-W":8.288050721,"Py-L":0.711949279,"PPR":-1.7209788161,"HHI":0.095102332},"League":{"OFF":67.4771602664,"DEF":67.4771602664,"NET":0.0,"PACE":74.1916695504,"hAST%":15.230112512,"hTO%":14.4762631688,"TOR":20.1959037972,"AR":21.2476026117,"STL%":9.3831253606,"BLK%":7.7413479053,"EFG%":42.2843025466,"TS%":45.8714827674,"PPWS":0.9174296553,"REB%":50.0,"OREB%":29.5606633692,"DREB%":70.4393366308,"FTR":0.304827062,"FFI":32.4472355711,"Py-W":5.125,"Py-L":5.125,"PPR":-2.2175226586,"HHI":0.0102491138},"UE":{"OFF":65.3094580079,"DEF":65.6229434064,"NET":-0.3134853984,"PACE":71.7736778558,"hAST%":13.9888089528,"hTO%":15.5664941731,"TOR":20.620372875,"AR":18.5304702188,"STL%":10.588840125,"BLK%":7.8873239437,"EFG%":42.8448275862,"TS%":46.6585045389,"PPWS":0.9331700908,"REB%":46.0277427491,"OREB%":24.1116751269,"DREB%":67.6691729323,"FTR":0.3517241379,"FFI":32.3912213476,"Py-W":4.8085529719,"Py-L":5.1914470281,"PPR":-3.0666110415,"HHI":0.12693248},"UST":{"OFF":71.0664698634,"DEF":72.5957483288,"NET":-1.5292784654,"PACE":75.7933192224,"hAST%":16.3835992452,"hTO%":13.381369017,"TOR":18.7111718121,"AR":22.909191129,"STL%":9.4755293151,"BLK%":5.2516411379,"EFG%":45.0886766712,"TS%":48.2413287738,"PPWS":0.9648265755,"REB%":48.6666666667,"OREB%":27.114967462,"DREB%":71.298405467,"FTR":0.2660300136,"FFI":32.1267073186,"Py-W":4.5721633412,"Py-L":6.4278366588,"PPR":-1.2611635166,"HHI":0.1269283769},"FEU":{"OFF":62.5774565684,"DEF":66.9688570293,"NET":-4.3914004609,"PACE":75.1468701011,"hAST%":11.6499486612,"hTO%":14.3156148803,"TOR":19.2955474799,"AR":15.7025834664,"STL%":8.5166554394,"BLK%":8.1196581197,"EFG%":37.6488095238,"TS%":41.8066890703,"PPWS":0.8361337814,"REB%":50.6637168142,"OREB%":29.6629213483,"DREB%":71.0239651416,"FTR":0.2633928571,"FFI":29.7668878063,"Py-W":2.5253048619,"Py-L":7.4746951381,"PPR":-3.1946420813,"HHI":0.1532143393},"AdU":{"OFF":59.6706067234,"DEF":65.060820009,"NET":-5.3902132856,"PACE":72.1003683977,"hAST%":13.9746984407,"hTO%":17.5603118564,"TOR":24.0825903522,"AR":19.1652027934,"STL%":9.2043408152,"BLK%":11.2980769231,"EFG%":38.6018237082,"TS%":42.3671912768,"PPWS":0.8473438255,"REB%":51.5118790497,"OREB%":29.711751663,"DREB%":72.2105263158,"FTR":0.2993920973,"FFI":31.8946088629,"Py-W":2.2045209673,"Py-L":8.7954790327,"PPR":-4.1468532855,"HHI":0.1138006987},"NU":{"OFF":65.6226954262,"DEF":71.2120101786,"NET":-5.5893147524,"PACE":72.4596874468,"hAST%":13.2821723731,"hTO%":13.3805588351,"TOR":18.7690569463,"AR":18.6310491746,"STL%":8.8324973865,"BLK%":5.5979643766,"EFG%":38.6295180723,"TS%":42.5275020123,"PPWS":0.8505500402,"REB%":48.243559719,"OREB%":31.2072892938,"DREB%":66.265060241,"FTR":0.2786144578,"FFI":30.5647461917,"Py-W":2.1284882706,"Py-L":7.8715117294,"PPR":-2.3549762079,"HHI":0.1007871508},"ADMU":{"OFF":66.5995785056,"DEF":72.6070054937,"NET":-6.0074269881,"PACE":72.4103681766,"hAST%":15.7865656326,"hTO%":9.8666035204,"TOR":13.8101769841,"AR":22.0962831745,"STL%":9.9433274285,"BLK%":5.1948051948,"EFG%":39.247311828,"TS%":42.6664189404,"PPWS":0.8533283788,"REB%":44.3902439024,"OREB%":25.7080610022,"DREB%":68.1440443213,"FTR":0.3579109063,"FFI":29.6617447721,"Py-W":2.0071836611,"Py-L":7.9928163389,"PPR":0.3373169011,"HHI":0.1110390883}}