{"ADMU":{"MINS":2025.0,"FGM":219.0,"FGA":651.0,"2PM":146.0,"2PA":367.0,"3PM":73.0,"3PA":284.0,"FTM":132.0,"FTA":233.0,"PTS":643.0,"OFF":118.0,"DEF":246.0,"REB":364.0,"AST":160.0,"TO":100.0,"STL":72.0,"BLK":20.0,"STK":92.0,"PF":216.0,"Fls on:":224.0,"+\/-":-58.0,"GW":36.0,"GP":10.0,"W":3.0,"L":7.0,"FG%":33.6405529954,"2P%":39.7820163488,"3P%":25.7042253521,"FT%":56.652360515},"AdU":{"MINS":2225.0,"FGM":218.0,"FGA":658.0,"2PM":146.0,"2PA":397.0,"3PM":72.0,"3PA":261.0,"FTM":123.0,"FTA":197.0,"PTS":631.0,"OFF":134.0,"DEF":343.0,"REB":477.0,"AST":152.0,"TO":191.0,"STL":73.0,"BLK":47.0,"STK":120.0,"PF":213.0,"Fls on:":203.0,"+\/-":-57.0,"GW":54.0,"GP":11.0,"W":4.0,"L":7.0,"FG%":33.1306990881,"2P%":36.7758186398,"3P%":27.5862068966,"FT%":62.4365482234},"DLSU":{"MINS":2225.0,"FGM":301.0,"FGA":731.0,"2PM":207.0,"2PA":458.0,"3PM":94.0,"3PA":273.0,"FTM":154.0,"FTA":230.0,"PTS":850.0,"OFF":170.0,"DEF":369.0,"REB":539.0,"AST":237.0,"TO":210.0,"STL":77.0,"BLK":38.0,"STK":115.0,"PF":220.0,"Fls on:":223.0,"+\/-":137.0,"GW":128.0,"GP":11.0,"W":10.0,"L":1.0,"FG%":41.1764705882,"2P%":45.1965065502,"3P%":34.4322344322,"FT%":66.9565217391},"FEU":{"MINS":2050.0,"FGM":232.0,"FGA":672.0,"2PM":190.0,"2PA":468.0,"3PM":42.0,"3PA":204.0,"FTM":121.0,"FTA":177.0,"PTS":627.0,"OFF":132.0,"DEF":326.0,"REB":458.0,"AST":118.0,"TO":145.0,"STL":64.0,"BLK":38.0,"STK":102.0,"PF":172.0,"Fls on:":191.0,"+\/-":-44.0,"GW":32.0,"GP":10.0,"W":3.0,"L":7.0,"FG%":34.5238095238,"2P%":40.5982905983,"3P%":20.5882352941,"FT%":68.3615819209},"NU":{"MINS":2000.0,"FGM":231.0,"FGA":664.0,"2PM":180.0,"2PA":447.0,"3PM":51.0,"3PA":217.0,"FTM":121.0,"FTA":185.0,"PTS":634.0,"OFF":137.0,"DEF":275.0,"REB":412.0,"AST":135.0,"TO":136.0,"STL":64.0,"BLK":22.0,"STK":86.0,"PF":227.0,"Fls on:":199.0,"+\/-":-54.0,"GW":29.0,"GP":10.0,"W":2.0,"L":8.0,"FG%":34.7891566265,"2P%":40.2684563758,"3P%":23.5023041475,"FT%":65.4054054054},"UE":{"MINS":2000.0,"FGM":214.0,"FGA":580.0,"2PM":145.0,"2PA":358.0,"3PM":69.0,"3PA":222.0,"FTM":128.0,"FTA":204.0,"PTS":625.0,"OFF":95.0,"DEF":270.0,"REB":365.0,"AST":133.0,"TO":148.0,"STL":76.0,"BLK":28.0,"STK":104.0,"PF":209.0,"Fls on:":209.0,"+\/-":-3.0,"GW":72.0,"GP":10.0,"W":6.0,"L":4.0,"FG%":36.8965517241,"2P%":40.5027932961,"3P%":31.0810810811,"FT%":62.7450980392},"UP":{"MINS":1800.0,"FGM":251.0,"FGA":573.0,"2PM":195.0,"2PA":384.0,"3PM":56.0,"3PA":189.0,"FTM":117.0,"FTA":183.0,"PTS":675.0,"OFF":105.0,"DEF":279.0,"REB":384.0,"AST":167.0,"TO":143.0,"STL":66.0,"BLK":38.0,"STK":104.0,"PF":198.0,"Fls on:":199.0,"+\/-":96.0,"GW":113.0,"GP":9.0,"W":8.0,"L":1.0,"FG%":43.8045375218,"2P%":50.78125,"3P%":29.6296296296,"FT%":63.9344262295},"UST":{"MINS":2225.0,"FGM":287.0,"FGA":733.0,"2PM":200.0,"2PA":415.0,"3PM":87.0,"3PA":318.0,"FTM":129.0,"FTA":195.0,"PTS":790.0,"OFF":125.0,"DEF":313.0,"REB":438.0,"AST":191.0,"TO":156.0,"STL":79.0,"BLK":24.0,"STK":103.0,"PF":226.0,"Fls on:":210.0,"+\/-":-17.0,"GW":63.0,"GP":11.0,"W":5.0,"L":6.0,"FG%":39.1541609823,"2P%":48.1927710843,"3P%":27.358490566,"FT%":66.1538461538},"League":{"MINS":2068.75,"FGM":244.125,"FGA":657.75,"2PM":176.125,"2PA":411.75,"3PM":68.0,"3PA":246.0,"FTM":128.125,"FTA":200.5,"PTS":684.375,"OFF":127.0,"DEF":302.625,"REB":429.625,"AST":161.625,"TO":153.625,"STL":71.375,"BLK":31.875,"STK":103.25,"PF":210.125,"Fls on:":207.25,"+\/-":0.0,"GW":65.875,"GP":10.25,"W":5.125,"L":5.125,"FG%":37.1151653364,"2P%":42.7747419551,"3P%":27.6422764228,"FT%":63.9027431421}}