TEAM,MINS,FGM,FGA,2PM,2PA,3PM,3PA,FTM,FTA,PTS,OFF,DEF,REB,AST,TO,STL,BLK,STK,PF,Fls on:,+/-,GW,GP,W,L,FG%,2P%,3P%,FT%
ADMU,2025.0,219.0,651.0,146.0,367.0,73.0,284.0,132.0,233.0,643.0,118.0,246.0,364.0,160.0,100.0,72.0,20.0,92.0,216.0,224.0,-58.0,36.0,10.0,3.0,7.0,33.64055299539171,39.782016348773844,25.704225352112676,56.652360515021456
AdU,2225.0,218.0,658.0,146.0,397.0,72.0,261.0,123.0,197.0,631.0,134.0,343.0,477.0,152.0,191.0,73.0,47.0,120.0,213.0,203.0,-57.0,54.0,11.0,4.0,7.0,33.130699088145896,36.77581863979849,27.586206896551722,62.43654822335025
DLSU,2225.0,301.0,731.0,207.0,458.0,94.0,273.0,154.0,230.0,850.0,170.0,369.0,539.0,237.0,210.0,77.0,38.0,115.0,220.0,223.0,137.0,128.0,11.0,10.0,1.0,41.1764705882353,45.19650655021834,34.43223443223443,66.95652173913044
FEU,2050.0,232.0,672.0,190.0,468.0,42.0,204.0,121.0,177.0,627.0,132.0,326.0,458.0,118.0,145.0,64.0,38.0,102.0,172.0,191.0,-44.0,32.0,10.0,3.0,7.0,34.523809523809526,40.598290598290596,20.58823529411765,68.36158192090396
NU,2000.0,231.0,664.0,180.0,447.0,51.0,217.0,121.0,185.0,634.0,137.0,275.0,412.0,135.0,136.0,64.0,22.0,86.0,227.0,199.0,-54.0,29.0,10.0,2.0,8.0,34.78915662650602,40.26845637583892,23.502304147465438,65.4054054054054
UE,2000.0,214.0,580.0,145.0,358.0,69.0,222.0,128.0,204.0,625.0,95.0,270.0,365.0,133.0,148.0,76.0,28.0,104.0,209.0,209.0,-3.0,72.0,10.0,6.0,4.0,36.89655172413793,40.502793296089386,31.08108108108108,62.745098039215684
UP,1800.0,251.0,573.0,195.0,384.0,56.0,189.0,117.0,183.0,675.0,105.0,279.0,384.0,167.0,143.0,66.0,38.0,104.0,198.0,199.0,96.0,113.0,9.0,8.0,1.0,43.80453752181501,50.78125,29.62962962962963,63.9344262295082
UST,2225.0,287.0,733.0,200.0,415.0,87.0,318.0,129.0,195.0,790.0,125.0,313.0,438.0,191.0,156.0,79.0,24.0,103.0,226.0,210.0,-17.0,63.0,11.0,5.0,6.0,39.15416098226466,48.19277108433735,27.358490566037737,66.15384615384616
League,2068.75,244.125,657.75,176.125,411.75,68.0,246.0,128.125,200.5,684.375,127.0,302.625,429.625,161.625,153.625,71.375,31.875,103.25,210.125,207.25,0.0,65.875,10.25,5.125,5.125,37.115165336374005,42.77474195506982,27.642276422764226,63.90274314214464
