{"UP":{"2PM":15.8333333333,"2PA":39.6666666667,"3PM":5.3333333333,"3PA":22.5,"FTM":15.5,"FTA":25.1666666667,"OFF":12.8333333333,"DEF":25.5,"AST":13.1666666667,"TO":16.3333333333,"STL":7.1666666667,"BLK":3.6666666667,"PF":23.1666666667,"Fls on:":22.6666666667,"+\/-":-14.5,"GW":0.0,"GP":6.0,"MINS":200.0,"FGM":21.1666666667,"FGA":62.1666666667,"FG%":34.0482573727,"2P%":39.9159663866,"3P%":23.7037037037,"FT%":61.5894039735,"PTS":63.1666666667,"REB":38.3333333333,"STK":10.8333333333},"DLSU":{"2PM":18.3333333333,"2PA":43.5,"3PM":6.0,"3PA":25.0,"FTM":10.6666666667,"FTA":16.1666666667,"OFF":12.6666666667,"DEF":25.5,"AST":14.5,"TO":15.1666666667,"STL":9.8333333333,"BLK":3.0,"PF":20.8333333333,"Fls on:":18.0,"+\/-":-11.5,"GW":11.0,"GP":6.0,"MINS":200.0,"FGM":24.3333333333,"FGA":68.5,"FG%":35.5231143552,"2P%":42.1455938697,"3P%":24.0,"FT%":65.9793814433,"PTS":65.3333333333,"REB":38.1666666667,"STK":12.8333333333},"League":{"2PM":17.5925925926,"2PA":40.6851851852,"3PM":6.1851851852,"3PA":23.4074074074,"FTM":12.5,"FTA":19.4259259259,"OFF":12.5925925926,"DEF":29.6481481481,"AST":16.1111111111,"TO":14.3703703704,"STL":6.8888888889,"BLK":3.1481481481,"PF":20.8703703704,"Fls on:":20.6481481481,"+\/-":0.0,"GW":44.25,"GP":6.75,"MINS":200.0,"FGM":23.7777777778,"FGA":64.0925925926,"FG%":37.0991043051,"2P%":43.2407828858,"3P%":26.4240506329,"FT%":64.3469971401,"PTS":66.2407407407,"REB":42.2407407407,"STK":10.037037037},"UE":{"2PM":16.0,"2PA":35.7142857143,"3PM":7.0,"3PA":24.8571428571,"FTM":11.0,"FTA":19.8571428571,"OFF":11.1428571429,"DEF":29.4285714286,"AST":18.1428571429,"TO":15.0,"STL":6.8571428571,"BLK":3.7142857143,"PF":22.7142857143,"Fls on:":20.5714285714,"+\/-":0.2857142857,"GW":28.0,"GP":7.0,"MINS":200.0,"FGM":23.0,"FGA":60.5714285714,"FG%":37.9716981132,"2P%":44.8,"3P%":28.1609195402,"FT%":55.3956834532,"PTS":64.0,"REB":40.5714285714,"STK":10.5714285714},"UST":{"2PM":19.7142857143,"2PA":41.0,"3PM":6.0,"3PA":22.7142857143,"FTM":13.0,"FTA":18.8571428571,"OFF":11.0,"DEF":29.5714285714,"AST":16.7142857143,"TO":13.4285714286,"STL":5.8571428571,"BLK":3.5714285714,"PF":19.7142857143,"Fls on:":21.0,"+\/-":0.8571428571,"GW":40.0,"GP":7.0,"MINS":200.0,"FGM":25.7142857143,"FGA":63.7142857143,"FG%":40.3587443946,"2P%":48.0836236934,"3P%":26.4150943396,"FT%":68.9393939394,"PTS":70.4285714286,"REB":40.5714285714,"STK":9.4285714286},"AdU":{"2PM":15.1428571429,"2PA":40.0,"3PM":7.0,"3PA":25.7142857143,"FTM":10.8571428571,"FTA":16.1428571429,"OFF":13.8571428571,"DEF":28.2857142857,"AST":15.8571428571,"TO":12.2857142857,"STL":7.7142857143,"BLK":1.8571428571,"PF":18.4285714286,"Fls on:":19.5714285714,"+\/-":3.5714285714,"GW":52.0,"GP":7.0,"MINS":200.0,"FGM":22.1428571429,"FGA":65.7142857143,"FG%":33.6956521739,"2P%":37.8571428571,"3P%":27.2222222222,"FT%":67.2566371681,"PTS":62.1428571429,"REB":42.1428571429,"STK":9.5714285714},"NU":{"2PM":16.2857142857,"2PA":39.0,"3PM":7.1428571429,"3PA":24.5714285714,"FTM":14.4285714286,"FTA":20.8571428571,"OFF":14.5714285714,"DEF":31.0,"AST":16.2857142857,"TO":15.0,"STL":6.4285714286,"BLK":3.4285714286,"PF":21.0,"Fls on:":22.8571428571,"+\/-":4.1428571429,"GW":65.0,"GP":7.0,"MINS":200.0,"FGM":23.4285714286,"FGA":63.5714285714,"FG%":36.8539325843,"2P%":41.7582417582,"3P%":29.0697674419,"FT%":69.1780821918,"PTS":68.4285714286,"REB":45.5714285714,"STK":9.8571428571},"FEU":{"2PM":18.2857142857,"2PA":46.4285714286,"3PM":6.5714285714,"3PA":23.5714285714,"FTM":9.7142857143,"FTA":16.5714285714,"OFF":13.5714285714,"DEF":32.1428571429,"AST":18.4285714286,"TO":12.7142857143,"STL":7.8571428571,"BLK":3.4285714286,"PF":18.8571428571,"Fls on:":18.0,"+\/-":6.5714285714,"GW":85.0,"GP":7.0,"MINS":200.0,"FGM":24.8571428571,"FGA":70.0,"FG%":35.5102040816,"2P%":39.3846153846,"3P%":27.8787878788,"FT%":58.6206896552,"PTS":66.0,"REB":45.7142857143,"STK":11.2857142857},"ADMU":{"2PM":21.0,"2PA":40.4285714286,"3PM":4.2857142857,"3PA":18.4285714286,"FTM":15.0,"FTA":22.1428571429,"OFF":11.1428571429,"DEF":34.5714285714,"AST":15.1428571429,"TO":15.4285714286,"STL":3.8571428571,"BLK":2.5714285714,"PF":22.5714285714,"Fls on:":22.4285714286,"+\/-":6.8571428571,"GW":73.0,"GP":7.0,"MINS":200.0,"FGM":25.2857142857,"FGA":58.8571428571,"FG%":42.9611650485,"2P%":51.9434628975,"3P%":23.2558139535,"FT%":67.7419354839,"PTS":69.8571428571,"REB":45.7142857143,"STK":6.4285714286}}