{"UP":{"2PM":95.0,"2PA":238.0,"3PM":32.0,"3PA":135.0,"FTM":93.0,"FTA":151.0,"OFF":77.0,"DEF":153.0,"AST":79.0,"TO":98.0,"STL":43.0,"BLK":22.0,"PF":139.0,"Fls on:":136.0,"+\/-":-87.0,"GW":0.0,"GP":6.0,"MINS":1200.0,"FGM":127.0,"FGA":373.0,"FG%":34.0482573727,"2P%":39.9159663866,"3P%":23.7037037037,"FT%":61.5894039735,"PTS":379.0,"REB":230.0,"STK":65.0},"NU":{"2PM":114.0,"2PA":273.0,"3PM":50.0,"3PA":172.0,"FTM":101.0,"FTA":146.0,"OFF":102.0,"DEF":217.0,"AST":114.0,"TO":105.0,"STL":45.0,"BLK":24.0,"PF":147.0,"Fls on:":160.0,"+\/-":29.0,"GW":65.0,"GP":7.0,"MINS":1400.0,"FGM":164.0,"FGA":445.0,"FG%":36.8539325843,"2P%":41.7582417582,"3P%":29.0697674419,"FT%":69.1780821918,"PTS":479.0,"REB":319.0,"STK":69.0},"DLSU":{"2PM":110.0,"2PA":261.0,"3PM":36.0,"3PA":150.0,"FTM":64.0,"FTA":97.0,"OFF":76.0,"DEF":153.0,"AST":87.0,"TO":91.0,"STL":59.0,"BLK":18.0,"PF":125.0,"Fls on:":108.0,"+\/-":-69.0,"GW":11.0,"GP":6.0,"MINS":1200.0,"FGM":146.0,"FGA":411.0,"FG%":35.5231143552,"2P%":42.1455938697,"3P%":24.0,"FT%":65.9793814433,"PTS":392.0,"REB":229.0,"STK":77.0},"AdU":{"2PM":106.0,"2PA":280.0,"3PM":49.0,"3PA":180.0,"FTM":76.0,"FTA":113.0,"OFF":97.0,"DEF":198.0,"AST":111.0,"TO":86.0,"STL":54.0,"BLK":13.0,"PF":129.0,"Fls on:":137.0,"+\/-":25.0,"GW":52.0,"GP":7.0,"MINS":1400.0,"FGM":155.0,"FGA":460.0,"FG%":33.6956521739,"2P%":37.8571428571,"3P%":27.2222222222,"FT%":67.2566371681,"PTS":435.0,"REB":295.0,"STK":67.0},"UST":{"2PM":138.0,"2PA":287.0,"3PM":42.0,"3PA":159.0,"FTM":91.0,"FTA":132.0,"OFF":77.0,"DEF":207.0,"AST":117.0,"TO":94.0,"STL":41.0,"BLK":25.0,"PF":138.0,"Fls on:":147.0,"+\/-":6.0,"GW":40.0,"GP":7.0,"MINS":1400.0,"FGM":180.0,"FGA":446.0,"FG%":40.3587443946,"2P%":48.0836236934,"3P%":26.4150943396,"FT%":68.9393939394,"PTS":493.0,"REB":284.0,"STK":66.0},"FEU":{"2PM":128.0,"2PA":325.0,"3PM":46.0,"3PA":165.0,"FTM":68.0,"FTA":116.0,"OFF":95.0,"DEF":225.0,"AST":129.0,"TO":89.0,"STL":55.0,"BLK":24.0,"PF":132.0,"Fls on:":126.0,"+\/-":46.0,"GW":85.0,"GP":7.0,"MINS":1400.0,"FGM":174.0,"FGA":490.0,"FG%":35.5102040816,"2P%":39.3846153846,"3P%":27.8787878788,"FT%":58.6206896552,"PTS":462.0,"REB":320.0,"STK":79.0},"ADMU":{"2PM":147.0,"2PA":283.0,"3PM":30.0,"3PA":129.0,"FTM":105.0,"FTA":155.0,"OFF":78.0,"DEF":242.0,"AST":106.0,"TO":108.0,"STL":27.0,"BLK":18.0,"PF":158.0,"Fls on:":157.0,"+\/-":48.0,"GW":73.0,"GP":7.0,"MINS":1400.0,"FGM":177.0,"FGA":412.0,"FG%":42.9611650485,"2P%":51.9434628975,"3P%":23.2558139535,"FT%":67.7419354839,"PTS":489.0,"REB":320.0,"STK":45.0},"UE":{"2PM":112.0,"2PA":250.0,"3PM":49.0,"3PA":174.0,"FTM":77.0,"FTA":139.0,"OFF":78.0,"DEF":206.0,"AST":127.0,"TO":105.0,"STL":48.0,"BLK":26.0,"PF":159.0,"Fls on:":144.0,"+\/-":2.0,"GW":28.0,"GP":7.0,"MINS":1400.0,"FGM":161.0,"FGA":424.0,"FG%":37.9716981132,"2P%":44.8,"3P%":28.1609195402,"FT%":55.3956834532,"PTS":448.0,"REB":284.0,"STK":74.0},"League":{"2PM":118.75,"2PA":274.625,"3PM":41.75,"3PA":158.0,"FTM":84.375,"FTA":131.125,"OFF":85.0,"DEF":200.125,"AST":108.75,"TO":97.0,"STL":46.5,"BLK":21.25,"PF":140.875,"Fls on:":139.375,"+\/-":0.0,"GW":44.25,"GP":6.75,"MINS":1350.0,"FGM":160.5,"FGA":432.625,"FG%":37.0991043051,"2P%":43.2407828858,"3P%":26.4240506329,"FT%":64.3469971401,"PTS":447.125,"REB":285.125,"STK":67.75}}