TEAM,MINS,FGM,FGA,2PM,2PA,3PM,3PA,FTM,FTA,PTS,OFF,DEF,REB,AST,TO,STL,BLK,STK,PF,Fls on:,+/-,GW,GP,W,L,FG%,2P%,3P%,FT%
ADMU,1425.0,151.0,456.0,98.0,241.0,53.0,215.0,86.0,154.0,441.0,79.0,172.0,251.0,122.0,71.0,50.0,18.0,68.0,157.0,154.0,-48.0,13.0,7.0,1.0,6.0,33.1140350877193,40.66390041493776,24.651162790697676,55.84415584415584
AdU,1400.0,139.0,410.0,95.0,248.0,44.0,162.0,88.0,126.0,410.0,83.0,223.0,306.0,100.0,113.0,43.0,36.0,79.0,138.0,129.0,-25.0,43.0,7.0,3.0,4.0,33.90243902439025,38.306451612903224,27.160493827160494,69.84126984126983
DLSU,1200.0,171.0,414.0,128.0,270.0,43.0,144.0,76.0,120.0,461.0,108.0,198.0,306.0,131.0,112.0,52.0,17.0,69.0,109.0,125.0,69.0,65.0,6.0,5.0,1.0,41.30434782608695,47.407407407407405,29.86111111111111,63.333333333333336
FEU,1425.0,156.0,468.0,133.0,330.0,23.0,138.0,81.0,115.0,416.0,90.0,231.0,321.0,82.0,104.0,43.0,26.0,69.0,128.0,130.0,-46.0,11.0,7.0,1.0,6.0,33.333333333333336,40.303030303030305,16.666666666666668,70.43478260869566
NU,1400.0,164.0,465.0,132.0,319.0,32.0,146.0,90.0,133.0,450.0,94.0,192.0,286.0,89.0,93.0,47.0,16.0,63.0,161.0,144.0,-29.0,29.0,7.0,2.0,5.0,35.26881720430107,41.37931034482759,21.91780821917808,67.66917293233082
UE,1400.0,150.0,405.0,99.0,249.0,51.0,156.0,95.0,156.0,446.0,73.0,190.0,263.0,97.0,100.0,50.0,20.0,70.0,147.0,160.0,-2.0,56.0,7.0,5.0,2.0,37.03703703703704,39.75903614457831,32.69230769230769,60.8974358974359
UP,1200.0,174.0,397.0,135.0,277.0,39.0,120.0,79.0,126.0,466.0,81.0,192.0,273.0,119.0,87.0,40.0,25.0,65.0,139.0,137.0,87.0,87.0,6.0,6.0,0.0,43.8287153652393,48.73646209386282,32.5,62.698412698412696
UST,1400.0,179.0,446.0,130.0,263.0,49.0,183.0,80.0,119.0,487.0,72.0,203.0,275.0,130.0,96.0,47.0,12.0,59.0,148.0,136.0,-6.0,50.0,7.0,4.0,3.0,40.134529147982065,49.42965779467681,26.775956284153004,67.22689075630252
League,1356.25,160.5,432.625,118.75,274.625,41.75,158.0,84.375,131.125,447.125,85.0,200.125,285.125,108.75,97.0,46.5,21.25,67.75,140.875,139.375,0.0,44.25,6.75,3.375,3.375,37.09910430511413,43.2407828857533,26.424050632911392,64.34699714013347
