{"UP":{"OFF":76.9943580142,"DEF":62.6198748656,"NET":14.3744831486,"PACE":75.6548940759,"hAST%":18.0730210801,"hTO%":13.213049025,"TOR":19.1659775314,"AR":26.2155324855,"STL%":8.8119436926,"BLK%":10.5042016807,"EFG%":48.7405541562,"TS%":51.498541243,"PPWS":1.0299708249,"REB%":54.2743538767,"OREB%":34.6153846154,"DREB%":71.375464684,"FTR":0.3173803526,"FFI":35.9714982581,"Py-W":5.7878844324,"Py-L":0.2121155676,"PPR":-0.6206068738,"HHI":0.0933338245},"DLSU":{"OFF":74.4700871702,"DEF":63.3238051425,"NET":11.1462820276,"PACE":77.3800625052,"hAST%":18.4559030713,"hTO%":15.7790927022,"TOR":24.12335434,"AR":28.2157090941,"STL%":11.2001288007,"BLK%":6.5134099617,"EFG%":46.4975845411,"TS%":49.3787489289,"PPWS":0.9875749786,"REB%":57.1962616822,"OREB%":41.3793103448,"DREB%":72.2627737226,"FTR":0.2898550725,"FFI":37.2535605574,"Py-W":5.5829161522,"Py-L":0.4170838478,"PPR":-1.9522184666,"HHI":0.1098291463},"League":{"OFF":67.705088226,"DEF":67.705088226,"NET":0.0,"PACE":73.4900044701,"hAST%":15.6234286782,"hTO%":13.9353800624,"TOR":19.584064286,"AR":21.9563607331,"STL%":9.3882370031,"BLK%":7.7378243059,"EFG%":41.9242993355,"TS%":45.5952235275,"PPWS":0.9119044705,"REB%":50.0,"OREB%":29.8114861903,"DREB%":70.1885138097,"FTR":0.303091592,"FFI":32.1744069241,"Py-W":3.375,"Py-L":3.375,"PPR":-1.8064516129,"HHI":0.010086589},"UE":{"OFF":66.9866653825,"DEF":67.2870540165,"NET":-0.300388634,"PACE":71.3361592384,"hAST%":14.4637957772,"hTO%":14.9111296672,"TOR":20.0259089335,"AR":19.4251316655,"STL%":10.0129544667,"BLK%":8.0,"EFG%":43.3333333333,"TS%":47.0821721138,"PPWS":0.9416434423,"REB%":48.0804387569,"OREB%":26.164874552,"DREB%":70.8955223881,"FTR":0.3851851852,"FFI":33.3505632549,"Py-W":3.3747736255,"Py-L":3.6252263745,"PPR":-2.6000106421,"HHI":0.1227754429},"UST":{"OFF":70.8945883985,"DEF":71.7680330195,"NET":-0.8734446209,"PACE":73.6002177419,"hAST%":17.9468772434,"hTO%":13.2530785797,"TOR":18.6334852464,"AR":25.2328446045,"STL%":9.1226438186,"BLK%":4.181184669,"EFG%":45.6278026906,"TS%":48.8602616582,"PPWS":0.9772052332,"REB%":49.1949910555,"OREB%":25.8064516129,"DREB%":72.5,"FTR":0.2668161435,"FFI":32.0730248629,"Py-W":3.1582311066,"Py-L":3.8417688934,"PPR":-0.665668361,"HHI":0.126361371},"AdU":{"OFF":62.7534592788,"DEF":66.5798897226,"NET":-3.8264304438,"PACE":70.0018324622,"hAST%":14.7396969518,"hTO%":16.6558575556,"TOR":23.0606208081,"AR":20.4076290338,"STL%":8.7752804845,"BLK%":12.8571428571,"EFG%":39.2682926829,"TS%":44.0443451358,"PPWS":0.8808869027,"REB%":50.9151414309,"OREB%":29.537366548,"DREB%":69.6875,"FTR":0.3073170732,"FFI":31.9897016824,"Py-W":1.9563888935,"Py-L":5.0436111065,"PPR":-3.4744364683,"HHI":0.108958953},"NU":{"OFF":66.3103914469,"DEF":70.5837277846,"NET":-4.2733363377,"PACE":72.7100001406,"hAST%":12.6148089353,"hTO%":13.1817666402,"TOR":18.2721967543,"AR":17.4862958186,"STL%":9.2343359941,"BLK%":5.8608058608,"EFG%":38.7096774194,"TS%":42.9783007335,"PPWS":0.8595660147,"REB%":47.2727272727,"OREB%":30.2250803859,"DREB%":65.306122449,"FTR":0.2860215054,"FFI":30.3872588141,"Py-W":1.883624772,"Py-L":5.116375228,"PPR":-2.4305592462,"HHI":0.1022123457},"FEU":{"OFF":59.4577203769,"DEF":66.0323721493,"NET":-6.5746517724,"PACE":74.9632315012,"hAST%":11.6378086858,"hTO%":14.7601476015,"TOR":19.8192401256,"AR":15.6267085606,"STL%":8.1944935135,"BLK%":8.0,"EFG%":35.7905982906,"TS%":40.1079830312,"PPWS":0.8021596606,"REB%":50.0780031201,"OREB%":28.5714285714,"DREB%":70.8588957055,"FTR":0.2457264957,"FFI":28.6712324978,"Py-W":1.101454614,"Py-L":5.898545386,"PPR":-3.393951019,"HHI":0.146230122},"ADMU":{"OFF":65.3765345778,"DEF":72.4923478652,"NET":-7.1158132874,"PACE":72.2736380952,"hAST%":17.0210391205,"hTO%":9.9056867013,"TOR":14.0339650946,"AR":24.114700585,"STL%":9.8830740103,"BLK%":6.3604240283,"EFG%":38.9254385965,"TS%":42.0994348557,"PPWS":0.8419886971,"REB%":43.9579684764,"OREB%":24.6105919003,"DREB%":68.8,"FTR":0.3377192982,"FFI":29.066574566,"Py-W":1.1248500696,"Py-L":5.8751499304,"PPR":0.7373504198,"HHI":0.1145458939}}