{"UP":{"MINS":200.0,"FGM":29.0,"FGA":66.1666666667,"2PM":22.5,"2PA":46.1666666667,"3PM":6.5,"3PA":20.0,"FTM":13.1666666667,"FTA":21.0,"PTS":77.6666666667,"OFF":13.5,"DEF":32.0,"REB":45.5,"AST":19.8333333333,"TO":14.5,"STL":6.6666666667,"BLK":4.1666666667,"STK":10.8333333333,"PF":23.1666666667,"Fls on:":22.8333333333,"+\/-":14.5,"GW":87.0,"GP":6.0,"W":6.0,"L":0.0,"FG%":43.8287153652,"2P%":48.7364620939,"3P%":32.5,"FT%":62.6984126984,"W%":1.0},"DLSU":{"MINS":200.0,"FGM":28.5,"FGA":69.0,"2PM":21.3333333333,"2PA":45.0,"3PM":7.1666666667,"3PA":24.0,"FTM":12.6666666667,"FTA":20.0,"PTS":76.8333333333,"OFF":18.0,"DEF":33.0,"REB":51.0,"AST":21.8333333333,"TO":18.6666666667,"STL":8.6666666667,"BLK":2.8333333333,"STK":11.5,"PF":18.1666666667,"Fls on:":20.8333333333,"+\/-":11.5,"GW":65.0,"GP":6.0,"W":5.0,"L":1.0,"FG%":41.3043478261,"2P%":47.4074074074,"3P%":29.8611111111,"FT%":63.3333333333,"W%":0.8333333333},"UE":{"MINS":200.0,"FGM":21.4285714286,"FGA":57.8571428571,"2PM":14.1428571429,"2PA":35.5714285714,"3PM":7.2857142857,"3PA":22.2857142857,"FTM":13.5714285714,"FTA":22.2857142857,"PTS":63.7142857143,"OFF":10.4285714286,"DEF":27.1428571429,"REB":37.5714285714,"AST":13.8571428571,"TO":14.2857142857,"STL":7.1428571429,"BLK":2.8571428571,"STK":10.0,"PF":21.0,"Fls on:":22.8571428571,"+\/-":-0.2857142857,"GW":56.0,"GP":7.0,"W":5.0,"L":2.0,"FG%":37.037037037,"2P%":39.7590361446,"3P%":32.6923076923,"FT%":60.8974358974,"W%":0.7142857143},"UST":{"MINS":200.0,"FGM":25.5714285714,"FGA":63.7142857143,"2PM":18.5714285714,"2PA":37.5714285714,"3PM":7.0,"3PA":26.1428571429,"FTM":11.4285714286,"FTA":17.0,"PTS":69.5714285714,"OFF":10.2857142857,"DEF":29.0,"REB":39.2857142857,"AST":18.5714285714,"TO":13.7142857143,"STL":6.7142857143,"BLK":1.7142857143,"STK":8.4285714286,"PF":21.1428571429,"Fls on:":19.4285714286,"+\/-":-0.8571428571,"GW":50.0,"GP":7.0,"W":4.0,"L":3.0,"FG%":40.134529148,"2P%":49.4296577947,"3P%":26.7759562842,"FT%":67.2268907563,"W%":0.5714285714},"League":{"MINS":200.9259259259,"FGM":23.7777777778,"FGA":64.0925925926,"2PM":17.5925925926,"2PA":40.6851851852,"3PM":6.1851851852,"3PA":23.4074074074,"FTM":12.5,"FTA":19.4259259259,"PTS":66.2407407407,"OFF":12.5925925926,"DEF":29.6481481481,"REB":42.2407407407,"AST":16.1111111111,"TO":14.3703703704,"STL":6.8888888889,"BLK":3.1481481481,"STK":10.037037037,"PF":20.8703703704,"Fls on:":20.6481481481,"+\/-":0.0,"GW":44.25,"GP":6.75,"W":3.375,"L":3.375,"FG%":37.0991043051,"2P%":43.2407828858,"3P%":26.4240506329,"FT%":64.3469971401,"W%":0.5},"AdU":{"MINS":200.0,"FGM":19.8571428571,"FGA":58.5714285714,"2PM":13.5714285714,"2PA":35.4285714286,"3PM":6.2857142857,"3PA":23.1428571429,"FTM":12.5714285714,"FTA":18.0,"PTS":58.5714285714,"OFF":11.8571428571,"DEF":31.8571428571,"REB":43.7142857143,"AST":14.2857142857,"TO":16.1428571429,"STL":6.1428571429,"BLK":5.1428571429,"STK":11.2857142857,"PF":19.7142857143,"Fls on:":18.4285714286,"+\/-":-3.5714285714,"GW":43.0,"GP":7.0,"W":3.0,"L":4.0,"FG%":33.9024390244,"2P%":38.3064516129,"3P%":27.1604938272,"FT%":69.8412698413,"W%":0.4285714286},"NU":{"MINS":200.0,"FGM":23.4285714286,"FGA":66.4285714286,"2PM":18.8571428571,"2PA":45.5714285714,"3PM":4.5714285714,"3PA":20.8571428571,"FTM":12.8571428571,"FTA":19.0,"PTS":64.2857142857,"OFF":13.4285714286,"DEF":27.4285714286,"REB":40.8571428571,"AST":12.7142857143,"TO":13.2857142857,"STL":6.7142857143,"BLK":2.2857142857,"STK":9.0,"PF":23.0,"Fls on:":20.5714285714,"+\/-":-4.1428571429,"GW":29.0,"GP":7.0,"W":2.0,"L":5.0,"FG%":35.2688172043,"2P%":41.3793103448,"3P%":21.9178082192,"FT%":67.6691729323,"W%":0.2857142857},"ADMU":{"MINS":203.5714285714,"FGM":21.5714285714,"FGA":65.1428571429,"2PM":14.0,"2PA":34.4285714286,"3PM":7.5714285714,"3PA":30.7142857143,"FTM":12.2857142857,"FTA":22.0,"PTS":63.0,"OFF":11.2857142857,"DEF":24.5714285714,"REB":35.8571428571,"AST":17.4285714286,"TO":10.1428571429,"STL":7.1428571429,"BLK":2.5714285714,"STK":9.7142857143,"PF":22.4285714286,"Fls on:":22.0,"+\/-":-6.8571428571,"GW":13.0,"GP":7.0,"W":1.0,"L":6.0,"FG%":33.1140350877,"2P%":40.6639004149,"3P%":24.6511627907,"FT%":55.8441558442,"W%":0.1428571429},"FEU":{"MINS":203.5714285714,"FGM":22.2857142857,"FGA":66.8571428571,"2PM":19.0,"2PA":47.1428571429,"3PM":3.2857142857,"3PA":19.7142857143,"FTM":11.5714285714,"FTA":16.4285714286,"PTS":59.4285714286,"OFF":12.8571428571,"DEF":33.0,"REB":45.8571428571,"AST":11.7142857143,"TO":14.8571428571,"STL":6.1428571429,"BLK":3.7142857143,"STK":9.8571428571,"PF":18.2857142857,"Fls on:":18.5714285714,"+\/-":-6.5714285714,"GW":11.0,"GP":7.0,"W":1.0,"L":6.0,"FG%":33.3333333333,"2P%":40.303030303,"3P%":16.6666666667,"FT%":70.4347826087,"W%":0.1428571429}}