{"UP":{"2PM":17.6666666667,"2PA":43.0,"3PM":4.0,"3PA":21.0,"FTM":17.3333333333,"FTA":31.0,"OFF":15.0,"DEF":23.3333333333,"AST":13.3333333333,"TO":13.3333333333,"STL":7.3333333333,"BLK":3.3333333333,"PF":25.0,"Fls on:":25.3333333333,"+\/-":-17.6666666667,"GW":0.0,"GP":3.0,"MINS":200.0,"FGM":21.6666666667,"FGA":64.0,"FG%":33.8541666667,"2P%":41.0852713178,"3P%":19.0476190476,"FT%":55.9139784946,"PTS":64.6666666667,"REB":38.3333333333,"STK":10.6666666667},"DLSU":{"2PM":20.0,"2PA":45.6666666667,"3PM":3.3333333333,"3PA":22.6666666667,"FTM":12.6666666667,"FTA":18.3333333333,"OFF":13.6666666667,"DEF":26.0,"AST":15.0,"TO":14.6666666667,"STL":9.3333333333,"BLK":2.3333333333,"PF":17.6666666667,"Fls on:":18.6666666667,"+\/-":-15.3333333333,"GW":0.0,"GP":3.0,"MINS":200.0,"FGM":23.3333333333,"FGA":68.3333333333,"FG%":34.1463414634,"2P%":43.795620438,"3P%":14.7058823529,"FT%":69.0909090909,"PTS":62.6666666667,"REB":39.6666666667,"STK":11.6666666667},"UST":{"2PM":16.75,"2PA":38.0,"3PM":5.75,"3PA":23.0,"FTM":12.25,"FTA":17.0,"OFF":9.25,"DEF":28.75,"AST":15.0,"TO":12.5,"STL":5.0,"BLK":3.0,"PF":20.25,"Fls on:":20.5,"+\/-":-3.75,"GW":14.0,"GP":4.0,"MINS":200.0,"FGM":22.5,"FGA":61.0,"FG%":36.8852459016,"2P%":44.0789473684,"3P%":25.0,"FT%":72.0588235294,"PTS":63.0,"REB":38.0,"STK":8.0},"League":{"2PM":18.3076923077,"2PA":41.8846153846,"3PM":5.6538461538,"3PA":23.1538461538,"FTM":12.4615384615,"FTA":19.5384615385,"OFF":13.3846153846,"DEF":29.8076923077,"AST":17.1153846154,"TO":14.2692307692,"STL":6.8461538462,"BLK":3.1153846154,"PF":20.7307692308,"Fls on:":20.5769230769,"+\/-":0.0,"GW":22.125,"GP":3.25,"MINS":200.0,"FGM":23.9615384615,"FGA":65.0384615385,"FG%":36.8421052632,"2P%":43.709825528,"3P%":24.4186046512,"FT%":63.7795275591,"PTS":66.0384615385,"REB":43.1923076923,"STK":9.9615384615},"AdU":{"2PM":15.6666666667,"2PA":39.3333333333,"3PM":7.6666666667,"3PA":28.3333333333,"FTM":7.3333333333,"FTA":12.0,"OFF":12.3333333333,"DEF":30.0,"AST":19.3333333333,"TO":13.3333333333,"STL":8.0,"BLK":0.6666666667,"PF":17.6666666667,"Fls on:":15.6666666667,"+\/-":1.6666666667,"GW":14.0,"GP":3.0,"MINS":200.0,"FGM":23.3333333333,"FGA":67.6666666667,"FG%":34.4827586207,"2P%":39.8305084746,"3P%":27.0588235294,"FT%":61.1111111111,"PTS":61.6666666667,"REB":42.3333333333,"STK":8.6666666667},"FEU":{"2PM":15.6666666667,"2PA":42.6666666667,"3PM":5.6666666667,"3PA":22.6666666667,"FTM":10.6666666667,"FTA":18.3333333333,"OFF":14.0,"DEF":31.3333333333,"AST":15.3333333333,"TO":13.6666666667,"STL":9.0,"BLK":5.0,"PF":18.6666666667,"Fls on:":19.3333333333,"+\/-":6.3333333333,"GW":43.0,"GP":3.0,"MINS":200.0,"FGM":21.3333333333,"FGA":65.3333333333,"FG%":32.6530612245,"2P%":36.71875,"3P%":25.0,"FT%":58.1818181818,"PTS":59.0,"REB":45.3333333333,"STK":14.0},"UE":{"2PM":18.3333333333,"2PA":40.6666666667,"3PM":7.0,"3PA":23.3333333333,"FTM":9.6666666667,"FTA":18.6666666667,"OFF":12.6666666667,"DEF":32.3333333333,"AST":20.3333333333,"TO":15.0,"STL":5.3333333333,"BLK":3.6666666667,"PF":23.3333333333,"Fls on:":20.3333333333,"+\/-":6.6666666667,"GW":28.0,"GP":3.0,"MINS":200.0,"FGM":25.3333333333,"FGA":64.0,"FG%":39.5833333333,"2P%":45.0819672131,"3P%":30.0,"FT%":51.7857142857,"PTS":67.3333333333,"REB":45.0,"STK":9.0},"NU":{"2PM":19.5,"2PA":42.25,"3PM":6.25,"3PA":22.5,"FTM":15.75,"FTA":21.75,"OFF":15.5,"DEF":31.75,"AST":18.75,"TO":16.75,"STL":6.75,"BLK":3.75,"PF":19.25,"Fls on:":23.0,"+\/-":7.75,"GW":39.0,"GP":4.0,"MINS":200.0,"FGM":25.75,"FGA":64.75,"FG%":39.7683397683,"2P%":46.1538461538,"3P%":27.7777777778,"FT%":72.4137931034,"PTS":73.5,"REB":47.25,"STK":10.5},"ADMU":{"2PM":23.0,"2PA":44.6666666667,"3PM":5.3333333333,"3PA":22.0,"FTM":13.0,"FTA":19.3333333333,"OFF":15.3333333333,"DEF":34.6666666667,"AST":20.0,"TO":14.6666666667,"STL":4.6666666667,"BLK":3.0,"PF":24.6666666667,"Fls on:":21.0,"+\/-":13.0,"GW":39.0,"GP":3.0,"MINS":200.0,"FGM":28.3333333333,"FGA":66.6666666667,"FG%":42.5,"2P%":51.4925373134,"3P%":24.2424242424,"FT%":67.2413793103,"PTS":75.0,"REB":50.0,"STK":7.6666666667}}