{"DLSU":{"2PM":60.0,"2PA":137.0,"3PM":10.0,"3PA":68.0,"FTM":38.0,"FTA":55.0,"OFF":41.0,"DEF":78.0,"AST":45.0,"TO":44.0,"STL":28.0,"BLK":7.0,"PF":53.0,"Fls on:":56.0,"+\/-":-46.0,"GW":0.0,"GP":3.0,"MINS":600.0,"FGM":70.0,"FGA":205.0,"FG%":34.1463414634,"2P%":43.795620438,"3P%":14.7058823529,"FT%":69.0909090909,"PTS":188.0,"REB":119.0,"STK":35.0},"NU":{"2PM":78.0,"2PA":169.0,"3PM":25.0,"3PA":90.0,"FTM":63.0,"FTA":87.0,"OFF":62.0,"DEF":127.0,"AST":75.0,"TO":67.0,"STL":27.0,"BLK":15.0,"PF":77.0,"Fls on:":92.0,"+\/-":31.0,"GW":39.0,"GP":4.0,"MINS":800.0,"FGM":103.0,"FGA":259.0,"FG%":39.7683397683,"2P%":46.1538461538,"3P%":27.7777777778,"FT%":72.4137931034,"PTS":294.0,"REB":189.0,"STK":42.0},"UP":{"2PM":53.0,"2PA":129.0,"3PM":12.0,"3PA":63.0,"FTM":52.0,"FTA":93.0,"OFF":45.0,"DEF":70.0,"AST":40.0,"TO":40.0,"STL":22.0,"BLK":10.0,"PF":75.0,"Fls on:":76.0,"+\/-":-53.0,"GW":0.0,"GP":3.0,"MINS":600.0,"FGM":65.0,"FGA":192.0,"FG%":33.8541666667,"2P%":41.0852713178,"3P%":19.0476190476,"FT%":55.9139784946,"PTS":194.0,"REB":115.0,"STK":32.0},"AdU":{"2PM":47.0,"2PA":118.0,"3PM":23.0,"3PA":85.0,"FTM":22.0,"FTA":36.0,"OFF":37.0,"DEF":90.0,"AST":58.0,"TO":40.0,"STL":24.0,"BLK":2.0,"PF":53.0,"Fls on:":47.0,"+\/-":5.0,"GW":14.0,"GP":3.0,"MINS":600.0,"FGM":70.0,"FGA":203.0,"FG%":34.4827586207,"2P%":39.8305084746,"3P%":27.0588235294,"FT%":61.1111111111,"PTS":185.0,"REB":127.0,"STK":26.0},"FEU":{"2PM":47.0,"2PA":128.0,"3PM":17.0,"3PA":68.0,"FTM":32.0,"FTA":55.0,"OFF":42.0,"DEF":94.0,"AST":46.0,"TO":41.0,"STL":27.0,"BLK":15.0,"PF":56.0,"Fls on:":58.0,"+\/-":19.0,"GW":43.0,"GP":3.0,"MINS":600.0,"FGM":64.0,"FGA":196.0,"FG%":32.6530612245,"2P%":36.71875,"3P%":25.0,"FT%":58.1818181818,"PTS":177.0,"REB":136.0,"STK":42.0},"UE":{"2PM":55.0,"2PA":122.0,"3PM":21.0,"3PA":70.0,"FTM":29.0,"FTA":56.0,"OFF":38.0,"DEF":97.0,"AST":61.0,"TO":45.0,"STL":16.0,"BLK":11.0,"PF":70.0,"Fls on:":61.0,"+\/-":20.0,"GW":28.0,"GP":3.0,"MINS":600.0,"FGM":76.0,"FGA":192.0,"FG%":39.5833333333,"2P%":45.0819672131,"3P%":30.0,"FT%":51.7857142857,"PTS":202.0,"REB":135.0,"STK":27.0},"ADMU":{"2PM":69.0,"2PA":134.0,"3PM":16.0,"3PA":66.0,"FTM":39.0,"FTA":58.0,"OFF":46.0,"DEF":104.0,"AST":60.0,"TO":44.0,"STL":14.0,"BLK":9.0,"PF":74.0,"Fls on:":63.0,"+\/-":39.0,"GW":39.0,"GP":3.0,"MINS":600.0,"FGM":85.0,"FGA":200.0,"FG%":42.5,"2P%":51.4925373134,"3P%":24.2424242424,"FT%":67.2413793103,"PTS":225.0,"REB":150.0,"STK":23.0},"UST":{"2PM":67.0,"2PA":152.0,"3PM":23.0,"3PA":92.0,"FTM":49.0,"FTA":68.0,"OFF":37.0,"DEF":115.0,"AST":60.0,"TO":50.0,"STL":20.0,"BLK":12.0,"PF":81.0,"Fls on:":82.0,"+\/-":-15.0,"GW":14.0,"GP":4.0,"MINS":800.0,"FGM":90.0,"FGA":244.0,"FG%":36.8852459016,"2P%":44.0789473684,"3P%":25.0,"FT%":72.0588235294,"PTS":252.0,"REB":152.0,"STK":32.0},"League":{"2PM":59.5,"2PA":136.125,"3PM":18.375,"3PA":75.25,"FTM":40.5,"FTA":63.5,"OFF":43.5,"DEF":96.875,"AST":55.625,"TO":46.375,"STL":22.25,"BLK":10.125,"PF":67.375,"Fls on:":66.875,"+\/-":0.0,"GW":22.125,"GP":3.25,"MINS":650.0,"FGM":77.875,"FGA":211.375,"FG%":36.8421052632,"2P%":43.709825528,"3P%":24.4186046512,"FT%":63.7795275591,"PTS":214.625,"REB":140.375,"STK":32.375}}