{"ADMU":{"MINS":600.0,"FGM":65.0,"FGA":193.0,"2PM":53.0,"2PA":121.0,"3PM":12.0,"3PA":72.0,"FTM":44.0,"FTA":80.0,"PTS":186.0,"OFF":39.0,"DEF":76.0,"REB":115.0,"AST":55.0,"TO":33.0,"STL":21.0,"BLK":10.0,"STK":31.0,"PF":63.0,"Fls on:":73.0,"+\/-":-39.0,"GW":0.0,"GP":3.0,"W":0.0,"L":3.0,"FG%":33.6787564767,"2P%":43.8016528926,"3P%":16.6666666667,"FT%":55.0},"AdU":{"MINS":600.0,"FGM":63.0,"FGA":190.0,"2PM":45.0,"2PA":117.0,"3PM":18.0,"3PA":73.0,"FTM":36.0,"FTA":45.0,"PTS":180.0,"OFF":37.0,"DEF":101.0,"REB":138.0,"AST":46.0,"TO":45.0,"STL":24.0,"BLK":17.0,"STK":41.0,"PF":47.0,"Fls on:":53.0,"+\/-":-5.0,"GW":30.0,"GP":3.0,"W":2.0,"L":1.0,"FG%":33.1578947368,"2P%":38.4615384615,"3P%":24.6575342466,"FT%":80.0},"DLSU":{"MINS":600.0,"FGM":88.0,"FGA":220.0,"2PM":60.0,"2PA":130.0,"3PM":28.0,"3PA":90.0,"FTM":30.0,"FTA":42.0,"PTS":234.0,"OFF":60.0,"DEF":102.0,"REB":162.0,"AST":63.0,"TO":58.0,"STL":25.0,"BLK":8.0,"STK":33.0,"PF":56.0,"Fls on:":53.0,"+\/-":46.0,"GW":39.0,"GP":3.0,"W":3.0,"L":0.0,"FG%":40.0,"2P%":46.1538461538,"3P%":31.1111111111,"FT%":71.4285714286},"FEU":{"MINS":600.0,"FGM":61.0,"FGA":196.0,"2PM":52.0,"2PA":141.0,"3PM":9.0,"3PA":55.0,"FTM":27.0,"FTA":42.0,"PTS":158.0,"OFF":43.0,"DEF":97.0,"REB":140.0,"AST":44.0,"TO":47.0,"STL":18.0,"BLK":9.0,"STK":27.0,"PF":58.0,"Fls on:":55.0,"+\/-":-19.0,"GW":0.0,"GP":3.0,"W":0.0,"L":3.0,"FG%":31.1224489796,"2P%":36.8794326241,"3P%":16.3636363636,"FT%":64.2857142857},"NU":{"MINS":800.0,"FGM":102.0,"FGA":279.0,"2PM":84.0,"2PA":195.0,"3PM":18.0,"3PA":84.0,"FTM":41.0,"FTA":69.0,"PTS":263.0,"OFF":58.0,"DEF":104.0,"REB":162.0,"AST":53.0,"TO":57.0,"STL":33.0,"BLK":9.0,"STK":42.0,"PF":92.0,"Fls on:":76.0,"+\/-":-31.0,"GW":15.0,"GP":4.0,"W":1.0,"L":3.0,"FG%":36.5591397849,"2P%":43.0769230769,"3P%":21.4285714286,"FT%":59.4202898551},"UE":{"MINS":600.0,"FGM":59.0,"FGA":175.0,"2PM":45.0,"2PA":113.0,"3PM":14.0,"3PA":62.0,"FTM":50.0,"FTA":77.0,"PTS":182.0,"OFF":31.0,"DEF":76.0,"REB":107.0,"AST":37.0,"TO":40.0,"STL":19.0,"BLK":8.0,"STK":27.0,"PF":63.0,"Fls on:":70.0,"+\/-":-20.0,"GW":12.0,"GP":3.0,"W":1.0,"L":2.0,"FG%":33.7142857143,"2P%":39.8230088496,"3P%":22.5806451613,"FT%":64.9350649351},"UP":{"MINS":600.0,"FGM":90.0,"FGA":196.0,"2PM":68.0,"2PA":136.0,"3PM":22.0,"3PA":60.0,"FTM":45.0,"FTA":77.0,"PTS":247.0,"OFF":40.0,"DEF":97.0,"REB":137.0,"AST":67.0,"TO":41.0,"STL":13.0,"BLK":15.0,"STK":28.0,"PF":78.0,"Fls on:":75.0,"+\/-":53.0,"GW":44.0,"GP":3.0,"W":3.0,"L":0.0,"FG%":45.9183673469,"2P%":50.0,"3P%":36.6666666667,"FT%":58.4415584416},"UST":{"MINS":800.0,"FGM":95.0,"FGA":242.0,"2PM":69.0,"2PA":136.0,"3PM":26.0,"3PA":106.0,"FTM":51.0,"FTA":76.0,"PTS":267.0,"OFF":40.0,"DEF":122.0,"REB":162.0,"AST":80.0,"TO":50.0,"STL":25.0,"BLK":5.0,"STK":30.0,"PF":82.0,"Fls on:":80.0,"+\/-":15.0,"GW":37.0,"GP":4.0,"W":3.0,"L":1.0,"FG%":39.2561983471,"2P%":50.7352941176,"3P%":24.5283018868,"FT%":67.1052631579},"League":{"MINS":650.0,"FGM":77.875,"FGA":211.375,"2PM":59.5,"2PA":136.125,"3PM":18.375,"3PA":75.25,"FTM":40.5,"FTA":63.5,"PTS":214.625,"OFF":43.5,"DEF":96.875,"REB":140.375,"AST":55.625,"TO":46.375,"STL":22.25,"BLK":10.125,"STK":32.375,"PF":67.375,"Fls on:":66.875,"+\/-":0.0,"GW":22.125,"GP":3.25,"W":1.625,"L":1.625,"FG%":36.8421052632,"2P%":43.709825528,"3P%":24.4186046512,"FT%":63.7795275591}}