{"ADMU":{"POS":220.725685544,"PACE":73.5752285147},"AdU":{"POS":216.3272101449,"PACE":72.1090700483},"DLSU":{"POS":231.487785041,"PACE":77.1625950137},"FEU":{"POS":215.3924221499,"PACE":71.79747405},"NU":{"POS":301.3400306089,"PACE":75.3350076522},"UE":{"POS":216.8831770833,"PACE":72.2943923611},"UP":{"POS":226.346315621,"PACE":75.4487718737},"UST":{"POS":282.3320004058,"PACE":70.5830001014},"League":{"POS":238.8543283249,"PACE":73.5381924519}}