{"DLSU":{"2PM":18.75,"2PA":43.375,"3PM":5.125,"3PA":23.25,"FTM":11.625,"FTA":18.25,"OFF":11.375,"DEF":26.0,"AST":13.0,"TO":14.375,"STL":9.5,"BLK":3.5,"PF":20.75,"Fls on:":18.75,"+\/-":-11.25,"GW":11.0,"GP":8,"MINS":200.0,"FGM":23.875,"FGA":66.625,"FG%":35.8348968105,"2P%":43.2276657061,"3P%":22.0430107527,"FT%":63.698630137,"PTS":64.5,"REB":37.375,"STK":13.0},"UP":{"2PM":15.625,"2PA":40.375,"3PM":6.5,"3PA":24.25,"FTM":14.25,"FTA":23.25,"OFF":13.375,"DEF":25.125,"AST":13.75,"TO":15.5,"STL":7.25,"BLK":3.375,"PF":22.5,"Fls on:":21.625,"+\/-":-10.625,"GW":11.0,"GP":8,"MINS":200.0,"FGM":22.125,"FGA":64.625,"FG%":34.2359767892,"2P%":38.6996904025,"3P%":26.8041237113,"FT%":61.2903225806,"PTS":65.0,"REB":38.5,"STK":10.625},"League":{"2PM":17.625,"2PA":41.0625,"3PM":6.375,"3PA":23.328125,"FTM":12.625,"FTA":19.90625,"OFF":12.703125,"DEF":29.546875,"AST":15.953125,"TO":14.34375,"STL":6.796875,"BLK":3.28125,"PF":20.890625,"Fls on:":20.625,"+\/-":0.0,"GW":51.625,"GP":8,"MINS":200.0,"FGM":24.0,"FGA":64.390625,"FG%":37.2725066731,"2P%":42.9223744292,"3P%":27.3275284662,"FT%":63.4222919937,"PTS":67.0,"REB":42.25,"STK":10.078125},"UE":{"2PM":16.25,"2PA":36.625,"3PM":7.125,"3PA":24.5,"FTM":11.75,"FTA":20.875,"OFF":12.375,"DEF":29.625,"AST":18.625,"TO":15.25,"STL":6.125,"BLK":4.0,"PF":22.125,"Fls on:":20.5,"+\/-":1.375,"GW":40.0,"GP":8,"MINS":200.0,"FGM":23.375,"FGA":61.125,"FG%":38.2413087935,"2P%":44.3686006826,"3P%":29.0816326531,"FT%":56.2874251497,"PTS":65.625,"REB":42.0,"STK":10.125},"UST":{"2PM":20.125,"2PA":40.625,"3PM":6.375,"3PA":22.5,"FTM":12.625,"FTA":17.875,"OFF":10.625,"DEF":29.75,"AST":17.125,"TO":14.25,"STL":6.0,"BLK":3.625,"PF":19.75,"Fls on:":20.375,"+\/-":2.0,"GW":53.0,"GP":8,"MINS":200.0,"FGM":26.5,"FGA":63.125,"FG%":41.9801980198,"2P%":49.5384615385,"3P%":28.3333333333,"FT%":70.6293706294,"PTS":72.0,"REB":40.375,"STK":9.625},"AdU":{"2PM":15.625,"2PA":40.625,"3PM":6.875,"3PA":24.75,"FTM":12.0,"FTA":18.375,"OFF":13.875,"DEF":29.375,"AST":15.375,"TO":12.875,"STL":7.625,"BLK":2.25,"PF":18.5,"Fls on:":20.25,"+\/-":3.625,"GW":63.0,"GP":8,"MINS":200.0,"FGM":22.5,"FGA":65.375,"FG%":34.4168260038,"2P%":38.4615384615,"3P%":27.7777777778,"FT%":65.306122449,"PTS":63.875,"REB":43.25,"STK":9.875},"NU":{"2PM":16.375,"2PA":39.25,"3PM":7.0,"3PA":24.125,"FTM":14.875,"FTA":22.125,"OFF":14.5,"DEF":30.625,"AST":15.625,"TO":14.375,"STL":6.375,"BLK":3.25,"PF":20.875,"Fls on:":23.25,"+\/-":3.875,"GW":77.0,"GP":8,"MINS":200.0,"FGM":23.375,"FGA":63.375,"FG%":36.8836291913,"2P%":41.7197452229,"3P%":29.0155440415,"FT%":67.2316384181,"PTS":68.625,"REB":45.125,"STK":9.625},"FEU":{"2PM":18.0,"2PA":48.0,"3PM":7.0,"3PA":23.0,"FTM":9.75,"FTA":17.125,"OFF":14.0,"DEF":32.125,"AST":18.25,"TO":12.875,"STL":7.75,"BLK":3.5,"PF":19.625,"Fls on:":18.125,"+\/-":5.25,"GW":85.0,"GP":8,"MINS":200.0,"FGM":25.0,"FGA":71.0,"FG%":35.2112676056,"2P%":37.5,"3P%":30.4347826087,"FT%":56.9343065693,"PTS":66.75,"REB":46.125,"STK":11.25},"ADMU":{"2PM":20.25,"2PA":39.625,"3PM":5.0,"3PA":20.25,"FTM":14.125,"FTA":21.375,"OFF":11.5,"DEF":33.75,"AST":15.875,"TO":15.25,"STL":3.75,"BLK":2.75,"PF":23.0,"Fls on:":22.125,"+\/-":5.75,"GW":73.0,"GP":8,"MINS":200.0,"FGM":25.25,"FGA":59.875,"FG%":42.1711899791,"2P%":51.1041009464,"3P%":24.6913580247,"FT%":66.081871345,"PTS":69.625,"REB":45.25,"STK":6.5}}