{"DLSU":{"MINS":200.0,"FGM":27.5,"FGA":68.25,"2PM":19.75,"2PA":44.5,"3PM":7.75,"3PA":23.75,"FTM":13.0,"FTA":20.75,"PTS":75.75,"OFF":17.625,"DEF":32.75,"REB":50.375,"AST":21.25,"TO":18.0,"STL":7.25,"BLK":3.25,"STK":10.5,"PF":19.0,"Fls on:":20.5,"+\/-":11.25,"GW":88.0,"GP":8,"W":7,"L":1,"FG%":40.293040293,"2P%":44.3820224719,"3P%":32.6315789474,"FT%":62.6506024096,"W%":0.875},"UP":{"MINS":200.0,"FGM":28.25,"FGA":64.625,"2PM":22.0,"2PA":44.5,"3PM":6.25,"3PA":20.125,"FTM":12.875,"FTA":20.375,"PTS":75.625,"OFF":12.375,"DEF":31.875,"REB":44.25,"AST":18.5,"TO":15.375,"STL":6.875,"BLK":4.5,"STK":11.375,"PF":22.25,"Fls on:":22.25,"+\/-":10.625,"GW":100.0,"GP":8,"W":7,"L":1,"FG%":43.7137330754,"2P%":49.4382022472,"3P%":31.0559006211,"FT%":63.1901840491,"W%":0.875},"UE":{"MINS":200.0,"FGM":21.875,"FGA":58.25,"2PM":15.125,"2PA":36.75,"3PM":6.75,"3PA":21.5,"FTM":13.75,"FTA":22.375,"PTS":64.25,"OFF":9.75,"DEF":26.625,"REB":36.375,"AST":13.125,"TO":13.5,"STL":7.375,"BLK":2.875,"STK":10.25,"PF":21.125,"Fls on:":22.125,"+\/-":-1.375,"GW":56.0,"GP":8,"W":5,"L":3,"FG%":37.5536480687,"2P%":41.156462585,"3P%":31.3953488372,"FT%":61.4525139665,"W%":0.625},"UST":{"MINS":200.0,"FGM":25.75,"FGA":65.375,"2PM":18.5,"2PA":38.125,"3PM":7.25,"3PA":27.25,"FTM":11.25,"FTA":17.0,"PTS":70.0,"OFF":11.25,"DEF":27.25,"REB":38.5,"AST":18.0,"TO":13.375,"STL":7.125,"BLK":1.75,"STK":8.875,"PF":20.5,"Fls on:":19.25,"+\/-":-2.0,"GW":50.0,"GP":8,"W":4,"L":4,"FG%":39.3881453155,"2P%":48.5245901639,"3P%":26.6055045872,"FT%":66.1764705882,"W%":0.5},"League":{"MINS":201.5625,"FGM":24.0,"FGA":64.390625,"2PM":17.625,"2PA":41.0625,"3PM":6.375,"3PA":23.328125,"FTM":12.625,"FTA":19.90625,"PTS":67.0,"OFF":12.703125,"DEF":29.546875,"REB":42.25,"AST":15.953125,"TO":14.34375,"STL":6.796875,"BLK":3.28125,"STK":10.078125,"PF":20.890625,"Fls on:":20.625,"+\/-":0.0,"GW":51.625,"GP":8,"W":4,"L":4,"FG%":37.2725066731,"2P%":42.9223744292,"3P%":27.3275284662,"FT%":63.4222919937,"W%":0.5},"AdU":{"MINS":203.125,"FGM":20.625,"FGA":61.0,"2PM":13.875,"2PA":38.375,"3PM":6.75,"3PA":22.625,"FTM":12.25,"FTA":18.375,"PTS":60.25,"OFF":12.5,"DEF":31.875,"REB":44.375,"AST":14.625,"TO":15.875,"STL":6.25,"BLK":5.0,"STK":11.25,"PF":20.375,"Fls on:":18.5,"+\/-":-3.625,"GW":43.0,"GP":8,"W":3,"L":5,"FG%":33.8114754098,"2P%":36.1563517915,"3P%":29.8342541436,"FT%":66.6666666667,"W%":0.375},"ADMU":{"MINS":203.125,"FGM":21.75,"FGA":64.75,"2PM":14.375,"2PA":35.25,"3PM":7.375,"3PA":29.5,"FTM":13.0,"FTA":23.125,"PTS":63.875,"OFF":11.625,"DEF":25.0,"REB":36.625,"AST":16.625,"TO":10.125,"STL":7.0,"BLK":2.5,"STK":9.5,"PF":22.125,"Fls on:":22.5,"+\/-":-5.75,"GW":25.0,"GP":8,"W":2,"L":6,"FG%":33.5907335907,"2P%":40.780141844,"3P%":25.0,"FT%":56.2162162162,"W%":0.25},"FEU":{"MINS":206.25,"FGM":22.625,"FGA":66.375,"2PM":19.0,"2PA":46.875,"3PM":3.625,"3PA":19.5,"FTM":12.625,"FTA":18.625,"PTS":61.5,"OFF":13.0,"DEF":33.5,"REB":46.5,"AST":11.75,"TO":15.125,"STL":6.25,"BLK":3.875,"STK":10.125,"PF":18.375,"Fls on:":19.375,"+\/-":-5.25,"GW":22.0,"GP":8,"W":2,"L":6,"FG%":34.0866290019,"2P%":40.5333333333,"3P%":18.5897435897,"FT%":67.7852348993,"W%":0.25},"NU":{"MINS":200.0,"FGM":23.625,"FGA":66.5,"2PM":18.375,"2PA":44.125,"3PM":5.25,"3PA":22.375,"FTM":12.25,"FTA":18.625,"PTS":64.75,"OFF":13.5,"DEF":27.5,"REB":41.0,"AST":13.75,"TO":13.375,"STL":6.25,"BLK":2.5,"STK":8.75,"PF":23.375,"Fls on:":20.5,"+\/-":-3.875,"GW":29.0,"GP":8,"W":2,"L":6,"FG%":35.5263157895,"2P%":41.6430594901,"3P%":23.4636871508,"FT%":65.7718120805,"W%":0.25}}