{"ADMU":{"MINS":1625.0,"FGM":174.0,"FGA":518.0,"2PM":115.0,"2PA":282.0,"3PM":59.0,"3PA":236.0,"FTM":104.0,"FTA":185.0,"PTS":511.0,"OFF":93.0,"DEF":200.0,"REB":293.0,"AST":133.0,"TO":81.0,"STL":56.0,"BLK":20.0,"STK":76.0,"PF":177.0,"Fls on:":180.0,"+\/-":-46.0,"GW":25.0,"GP":8.0,"W":2.0,"L":6.0,"FG%":33.5907335907,"2P%":40.780141844,"3P%":25.0,"FT%":56.2162162162},"AdU":{"MINS":1625.0,"FGM":165.0,"FGA":488.0,"2PM":111.0,"2PA":307.0,"3PM":54.0,"3PA":181.0,"FTM":98.0,"FTA":147.0,"PTS":482.0,"OFF":100.0,"DEF":255.0,"REB":355.0,"AST":117.0,"TO":127.0,"STL":50.0,"BLK":40.0,"STK":90.0,"PF":163.0,"Fls on:":148.0,"+\/-":-29.0,"GW":43.0,"GP":8.0,"W":3.0,"L":5.0,"FG%":33.8114754098,"2P%":36.1563517915,"3P%":29.8342541436,"FT%":66.6666666667},"DLSU":{"MINS":1600.0,"FGM":220.0,"FGA":546.0,"2PM":158.0,"2PA":356.0,"3PM":62.0,"3PA":190.0,"FTM":104.0,"FTA":166.0,"PTS":606.0,"OFF":141.0,"DEF":262.0,"REB":403.0,"AST":170.0,"TO":144.0,"STL":58.0,"BLK":26.0,"STK":84.0,"PF":152.0,"Fls on:":164.0,"+\/-":90.0,"GW":88.0,"GP":8.0,"W":7.0,"L":1.0,"FG%":40.293040293,"2P%":44.3820224719,"3P%":32.6315789474,"FT%":62.6506024096},"FEU":{"MINS":1650.0,"FGM":181.0,"FGA":531.0,"2PM":152.0,"2PA":375.0,"3PM":29.0,"3PA":156.0,"FTM":101.0,"FTA":149.0,"PTS":492.0,"OFF":104.0,"DEF":268.0,"REB":372.0,"AST":94.0,"TO":121.0,"STL":50.0,"BLK":31.0,"STK":81.0,"PF":147.0,"Fls on:":155.0,"+\/-":-42.0,"GW":22.0,"GP":8.0,"W":2.0,"L":6.0,"FG%":34.0866290019,"2P%":40.5333333333,"3P%":18.5897435897,"FT%":67.7852348993},"NU":{"MINS":1600.0,"FGM":189.0,"FGA":532.0,"2PM":147.0,"2PA":353.0,"3PM":42.0,"3PA":179.0,"FTM":98.0,"FTA":149.0,"PTS":518.0,"OFF":108.0,"DEF":220.0,"REB":328.0,"AST":110.0,"TO":107.0,"STL":50.0,"BLK":20.0,"STK":70.0,"PF":187.0,"Fls on:":164.0,"+\/-":-31.0,"GW":29.0,"GP":8.0,"W":2.0,"L":6.0,"FG%":35.5263157895,"2P%":41.6430594901,"3P%":23.4636871508,"FT%":65.7718120805},"UE":{"MINS":1600.0,"FGM":175.0,"FGA":466.0,"2PM":121.0,"2PA":294.0,"3PM":54.0,"3PA":172.0,"FTM":110.0,"FTA":179.0,"PTS":514.0,"OFF":78.0,"DEF":213.0,"REB":291.0,"AST":105.0,"TO":108.0,"STL":59.0,"BLK":23.0,"STK":82.0,"PF":169.0,"Fls on:":177.0,"+\/-":-11.0,"GW":56.0,"GP":8.0,"W":5.0,"L":3.0,"FG%":37.5536480687,"2P%":41.156462585,"3P%":31.3953488372,"FT%":61.4525139665},"UP":{"MINS":1600.0,"FGM":226.0,"FGA":517.0,"2PM":176.0,"2PA":356.0,"3PM":50.0,"3PA":161.0,"FTM":103.0,"FTA":163.0,"PTS":605.0,"OFF":99.0,"DEF":255.0,"REB":354.0,"AST":148.0,"TO":123.0,"STL":55.0,"BLK":36.0,"STK":91.0,"PF":178.0,"Fls on:":178.0,"+\/-":85.0,"GW":100.0,"GP":8.0,"W":7.0,"L":1.0,"FG%":43.7137330754,"2P%":49.4382022472,"3P%":31.0559006211,"FT%":63.1901840491},"UST":{"MINS":1600.0,"FGM":206.0,"FGA":523.0,"2PM":148.0,"2PA":305.0,"3PM":58.0,"3PA":218.0,"FTM":90.0,"FTA":136.0,"PTS":560.0,"OFF":90.0,"DEF":218.0,"REB":308.0,"AST":144.0,"TO":107.0,"STL":57.0,"BLK":14.0,"STK":71.0,"PF":164.0,"Fls on:":154.0,"+\/-":-16.0,"GW":50.0,"GP":8.0,"W":4.0,"L":4.0,"FG%":39.3881453155,"2P%":48.5245901639,"3P%":26.6055045872,"FT%":66.1764705882},"League":{"MINS":1612.5,"FGM":192.0,"FGA":515.125,"2PM":141.0,"2PA":328.5,"3PM":51.0,"3PA":186.625,"FTM":101.0,"FTA":159.25,"PTS":536.0,"OFF":101.625,"DEF":236.375,"REB":338.0,"AST":127.625,"TO":114.75,"STL":54.375,"BLK":26.25,"STK":80.625,"PF":167.125,"Fls on:":165.0,"+\/-":0.0,"GW":51.625,"GP":8.0,"W":4.0,"L":4.0,"FG%":37.2725066731,"2P%":42.9223744292,"3P%":27.3275284662,"FT%":63.4222919937}}