{"ADMU":{"POS":577.3576808559,"PACE":72.169710107},"AdU":{"POS":572.0632621727,"PACE":71.5079077716},"DLSU":{"POS":613.7684573488,"PACE":76.7210571686},"FEU":{"POS":606.7276121884,"PACE":75.8409515235},"NU":{"POS":580.4520652907,"PACE":72.5565081613},"UE":{"POS":571.8820247253,"PACE":71.4852530907},"UP":{"POS":605.1579279006,"PACE":75.6447409876},"UST":{"POS":589.7906116679,"PACE":73.7238264585},"League":{"POS":589.6499552688,"PACE":73.7062444086}}