,2PM,2PA,3PM,3PA,FTM,FTA,OFF,DEF,AST,TO,STL,BLK,PF,Fls on:,+/-,GW,GP,MINS,FGM,FGA,FG%,2P%,3P%,FT%,PTS,REB,STK
AdU,181.0,446.0,77.0,301.0,136.0,204.0,138.0,343.0,181.0,182.0,95.0,31.0,214.0,226.0,45.0,91.0,12.0,2400.0,258.0,747.0,34.53815261044177,40.582959641255606,25.58139534883721,66.66666666666667,729.0,481.0,126.0
ADMU,240.0,477.0,67.0,256.0,160.0,241.0,149.0,408.0,199.0,189.0,51.0,41.0,261.0,244.0,97.0,110.0,12.0,2400.0,307.0,733.0,41.88267394270123,50.314465408805034,26.171875,66.39004149377594,841.0,557.0,92.0
DLSU,237.0,558.0,68.0,304.0,154.0,252.0,151.0,341.0,160.0,198.0,120.0,37.0,268.0,249.0,-153.0,11.0,13.0,2600.0,305.0,862.0,35.382830626450115,42.473118279569896,22.36842105263158,61.111111111111114,832.0,492.0,157.0
FEU,234.0,606.0,82.0,308.0,120.0,207.0,186.0,399.0,214.0,166.0,87.0,42.0,243.0,211.0,30.0,110.0,13.0,2600.0,316.0,914.0,34.57330415754923,38.613861386138616,26.623376623376622,57.971014492753625,834.0,585.0,129.0
NU,208.0,497.0,91.0,329.0,161.0,249.0,190.0,385.0,196.0,214.0,83.0,37.0,254.0,279.0,41.0,119.0,13.0,2600.0,299.0,826.0,36.19854721549637,41.85110663983903,27.659574468085108,64.65863453815261,850.0,575.0,120.0
UE,188.0,429.0,81.0,307.0,144.0,255.0,155.0,361.0,201.0,192.0,81.0,39.0,250.0,246.0,20.0,72.0,12.0,2400.0,269.0,736.0,36.54891304347826,43.82284382284382,26.384364820846905,56.470588235294116,763.0,516.0,120.0
UP,194.0,489.0,76.0,276.0,154.0,250.0,153.0,307.0,174.0,208.0,90.0,35.0,261.0,253.0,-93.0,37.0,12.0,2400.0,270.0,765.0,35.294117647058826,39.67280163599182,27.536231884057973,61.6,770.0,460.0,125.0
UST,235.0,523.0,100.0,322.0,171.0,248.0,153.0,389.0,211.0,189.0,82.0,43.0,254.0,265.0,13.0,92.0,13.0,2600.0,335.0,845.0,39.64497041420118,44.93307839388145,31.055900621118013,68.95161290322581,941.0,542.0,125.0
League,214.625,503.125,80.25,300.375,150.0,238.25,159.375,366.625,192.0,192.25,86.125,38.125,250.625,246.625,0.0,80.25,12.5,2500.0,294.875,803.5,36.69881767268202,42.6583850931677,26.716604244694132,62.95907660020986,820.0,526.0,124.25
