,2PM,2PA,3PM,3PA,FTM,FTA,OFF,DEF,AST,TO,STL,BLK,PF,Fls on:,+/-,GW,GP,MINS,FGM,FGA,FG%,2P%,3P%,FT%,PTS,REB,STK
AdU,170.0,416.0,74.0,277.0,126.0,187.0,132.0,317.0,174.0,164.0,88.0,26.0,202.0,210.0,57.0,91.0,11.0,2200.0,244.0,693.0,35.20923520923521,40.86538461538461,26.71480144404332,67.37967914438502,688.0,449.0,114.0
ADMU,223.0,436.0,60.0,234.0,150.0,225.0,133.0,374.0,185.0,171.0,46.0,35.0,246.0,231.0,86.0,100.0,11.0,2200.0,283.0,670.0,42.23880597014925,51.14678899082569,25.641025641025642,66.66666666666667,776.0,507.0,81.0
DLSU,217.0,509.0,65.0,285.0,137.0,230.0,135.0,315.0,145.0,179.0,110.0,35.0,244.0,234.0,-142.0,11.0,12.0,2400.0,282.0,794.0,35.51637279596977,42.63261296660118,22.80701754385965,59.56521739130435,766.0,450.0,145.0
FEU,220.0,571.0,77.0,280.0,109.0,188.0,174.0,375.0,201.0,153.0,81.0,39.0,230.0,196.0,41.0,110.0,12.0,2400.0,297.0,851.0,34.90011750881316,38.52889667250438,27.5,57.97872340425532,780.0,549.0,120.0
NU,197.0,469.0,82.0,296.0,157.0,245.0,182.0,354.0,183.0,194.0,79.0,35.0,238.0,267.0,29.0,103.0,12.0,2400.0,279.0,765.0,36.470588235294116,42.004264392324096,27.7027027027027,64.08163265306122,797.0,536.0,114.0
UE,169.0,388.0,75.0,282.0,124.0,221.0,138.0,332.0,189.0,177.0,74.0,38.0,222.0,223.0,11.0,61.0,11.0,2200.0,244.0,670.0,36.417910447761194,43.55670103092783,26.595744680851062,56.10859728506787,687.0,470.0,112.0
UP,168.0,436.0,71.0,262.0,144.0,229.0,143.0,280.0,150.0,191.0,80.0,35.0,245.0,230.0,-104.0,25.0,11.0,2200.0,239.0,698.0,34.240687679083095,38.53211009174312,27.099236641221374,62.88209606986899,693.0,423.0,115.0
UST,223.0,493.0,90.0,288.0,158.0,226.0,139.0,365.0,199.0,172.0,81.0,39.0,230.0,238.0,22.0,92.0,12.0,2400.0,313.0,781.0,40.07682458386684,45.233265720081135,31.25,69.91150442477876,874.0,504.0,120.0
League,198.375,464.75,74.25,275.5,138.125,218.875,147.0,339.0,178.25,175.125,79.875,35.25,232.125,228.625,0.0,74.125,11.5,2300.0,272.625,740.25,36.82877406281661,42.684238838084994,26.950998185117967,63.10679611650485,757.625,486.0,115.125
