{"AdU":{"2PM":181.0,"2PA":446.0,"3PM":77.0,"3PA":301.0,"FTM":136.0,"FTA":204.0,"OFF":138.0,"DEF":343.0,"AST":181.0,"TO":182.0,"STL":95.0,"BLK":31.0,"PF":214.0,"Fls on:":226.0,"+\/-":45.0,"GW":91.0,"GP":12.0,"MINS":2400.0,"FGM":258.0,"FGA":747.0,"FG%":34.5381526104,"2P%":40.5829596413,"3P%":25.5813953488,"FT%":66.6666666667,"PTS":729.0,"REB":481.0,"STK":126.0},"ADMU":{"2PM":240.0,"2PA":477.0,"3PM":67.0,"3PA":256.0,"FTM":160.0,"FTA":241.0,"OFF":149.0,"DEF":408.0,"AST":199.0,"TO":189.0,"STL":51.0,"BLK":41.0,"PF":261.0,"Fls on:":244.0,"+\/-":97.0,"GW":110.0,"GP":12.0,"MINS":2400.0,"FGM":307.0,"FGA":733.0,"FG%":41.8826739427,"2P%":50.3144654088,"3P%":26.171875,"FT%":66.3900414938,"PTS":841.0,"REB":557.0,"STK":92.0},"DLSU":{"2PM":237.0,"2PA":558.0,"3PM":68.0,"3PA":304.0,"FTM":154.0,"FTA":252.0,"OFF":151.0,"DEF":341.0,"AST":160.0,"TO":198.0,"STL":120.0,"BLK":37.0,"PF":268.0,"Fls on:":249.0,"+\/-":-153.0,"GW":11.0,"GP":13.0,"MINS":2600.0,"FGM":305.0,"FGA":862.0,"FG%":35.3828306265,"2P%":42.4731182796,"3P%":22.3684210526,"FT%":61.1111111111,"PTS":832.0,"REB":492.0,"STK":157.0},"FEU":{"2PM":234.0,"2PA":606.0,"3PM":82.0,"3PA":308.0,"FTM":120.0,"FTA":207.0,"OFF":186.0,"DEF":399.0,"AST":214.0,"TO":166.0,"STL":87.0,"BLK":42.0,"PF":243.0,"Fls on:":211.0,"+\/-":30.0,"GW":110.0,"GP":13.0,"MINS":2600.0,"FGM":316.0,"FGA":914.0,"FG%":34.5733041575,"2P%":38.6138613861,"3P%":26.6233766234,"FT%":57.9710144928,"PTS":834.0,"REB":585.0,"STK":129.0},"NU":{"2PM":208.0,"2PA":497.0,"3PM":91.0,"3PA":329.0,"FTM":161.0,"FTA":249.0,"OFF":190.0,"DEF":385.0,"AST":196.0,"TO":214.0,"STL":83.0,"BLK":37.0,"PF":254.0,"Fls on:":279.0,"+\/-":41.0,"GW":119.0,"GP":13.0,"MINS":2600.0,"FGM":299.0,"FGA":826.0,"FG%":36.1985472155,"2P%":41.8511066398,"3P%":27.6595744681,"FT%":64.6586345382,"PTS":850.0,"REB":575.0,"STK":120.0},"UE":{"2PM":188.0,"2PA":429.0,"3PM":81.0,"3PA":307.0,"FTM":144.0,"FTA":255.0,"OFF":155.0,"DEF":361.0,"AST":201.0,"TO":192.0,"STL":81.0,"BLK":39.0,"PF":250.0,"Fls on:":246.0,"+\/-":20.0,"GW":72.0,"GP":12.0,"MINS":2400.0,"FGM":269.0,"FGA":736.0,"FG%":36.5489130435,"2P%":43.8228438228,"3P%":26.3843648208,"FT%":56.4705882353,"PTS":763.0,"REB":516.0,"STK":120.0},"UP":{"2PM":194.0,"2PA":489.0,"3PM":76.0,"3PA":276.0,"FTM":154.0,"FTA":250.0,"OFF":153.0,"DEF":307.0,"AST":174.0,"TO":208.0,"STL":90.0,"BLK":35.0,"PF":261.0,"Fls on:":253.0,"+\/-":-93.0,"GW":37.0,"GP":12.0,"MINS":2400.0,"FGM":270.0,"FGA":765.0,"FG%":35.2941176471,"2P%":39.672801636,"3P%":27.5362318841,"FT%":61.6,"PTS":770.0,"REB":460.0,"STK":125.0},"UST":{"2PM":235.0,"2PA":523.0,"3PM":100.0,"3PA":322.0,"FTM":171.0,"FTA":248.0,"OFF":153.0,"DEF":389.0,"AST":211.0,"TO":189.0,"STL":82.0,"BLK":43.0,"PF":254.0,"Fls on:":265.0,"+\/-":13.0,"GW":92.0,"GP":13.0,"MINS":2600.0,"FGM":335.0,"FGA":845.0,"FG%":39.6449704142,"2P%":44.9330783939,"3P%":31.0559006211,"FT%":68.9516129032,"PTS":941.0,"REB":542.0,"STK":125.0},"League":{"2PM":214.625,"2PA":503.125,"3PM":80.25,"3PA":300.375,"FTM":150.0,"FTA":238.25,"OFF":159.375,"DEF":366.625,"AST":192.0,"TO":192.25,"STL":86.125,"BLK":38.125,"PF":250.625,"Fls on:":246.625,"+\/-":0.0,"GW":80.25,"GP":12.5,"MINS":2500.0,"FGM":294.875,"FGA":803.5,"FG%":36.6988176727,"2P%":42.6583850932,"3P%":26.7166042447,"FT%":62.9590766002,"PTS":820.0,"REB":526.0,"STK":124.25}}