,2PM,2PA,3PM,3PA,FTM,FTA,OFF,DEF,AST,TO,STL,BLK,PF,Fls on:,+/-,GW,GP,MINS,FGM,FGA,FG%,2P%,3P%,FT%,PTS,REB,STK
AdU,208.0,512.0,97.0,365.0,152.0,234.0,164.0,398.0,208.0,209.0,114.0,37.0,244.0,259.0,57.0,104.0,14.0,2800.0,305.0,877.0,34.77765108323831,40.625,26.575342465753426,64.95726495726495,859.0,562.0,151.0
ADMU,273.0,549.0,84.0,313.0,179.0,271.0,176.0,464.0,228.0,220.0,64.0,47.0,300.0,279.0,107.0,126.0,14.0,2800.0,357.0,862.0,41.41531322505801,49.72677595628415,26.837060702875398,66.05166051660517,977.0,640.0,111.0
DLSU,260.0,608.0,72.0,322.0,159.0,262.0,160.0,364.0,172.0,209.0,128.0,40.0,292.0,259.0,-144.0,25.0,14.0,2800.0,332.0,930.0,35.69892473118279,42.76315789473684,22.36024844720497,60.68702290076336,895.0,524.0,168.0
FEU,252.0,655.0,96.0,345.0,128.0,221.0,208.0,422.0,232.0,176.0,99.0,43.0,265.0,227.0,38.0,124.0,14.0,2800.0,348.0,1000.0,34.8,38.47328244274809,27.82608695652174,57.918552036199095,920.0,630.0,142.0
NU,227.0,535.0,92.0,353.0,174.0,276.0,214.0,415.0,210.0,236.0,87.0,40.0,264.0,303.0,32.0,119.0,14.0,2800.0,319.0,888.0,35.92342342342342,42.429906542056074,26.062322946175637,63.04347826086956,904.0,629.0,127.0
UE,226.0,505.0,95.0,360.0,174.0,306.0,187.0,418.0,238.0,221.0,91.0,45.0,294.0,286.0,34.0,97.0,14.0,2800.0,321.0,865.0,37.10982658959538,44.75247524752475,26.38888888888889,56.86274509803921,911.0,605.0,136.0
UP,230.0,566.0,87.0,315.0,194.0,305.0,174.0,362.0,207.0,241.0,100.0,42.0,299.0,300.0,-111.0,37.0,14.0,2800.0,317.0,881.0,35.98183881952327,40.63604240282685,27.61904761904762,63.60655737704918,915.0,536.0,142.0
UST,242.0,549.0,109.0,363.0,179.0,264.0,172.0,414.0,224.0,202.0,85.0,48.0,269.0,279.0,-13.0,92.0,14.0,2800.0,351.0,912.0,38.48684210526316,44.080145719489984,30.02754820936639,67.8030303030303,990.0,586.0,133.0
League,239.75,559.875,91.5,342.0,167.375,267.375,181.875,407.125,214.875,214.25,96.0,42.75,278.375,274.0,0.0,90.5,14.0,2800.0,331.25,901.875,36.72903672903673,42.82205849519982,26.75438596491228,62.59934548854605,921.375,589.0,138.75
