{"AdU":{"2PM":15.4444444444,"2PA":39.4444444444,"3PM":7.2222222222,"3PA":25.0,"FTM":12.0,"FTA":17.7777777778,"OFF":13.0,"DEF":29.5555555556,"AST":16.3333333333,"TO":13.7777777778,"STL":7.6666666667,"BLK":2.3333333333,"PF":18.7777777778,"Fls on:":19.6666666667,"+\/-":6.0,"GW":78.0,"GP":9,"MINS":200.0,"FGM":22.6666666667,"FGA":64.4444444444,"FG%":35.1724137931,"2P%":39.1549295775,"3P%":28.8888888889,"FT%":67.5,"PTS":64.5555555556,"REB":42.5555555556,"STK":10.0},"ADMU":{"2PM":19.8888888889,"2PA":39.1111111111,"3PM":5.1111111111,"3PA":21.1111111111,"FTM":13.8888888889,"FTA":20.5555555556,"OFF":11.5555555556,"DEF":34.0,"AST":16.2222222222,"TO":15.4444444444,"STL":3.6666666667,"BLK":3.1111111111,"PF":22.7777777778,"Fls on:":21.5555555556,"+\/-":4.7777777778,"GW":73.0,"GP":9,"MINS":200.0,"FGM":25.0,"FGA":60.2222222222,"FG%":41.5129151292,"2P%":50.8522727273,"3P%":24.2105263158,"FT%":67.5675675676,"PTS":69.0,"REB":45.5555555556,"STK":6.7777777778},"DLSU":{"2PM":18.4,"2PA":42.6,"3PM":5.5,"3PA":24.0,"FTM":11.5,"FTA":19.5,"OFF":11.4,"DEF":26.4,"AST":12.7,"TO":15.2,"STL":10.2,"BLK":3.1,"PF":20.6,"Fls on:":19.4,"+\/-":-12.2,"GW":11.0,"GP":10,"MINS":200.0,"FGM":23.9,"FGA":66.6,"FG%":35.8858858859,"2P%":43.1924882629,"3P%":22.9166666667,"FT%":58.9743589744,"PTS":64.8,"REB":37.8,"STK":13.3},"FEU":{"2PM":18.2222222222,"2PA":48.3333333333,"3PM":6.6666666667,"3PA":21.8888888889,"FTM":9.3333333333,"FTA":16.2222222222,"OFF":13.5555555556,"DEF":31.6666666667,"AST":17.7777777778,"TO":12.7777777778,"STL":7.1111111111,"BLK":3.3333333333,"PF":19.6666666667,"Fls on:":17.1111111111,"+\/-":3.8888888889,"GW":85.0,"GP":9,"MINS":200.0,"FGM":24.8888888889,"FGA":70.2222222222,"FG%":35.4430379747,"2P%":37.7011494253,"3P%":30.4568527919,"FT%":57.5342465753,"PTS":65.7777777778,"REB":45.2222222222,"STK":10.4444444444},"NU":{"2PM":17.1111111111,"2PA":40.2222222222,"3PM":6.5555555556,"3PA":23.5555555556,"FTM":14.3333333333,"FTA":21.3333333333,"OFF":14.6666666667,"DEF":30.2222222222,"AST":15.5555555556,"TO":14.1111111111,"STL":6.3333333333,"BLK":3.2222222222,"PF":19.5555555556,"Fls on:":22.8888888889,"+\/-":4.2222222222,"GW":87.0,"GP":9,"MINS":200.0,"FGM":23.6666666667,"FGA":63.7777777778,"FG%":37.1080139373,"2P%":42.5414364641,"3P%":27.8301886792,"FT%":67.1875,"PTS":68.2222222222,"REB":44.8888888889,"STK":9.5555555556},"UE":{"2PM":16.25,"2PA":36.625,"3PM":7.125,"3PA":24.5,"FTM":11.75,"FTA":20.875,"OFF":12.375,"DEF":29.625,"AST":18.625,"TO":15.25,"STL":6.125,"BLK":4.0,"PF":22.125,"Fls on:":20.5,"+\/-":1.375,"GW":40.0,"GP":8,"MINS":200.0,"FGM":23.375,"FGA":61.125,"FG%":38.2413087935,"2P%":44.3686006826,"3P%":29.0816326531,"FT%":56.2874251497,"PTS":65.625,"REB":42.0,"STK":10.125},"UP":{"2PM":15.625,"2PA":40.375,"3PM":6.5,"3PA":24.25,"FTM":14.25,"FTA":23.25,"OFF":13.375,"DEF":25.125,"AST":13.75,"TO":15.5,"STL":7.25,"BLK":3.375,"PF":22.5,"Fls on:":21.625,"+\/-":-10.625,"GW":11.0,"GP":8,"MINS":200.0,"FGM":22.125,"FGA":64.625,"FG%":34.2359767892,"2P%":38.6996904025,"3P%":26.8041237113,"FT%":61.2903225806,"PTS":65.0,"REB":38.5,"STK":10.625},"UST":{"2PM":19.5,"2PA":41.2,"3PM":7.0,"3PA":23.3,"FTM":13.7,"FTA":19.6,"OFF":11.4,"DEF":30.5,"AST":17.3,"TO":14.7,"STL":6.6,"BLK":3.5,"PF":19.9,"Fls on:":20.7,"+\/-":2.6,"GW":78.0,"GP":10,"MINS":200.0,"FGM":26.5,"FGA":64.5,"FG%":41.0852713178,"2P%":47.3300970874,"3P%":30.0429184549,"FT%":69.8979591837,"PTS":73.7,"REB":41.9,"STK":10.1},"League":{"2PM":17.6388888889,"2PA":41.0833333333,"3PM":6.4444444444,"3PA":23.4305555556,"FTM":12.5833333333,"FTA":19.8194444444,"OFF":12.625,"DEF":29.6666666667,"AST":16.0,"TO":14.5833333333,"STL":6.9166666667,"BLK":3.2361111111,"PF":20.6805555556,"Fls on:":20.4027777778,"+\/-":0.0,"GW":57.875,"GP":9,"MINS":200.0,"FGM":24.0833333333,"FGA":64.5138888889,"FG%":37.3304628633,"2P%":42.9344151454,"3P%":27.5044457617,"FT%":63.4898388227,"PTS":67.1944444444,"REB":42.2916666667,"STK":10.1527777778}}