{"AdU":{"2PM":170.0,"2PA":416.0,"3PM":74.0,"3PA":277.0,"FTM":126.0,"FTA":187.0,"OFF":132.0,"DEF":317.0,"AST":174.0,"TO":164.0,"STL":88.0,"BLK":26.0,"PF":202.0,"Fls on:":210.0,"+\/-":57.0,"GW":91.0,"GP":11.0,"MINS":2200.0,"FGM":244.0,"FGA":693.0,"FG%":35.2092352092,"2P%":40.8653846154,"3P%":26.714801444,"FT%":67.3796791444,"PTS":688.0,"REB":449.0,"STK":114.0},"ADMU":{"2PM":240.0,"2PA":477.0,"3PM":67.0,"3PA":256.0,"FTM":160.0,"FTA":241.0,"OFF":149.0,"DEF":408.0,"AST":199.0,"TO":189.0,"STL":51.0,"BLK":41.0,"PF":261.0,"Fls on:":244.0,"+\/-":97.0,"GW":110.0,"GP":12.0,"MINS":2400.0,"FGM":307.0,"FGA":733.0,"FG%":41.8826739427,"2P%":50.3144654088,"3P%":26.171875,"FT%":66.3900414938,"PTS":841.0,"REB":557.0,"STK":92.0},"DLSU":{"2PM":217.0,"2PA":509.0,"3PM":65.0,"3PA":285.0,"FTM":137.0,"FTA":230.0,"OFF":135.0,"DEF":315.0,"AST":145.0,"TO":179.0,"STL":110.0,"BLK":35.0,"PF":244.0,"Fls on:":234.0,"+\/-":-142.0,"GW":11.0,"GP":12.0,"MINS":2400.0,"FGM":282.0,"FGA":794.0,"FG%":35.516372796,"2P%":42.6326129666,"3P%":22.8070175439,"FT%":59.5652173913,"PTS":766.0,"REB":450.0,"STK":145.0},"FEU":{"2PM":234.0,"2PA":606.0,"3PM":82.0,"3PA":308.0,"FTM":120.0,"FTA":207.0,"OFF":186.0,"DEF":399.0,"AST":214.0,"TO":166.0,"STL":87.0,"BLK":42.0,"PF":243.0,"Fls on:":211.0,"+\/-":30.0,"GW":110.0,"GP":13.0,"MINS":2600.0,"FGM":316.0,"FGA":914.0,"FG%":34.5733041575,"2P%":38.6138613861,"3P%":26.6233766234,"FT%":57.9710144928,"PTS":834.0,"REB":585.0,"STK":129.0},"NU":{"2PM":197.0,"2PA":469.0,"3PM":82.0,"3PA":296.0,"FTM":157.0,"FTA":245.0,"OFF":182.0,"DEF":354.0,"AST":183.0,"TO":194.0,"STL":79.0,"BLK":35.0,"PF":238.0,"Fls on:":267.0,"+\/-":29.0,"GW":103.0,"GP":12.0,"MINS":2400.0,"FGM":279.0,"FGA":765.0,"FG%":36.4705882353,"2P%":42.0042643923,"3P%":27.7027027027,"FT%":64.0816326531,"PTS":797.0,"REB":536.0,"STK":114.0},"UE":{"2PM":188.0,"2PA":429.0,"3PM":81.0,"3PA":307.0,"FTM":144.0,"FTA":255.0,"OFF":155.0,"DEF":361.0,"AST":201.0,"TO":192.0,"STL":81.0,"BLK":39.0,"PF":250.0,"Fls on:":246.0,"+\/-":20.0,"GW":72.0,"GP":12.0,"MINS":2400.0,"FGM":269.0,"FGA":736.0,"FG%":36.5489130435,"2P%":43.8228438228,"3P%":26.3843648208,"FT%":56.4705882353,"PTS":763.0,"REB":516.0,"STK":120.0},"UP":{"2PM":168.0,"2PA":436.0,"3PM":71.0,"3PA":262.0,"FTM":144.0,"FTA":229.0,"OFF":143.0,"DEF":280.0,"AST":150.0,"TO":191.0,"STL":80.0,"BLK":35.0,"PF":245.0,"Fls on:":230.0,"+\/-":-104.0,"GW":25.0,"GP":11.0,"MINS":2200.0,"FGM":239.0,"FGA":698.0,"FG%":34.2406876791,"2P%":38.5321100917,"3P%":27.0992366412,"FT%":62.8820960699,"PTS":693.0,"REB":423.0,"STK":115.0},"UST":{"2PM":235.0,"2PA":523.0,"3PM":100.0,"3PA":322.0,"FTM":171.0,"FTA":248.0,"OFF":153.0,"DEF":389.0,"AST":211.0,"TO":189.0,"STL":82.0,"BLK":43.0,"PF":254.0,"Fls on:":265.0,"+\/-":13.0,"GW":92.0,"GP":13.0,"MINS":2600.0,"FGM":335.0,"FGA":845.0,"FG%":39.6449704142,"2P%":44.9330783939,"3P%":31.0559006211,"FT%":68.9516129032,"PTS":941.0,"REB":542.0,"STK":125.0},"League":{"2PM":206.125,"2PA":483.125,"3PM":77.75,"3PA":289.125,"FTM":144.875,"FTA":230.25,"OFF":154.375,"DEF":352.875,"AST":184.625,"TO":183.0,"STL":82.25,"BLK":37.0,"PF":242.125,"Fls on:":238.375,"+\/-":0.0,"GW":76.75,"GP":12.0,"MINS":2400.0,"FGM":283.875,"FGA":772.25,"FG%":36.7594690838,"2P%":42.6649417853,"3P%":26.8914829226,"FT%":62.9207383279,"PTS":790.375,"REB":507.25,"STK":119.25}}