{"AdU":{"2PM":15.4444444444,"2PA":39.4444444444,"3PM":7.2222222222,"3PA":25.0,"FTM":12.0,"FTA":17.7777777778,"OFF":13.0,"DEF":29.5555555556,"AST":16.3333333333,"TO":13.7777777778,"STL":7.6666666667,"BLK":2.3333333333,"PF":18.7777777778,"Fls on:":19.6666666667,"+\/-":6.0,"GW":78.0,"GP":9.0,"MINS":200.0,"FGM":22.6666666667,"FGA":64.4444444444,"FG%":35.1724137931,"2P%":39.1549295775,"3P%":28.8888888889,"FT%":67.5,"PTS":64.5555555556,"REB":42.5555555556,"STK":10.0},"ADMU":{"2PM":19.6,"2PA":38.5,"3PM":5.6,"3PA":21.6,"FTM":14.1,"FTA":20.7,"OFF":11.5,"DEF":34.1,"AST":16.6,"TO":15.8,"STL":3.6,"BLK":3.1,"PF":22.8,"Fls on:":21.5,"+\/-":5.8,"GW":84.0,"GP":10.0,"MINS":200.0,"FGM":25.2,"FGA":60.1,"FG%":41.9301164725,"2P%":50.9090909091,"3P%":25.9259259259,"FT%":68.115942029,"PTS":70.1,"REB":45.6,"STK":6.7},"DLSU":{"2PM":18.0909090909,"2PA":42.0909090909,"3PM":5.6363636364,"3PA":24.0909090909,"FTM":11.7272727273,"FTA":19.9090909091,"OFF":11.0909090909,"DEF":25.8181818182,"AST":12.8181818182,"TO":14.9090909091,"STL":9.8181818182,"BLK":2.8181818182,"PF":20.7272727273,"Fls on:":19.7272727273,"+\/-":-12.4545454545,"GW":11.0,"GP":11.0,"MINS":200.0,"FGM":23.7272727273,"FGA":66.1818181818,"FG%":35.8516483516,"2P%":42.9805615551,"3P%":23.3962264151,"FT%":58.904109589,"PTS":64.8181818182,"REB":36.9090909091,"STK":12.6363636364},"FEU":{"2PM":18.2222222222,"2PA":48.3333333333,"3PM":6.6666666667,"3PA":21.8888888889,"FTM":9.3333333333,"FTA":16.2222222222,"OFF":13.5555555556,"DEF":31.6666666667,"AST":17.7777777778,"TO":12.7777777778,"STL":7.1111111111,"BLK":3.3333333333,"PF":19.6666666667,"Fls on:":17.1111111111,"+\/-":3.8888888889,"GW":85.0,"GP":9.0,"MINS":200.0,"FGM":24.8888888889,"FGA":70.2222222222,"FG%":35.4430379747,"2P%":37.7011494253,"3P%":30.4568527919,"FT%":57.5342465753,"PTS":65.7777777778,"REB":45.2222222222,"STK":10.4444444444},"NU":{"2PM":16.6,"2PA":39.3,"3PM":7.1,"3PA":23.8,"FTM":14.3,"FTA":21.0,"OFF":14.0,"DEF":30.2,"AST":16.0,"TO":14.7,"STL":6.6,"BLK":3.1,"PF":20.3,"Fls on:":22.6,"+\/-":5.4,"GW":103.0,"GP":10.0,"MINS":200.0,"FGM":23.7,"FGA":63.1,"FG%":37.559429477,"2P%":42.2391857506,"3P%":29.8319327731,"FT%":68.0952380952,"PTS":68.8,"REB":44.2,"STK":9.7},"UE":{"2PM":15.8888888889,"2PA":37.3333333333,"3PM":6.8888888889,"3PA":24.5555555556,"FTM":12.3333333333,"FTA":21.5555555556,"OFF":13.1111111111,"DEF":29.3333333333,"AST":17.7777777778,"TO":15.4444444444,"STL":6.7777777778,"BLK":3.5555555556,"PF":21.8888888889,"Fls on:":21.1111111111,"+\/-":-0.5555555556,"GW":40.0,"GP":9.0,"MINS":200.0,"FGM":22.7777777778,"FGA":61.8888888889,"FG%":36.8043087971,"2P%":42.5595238095,"3P%":28.0542986425,"FT%":57.2164948454,"PTS":64.7777777778,"REB":42.4444444444,"STK":10.3333333333},"UP":{"2PM":15.625,"2PA":40.375,"3PM":6.5,"3PA":24.25,"FTM":14.25,"FTA":23.25,"OFF":13.375,"DEF":25.125,"AST":13.75,"TO":15.5,"STL":7.25,"BLK":3.375,"PF":22.5,"Fls on:":21.625,"+\/-":-10.625,"GW":11.0,"GP":8.0,"MINS":200.0,"FGM":22.125,"FGA":64.625,"FG%":34.2359767892,"2P%":38.6996904025,"3P%":26.8041237113,"FT%":61.2903225806,"PTS":65.0,"REB":38.5,"STK":10.625},"UST":{"2PM":19.5,"2PA":41.2,"3PM":7.0,"3PA":23.3,"FTM":13.7,"FTA":19.6,"OFF":11.4,"DEF":30.5,"AST":17.3,"TO":14.7,"STL":6.6,"BLK":3.5,"PF":19.9,"Fls on:":20.7,"+\/-":2.6,"GW":78.0,"GP":10.0,"MINS":200.0,"FGM":26.5,"FGA":64.5,"FG%":41.0852713178,"2P%":47.3300970874,"3P%":30.0429184549,"FT%":69.8979591837,"PTS":73.7,"REB":41.9,"STK":10.1},"League":{"2PM":17.4605263158,"2PA":40.8157894737,"3PM":6.5526315789,"3PA":23.5394736842,"FTM":12.7236842105,"FTA":19.9736842105,"OFF":12.5657894737,"DEF":29.5789473684,"AST":16.0131578947,"TO":14.7105263158,"STL":6.9473684211,"BLK":3.1315789474,"PF":20.8026315789,"Fls on:":20.5131578947,"+\/-":0.0,"GW":61.25,"GP":9.5,"MINS":200.0,"FGM":24.0131578947,"FGA":64.3552631579,"FG%":37.3134328358,"2P%":42.7788523533,"3P%":27.8367803242,"FT%":63.7022397892,"PTS":67.3026315789,"REB":42.1447368421,"STK":10.0789473684}}