,2PM,2PA,3PM,3PA,FTM,FTA,OFF,DEF,AST,TO,STL,BLK,PF,Fls on:,+/-,GW,GP,MINS,FGM,FGA,FG%,2P%,3P%,FT%,PTS,REB,STK
AdU,139.0,355.0,65.0,225.0,108.0,160.0,117.0,266.0,147.0,124.0,69.0,21.0,169.0,177.0,54.0,78.0,9.0,1800.0,204.0,580.0,35.172413793103445,39.15492957746479,28.88888888888889,67.5,581.0,383.0,90.0
ADMU,196.0,385.0,56.0,216.0,141.0,207.0,115.0,341.0,166.0,158.0,36.0,31.0,228.0,215.0,58.0,84.0,10.0,2000.0,252.0,601.0,41.930116472545755,50.90909090909091,25.925925925925927,68.1159420289855,701.0,456.0,67.0
DLSU,199.0,463.0,62.0,265.0,129.0,219.0,122.0,284.0,141.0,164.0,108.0,31.0,228.0,217.0,-137.0,11.0,11.0,2200.0,261.0,728.0,35.85164835164835,42.980561555075596,23.39622641509434,58.9041095890411,713.0,406.0,139.0
FEU,164.0,435.0,60.0,197.0,84.0,146.0,122.0,285.0,160.0,115.0,64.0,30.0,177.0,154.0,35.0,85.0,9.0,1800.0,224.0,632.0,35.44303797468354,37.701149425287355,30.456852791878173,57.534246575342465,592.0,407.0,94.0
NU,166.0,393.0,71.0,238.0,143.0,210.0,140.0,302.0,160.0,147.0,66.0,31.0,203.0,226.0,54.0,103.0,10.0,2000.0,237.0,631.0,37.5594294770206,42.23918575063613,29.831932773109244,68.0952380952381,688.0,442.0,97.0
UE,143.0,336.0,62.0,221.0,111.0,194.0,118.0,264.0,160.0,139.0,61.0,32.0,197.0,190.0,-5.0,40.0,9.0,1800.0,205.0,557.0,36.80430879712747,42.55952380952381,28.054298642533936,57.21649484536083,583.0,382.0,93.0
UP,125.0,323.0,52.0,194.0,114.0,186.0,107.0,201.0,110.0,124.0,58.0,27.0,180.0,173.0,-85.0,11.0,8.0,1600.0,177.0,517.0,34.23597678916828,38.69969040247678,26.804123711340207,61.29032258064516,520.0,308.0,85.0
UST,195.0,412.0,70.0,233.0,137.0,196.0,114.0,305.0,173.0,147.0,66.0,35.0,199.0,207.0,26.0,78.0,10.0,2000.0,265.0,645.0,41.08527131782946,47.33009708737864,30.042918454935624,69.89795918367346,737.0,419.0,101.0
League,165.875,387.75,62.25,223.625,120.875,189.75,119.375,281.0,152.125,139.75,66.0,29.75,197.625,194.875,0.0,61.25,9.5,1900.0,228.125,611.375,37.3134328358209,42.77885235332044,27.836780324203467,63.70223978919631,639.375,400.375,95.75
