{"AdU":{"2PM":15.625,"2PA":40.625,"3PM":6.875,"3PA":24.75,"FTM":12.0,"FTA":18.375,"OFF":13.875,"DEF":29.375,"AST":15.375,"TO":12.875,"STL":7.625,"BLK":2.25,"PF":18.5,"Fls on:":20.25,"+\/-":3.625,"GP":8.0,"MINS":200.0,"FGM":22.5,"FGA":65.375,"FG%":34.4168260038,"2P%":38.4615384615,"3P%":27.7777777778,"FT%":65.306122449,"PTS":63.875,"REB":43.25,"STK":9.875},"ADMU":{"2PM":20.25,"2PA":39.625,"3PM":5.0,"3PA":20.25,"FTM":14.125,"FTA":21.375,"OFF":11.5,"DEF":33.75,"AST":15.875,"TO":15.25,"STL":3.75,"BLK":2.75,"PF":23.0,"Fls on:":22.125,"+\/-":5.75,"GP":8.0,"MINS":200.0,"FGM":25.25,"FGA":59.875,"FG%":42.1711899791,"2P%":51.1041009464,"3P%":24.6913580247,"FT%":66.081871345,"PTS":69.625,"REB":45.25,"STK":6.5},"DLSU":{"2PM":18.8888888889,"2PA":43.2222222222,"3PM":5.7777777778,"3PA":24.7777777778,"FTM":11.8888888889,"FTA":19.1111111111,"OFF":11.4444444444,"DEF":26.5555555556,"AST":13.2222222222,"TO":14.8888888889,"STL":10.1111111111,"BLK":3.1111111111,"PF":21.2222222222,"Fls on:":19.2222222222,"+\/-":-10.7777777778,"GP":9.0,"MINS":200.0,"FGM":24.6666666667,"FGA":68.0,"FG%":36.2745098039,"2P%":43.7017994859,"3P%":23.3183856502,"FT%":62.2093023256,"PTS":67.0,"REB":38.0,"STK":13.2222222222},"FEU":{"2PM":18.2222222222,"2PA":48.3333333333,"3PM":6.6666666667,"3PA":21.8888888889,"FTM":9.3333333333,"FTA":16.2222222222,"OFF":13.5555555556,"DEF":31.6666666667,"AST":17.7777777778,"TO":12.7777777778,"STL":7.1111111111,"BLK":3.3333333333,"PF":19.6666666667,"Fls on:":17.1111111111,"+\/-":3.8888888889,"GP":9.0,"MINS":200.0,"FGM":24.8888888889,"FGA":70.2222222222,"FG%":35.4430379747,"2P%":37.7011494253,"3P%":30.4568527919,"FT%":57.5342465753,"PTS":65.7777777778,"REB":45.2222222222,"STK":10.4444444444},"NU":{"2PM":17.1111111111,"2PA":40.2222222222,"3PM":6.5555555556,"3PA":23.5555555556,"FTM":14.3333333333,"FTA":21.3333333333,"OFF":14.6666666667,"DEF":30.2222222222,"AST":15.5555555556,"TO":14.1111111111,"STL":6.3333333333,"BLK":3.2222222222,"PF":19.5555555556,"Fls on:":22.8888888889,"+\/-":4.2222222222,"GP":9.0,"MINS":200.0,"FGM":23.6666666667,"FGA":63.7777777778,"FG%":37.1080139373,"2P%":42.5414364641,"3P%":27.8301886792,"FT%":67.1875,"PTS":68.2222222222,"REB":44.8888888889,"STK":9.5555555556},"UE":{"2PM":16.25,"2PA":36.625,"3PM":7.125,"3PA":24.5,"FTM":11.75,"FTA":20.875,"OFF":12.375,"DEF":29.625,"AST":18.625,"TO":15.25,"STL":6.125,"BLK":4.0,"PF":22.125,"Fls on:":20.5,"+\/-":1.375,"GP":8.0,"MINS":200.0,"FGM":23.375,"FGA":61.125,"FG%":38.2413087935,"2P%":44.3686006826,"3P%":29.0816326531,"FT%":56.2874251497,"PTS":65.625,"REB":42.0,"STK":10.125},"UP":{"2PM":15.625,"2PA":40.375,"3PM":6.5,"3PA":24.25,"FTM":14.25,"FTA":23.25,"OFF":13.375,"DEF":25.125,"AST":13.75,"TO":15.5,"STL":7.25,"BLK":3.375,"PF":22.5,"Fls on:":21.625,"+\/-":-10.625,"GP":8.0,"MINS":200.0,"FGM":22.125,"FGA":64.625,"FG%":34.2359767892,"2P%":38.6996904025,"3P%":26.8041237113,"FT%":61.2903225806,"PTS":65.0,"REB":38.5,"STK":10.625},"UST":{"2PM":19.8888888889,"2PA":40.4444444444,"3PM":7.0,"3PA":23.3333333333,"FTM":13.6666666667,"FTA":19.1111111111,"OFF":10.7777777778,"DEF":31.0,"AST":17.7777777778,"TO":15.5555555556,"STL":6.2222222222,"BLK":3.8888888889,"PF":20.2222222222,"Fls on:":20.6666666667,"+\/-":2.5555555556,"GP":9.0,"MINS":200.0,"FGM":26.8888888889,"FGA":63.7777777778,"FG%":42.1602787456,"2P%":49.1758241758,"3P%":30.0,"FT%":71.511627907,"PTS":74.4444444444,"REB":41.7777777778,"STK":10.1111111111},"League":{"2PM":17.7794117647,"2PA":41.2941176471,"3PM":6.4411764706,"3PA":23.4117647059,"FTM":12.6470588235,"FTA":19.8970588235,"OFF":12.6911764706,"DEF":29.6764705882,"AST":16.0,"TO":14.5147058824,"STL":6.8529411765,"BLK":3.25,"PF":20.8088235294,"Fls on:":20.5147058824,"+\/-":0.0,"GP":8.5,"MINS":200.0,"FGM":24.2205882353,"FGA":64.7058823529,"FG%":37.4318181818,"2P%":43.0555555556,"3P%":27.5125628141,"FT%":63.5624538064,"PTS":67.5294117647,"REB":42.3676470588,"STK":10.1029411765}}