,2PM,2PA,3PM,3PA,FTM,FTA,OFF,DEF,AST,TO,STL,BLK,PF,Fls on:,+/-,GP,MINS,FGM,FGA,FG%,2P%,3P%,FT%,PTS,REB,STK
AdU,139.0,355.0,65.0,225.0,108.0,160.0,117.0,266.0,147.0,124.0,69.0,21.0,169.0,177.0,54.0,9.0,1800.0,204.0,580.0,35.172413793103445,39.15492957746479,28.88888888888889,67.5,581.0,383.0,90.0
ADMU,179.0,352.0,46.0,190.0,125.0,185.0,104.0,306.0,146.0,139.0,33.0,28.0,205.0,194.0,43.0,9.0,1800.0,225.0,542.0,41.51291512915129,50.85227272727273,24.210526315789473,67.56756756756756,621.0,410.0,61.0
DLSU,184.0,426.0,55.0,240.0,115.0,195.0,114.0,264.0,127.0,152.0,102.0,31.0,206.0,194.0,-122.0,10.0,2000.0,239.0,666.0,35.885885885885884,43.1924882629108,22.916666666666668,58.97435897435897,648.0,378.0,133.0
FEU,164.0,435.0,60.0,197.0,84.0,146.0,122.0,285.0,160.0,115.0,64.0,30.0,177.0,154.0,35.0,9.0,1800.0,224.0,632.0,35.44303797468354,37.701149425287355,30.456852791878173,57.534246575342465,592.0,407.0,94.0
NU,154.0,362.0,59.0,212.0,129.0,192.0,132.0,272.0,140.0,127.0,57.0,29.0,176.0,206.0,38.0,9.0,1800.0,213.0,574.0,37.10801393728223,42.5414364640884,27.830188679245282,67.1875,614.0,404.0,86.0
UE,130.0,293.0,57.0,196.0,94.0,167.0,99.0,237.0,149.0,122.0,49.0,32.0,177.0,164.0,11.0,8.0,1600.0,187.0,489.0,38.241308793456035,44.36860068259386,29.081632653061224,56.287425149700596,525.0,336.0,81.0
UP,125.0,323.0,52.0,194.0,114.0,186.0,107.0,201.0,110.0,124.0,58.0,27.0,180.0,173.0,-85.0,8.0,1600.0,177.0,517.0,34.23597678916828,38.69969040247678,26.804123711340207,61.29032258064516,520.0,308.0,85.0
UST,195.0,412.0,70.0,233.0,137.0,196.0,114.0,305.0,173.0,147.0,66.0,35.0,199.0,207.0,26.0,10.0,2000.0,265.0,645.0,41.08527131782946,47.33009708737864,30.042918454935624,69.89795918367346,737.0,419.0,101.0
League,158.75,369.75,58.0,210.875,113.25,178.375,113.625,267.0,144.0,131.25,62.25,29.125,186.125,183.625,0.0,9.0,1800.0,216.75,580.625,37.33046286329387,42.93441514536849,27.504445761707174,63.489838822704975,604.75,380.625,91.375
