{"AdU":{"2PM":170.0,"2PA":416.0,"3PM":74.0,"3PA":277.0,"FTM":126.0,"FTA":187.0,"OFF":132.0,"DEF":317.0,"AST":174.0,"TO":164.0,"STL":88.0,"BLK":26.0,"PF":202.0,"Fls on:":210.0,"+\/-":57.0,"GW":91.0,"GP":11.0,"MINS":2200.0,"FGM":244.0,"FGA":693.0,"FG%":35.2092352092,"2P%":40.8653846154,"3P%":26.714801444,"FT%":67.3796791444,"PTS":688.0,"REB":449.0,"STK":114.0},"ADMU":{"2PM":223.0,"2PA":436.0,"3PM":60.0,"3PA":234.0,"FTM":150.0,"FTA":225.0,"OFF":133.0,"DEF":374.0,"AST":185.0,"TO":171.0,"STL":46.0,"BLK":35.0,"PF":246.0,"Fls on:":231.0,"+\/-":86.0,"GW":100.0,"GP":11.0,"MINS":2200.0,"FGM":283.0,"FGA":670.0,"FG%":42.2388059701,"2P%":51.1467889908,"3P%":25.641025641,"FT%":66.6666666667,"PTS":776.0,"REB":507.0,"STK":81.0},"DLSU":{"2PM":199.0,"2PA":463.0,"3PM":62.0,"3PA":265.0,"FTM":129.0,"FTA":219.0,"OFF":122.0,"DEF":284.0,"AST":141.0,"TO":164.0,"STL":108.0,"BLK":31.0,"PF":228.0,"Fls on:":217.0,"+\/-":-137.0,"GW":11.0,"GP":11.0,"MINS":2200.0,"FGM":261.0,"FGA":728.0,"FG%":35.8516483516,"2P%":42.9805615551,"3P%":23.3962264151,"FT%":58.904109589,"PTS":713.0,"REB":406.0,"STK":139.0},"FEU":{"2PM":179.0,"2PA":468.0,"3PM":72.0,"3PA":232.0,"FTM":97.0,"FTA":165.0,"OFF":133.0,"DEF":313.0,"AST":173.0,"TO":128.0,"STL":68.0,"BLK":34.0,"PF":193.0,"Fls on:":170.0,"+\/-":44.0,"GW":98.0,"GP":10.0,"MINS":2000.0,"FGM":251.0,"FGA":700.0,"FG%":35.8571428571,"2P%":38.2478632479,"3P%":31.0344827586,"FT%":58.7878787879,"PTS":671.0,"REB":446.0,"STK":102.0},"NU":{"2PM":166.0,"2PA":393.0,"3PM":71.0,"3PA":238.0,"FTM":143.0,"FTA":210.0,"OFF":140.0,"DEF":302.0,"AST":160.0,"TO":147.0,"STL":66.0,"BLK":31.0,"PF":203.0,"Fls on:":226.0,"+\/-":54.0,"GW":103.0,"GP":10.0,"MINS":2000.0,"FGM":237.0,"FGA":631.0,"FG%":37.559429477,"2P%":42.2391857506,"3P%":29.8319327731,"FT%":68.0952380952,"PTS":688.0,"REB":442.0,"STK":97.0},"UE":{"2PM":152.0,"2PA":355.0,"3PM":70.0,"3PA":261.0,"FTM":114.0,"FTA":204.0,"OFF":129.0,"DEF":299.0,"AST":173.0,"TO":159.0,"STL":67.0,"BLK":33.0,"PF":210.0,"Fls on:":204.0,"+\/-":3.0,"GW":51.0,"GP":10.0,"MINS":2000.0,"FGM":222.0,"FGA":616.0,"FG%":36.038961039,"2P%":42.8169014085,"3P%":26.8199233716,"FT%":55.8823529412,"PTS":628.0,"REB":428.0,"STK":100.0},"UP":{"2PM":150.0,"2PA":396.0,"3PM":64.0,"3PA":245.0,"FTM":134.0,"FTA":215.0,"OFF":136.0,"DEF":252.0,"AST":136.0,"TO":167.0,"STL":70.0,"BLK":31.0,"PF":218.0,"Fls on:":211.0,"+\/-":-124.0,"GW":11.0,"GP":10.0,"MINS":2000.0,"FGM":214.0,"FGA":641.0,"FG%":33.3853354134,"2P%":37.8787878788,"3P%":26.1224489796,"FT%":62.3255813953,"PTS":626.0,"REB":388.0,"STK":101.0},"UST":{"2PM":210.0,"2PA":457.0,"3PM":80.0,"3PA":262.0,"FTM":147.0,"FTA":209.0,"OFF":126.0,"DEF":336.0,"AST":182.0,"TO":159.0,"STL":74.0,"BLK":39.0,"PF":215.0,"Fls on:":223.0,"+\/-":17.0,"GW":78.0,"GP":11.0,"MINS":2200.0,"FGM":290.0,"FGA":719.0,"FG%":40.3337969402,"2P%":45.9518599562,"3P%":30.534351145,"FT%":70.3349282297,"PTS":807.0,"REB":462.0,"STK":113.0},"League":{"2PM":181.125,"2PA":423.0,"3PM":69.125,"3PA":251.75,"FTM":130.0,"FTA":204.25,"OFF":131.375,"DEF":309.625,"AST":165.5,"TO":157.375,"STL":73.375,"BLK":32.5,"PF":214.375,"Fls on:":211.5,"+\/-":0.0,"GW":67.875,"GP":10.5,"MINS":2100.0,"FGM":250.25,"FGA":674.75,"FG%":37.0878103001,"2P%":42.8191489362,"3P%":27.457795432,"FT%":63.6474908201,"PTS":699.625,"REB":441.0,"STK":105.875}}