{"AdU":{"2PM":181.0,"2PA":446.0,"3PM":77.0,"3PA":301.0,"FTM":136.0,"FTA":204.0,"OFF":138.0,"DEF":343.0,"AST":181.0,"TO":182.0,"STL":95.0,"BLK":31.0,"PF":214.0,"Fls on:":226.0,"+\/-":45.0,"GW":91.0,"GP":12.0,"MINS":2400.0,"FGM":258.0,"FGA":747.0,"FG%":34.5381526104,"2P%":40.5829596413,"3P%":25.5813953488,"FT%":66.6666666667,"PTS":729.0,"REB":481.0,"STK":126.0},"ADMU":{"2PM":257.0,"2PA":518.0,"3PM":73.0,"3PA":285.0,"FTM":175.0,"FTA":260.0,"OFF":168.0,"DEF":435.0,"AST":208.0,"TO":200.0,"STL":55.0,"BLK":44.0,"PF":280.0,"Fls on:":263.0,"+\/-":93.0,"GW":110.0,"GP":13.0,"MINS":2600.0,"FGM":330.0,"FGA":803.0,"FG%":41.095890411,"2P%":49.6138996139,"3P%":25.6140350877,"FT%":67.3076923077,"PTS":908.0,"REB":603.0,"STK":99.0},"DLSU":{"2PM":260.0,"2PA":608.0,"3PM":72.0,"3PA":322.0,"FTM":159.0,"FTA":262.0,"OFF":160.0,"DEF":364.0,"AST":172.0,"TO":209.0,"STL":128.0,"BLK":40.0,"PF":292.0,"Fls on:":259.0,"+\/-":-144.0,"GW":25.0,"GP":14.0,"MINS":2800.0,"FGM":332.0,"FGA":930.0,"FG%":35.6989247312,"2P%":42.7631578947,"3P%":22.3602484472,"FT%":60.6870229008,"PTS":895.0,"REB":524.0,"STK":168.0},"FEU":{"2PM":234.0,"2PA":606.0,"3PM":82.0,"3PA":308.0,"FTM":120.0,"FTA":207.0,"OFF":186.0,"DEF":399.0,"AST":214.0,"TO":166.0,"STL":87.0,"BLK":42.0,"PF":243.0,"Fls on:":211.0,"+\/-":30.0,"GW":110.0,"GP":13.0,"MINS":2600.0,"FGM":316.0,"FGA":914.0,"FG%":34.5733041575,"2P%":38.6138613861,"3P%":26.6233766234,"FT%":57.9710144928,"PTS":834.0,"REB":585.0,"STK":129.0},"NU":{"2PM":227.0,"2PA":535.0,"3PM":92.0,"3PA":353.0,"FTM":174.0,"FTA":276.0,"OFF":214.0,"DEF":415.0,"AST":210.0,"TO":236.0,"STL":87.0,"BLK":40.0,"PF":264.0,"Fls on:":303.0,"+\/-":32.0,"GW":119.0,"GP":14.0,"MINS":2800.0,"FGM":319.0,"FGA":888.0,"FG%":35.9234234234,"2P%":42.4299065421,"3P%":26.0623229462,"FT%":63.0434782609,"PTS":904.0,"REB":629.0,"STK":127.0},"UE":{"2PM":207.0,"2PA":468.0,"3PM":87.0,"3PA":332.0,"FTM":159.0,"FTA":279.0,"OFF":170.0,"DEF":389.0,"AST":218.0,"TO":203.0,"STL":85.0,"BLK":40.0,"PF":269.0,"Fls on:":265.0,"+\/-":24.0,"GW":83.0,"GP":13.0,"MINS":2600.0,"FGM":294.0,"FGA":800.0,"FG%":36.75,"2P%":44.2307692308,"3P%":26.2048192771,"FT%":56.9892473118,"PTS":834.0,"REB":559.0,"STK":125.0},"UP":{"2PM":194.0,"2PA":489.0,"3PM":76.0,"3PA":276.0,"FTM":154.0,"FTA":250.0,"OFF":153.0,"DEF":307.0,"AST":174.0,"TO":208.0,"STL":90.0,"BLK":35.0,"PF":261.0,"Fls on:":253.0,"+\/-":-93.0,"GW":37.0,"GP":12.0,"MINS":2400.0,"FGM":270.0,"FGA":765.0,"FG%":35.2941176471,"2P%":39.672801636,"3P%":27.5362318841,"FT%":61.6,"PTS":770.0,"REB":460.0,"STK":125.0},"UST":{"2PM":235.0,"2PA":523.0,"3PM":100.0,"3PA":322.0,"FTM":171.0,"FTA":248.0,"OFF":153.0,"DEF":389.0,"AST":211.0,"TO":189.0,"STL":82.0,"BLK":43.0,"PF":254.0,"Fls on:":265.0,"+\/-":13.0,"GW":92.0,"GP":13.0,"MINS":2600.0,"FGM":335.0,"FGA":845.0,"FG%":39.6449704142,"2P%":44.9330783939,"3P%":31.0559006211,"FT%":68.9516129032,"PTS":941.0,"REB":542.0,"STK":125.0},"League":{"2PM":224.375,"2PA":524.125,"3PM":82.375,"3PA":312.375,"FTM":156.0,"FTA":248.25,"OFF":167.75,"DEF":380.125,"AST":198.5,"TO":199.125,"STL":88.625,"BLK":39.375,"PF":259.625,"Fls on:":255.625,"+\/-":0.0,"GW":83.375,"GP":13.0,"MINS":2600.0,"FGM":306.75,"FGA":836.5,"FG%":36.6706515242,"2P%":42.8094443119,"3P%":26.3705482193,"FT%":62.8398791541,"PTS":851.875,"REB":547.875,"STK":128.0}}