{"AdU":{"2PM":208.0,"2PA":512.0,"3PM":97.0,"3PA":365.0,"FTM":152.0,"FTA":234.0,"OFF":164.0,"DEF":398.0,"AST":208.0,"TO":209.0,"STL":114.0,"BLK":37.0,"PF":244.0,"Fls on:":259.0,"+\/-":57.0,"GW":104.0,"GP":14.0,"MINS":2800.0,"FGM":305.0,"FGA":877.0,"FG%":34.7776510832,"2P%":40.625,"3P%":26.5753424658,"FT%":64.9572649573,"PTS":859.0,"REB":562.0,"STK":151.0},"ADMU":{"2PM":273.0,"2PA":549.0,"3PM":84.0,"3PA":313.0,"FTM":179.0,"FTA":271.0,"OFF":176.0,"DEF":464.0,"AST":228.0,"TO":220.0,"STL":64.0,"BLK":47.0,"PF":300.0,"Fls on:":279.0,"+\/-":107.0,"GW":126.0,"GP":14.0,"MINS":2800.0,"FGM":357.0,"FGA":862.0,"FG%":41.4153132251,"2P%":49.7267759563,"3P%":26.8370607029,"FT%":66.0516605166,"PTS":977.0,"REB":640.0,"STK":111.0},"DLSU":{"2PM":260.0,"2PA":608.0,"3PM":72.0,"3PA":322.0,"FTM":159.0,"FTA":262.0,"OFF":160.0,"DEF":364.0,"AST":172.0,"TO":209.0,"STL":128.0,"BLK":40.0,"PF":292.0,"Fls on:":259.0,"+\/-":-144.0,"GW":25.0,"GP":14.0,"MINS":2800.0,"FGM":332.0,"FGA":930.0,"FG%":35.6989247312,"2P%":42.7631578947,"3P%":22.3602484472,"FT%":60.6870229008,"PTS":895.0,"REB":524.0,"STK":168.0},"FEU":{"2PM":252.0,"2PA":655.0,"3PM":96.0,"3PA":345.0,"FTM":128.0,"FTA":221.0,"OFF":208.0,"DEF":422.0,"AST":232.0,"TO":176.0,"STL":99.0,"BLK":43.0,"PF":265.0,"Fls on:":227.0,"+\/-":38.0,"GW":124.0,"GP":14.0,"MINS":2800.0,"FGM":348.0,"FGA":1000.0,"FG%":34.8,"2P%":38.4732824427,"3P%":27.8260869565,"FT%":57.9185520362,"PTS":920.0,"REB":630.0,"STK":142.0},"NU":{"2PM":227.0,"2PA":535.0,"3PM":92.0,"3PA":353.0,"FTM":174.0,"FTA":276.0,"OFF":214.0,"DEF":415.0,"AST":210.0,"TO":236.0,"STL":87.0,"BLK":40.0,"PF":264.0,"Fls on:":303.0,"+\/-":32.0,"GW":119.0,"GP":14.0,"MINS":2800.0,"FGM":319.0,"FGA":888.0,"FG%":35.9234234234,"2P%":42.4299065421,"3P%":26.0623229462,"FT%":63.0434782609,"PTS":904.0,"REB":629.0,"STK":127.0},"UE":{"2PM":226.0,"2PA":505.0,"3PM":95.0,"3PA":360.0,"FTM":174.0,"FTA":306.0,"OFF":187.0,"DEF":418.0,"AST":238.0,"TO":221.0,"STL":91.0,"BLK":45.0,"PF":294.0,"Fls on:":286.0,"+\/-":34.0,"GW":97.0,"GP":14.0,"MINS":2800.0,"FGM":321.0,"FGA":865.0,"FG%":37.1098265896,"2P%":44.7524752475,"3P%":26.3888888889,"FT%":56.862745098,"PTS":911.0,"REB":605.0,"STK":136.0},"UP":{"2PM":230.0,"2PA":566.0,"3PM":87.0,"3PA":315.0,"FTM":194.0,"FTA":305.0,"OFF":174.0,"DEF":362.0,"AST":207.0,"TO":241.0,"STL":100.0,"BLK":42.0,"PF":299.0,"Fls on:":300.0,"+\/-":-111.0,"GW":37.0,"GP":14.0,"MINS":2800.0,"FGM":317.0,"FGA":881.0,"FG%":35.9818388195,"2P%":40.6360424028,"3P%":27.619047619,"FT%":63.606557377,"PTS":915.0,"REB":536.0,"STK":142.0},"UST":{"2PM":242.0,"2PA":549.0,"3PM":109.0,"3PA":363.0,"FTM":179.0,"FTA":264.0,"OFF":172.0,"DEF":414.0,"AST":224.0,"TO":202.0,"STL":85.0,"BLK":48.0,"PF":269.0,"Fls on:":279.0,"+\/-":-13.0,"GW":92.0,"GP":14.0,"MINS":2800.0,"FGM":351.0,"FGA":912.0,"FG%":38.4868421053,"2P%":44.0801457195,"3P%":30.0275482094,"FT%":67.803030303,"PTS":990.0,"REB":586.0,"STK":133.0},"League":{"2PM":239.75,"2PA":559.875,"3PM":91.5,"3PA":342.0,"FTM":167.375,"FTA":267.375,"OFF":181.875,"DEF":407.125,"AST":214.875,"TO":214.25,"STL":96.0,"BLK":42.75,"PF":278.375,"Fls on:":274.0,"+\/-":0.0,"GW":90.5,"GP":14.0,"MINS":2800.0,"FGM":331.25,"FGA":901.875,"FG%":36.729036729,"2P%":42.8220584952,"3P%":26.7543859649,"FT%":62.5993454885,"PTS":921.375,"REB":589.0,"STK":138.75}}