{"ADMU":{"POS":795.2481217928,"PACE":72.2952837993},"AdU":{"POS":793.1040523748,"PACE":72.1003683977},"DLSU":{"POS":858.0783164808,"PACE":78.0071196801},"FEU":{"POS":821.2831530398,"PACE":74.6621048218},"NU":{"POS":803.9984034152,"PACE":73.0907639468},"UE":{"POS":787.8288194759,"PACE":71.6208017705},"UP":{"POS":832.9965199795,"PACE":75.7269563618},"UST":{"POS":833.7265114463,"PACE":75.7933192224},"League":{"POS":815.7829872506,"PACE":74.1620897501}}