{"ADMU":{"MINS":202.5,"FGM":21.9,"FGA":65.1,"2PM":14.6,"2PA":36.7,"3PM":7.3,"3PA":28.4,"FTM":13.2,"FTA":23.3,"PTS":64.3,"OFF":11.8,"DEF":24.6,"REB":36.4,"AST":16.0,"TO":10.0,"STL":7.2,"BLK":2.0,"STK":9.2,"PF":21.6,"Fls on:":22.4,"+\/-":-5.8,"GW":36.0,"GP":10.0,"W":3.0,"L":7.0,"FG%":33.6405529954,"2P%":39.7820163488,"3P%":25.7042253521,"FT%":56.652360515},"AdU":{"MINS":202.7777777778,"FGM":20.2222222222,"FGA":60.2222222222,"2PM":13.8888888889,"2PA":38.2222222222,"3PM":6.3333333333,"3PA":22.0,"FTM":11.7777777778,"FTA":18.8888888889,"PTS":58.5555555556,"OFF":12.3333333333,"DEF":31.1111111111,"REB":43.4444444444,"AST":13.8888888889,"TO":16.1111111111,"STL":6.7777777778,"BLK":4.7777777778,"STK":11.5555555556,"PF":19.7777777778,"Fls on:":18.7777777778,"+\/-":-6.0,"GW":43.0,"GP":9.0,"W":3.0,"L":6.0,"FG%":33.5793357934,"2P%":36.3372093023,"3P%":28.7878787879,"FT%":62.3529411765},"DLSU":{"MINS":202.2727272727,"FGM":27.3636363636,"FGA":66.4545454545,"2PM":18.8181818182,"2PA":41.6363636364,"3PM":8.5454545455,"3PA":24.8181818182,"FTM":14.0,"FTA":20.9090909091,"PTS":77.2727272727,"OFF":15.4545454545,"DEF":33.5454545455,"REB":49.0,"AST":21.5454545455,"TO":19.0909090909,"STL":7.0,"BLK":3.4545454545,"STK":10.4545454545,"PF":20.0,"Fls on:":20.2727272727,"+\/-":12.4545454545,"GW":128.0,"GP":11.0,"W":10.0,"L":1.0,"FG%":41.1764705882,"2P%":45.1965065502,"3P%":34.4322344322,"FT%":66.9565217391},"FEU":{"MINS":205.5555555556,"FGM":23.0,"FGA":66.4444444444,"2PM":19.4444444444,"2PA":47.0,"3PM":3.5555555556,"3PA":19.4444444444,"FTM":12.3333333333,"FTA":18.2222222222,"PTS":61.8888888889,"OFF":13.3333333333,"DEF":32.7777777778,"REB":46.1111111111,"AST":12.1111111111,"TO":14.7777777778,"STL":6.2222222222,"BLK":3.7777777778,"STK":10.0,"PF":17.3333333333,"Fls on:":19.4444444444,"+\/-":-3.8888888889,"GW":32.0,"GP":9.0,"W":3.0,"L":6.0,"FG%":34.6153846154,"2P%":41.3711583924,"3P%":18.2857142857,"FT%":67.6829268293},"NU":{"MINS":200.0,"FGM":23.1,"FGA":66.4,"2PM":18.0,"2PA":44.7,"3PM":5.1,"3PA":21.7,"FTM":12.1,"FTA":18.5,"PTS":63.4,"OFF":13.7,"DEF":27.5,"REB":41.2,"AST":13.5,"TO":13.6,"STL":6.4,"BLK":2.2,"STK":8.6,"PF":22.7,"Fls on:":19.9,"+\/-":-5.4,"GW":29.0,"GP":10.0,"W":2.0,"L":8.0,"FG%":34.7891566265,"2P%":40.2684563758,"3P%":23.5023041475,"FT%":65.4054054054},"UE":{"MINS":200.0,"FGM":22.1111111111,"FGA":58.1111111111,"2PM":14.7777777778,"2PA":36.1111111111,"3PM":7.3333333333,"3PA":22.0,"FTM":13.7777777778,"FTA":21.8888888889,"PTS":65.3333333333,"OFF":9.5555555556,"DEF":27.0,"REB":36.5555555556,"AST":13.8888888889,"TO":14.2222222222,"STL":7.5555555556,"BLK":2.7777777778,"STK":10.3333333333,"PF":21.7777777778,"Fls on:":21.8888888889,"+\/-":0.5555555556,"GW":72.0,"GP":9.0,"W":6.0,"L":3.0,"FG%":38.0497131931,"2P%":40.9230769231,"3P%":33.3333333333,"FT%":62.9441624365},"UP":{"MINS":200.0,"FGM":28.25,"FGA":64.625,"2PM":22.0,"2PA":44.5,"3PM":6.25,"3PA":20.125,"FTM":12.875,"FTA":20.375,"PTS":75.625,"OFF":12.375,"DEF":31.875,"REB":44.25,"AST":18.5,"TO":15.375,"STL":6.875,"BLK":4.5,"STK":11.375,"PF":22.25,"Fls on:":22.25,"+\/-":10.625,"GW":100.0,"GP":8.0,"W":7.0,"L":1.0,"FG%":43.7137330754,"2P%":49.4382022472,"3P%":31.0559006211,"FT%":63.1901840491},"UST":{"MINS":202.5,"FGM":26.0,"FGA":66.5,"2PM":18.5,"2PA":38.2,"3PM":7.5,"3PA":28.3,"FTM":11.6,"FTA":17.6,"PTS":71.1,"OFF":11.4,"DEF":28.5,"REB":39.9,"AST":17.8,"TO":14.3,"STL":7.5,"BLK":2.0,"STK":9.5,"PF":21.0,"Fls on:":19.4,"+\/-":-2.6,"GW":50.0,"GP":10.0,"W":4.0,"L":6.0,"FG%":39.0977443609,"2P%":48.4293193717,"3P%":26.5017667845,"FT%":65.9090909091},"League":{"MINS":201.9736842105,"FGM":24.0131578947,"FGA":64.3552631579,"2PM":17.4605263158,"2PA":40.8157894737,"3PM":6.5526315789,"3PA":23.5394736842,"FTM":12.7236842105,"FTA":19.9736842105,"PTS":67.3026315789,"OFF":12.5657894737,"DEF":29.5789473684,"REB":42.1447368421,"AST":16.0131578947,"TO":14.7105263158,"STL":6.9473684211,"BLK":3.1315789474,"STK":10.0789473684,"PF":20.8026315789,"Fls on:":20.5131578947,"+\/-":0.0,"GW":61.25,"GP":9.5,"W":4.75,"L":4.75,"FG%":37.3134328358,"2P%":42.7788523533,"3P%":27.8367803242,"FT%":63.7022397892}}