TEAM,OFF,DEF,NET,PACE,AST,TO,EFG%,OREB%,DREB%,FTR,FFI,Py-W,Py-L,HHI
ADMU,66.59957850561561,72.60700549368048,-6.007426988064864,72.4103681766,15.786565632646617,9.866603520404137,39.247311827956985,25.70806100217865,68.14404432132964,0.3579109062980031,28.675851406189608,2.3124197331067604,7.68758026689324,0.1110390882551415
AdU,61.23075834545932,67.5048777964172,-6.274119450957883,71.7232120806,14.095624718087507,16.350924672981506,38.837638376383765,29.44297082228117,70.52896725440806,0.31365313653136534,30.216177731225592,1.8426670721776661,7.157332927822334,0.10844744337105595
DLSU,74.2939179042015,62.319486430230214,11.974431473971293,78.0071196801,18.527204502814257,16.416510318949342,47.60601915184679,37.44493392070485,75.15274949083503,0.3146374829001368,35.35508426811907,10.121944336947681,0.8780556630523186,0.1172235294117647
FEU,61.87440896680983,65.76238798626827,-3.8879790194584345,75.0175515884,11.949657954744781,14.580775302578495,37.29096989966555,29.62962962962963,70.74340527577938,0.27424749163879597,28.601220086018706,2.699249836423453,6.300750163576547,0.15253232081328222
NU,65.62269542618658,71.2120101785747,-5.58931475238812,72.4596874468,13.282172373081464,13.38055883510429,38.62951807228915,31.20728929384966,66.26506024096386,0.2786144578313253,29.21762166393155,2.4287126310503258,7.571287368949674,0.10078715083242942
UE,68.10266369923222,67.52355941607549,0.5791042831567381,71.9501959812,14.489729679603096,14.83748319191357,44.35946462715105,24.571428571428573,67.31301939058172,0.37667304015296366,32.01753796541898,4.766959347612097,4.233040652387903,0.125
UP,74.98042727030597,64.4459870753043,10.534440195001665,75.6447409876,17.21490717908156,14.306983669101568,48.54932301740813,33.0,70.44198895027624,0.3152804642166344,34.32568208748816,7.1318559176711664,0.8681440823288336,0.09876647769961068
UST,70.40885376039502,72.98357977694955,-2.5747260165545356,75.7362137743,16.738132851876927,13.446926954035957,44.73684210526316,27.20763723150358,71.42857142857143,0.2646616541353383,30.66792083894504,3.776384160984893,6.223615839015107,0.128510981739631
League,68.04856834273143,68.04856834273143,0.0,74.1186362144,15.416928471532522,14.162798710906621,42.40441627479043,29.81579768966594,70.18420231033406,0.31036597832754037,31.121115400489117,4.75,4.75,0.010320817457327597
