{"ADMU":{"POS":795.2481217928,"PACE":72.2952837993},"AdU":{"POS":793.1040523748,"PACE":72.1003683977},"DLSU":{"POS":858.0783164808,"PACE":78.0071196801},"FEU":{"POS":751.468701011,"PACE":75.1468701011},"NU":{"POS":724.5968744683,"PACE":72.4596874468},"UE":{"POS":717.7367785581,"PACE":71.7736778558},"UP":{"POS":753.677825,"PACE":75.3677825},"UST":{"POS":833.7265114463,"PACE":75.7933192224},"League":{"POS":778.4546476415,"PACE":74.1180136254}}