{"DLSU":{"OFF":74.2939179042,"DEF":62.3194864302,"NET":11.974431474,"PACE":78.0071196801,"hAST%":18.5272045028,"hTO%":16.4165103189,"TOR":24.4732906037,"AR":27.6198565385,"STL%":8.973539888,"BLK%":8.2073434125,"EFG%":47.6060191518,"TS%":51.0694544581,"PPWS":102.1389089161,"REB%":57.037037037,"OREB%":37.4449339207,"DREB%":75.1527494908,"FTR":0.3146374829,"FFI":37.3692793393,"Py-W":10.3765757019,"Py-L":0.6234242981,"PPR":-2.2218822773,"HHI":0.1172235294},"UP":{"OFF":71.7590032687,"DEF":62.3952186514,"NET":9.3637846172,"PACE":75.7269563618,"hAST%":16.3713080169,"hTO%":15.611814346,"TOR":22.2089763358,"AR":23.2894130224,"STL%":9.8439787002,"BLK%":10.0917431193,"EFG%":46.8175388967,"TS%":49.4416873449,"PPWS":98.8833746898,"REB%":53.3627342889,"OREB%":34.4262295082,"DREB%":70.2083333333,"FTR":0.3182461103,"FFI":35.9381971992,"Py-W":9.9389427869,"Py-L":1.0610572131,"PPR":-2.478015352,"HHI":0.091817024},"League":{"OFF":66.895088342,"DEF":66.895088342,"NET":0.0,"PACE":74.1620897501,"hAST%":15.0802744742,"hTO%":14.7180844759,"TOR":20.5477440226,"AR":21.0533932043,"STL%":9.4387847263,"BLK%":7.6684522131,"EFG%":42.017699115,"TS%":45.5032956862,"PPWS":91.0065913724,"REB%":50.0,"OREB%":29.9918940827,"DREB%":70.0081059173,"FTR":0.3001769912,"FFI":32.4450493355,"Py-W":5.5,"Py-L":5.5,"PPR":-2.3943661972,"HHI":0.0100750274},"UE":{"OFF":64.3540814282,"DEF":65.4012632265,"NET":-1.0471817984,"PACE":71.6208017705,"hAST%":13.7722730899,"hTO%":15.1020098021,"TOR":20.1820492053,"AR":18.4050134262,"STL%":10.4083524203,"BLK%":7.4742268041,"EFG%":41.4634146341,"TS%":45.1364777523,"PPWS":90.2729555045,"REB%":46.7120181406,"OREB%":25.5605381166,"DREB%":68.3486238532,"FTR":0.3216463415,"FFI":31.5676809002,"Py-W":4.7937078177,"Py-L":6.2062921823,"PPR":-2.9338671973,"HHI":0.1297704912},"UST":{"OFF":71.0664698634,"DEF":72.5957483288,"NET":-1.5292784654,"PACE":75.7933192224,"hAST%":16.3835992452,"hTO%":13.381369017,"TOR":18.7111718121,"AR":22.909191129,"STL%":9.4755293151,"BLK%":5.2516411379,"EFG%":45.0886766712,"TS%":48.2413287738,"PPWS":96.4826575476,"REB%":48.6666666667,"OREB%":27.114967462,"DREB%":71.298405467,"FTR":0.2660300136,"FFI":32.1267073186,"Py-W":4.5721633412,"Py-L":6.4278366588,"PPR":-1.2606606979,"HHI":0.1269283769},"NU":{"OFF":65.3919209002,"DEF":68.5635689895,"NET":-3.1716480893,"PACE":73.0907639468,"hAST%":13.3326174881,"hTO%":14.3169046852,"TOR":19.900537031,"AR":18.5323751101,"STL%":9.2039983768,"BLK%":6.0606060606,"EFG%":39.5284327323,"TS%":43.3486692391,"PPWS":86.6973384783,"REB%":47.6545842217,"OREB%":30.5732484076,"DREB%":64.8822269807,"FTR":0.2760055479,"FFI":31.0412402499,"Py-W":3.5103608153,"Py-L":7.4896391847,"PPR":-2.7979948462,"HHI":0.0960620756},"FEU":{"OFF":62.6458728754,"DEF":65.9334113936,"NET":-3.2875385182,"PACE":74.6621048218,"hAST%":12.0899346783,"hTO%":14.7064130788,"TOR":19.8469917953,"AR":16.3159319053,"STL%":8.6450086961,"BLK%":8.2375478927,"EFG%":38.2231404959,"TS%":42.2746992704,"PPWS":84.5493985407,"REB%":50.3524672709,"OREB%":29.2531120332,"DREB%":70.2544031311,"FTR":0.2672176309,"FFI":30.1098910166,"Py-W":3.367230452,"Py-L":7.632769548,"PPR":-3.2521474704,"HHI":0.1546166988},"AdU":{"OFF":59.6706067234,"DEF":65.060820009,"NET":-5.3902132856,"PACE":72.1003683977,"hAST%":13.9746984407,"hTO%":17.5603118564,"TOR":24.0825903522,"AR":19.1652027934,"STL%":9.2043408152,"BLK%":11.2980769231,"EFG%":38.6018237082,"TS%":42.3671912768,"PPWS":84.7343825536,"REB%":51.5118790497,"OREB%":29.711751663,"DREB%":72.2105263158,"FTR":0.2993920973,"FFI":31.8946088629,"Py-W":2.2045209673,"Py-L":8.7954790327,"PPR":-4.1451999585,"HHI":0.1138006987},"ADMU":{"OFF":65.0740298303,"DEF":73.184706012,"NET":-8.1106761817,"PACE":72.2952837993,"hAST%":15.4287764621,"hTO%":10.4951560818,"TOR":14.7123893529,"AR":21.628469818,"STL%":9.8082595686,"BLK%":4.8165137615,"EFG%":38.4401114206,"TS%":41.777670138,"PPWS":83.5553402761,"REB%":44.3468715697,"OREB%":26.5225933202,"DREB%":66.9154228856,"FTR":0.3412256267,"FFI":29.4770449716,"Py-W":1.4570677686,"Py-L":9.5429322314,"PPR":-0.1075768348,"HHI":0.1102793531}}