{"DLSU":{"OFF":71.9808024669,"DEF":62.0046373512,"NET":9.9761651157,"PACE":77.3271655471,"hAST%":17.9811661188,"hTO%":16.2510195507,"TOR":24.2938094948,"AR":26.8802226729,"STL%":9.0524461235,"BLK%":7.4013157895,"EFG%":45.6684491979,"TS%":48.808673757,"PPWS":0.9761734751,"REB%":56.694214876,"OREB%":38.3050847458,"DREB%":74.1935483871,"FTR":0.3144385027,"FFI":36.7184265421,"Py-W":12.4386208211,"Py-L":1.5613791789,"PPR":-2.3315182804,"HHI":0.1164414588},"UP":{"OFF":71.968167685,"DEF":64.3087525784,"NET":7.6594151066,"PACE":76.0753007353,"hAST%":16.0215691257,"hTO%":15.1040343299,"TOR":21.6384796411,"AR":22.9529667221,"STL%":10.515896648,"BLK%":8.8679245283,"EFG%":45.818815331,"TS%":48.6247745532,"PPWS":0.9724954911,"REB%":53.2152842498,"OREB%":35.4406130268,"DREB%":70.054446461,"FTR":0.3031358885,"FFI":35.3723069756,"Py-W":10.7524013749,"Py-L":2.2475986251,"PPR":-2.3386210061,"HHI":0.0904074057},"UST":{"OFF":71.8874892445,"DEF":70.9557471107,"NET":0.9317421338,"PACE":74.7447760686,"hAST%":15.9837060617,"hTO%":13.3534759503,"TOR":18.9215325629,"AR":22.648501098,"STL%":9.5563295772,"BLK%":6.0109289617,"EFG%":44.9252136752,"TS%":47.8640146598,"PPWS":0.9572802932,"REB%":49.5262704565,"OREB%":29.7113752122,"DREB%":69.9300699301,"FTR":0.2713675214,"FFI":32.7132564738,"Py-W":7.6333997267,"Py-L":6.3666002733,"PPR":-1.3983019769,"HHI":0.1288686284},"League":{"OFF":66.7924771685,"DEF":66.7924771685,"NET":0.0,"PACE":73.8142612495,"hAST%":14.8030143018,"hTO%":14.7045662019,"TOR":20.5997540922,"AR":20.7376708877,"STL%":9.2278874083,"BLK%":7.6232151082,"EFG%":41.6571018651,"TS%":45.0903966279,"PPWS":0.9018079326,"REB%":50.0,"OREB%":30.9210526316,"DREB%":69.0789473684,"FTR":0.2955523673,"FFI":32.4302753048,"Py-W":6.75,"Py-L":6.75,"PPR":-2.4842911877,"HHI":0.0102353661},"UE":{"OFF":65.1233783026,"DEF":67.052959882,"NET":-1.9295815793,"PACE":71.7572866285,"hAST%":13.2389064344,"hTO%":14.9137078508,"TOR":20.0462086298,"AR":17.7950301206,"STL%":9.3263109668,"BLK%":7.6923076923,"EFG%":41.1392405063,"TS%":44.9560429802,"PPWS":0.8991208596,"REB%":47.0142180095,"OREB%":27.4253731343,"DREB%":67.2447013487,"FTR":0.3189873418,"FFI":31.7371331134,"Py-W":5.1978313338,"Py-L":7.8021686662,"PPR":-3.0200570634,"HHI":0.1219570187},"NU":{"OFF":64.2368977725,"DEF":66.594215122,"NET":-2.3573173495,"PACE":72.7218893411,"hAST%":13.2244874618,"hTO%":14.4397106339,"TOR":19.8407543579,"AR":18.170987902,"STL%":9.4292693978,"BLK%":6.3551401869,"EFG%":39.5027624309,"TS%":43.0864099929,"PPWS":0.8617281999,"REB%":46.7851099831,"OREB%":29.3015332198,"DREB%":64.0336134454,"FTR":0.2685082873,"FFI":30.6492245152,"Py-W":5.2812419433,"Py-L":8.7187580567,"PPR":-2.8517263006,"HHI":0.1020589597},"FEU":{"OFF":63.5538814033,"DEF":66.2920304887,"NET":-2.7381490854,"PACE":74.3463639933,"hAST%":11.9620631711,"hTO%":15.2373899917,"TOR":20.5601369922,"AR":16.1406682929,"STL%":7.9742587399,"BLK%":8.7022900763,"EFG%":38.8706140351,"TS%":43.132115332,"PPWS":0.8626423066,"REB%":50.2369668246,"OREB%":30.1324503311,"DREB%":68.580060423,"FTR":0.2752192982,"FFI":30.843059402,"Py-W":5.0033446836,"Py-L":8.9966553164,"PPR":-3.5533325621,"HHI":0.1491276783},"AdU":{"OFF":59.064931263,"DEF":64.7860910443,"NET":-5.7211597813,"PACE":71.5965643813,"hAST%":13.8685448936,"hTO%":17.4525508773,"TOR":24.0664749485,"AR":19.1242524144,"STL%":8.5951696244,"BLK%":11.2734864301,"EFG%":38.0407124682,"TS%":41.5778009711,"PPWS":0.8315560194,"REB%":51.5179392824,"OREB%":30.0934579439,"DREB%":72.2826086957,"FTR":0.2760814249,"FFI":31.3928166872,"Py-W":2.8148338609,"Py-L":10.1851661391,"PPR":-4.1369913698,"HHI":0.1118001671},"ADMU":{"OFF":65.3546438721,"DEF":72.8122903508,"NET":-7.4576464787,"PACE":71.9447433012,"hAST%":15.3644882561,"hTO%":10.72471705,"TOR":15.0756724515,"AR":21.5977718809,"STL%":9.4089303243,"BLK%":4.8262548263,"EFG%":38.5207100592,"TS%":41.9359486272,"PPWS":0.8387189725,"REB%":44.4751381215,"OREB%":27.135678392,"DREB%":65.6441717791,"FTR":0.3408284024,"FFI":29.7167638504,"Py-W":2.3655993979,"Py-L":10.6344006021,"PPR":-0.2475393514,"HHI":0.1102743799}}