TEAM,OFF,DEF,NET,PACE,AST,TO,EFG%,OREB%,DREB%,FTR,FFI,Py-W,Py-L,HHI
ADMU,66.80566445893756,71.77563603633256,-4.969971577395,72.0996745662,15.95698172597709,9.617906793739616,39.04923599320883,26.442307692307693,68.48484848484848,0.3548387096774194,28.635213279341272,2.4237604667928347,6.576239533207165,0.10836196884615844
AdU,61.23075834545932,67.5048777964172,-6.274119450957883,71.7232120806,14.095624718087507,16.350924672981506,38.837638376383765,29.44297082228117,70.52896725440806,0.31365313653136534,30.216177731225592,1.8426670721776661,7.157332927822334,0.10844744337105594
DLSU,73.76125270594085,62.07440487460997,11.68684783133088,78.293138852,18.522944550669216,16.30360557224802,47.023809523809526,37.5886524822695,74.55357142857143,0.30952380952380953,35.046012841896854,9.167870682621649,0.8321293173783513,0.11282509698094113
FEU,61.87440896680983,65.76238798626827,-3.8879790194584345,75.0175515884,11.949657954744781,14.580775302578495,37.29096989966555,29.62962962962963,70.74340527577938,0.27424749163879597,28.601220086018706,2.699249836423453,6.300750163576547,0.15253232081328222
NU,66.57275566874075,70.96470829966462,-4.391952630923868,72.1015669516,13.648571302778144,13.09822568573064,39.59731543624161,30.256410256410255,65.26315789473684,0.2651006711409396,29.141274714325444,2.62245580813733,6.37754419186267,0.10207489390432099
UE,67.40900803538501,68.85161326571426,-1.4426052303292494,71.4852530907,13.856630067567568,14.252533783783784,43.34763948497854,24.761904761904763,68.26923076923077,0.38412017167381973,31.61637276742561,3.4151338795732293,4.584866120426771,0.12447576799043135
UP,74.98042727030597,64.4459870753043,10.534440195001665,75.6447409876,17.21490717908156,14.306983669101568,48.54932301740813,33.0,70.44198895027624,0.3152804642166344,34.32568208748816,7.1318559176711664,0.8681440823288336,0.0987664776996107
UST,70.40885376039502,72.98357977694955,-2.5747260165545356,75.7362137743,16.738132851876927,13.446926954035957,44.73684210526316,27.20763723150358,71.42857142857143,0.2646616541353383,30.66792083894504,3.776384160984893,6.223615839015107,0.128510981739631
League,68.00277675874618,68.00277675874618,0.0,74.0126689864,15.411618648058564,14.047048246928378,42.32508073196986,29.852216748768473,70.14778325123153,0.3072120559741658,31.02041854388622,4.5,4.5,0.010269414511344341
