{"DLSU":{"OFF":71.9808024669,"DEF":62.0046373512,"NET":9.9761651157,"PACE":77.3271655471,"hAST%":17.9811661188,"hTO%":16.2510195507,"TOR":24.2938094948,"AR":26.8802226729,"STL%":9.0524461235,"BLK%":7.4013157895,"EFG%":45.6684491979,"TS%":48.808673757,"PPWS":0.9761734751,"REB%":56.694214876,"OREB%":38.3050847458,"DREB%":74.1935483871,"FTR":0.3144385027,"FFI":36.7184265421,"Py-W":12.4386208211,"Py-L":1.5613791789,"PPR":-2.3342000384,"HHI":0.1164414588},"UP":{"OFF":72.2513607444,"DEF":64.4346930615,"NET":7.8166676829,"PACE":76.0737031774,"hAST%":16.1256626537,"hTO%":15.1463713995,"TOR":21.7833862153,"AR":23.1917948068,"STL%":10.3283296711,"BLK%":9.1872791519,"EFG%":45.9503239741,"TS%":48.7309066038,"PPWS":0.9746181321,"REB%":53.512575889,"OREB%":35.8156028369,"DREB%":70.4584040747,"FTR":0.3110151188,"FFI":35.6543234927,"Py-W":11.6339006293,"Py-L":2.3660993707,"PPR":-2.3360226547,"HHI":0.0917148296},"UST":{"OFF":71.8874892445,"DEF":70.9557471107,"NET":0.9317421338,"PACE":74.7447760686,"hAST%":15.9837060617,"hTO%":13.3534759503,"TOR":18.9215325629,"AR":22.648501098,"STL%":9.5563295772,"BLK%":6.0109289617,"EFG%":44.9252136752,"TS%":47.8640146598,"PPWS":0.9572802932,"REB%":49.5262704565,"OREB%":29.7113752122,"DREB%":69.9300699301,"FTR":0.2713675214,"FFI":32.7132564738,"Py-W":7.6333997267,"Py-L":6.3666002733,"PPR":-1.3999103313,"HHI":0.1288686284},"League":{"OFF":66.7928734524,"DEF":66.7928734524,"NET":0.0,"PACE":73.899163861,"hAST%":14.8328265379,"hTO%":14.7896827725,"TOR":20.7087206797,"AR":20.7691311834,"STL%":9.2790533734,"BLK%":7.6356329538,"EFG%":41.8018018018,"TS%":45.1867055085,"PPWS":0.9037341102,"REB%":50.0,"OREB%":30.8786078098,"DREB%":69.1213921902,"FTR":0.2964656965,"FFI":32.5206078996,"Py-W":7.0,"Py-L":7.0,"PPR":-2.5188470067,"HHI":0.0101302456},"NU":{"OFF":64.2368977725,"DEF":66.594215122,"NET":-2.3573173495,"PACE":72.7218893411,"hAST%":13.2244874618,"hTO%":14.4397106339,"TOR":19.8407543579,"AR":18.170987902,"STL%":9.4292693978,"BLK%":6.3551401869,"EFG%":39.5027624309,"TS%":43.0864099929,"PPWS":0.8617281999,"REB%":46.7851099831,"OREB%":29.3015332198,"DREB%":64.0336134454,"FTR":0.2685082873,"FFI":30.6492245152,"Py-W":5.2812419433,"Py-L":8.7187580567,"PPR":-2.8550064121,"HHI":0.1020589597},"UE":{"OFF":65.1984315658,"DEF":67.7260788557,"NET":-2.5276472899,"PACE":72.0602347768,"hAST%":13.4967696256,"hTO%":14.8980735758,"TOR":20.0229314729,"AR":18.1395864334,"STL%":9.1193549282,"BLK%":7.7227722772,"EFG%":41.2838633687,"TS%":45.1652109426,"PPWS":0.9033042189,"REB%":46.6960352423,"OREB%":27.1777003484,"DREB%":66.6666666667,"FTR":0.3262661955,"FFI":31.8488112182,"Py-W":5.1902426845,"Py-L":8.8097573155,"PPR":-2.9300552354,"HHI":0.1212761448},"FEU":{"OFF":63.5538814033,"DEF":66.2920304887,"NET":-2.7381490854,"PACE":74.3463639933,"hAST%":11.9620631711,"hTO%":15.2373899917,"TOR":20.5601369922,"AR":16.1406682929,"STL%":7.9742587399,"BLK%":8.7022900763,"EFG%":38.8706140351,"TS%":43.132115332,"PPWS":0.8626423066,"REB%":50.2369668246,"OREB%":30.1324503311,"DREB%":68.580060423,"FTR":0.2752192982,"FFI":30.843059402,"Py-W":5.0033446836,"Py-L":8.9966553164,"PPR":-3.5574196749,"HHI":0.1491276783},"AdU":{"OFF":59.8395776769,"DEF":64.0925152425,"NET":-4.2529375656,"PACE":71.7991125309,"hAST%":14.2721217888,"hTO%":17.5878672549,"TOR":24.2740763976,"AR":19.6978160932,"STL%":8.85406885,"BLK%":11.1328125,"EFG%":39.2307692308,"TS%":42.4194981594,"PPWS":0.8483899632,"REB%":51.5099223469,"OREB%":29.8059964727,"DREB%":72.2972972973,"FTR":0.2698224852,"FFI":31.7693633644,"Py-W":3.8901430035,"Py-L":10.1098569965,"PPR":-4.0805623567,"HHI":0.1085192256},"ADMU":{"OFF":64.6243768149,"DEF":72.5724323543,"NET":-7.9480555393,"PACE":72.1200654524,"hAST%":14.8961525366,"hTO%":11.278515492,"TOR":15.7475492928,"AR":20.7986500094,"STL%":9.9041190521,"BLK%":4.5537340619,"EFG%":38.4785005513,"TS%":41.7963795688,"PPWS":0.8359275914,"REB%":44.7322970639,"OREB%":27.15855573,"DREB%":66.2188099808,"FTR":0.3351708931,"FFI":29.7875620855,"Py-W":2.3255061096,"Py-L":11.6744938904,"PPR":-0.6891576179,"HHI":0.11113225}}