TEAM,OFF,DEF,NET,PACE,AST,TO,EFG%,OREB%,DREB%,FTR,FFI,Py-W,Py-L,HHI
ADMU,66.37999505468666,72.3554936310381,-5.975498576351441,72.169710107,16.351118760757316,9.958200147528892,39.285714285714285,25.619834710743802,68.4931506849315,0.35714285714285715,28.684945550459556,1.853251629894768,6.146748370105232,0.11059623699357768
AdU,63.19231174311398,66.9943387981976,-3.80202705508362,71.5079077716,14.685946678716673,15.941155796555705,39.34426229508197,29.850746268656717,69.67213114754098,0.3012295081967213,30.21158574385388,2.458526295798347,5.541473704201653,0.10952807286375923
DLSU,73.96974958618226,63.719655714954136,10.250093871228124,78.8610663949,18.142507990223727,15.980447452528672,46.666666666666664,39.03061224489796,74.63054187192118,0.3170731707317073,35.223998539754035,7.995919591224913,1.0040804087750868,0.11586530612244897
FEU,61.87440896680983,65.76238798626827,-3.8879790194584345,75.0175515884,11.949657954744781,14.580775302578495,37.29096989966555,29.62962962962963,70.74340527577938,0.27424749163879597,28.601220086018706,2.699249836423453,6.300750163576547,0.15253232081328222
NU,66.57275566874075,70.96470829966462,-4.391952630923868,72.1015669516,13.648571302778144,13.09822568573064,39.59731543624161,30.256410256410255,65.26315789473684,0.2651006711409396,29.141274714325444,2.62245580813733,6.37754419186267,0.10207489390432099
UE,67.40900803538501,68.85161326571426,-1.4426052303292494,71.4852530907,13.856630067567568,14.252533783783784,43.34763948497854,24.761904761904763,68.26923076923077,0.38412017167381973,31.61637276742561,3.4151338795732293,4.584866120426771,0.12447576799043135
UP,74.98042727030597,64.4459870753043,10.534440195001665,75.6447409876,17.21490717908156,14.306983669101568,48.54932301740813,33.0,70.44198895027624,0.3152804642166344,34.32568208748816,7.1318559176711664,0.8681440823288336,0.0987664776996107
UST,70.76436954251204,73.27994991264771,-2.515580370135666,76.1918279146,16.592227741369953,13.148557832783737,45.09966777408638,26.771653543307085,71.96531791907515,0.2691029900332226,30.717882126990236,3.4277475171370266,5.572252482862973,0.13240279114878084
League,68.25195896971398,68.25195896971398,0.0,74.1224531008,15.388270969347923,13.959764197377206,42.40909090909091,29.954876778896217,70.04512322110378,0.3075,31.057052768759906,4.25,4.25,0.010450022014253432
