{"ADMU":{"MINS":2225.0,"FGM":237.0,"FGA":718.0,"2PM":159.0,"2PA":406.0,"3PM":78.0,"3PA":312.0,"FTM":138.0,"FTA":245.0,"PTS":690.0,"OFF":135.0,"DEF":269.0,"REB":404.0,"AST":172.0,"TO":117.0,"STL":78.0,"BLK":21.0,"STK":99.0,"PF":232.0,"Fls on:":242.0,"+\/-":-86.0,"GW":36.0,"GP":11.0,"W":3.0,"L":8.0,"FG%":33.008356546,"2P%":39.1625615764,"3P%":25.0,"FT%":56.3265306122},"AdU":{"MINS":2225.0,"FGM":218.0,"FGA":658.0,"2PM":146.0,"2PA":397.0,"3PM":72.0,"3PA":261.0,"FTM":123.0,"FTA":197.0,"PTS":631.0,"OFF":134.0,"DEF":343.0,"REB":477.0,"AST":152.0,"TO":191.0,"STL":73.0,"BLK":47.0,"STK":120.0,"PF":213.0,"Fls on:":203.0,"+\/-":-57.0,"GW":54.0,"GP":11.0,"W":4.0,"L":7.0,"FG%":33.1306990881,"2P%":36.7758186398,"3P%":27.5862068966,"FT%":62.4365482234},"DLSU":{"MINS":2225.0,"FGM":301.0,"FGA":731.0,"2PM":207.0,"2PA":458.0,"3PM":94.0,"3PA":273.0,"FTM":154.0,"FTA":230.0,"PTS":850.0,"OFF":170.0,"DEF":369.0,"REB":539.0,"AST":237.0,"TO":210.0,"STL":77.0,"BLK":38.0,"STK":115.0,"PF":220.0,"Fls on:":223.0,"+\/-":137.0,"GW":128.0,"GP":11.0,"W":10.0,"L":1.0,"FG%":41.1764705882,"2P%":45.1965065502,"3P%":34.4322344322,"FT%":66.9565217391},"FEU":{"MINS":2050.0,"FGM":232.0,"FGA":672.0,"2PM":190.0,"2PA":468.0,"3PM":42.0,"3PA":204.0,"FTM":121.0,"FTA":177.0,"PTS":627.0,"OFF":132.0,"DEF":326.0,"REB":458.0,"AST":118.0,"TO":145.0,"STL":64.0,"BLK":38.0,"STK":102.0,"PF":172.0,"Fls on:":191.0,"+\/-":-44.0,"GW":32.0,"GP":10.0,"W":3.0,"L":7.0,"FG%":34.5238095238,"2P%":40.5982905983,"3P%":20.5882352941,"FT%":68.3615819209},"NU":{"MINS":2000.0,"FGM":231.0,"FGA":664.0,"2PM":180.0,"2PA":447.0,"3PM":51.0,"3PA":217.0,"FTM":121.0,"FTA":185.0,"PTS":634.0,"OFF":137.0,"DEF":275.0,"REB":412.0,"AST":135.0,"TO":136.0,"STL":64.0,"BLK":22.0,"STK":86.0,"PF":227.0,"Fls on:":199.0,"+\/-":-54.0,"GW":29.0,"GP":10.0,"W":2.0,"L":8.0,"FG%":34.7891566265,"2P%":40.2684563758,"3P%":23.5023041475,"FT%":65.4054054054},"UE":{"MINS":2000.0,"FGM":214.0,"FGA":580.0,"2PM":145.0,"2PA":358.0,"3PM":69.0,"3PA":222.0,"FTM":128.0,"FTA":204.0,"PTS":625.0,"OFF":95.0,"DEF":270.0,"REB":365.0,"AST":133.0,"TO":148.0,"STL":76.0,"BLK":28.0,"STK":104.0,"PF":209.0,"Fls on:":209.0,"+\/-":-3.0,"GW":72.0,"GP":10.0,"W":6.0,"L":4.0,"FG%":36.8965517241,"2P%":40.5027932961,"3P%":31.0810810811,"FT%":62.7450980392},"UP":{"MINS":2000.0,"FGM":282.0,"FGA":642.0,"2PM":222.0,"2PA":435.0,"3PM":60.0,"3PA":207.0,"FTM":126.0,"FTA":201.0,"PTS":750.0,"OFF":123.0,"DEF":312.0,"REB":435.0,"AST":186.0,"TO":156.0,"STL":76.0,"BLK":42.0,"STK":118.0,"PF":216.0,"Fls on:":215.0,"+\/-":124.0,"GW":129.0,"GP":10.0,"W":9.0,"L":1.0,"FG%":43.9252336449,"2P%":51.0344827586,"3P%":28.9855072464,"FT%":62.6865671642},"UST":{"MINS":2225.0,"FGM":287.0,"FGA":733.0,"2PM":200.0,"2PA":415.0,"3PM":87.0,"3PA":318.0,"FTM":129.0,"FTA":195.0,"PTS":790.0,"OFF":125.0,"DEF":313.0,"REB":438.0,"AST":191.0,"TO":156.0,"STL":79.0,"BLK":24.0,"STK":103.0,"PF":226.0,"Fls on:":210.0,"+\/-":-17.0,"GW":63.0,"GP":11.0,"W":5.0,"L":6.0,"FG%":39.1541609823,"2P%":48.1927710843,"3P%":27.358490566,"FT%":66.1538461538},"League":{"MINS":2118.75,"FGM":250.25,"FGA":674.75,"2PM":181.125,"2PA":423.0,"3PM":69.125,"3PA":251.75,"FTM":130.0,"FTA":204.25,"PTS":699.625,"OFF":131.375,"DEF":309.625,"REB":441.0,"AST":165.5,"TO":157.375,"STL":73.375,"BLK":32.5,"STK":105.875,"PF":214.375,"Fls on:":211.5,"+\/-":0.0,"GW":67.875,"GP":10.5,"W":5.25,"L":5.25,"FG%":37.0878103001,"2P%":42.8191489362,"3P%":27.457795432,"FT%":63.6474908201}}