TEAM,OFF,DEF,NET,PACE,AST,TO,EFG%,OREB%,DREB%,FTR,FFI,Py-W,Py-L,HHI
UP,74.63401221868243,62.29452219852694,12.339490020155488,75.3677825,17.343627615530938,14.546268322703368,48.598130841121495,32.8,69.64285714285714,0.3130841121495327,34.332081099367436,9.251073923232829,0.7489260767671713,0.09471644444444444
DLSU,74.2939179042015,62.319486430230214,11.974431473971293,78.0071196801,18.527204502814257,16.416510318949342,47.60601915184679,37.44493392070485,75.15274949083503,0.3146374829001368,35.35508426811907,10.121944336947681,0.8780556630523186,0.11722352941176471
League,67.40517917000703,67.40517917000703,0.0,74.1180136254,15.218460774532298,14.471330902670818,42.21007780659504,29.790249433106577,70.20975056689342,0.30270470544646166,31.00048431662396,5.25,5.25,0.010064397043484195
UE,65.30945800794785,65.622943406386,-0.3134853984381465,71.7736778558,13.98880895283773,15.566494173082587,42.8448275862069,24.111675126903553,67.66917293233082,0.35172413793103446,31.12775167209963,4.833540869667,5.166459130333,0.12693248000000001
UST,71.06646986338069,72.59574832879521,-1.5292784654145208,75.7933192224,16.383599245153544,13.381369016984046,45.08867667121419,27.114967462039047,71.2984054669704,0.2660300136425648,30.794256619777972,4.69147744052558,6.30852255947442,0.12692837686268227
FEU,62.57745656836298,66.96885702930074,-4.391400460937753,75.1468701011,11.649948661243188,14.315614880341206,37.648809523809526,29.662921348314608,71.0239651416122,0.26339285714285715,28.521904656414893,2.802115864479485,7.197884135520515,0.15321433931355866
AdU,59.670606723410685,65.06082000904367,-5.390213285632981,72.1003683977,13.974698440717857,17.56031185642836,38.60182370820669,29.711751662971174,72.21052631578948,0.2993920972644377,30.26403923895057,2.5404042093116885,8.459595790688311,0.11380069871232995
NU,65.62269542618658,71.2120101785747,-5.58931475238812,72.4596874468,13.282172373081464,13.38055883510429,38.62951807228915,31.20728929384966,66.26506024096386,0.2786144578313253,29.21762166393155,2.4287126310503258,7.571287368949674,0.10078715083242942
ADMU,65.07402983025635,73.18470601199844,-8.110676181742093,72.2952837993,15.428776462145677,10.495156081808396,38.440111420612816,26.522593320235757,66.91542288557214,0.3412256267409471,28.422736653858582,1.7962927107431184,9.203707289256881,0.11027935307708463
