{"ADMU":{"OFF":66.3799950547,"DEF":72.355493631,"NET":-5.9754985764,"PACE":72.169710107,"AST":16.3511187608,"TO":9.9582001475,"EFG%":39.2857142857,"OREB%":25.6198347107,"DREB%":68.4931506849,"FTR":0.3571428571,"FFI":28.6849455505,"Py-W":1.8532516299,"Py-L":6.1467483701,"HHI":0.110596237},"AdU":{"OFF":63.1923117431,"DEF":66.9943387982,"NET":-3.8020270551,"PACE":71.5079077716,"AST":14.6859466787,"TO":15.9411557966,"EFG%":39.3442622951,"OREB%":29.8507462687,"DREB%":69.6721311475,"FTR":0.3012295082,"FFI":30.2115857439,"Py-W":2.4585262958,"Py-L":5.5414737042,"HHI":0.1095280729},"DLSU":{"OFF":73.9697495862,"DEF":63.719655715,"NET":10.2500938712,"PACE":78.8610663949,"AST":18.1425079902,"TO":15.9804474525,"EFG%":46.6666666667,"OREB%":39.0306122449,"DREB%":74.6305418719,"FTR":0.3170731707,"FFI":35.2239985398,"Py-W":7.9959195912,"Py-L":1.0040804088,"HHI":0.1158653061},"FEU":{"OFF":61.8744089668,"DEF":65.7623879863,"NET":-3.8879790195,"PACE":75.0175515884,"AST":11.9496579547,"TO":14.5807753026,"EFG%":37.2909698997,"OREB%":29.6296296296,"DREB%":70.7434052758,"FTR":0.2742474916,"FFI":28.601220086,"Py-W":2.6992498364,"Py-L":6.3007501636,"HHI":0.1525323208},"NU":{"OFF":66.5727556687,"DEF":70.9647082997,"NET":-4.3919526309,"PACE":72.1015669516,"AST":13.6485713028,"TO":13.0982256857,"EFG%":39.5973154362,"OREB%":30.2564102564,"DREB%":65.2631578947,"FTR":0.2651006711,"FFI":29.1412747143,"Py-W":2.6224558081,"Py-L":6.3775441919,"HHI":0.1020748939},"UE":{"OFF":67.4090080354,"DEF":68.8516132657,"NET":-1.4426052303,"PACE":71.4852530907,"AST":13.8566300676,"TO":14.2525337838,"EFG%":43.347639485,"OREB%":24.7619047619,"DREB%":68.2692307692,"FTR":0.3841201717,"FFI":31.6163727674,"Py-W":3.4151338796,"Py-L":4.5848661204,"HHI":0.124475768},"UP":{"OFF":74.9804272703,"DEF":64.4459870753,"NET":10.534440195,"PACE":75.6447409876,"AST":17.2149071791,"TO":14.3069836691,"EFG%":48.5493230174,"OREB%":33.0,"DREB%":70.4419889503,"FTR":0.3152804642,"FFI":34.3256820875,"Py-W":7.1318559177,"Py-L":0.8681440823,"HHI":0.0987664777},"UST":{"OFF":70.7643695425,"DEF":73.2799499126,"NET":-2.5155803701,"PACE":76.1918279146,"AST":16.5922277414,"TO":13.1485578328,"EFG%":45.0996677741,"OREB%":26.7716535433,"DREB%":71.9653179191,"FTR":0.26910299,"FFI":30.717882127,"Py-W":3.4277475171,"Py-L":5.5722524829,"HHI":0.1324027911},"League":{"OFF":68.2519589697,"DEF":68.2519589697,"NET":0.0,"PACE":74.1224531008,"AST":15.3882709693,"TO":13.9597641974,"EFG%":42.4090909091,"OREB%":29.9548767789,"DREB%":70.0451232211,"FTR":0.3075,"FFI":31.0570527688,"Py-W":4.25,"Py-L":4.25,"HHI":0.010450022}}