{"ADMU":{"MINS":1825.0,"FGM":197.0,"FGA":589.0,"2PM":131.0,"2PA":330.0,"3PM":66.0,"3PA":259.0,"FTM":118.0,"FTA":209.0,"PTS":578.0,"OFF":110.0,"DEF":226.0,"REB":336.0,"AST":146.0,"TO":88.0,"STL":66.0,"BLK":20.0,"STK":86.0,"PF":194.0,"Fls on:":201.0,"+\/-":-43.0,"GP":9.0,"W":3.0,"L":6.0,"FG%":33.4465195246,"2P%":39.696969697,"3P%":25.4826254826,"FT%":56.4593301435},"AdU":{"MINS":1825.0,"FGM":182.0,"FGA":542.0,"2PM":125.0,"2PA":344.0,"3PM":57.0,"3PA":198.0,"FTM":106.0,"FTA":170.0,"PTS":527.0,"OFF":111.0,"DEF":280.0,"REB":391.0,"AST":125.0,"TO":145.0,"STL":61.0,"BLK":43.0,"STK":104.0,"PF":178.0,"Fls on:":169.0,"+\/-":-54.0,"GP":9.0,"W":3.0,"L":6.0,"FG%":33.5793357934,"2P%":36.3372093023,"3P%":28.7878787879,"FT%":62.3529411765},"DLSU":{"MINS":2025.0,"FGM":274.0,"FGA":672.0,"2PM":190.0,"2PA":425.0,"3PM":84.0,"3PA":247.0,"FTM":138.0,"FTA":208.0,"PTS":770.0,"OFF":159.0,"DEF":334.0,"REB":493.0,"AST":217.0,"TO":191.0,"STL":74.0,"BLK":35.0,"STK":109.0,"PF":197.0,"Fls on:":202.0,"+\/-":122.0,"GP":10.0,"W":9.0,"L":1.0,"FG%":40.7738095238,"2P%":44.7058823529,"3P%":34.008097166,"FT%":66.3461538462},"FEU":{"MINS":1850.0,"FGM":207.0,"FGA":598.0,"2PM":175.0,"2PA":423.0,"3PM":32.0,"3PA":175.0,"FTM":111.0,"FTA":164.0,"PTS":557.0,"OFF":120.0,"DEF":295.0,"REB":415.0,"AST":109.0,"TO":133.0,"STL":56.0,"BLK":34.0,"STK":90.0,"PF":156.0,"Fls on:":175.0,"+\/-":-35.0,"GP":9.0,"W":3.0,"L":6.0,"FG%":34.6153846154,"2P%":41.3711583924,"3P%":18.2857142857,"FT%":67.6829268293},"NU":{"MINS":1800.0,"FGM":213.0,"FGA":596.0,"2PM":167.0,"2PA":404.0,"3PM":46.0,"3PA":192.0,"FTM":104.0,"FTA":158.0,"PTS":576.0,"OFF":118.0,"DEF":248.0,"REB":366.0,"AST":124.0,"TO":119.0,"STL":52.0,"BLK":22.0,"STK":74.0,"PF":207.0,"Fls on:":173.0,"+\/-":-38.0,"GP":9.0,"W":2.0,"L":7.0,"FG%":35.7382550336,"2P%":41.3366336634,"3P%":23.9583333333,"FT%":65.8227848101},"UE":{"MINS":1600.0,"FGM":175.0,"FGA":466.0,"2PM":121.0,"2PA":294.0,"3PM":54.0,"3PA":172.0,"FTM":110.0,"FTA":179.0,"PTS":514.0,"OFF":78.0,"DEF":213.0,"REB":291.0,"AST":105.0,"TO":108.0,"STL":59.0,"BLK":23.0,"STK":82.0,"PF":169.0,"Fls on:":177.0,"+\/-":-11.0,"GP":8.0,"W":5.0,"L":3.0,"FG%":37.5536480687,"2P%":41.156462585,"3P%":31.3953488372,"FT%":61.4525139665},"UP":{"MINS":1600.0,"FGM":226.0,"FGA":517.0,"2PM":176.0,"2PA":356.0,"3PM":50.0,"3PA":161.0,"FTM":103.0,"FTA":163.0,"PTS":605.0,"OFF":99.0,"DEF":255.0,"REB":354.0,"AST":148.0,"TO":123.0,"STL":55.0,"BLK":36.0,"STK":91.0,"PF":178.0,"Fls on:":178.0,"+\/-":85.0,"GP":8.0,"W":7.0,"L":1.0,"FG%":43.7137330754,"2P%":49.4382022472,"3P%":31.0559006211,"FT%":63.1901840491},"UST":{"MINS":2025.0,"FGM":260.0,"FGA":665.0,"2PM":185.0,"2PA":382.0,"3PM":75.0,"3PA":283.0,"FTM":116.0,"FTA":176.0,"PTS":711.0,"OFF":114.0,"DEF":285.0,"REB":399.0,"AST":178.0,"TO":143.0,"STL":75.0,"BLK":20.0,"STK":95.0,"PF":210.0,"Fls on:":194.0,"+\/-":-26.0,"GP":10.0,"W":4.0,"L":6.0,"FG%":39.0977443609,"2P%":48.4293193717,"3P%":26.5017667845,"FT%":65.9090909091},"League":{"MINS":1818.75,"FGM":216.75,"FGA":580.625,"2PM":158.75,"2PA":369.75,"3PM":58.0,"3PA":210.875,"FTM":113.25,"FTA":178.375,"PTS":604.75,"OFF":113.625,"DEF":267.0,"REB":380.625,"AST":144.0,"TO":131.25,"STL":62.25,"BLK":29.125,"STK":91.375,"PF":186.125,"Fls on:":183.625,"+\/-":0.0,"GP":9.0,"W":4.5,"L":4.5,"FG%":37.3304628633,"2P%":42.9344151454,"3P%":27.5044457617,"FT%":63.4898388227}}