{"ADMU":{"OFF":66.8056644589,"DEF":71.7756360363,"NET":-4.9699715774,"PACE":72.0996745662,"AST":15.956981726,"TO":9.6179067937,"EFG%":39.0492359932,"OREB%":26.4423076923,"DREB%":68.4848484848,"FTR":0.3548387097,"FFI":28.6352132793,"Py-W":2.4237604668,"Py-L":6.5762395332,"HHI":0.1083619688},"AdU":{"OFF":61.2307583455,"DEF":67.5048777964,"NET":-6.274119451,"PACE":71.7232120806,"AST":14.0956247181,"TO":16.350924673,"EFG%":38.8376383764,"OREB%":29.4429708223,"DREB%":70.5289672544,"FTR":0.3136531365,"FFI":30.2161777312,"Py-W":1.8426670722,"Py-L":7.1573329278,"HHI":0.1084474434},"DLSU":{"OFF":73.7612527059,"DEF":62.0744048746,"NET":11.6868478313,"PACE":78.293138852,"AST":18.5229445507,"TO":16.3036055722,"EFG%":47.0238095238,"OREB%":37.5886524823,"DREB%":74.5535714286,"FTR":0.3095238095,"FFI":35.0460128419,"Py-W":9.1678706826,"Py-L":0.8321293174,"HHI":0.112825097},"FEU":{"OFF":61.8744089668,"DEF":65.7623879863,"NET":-3.8879790195,"PACE":75.0175515884,"AST":11.9496579547,"TO":14.5807753026,"EFG%":37.2909698997,"OREB%":29.6296296296,"DREB%":70.7434052758,"FTR":0.2742474916,"FFI":28.601220086,"Py-W":2.6992498364,"Py-L":6.3007501636,"HHI":0.1525323208},"NU":{"OFF":66.5727556687,"DEF":70.9647082997,"NET":-4.3919526309,"PACE":72.1015669516,"AST":13.6485713028,"TO":13.0982256857,"EFG%":39.5973154362,"OREB%":30.2564102564,"DREB%":65.2631578947,"FTR":0.2651006711,"FFI":29.1412747143,"Py-W":2.6224558081,"Py-L":6.3775441919,"HHI":0.1020748939},"UE":{"OFF":67.4090080354,"DEF":68.8516132657,"NET":-1.4426052303,"PACE":71.4852530907,"AST":13.8566300676,"TO":14.2525337838,"EFG%":43.347639485,"OREB%":24.7619047619,"DREB%":68.2692307692,"FTR":0.3841201717,"FFI":31.6163727674,"Py-W":3.4151338796,"Py-L":4.5848661204,"HHI":0.124475768},"UP":{"OFF":74.9804272703,"DEF":64.4459870753,"NET":10.534440195,"PACE":75.6447409876,"AST":17.2149071791,"TO":14.3069836691,"EFG%":48.5493230174,"OREB%":33.0,"DREB%":70.4419889503,"FTR":0.3152804642,"FFI":34.3256820875,"Py-W":7.1318559177,"Py-L":0.8681440823,"HHI":0.0987664777},"UST":{"OFF":70.4088537604,"DEF":72.9835797769,"NET":-2.5747260166,"PACE":75.7362137743,"AST":16.7381328519,"TO":13.446926954,"EFG%":44.7368421053,"OREB%":27.2076372315,"DREB%":71.4285714286,"FTR":0.2646616541,"FFI":30.6679208389,"Py-W":3.776384161,"Py-L":6.223615839,"HHI":0.1285109817},"League":{"OFF":68.0027767587,"DEF":68.0027767587,"NET":0.0,"PACE":74.0126689864,"AST":15.4116186481,"TO":14.0470482469,"EFG%":42.325080732,"OREB%":29.8522167488,"DREB%":70.1477832512,"FTR":0.307212056,"FFI":31.0204185439,"Py-W":4.5,"Py-L":4.5,"HHI":0.0102694145}}