{"UP":{"2PM":125.0,"2PA":323.0,"3PM":52.0,"3PA":194.0,"FTM":114.0,"FTA":186.0,"OFF":107.0,"DEF":201.0,"AST":110.0,"TO":124.0,"STL":58.0,"BLK":27.0,"PF":180.0,"Fls on:":173.0,"+\/-":-85.0,"GW":11.0,"GP":8.0,"MINS":1600.0,"FGM":177.0,"FGA":517.0,"FG%":34.2359767892,"2P%":38.6996904025,"3P%":26.8041237113,"FT%":61.2903225806,"PTS":520.0,"REB":308.0,"STK":85.0},"ADMU":{"2PM":179.0,"2PA":352.0,"3PM":46.0,"3PA":190.0,"FTM":125.0,"FTA":185.0,"OFF":104.0,"DEF":306.0,"AST":146.0,"TO":139.0,"STL":33.0,"BLK":28.0,"PF":205.0,"Fls on:":194.0,"+\/-":43.0,"GW":73.0,"GP":9.0,"MINS":1800.0,"FGM":225.0,"FGA":542.0,"FG%":41.5129151292,"2P%":50.8522727273,"3P%":24.2105263158,"FT%":67.5675675676,"PTS":621.0,"REB":410.0,"STK":61.0},"FEU":{"2PM":164.0,"2PA":435.0,"3PM":60.0,"3PA":197.0,"FTM":84.0,"FTA":146.0,"OFF":122.0,"DEF":285.0,"AST":160.0,"TO":115.0,"STL":64.0,"BLK":30.0,"PF":177.0,"Fls on:":154.0,"+\/-":35.0,"GW":85.0,"GP":9.0,"MINS":1800.0,"FGM":224.0,"FGA":632.0,"FG%":35.4430379747,"2P%":37.7011494253,"3P%":30.4568527919,"FT%":57.5342465753,"PTS":592.0,"REB":407.0,"STK":94.0},"UE":{"2PM":130.0,"2PA":293.0,"3PM":57.0,"3PA":196.0,"FTM":94.0,"FTA":167.0,"OFF":99.0,"DEF":237.0,"AST":149.0,"TO":122.0,"STL":49.0,"BLK":32.0,"PF":177.0,"Fls on:":164.0,"+\/-":11.0,"GW":40.0,"GP":8.0,"MINS":1600.0,"FGM":187.0,"FGA":489.0,"FG%":38.2413087935,"2P%":44.3686006826,"3P%":29.0816326531,"FT%":56.2874251497,"PTS":525.0,"REB":336.0,"STK":81.0},"DLSU":{"2PM":184.0,"2PA":426.0,"3PM":55.0,"3PA":240.0,"FTM":115.0,"FTA":195.0,"OFF":114.0,"DEF":264.0,"AST":127.0,"TO":152.0,"STL":102.0,"BLK":31.0,"PF":206.0,"Fls on:":194.0,"+\/-":-122.0,"GW":11.0,"GP":10.0,"MINS":2000.0,"FGM":239.0,"FGA":666.0,"FG%":35.8858858859,"2P%":43.1924882629,"3P%":22.9166666667,"FT%":58.9743589744,"PTS":648.0,"REB":378.0,"STK":133.0},"NU":{"2PM":154.0,"2PA":362.0,"3PM":59.0,"3PA":212.0,"FTM":129.0,"FTA":192.0,"OFF":132.0,"DEF":272.0,"AST":140.0,"TO":127.0,"STL":57.0,"BLK":29.0,"PF":176.0,"Fls on:":206.0,"+\/-":38.0,"GW":87.0,"GP":9.0,"MINS":1800.0,"FGM":213.0,"FGA":574.0,"FG%":37.1080139373,"2P%":42.5414364641,"3P%":27.8301886792,"FT%":67.1875,"PTS":614.0,"REB":404.0,"STK":86.0},"UST":{"2PM":195.0,"2PA":412.0,"3PM":70.0,"3PA":233.0,"FTM":137.0,"FTA":196.0,"OFF":114.0,"DEF":305.0,"AST":173.0,"TO":147.0,"STL":66.0,"BLK":35.0,"PF":199.0,"Fls on:":207.0,"+\/-":26.0,"GW":78.0,"GP":10.0,"MINS":2000.0,"FGM":265.0,"FGA":645.0,"FG%":41.0852713178,"2P%":47.3300970874,"3P%":30.0429184549,"FT%":69.8979591837,"PTS":737.0,"REB":419.0,"STK":101.0},"AdU":{"2PM":139.0,"2PA":355.0,"3PM":65.0,"3PA":225.0,"FTM":108.0,"FTA":160.0,"OFF":117.0,"DEF":266.0,"AST":147.0,"TO":124.0,"STL":69.0,"BLK":21.0,"PF":169.0,"Fls on:":177.0,"+\/-":54.0,"GW":78.0,"GP":9.0,"MINS":1800.0,"FGM":204.0,"FGA":580.0,"FG%":35.1724137931,"2P%":39.1549295775,"3P%":28.8888888889,"FT%":67.5,"PTS":581.0,"REB":383.0,"STK":90.0},"League":{"2PM":158.75,"2PA":369.75,"3PM":58.0,"3PA":210.875,"FTM":113.25,"FTA":178.375,"OFF":113.625,"DEF":267.0,"AST":144.0,"TO":131.25,"STL":62.25,"BLK":29.125,"PF":186.125,"Fls on:":183.625,"+\/-":0.0,"GW":57.875,"GP":9.0,"MINS":1800.0,"FGM":216.75,"FGA":580.625,"FG%":37.3304628633,"2P%":42.9344151454,"3P%":27.5044457617,"FT%":63.4898388227,"PTS":604.75,"REB":380.625,"STK":91.375}}