{"DLSU":{"OFF":73.7612527059,"DEF":62.0744048746,"NET":11.6868478313,"PACE":78.293138852,"hAST%":18.5229445507,"hTO%":16.3036055722,"TOR":24.3954965659,"AR":27.7163495016,"STL%":9.4516583554,"BLK%":8.2159624413,"EFG%":47.0238095238,"TS%":50.4243503772,"PPWS":1.0084870075,"REB%":56.6016073479,"OREB%":37.5886524823,"DREB%":74.5535714286,"FTR":0.3095238095,"FFI":37.0689855903,"Py-W":9.4047547145,"Py-L":0.5952452855,"PPR":-2.1629719077,"HHI":0.112825097},"UP":{"OFF":74.9804272703,"DEF":64.4459870753,"NET":10.534440195,"PACE":75.6447409876,"hAST%":17.2149071791,"hTO%":14.3069836691,"TOR":20.3252728468,"AR":24.4564258645,"STL%":9.0885366388,"BLK%":11.1455108359,"EFG%":48.5493230174,"TS%":51.3826606876,"PPWS":1.0276532138,"REB%":53.4743202417,"OREB%":33.0,"DREB%":70.4419889503,"FTR":0.3152804642,"FFI":35.8302543819,"Py-W":7.3481529683,"Py-L":0.6518470317,"PPR":-1.488020616,"HHI":0.0987664777},"League":{"OFF":68.0027767587,"DEF":68.0027767587,"NET":0.0,"PACE":74.0126689864,"hAST%":15.4116186481,"hTO%":14.0470482469,"TOR":19.6783562344,"AR":21.5899679829,"STL%":9.3331632426,"BLK%":7.876943881,"EFG%":42.325080732,"TS%":45.8762573774,"PPWS":0.9175251475,"REB%":50.0,"OREB%":29.8522167488,"DREB%":70.1477832512,"FTR":0.307212056,"FFI":32.4282455408,"Py-W":4.5,"Py-L":4.5,"PPR":-1.9381443299,"HHI":0.0102694145},"UE":{"OFF":67.4090080354,"DEF":68.8516132657,"NET":-1.4426052303,"PACE":71.4852530907,"hAST%":13.8566300676,"hTO%":14.2525337838,"TOR":18.8850139243,"AR":18.3604302042,"STL%":10.3168131624,"BLK%":7.8498293515,"EFG%":43.347639485,"TS%":47.1767383802,"PPWS":0.9435347676,"REB%":46.4114832536,"OREB%":24.7619047619,"DREB%":68.2692307692,"FTR":0.3841201717,"FFI":32.7744928026,"Py-W":3.3288080957,"Py-L":4.6711919043,"PPR":-2.4589699447,"HHI":0.124475768},"UST":{"OFF":70.4088537604,"DEF":72.9835797769,"NET":-2.5747260166,"PACE":75.7362137743,"hAST%":16.7381328519,"hTO%":13.446926954,"TOR":18.8813241214,"AR":23.502627228,"STL%":9.9027923714,"BLK%":4.854368932,"EFG%":44.7368421053,"TS%":47.8826571844,"PPWS":0.9576531437,"REB%":48.7775061125,"OREB%":27.2076372315,"DREB%":71.4285714286,"FTR":0.2646616541,"FFI":32.0265201308,"Py-W":3.6016515501,"Py-L":6.3983484499,"PPR":-1.1742999802,"HHI":0.1285109817},"FEU":{"OFF":61.8744089668,"DEF":65.7623879863,"NET":-3.8879790195,"PACE":75.0175515884,"hAST%":11.9496579547,"hTO%":14.5807753026,"TOR":19.6990936986,"AR":16.1443700237,"STL%":8.2943552415,"BLK%":7.816091954,"EFG%":37.2909698997,"TS%":41.5572400621,"PPWS":0.8311448012,"REB%":50.4866180049,"OREB%":29.6296296296,"DREB%":70.7434052758,"FTR":0.2742474916,"FFI":29.880799685,"Py-W":2.4648536281,"Py-L":6.5351463719,"PPR":-3.2175756886,"HHI":0.1525323208},"NU":{"OFF":66.5727556687,"DEF":70.9647082997,"NET":-4.3919526309,"PACE":72.1015669516,"hAST%":13.6485713028,"hTO%":13.0982256857,"TOR":18.3383285291,"AR":19.1088465345,"STL%":8.0133872564,"BLK%":6.0773480663,"EFG%":39.5973154362,"TS%":43.2744320231,"PPWS":0.8654886405,"REB%":47.5324675325,"OREB%":30.2564102564,"DREB%":65.2631578947,"FTR":0.2651006711,"FFI":30.4513004252,"Py-W":2.3813983152,"Py-L":6.6186016848,"PPR":-2.0720207517,"HHI":0.1020748939},"ADMU":{"OFF":66.8056644589,"DEF":71.7756360363,"NET":-4.9699715774,"PACE":72.0996745662,"hAST%":15.956981726,"hTO%":9.6179067937,"TOR":13.5614728313,"AR":22.4997162884,"STL%":10.1711046235,"BLK%":5.6818181818,"EFG%":39.0492359932,"TS%":42.4400845865,"PPWS":0.8488016917,"REB%":45.0402144772,"OREB%":26.4423076923,"DREB%":68.4848484848,"FTR":0.3548387097,"FFI":29.6211047887,"Py-W":2.1675013114,"Py-L":6.8324986886,"PPR":0.5249847271,"HHI":0.1083619688},"AdU":{"OFF":61.2307583455,"DEF":67.5048777964,"NET":-6.274119451,"PACE":71.7232120806,"hAST%":14.0956247181,"hTO%":16.350924673,"TOR":22.4628967997,"AR":19.3645662067,"STL%":9.4499083089,"BLK%":12.1126760563,"EFG%":38.8376383764,"TS%":42.7204928664,"PPWS":0.8544098573,"REB%":50.5167958656,"OREB%":29.4429708223,"DREB%":70.5289672544,"FTR":0.3136531365,"FFI":31.7441707629,"Py-W":1.5617826377,"Py-L":7.4382173623,"PPR":-3.4868554167,"HHI":0.1084474434}}