{"ADMU":{"MINS":2425.0,"FGM":256.0,"FGA":781.0,"2PM":173.0,"2PA":441.0,"3PM":83.0,"3PA":340.0,"FTM":149.0,"FTA":264.0,"PTS":744.0,"OFF":147.0,"DEF":293.0,"REB":440.0,"AST":185.0,"TO":130.0,"STL":84.0,"BLK":24.0,"STK":108.0,"PF":245.0,"Fls on:":257.0,"+\/-":-97.0,"GW":36.0,"GP":12.0,"W":3.0,"L":9.0,"FG%":32.7784891165,"2P%":39.2290249433,"3P%":24.4117647059,"FT%":56.4393939394},"AdU":{"MINS":2425.0,"FGM":238.0,"FGA":719.0,"2PM":157.0,"2PA":425.0,"3PM":81.0,"3PA":294.0,"FTM":127.0,"FTA":201.0,"PTS":684.0,"OFF":142.0,"DEF":374.0,"REB":516.0,"AST":165.0,"TO":211.0,"STL":77.0,"BLK":49.0,"STK":126.0,"PF":229.0,"Fls on:":215.0,"+\/-":-45.0,"GW":70.0,"GP":12.0,"W":5.0,"L":7.0,"FG%":33.1015299026,"2P%":36.9411764706,"3P%":27.5510204082,"FT%":63.184079602},"DLSU":{"MINS":2425.0,"FGM":325.0,"FGA":806.0,"2PM":229.0,"2PA":507.0,"3PM":96.0,"3PA":299.0,"FTM":162.0,"FTA":246.0,"PTS":908.0,"OFF":192.0,"DEF":403.0,"REB":595.0,"AST":253.0,"TO":224.0,"STL":84.0,"BLK":42.0,"STK":126.0,"PF":238.0,"Fls on:":237.0,"+\/-":142.0,"GW":140.0,"GP":12.0,"W":11.0,"L":1.0,"FG%":40.3225806452,"2P%":45.16765286,"3P%":32.1070234114,"FT%":65.8536585366},"FEU":{"MINS":2650.0,"FGM":299.0,"FGA":855.0,"2PM":242.0,"2PA":588.0,"3PM":57.0,"3PA":267.0,"FTM":149.0,"FTA":221.0,"PTS":804.0,"OFF":170.0,"DEF":424.0,"REB":594.0,"AST":152.0,"TO":196.0,"STL":78.0,"BLK":53.0,"STK":131.0,"PF":215.0,"Fls on:":240.0,"+\/-":-30.0,"GW":52.0,"GP":13.0,"W":5.0,"L":8.0,"FG%":34.9707602339,"2P%":41.156462585,"3P%":21.3483146067,"FT%":67.4208144796},"NU":{"MINS":2600.0,"FGM":293.0,"FGA":837.0,"2PM":222.0,"2PA":553.0,"3PM":71.0,"3PA":284.0,"FTM":152.0,"FTA":233.0,"PTS":809.0,"OFF":163.0,"DEF":358.0,"REB":521.0,"AST":173.0,"TO":191.0,"STL":88.0,"BLK":31.0,"STK":119.0,"PF":281.0,"Fls on:":249.0,"+\/-":-41.0,"GW":57.0,"GP":13.0,"W":4.0,"L":9.0,"FG%":35.0059737157,"2P%":40.1446654611,"3P%":25.0,"FT%":65.2360515021},"UE":{"MINS":2400.0,"FGM":258.0,"FGA":720.0,"2PM":176.0,"2PA":442.0,"3PM":82.0,"3PA":278.0,"FTM":145.0,"FTA":233.0,"PTS":743.0,"OFF":128.0,"DEF":322.0,"REB":450.0,"AST":157.0,"TO":176.0,"STL":83.0,"BLK":33.0,"STK":116.0,"PF":252.0,"Fls on:":248.0,"+\/-":-20.0,"GW":72.0,"GP":12.0,"W":6.0,"L":6.0,"FG%":35.8333333333,"2P%":39.8190045249,"3P%":29.4964028777,"FT%":62.2317596567},"UP":{"MINS":2200.0,"FGM":299.0,"FGA":707.0,"2PM":235.0,"2PA":471.0,"3PM":64.0,"3PA":236.0,"FTM":135.0,"FTA":225.0,"PTS":797.0,"OFF":147.0,"DEF":337.0,"REB":484.0,"AST":194.0,"TO":185.0,"STL":82.0,"BLK":44.0,"STK":126.0,"PF":235.0,"Fls on:":241.0,"+\/-":104.0,"GW":129.0,"GP":11.0,"W":9.0,"L":2.0,"FG%":42.2913719943,"2P%":49.8938428875,"3P%":27.1186440678,"FT%":60.0},"UST":{"MINS":2625.0,"FGM":337.0,"FGA":868.0,"2PM":237.0,"2PA":496.0,"3PM":100.0,"3PA":372.0,"FTM":154.0,"FTA":240.0,"PTS":928.0,"OFF":160.0,"DEF":369.0,"REB":529.0,"AST":218.0,"TO":189.0,"STL":93.0,"BLK":27.0,"STK":120.0,"PF":270.0,"Fls on:":248.0,"+\/-":-13.0,"GW":74.0,"GP":13.0,"W":6.0,"L":7.0,"FG%":38.8248847926,"2P%":47.7822580645,"3P%":26.8817204301,"FT%":64.1666666667},"League":{"MINS":2468.75,"FGM":288.125,"FGA":786.625,"2PM":208.875,"2PA":490.375,"3PM":79.25,"3PA":296.25,"FTM":146.625,"FTA":232.875,"PTS":802.125,"OFF":156.125,"DEF":360.0,"REB":516.125,"AST":187.125,"TO":187.75,"STL":83.625,"BLK":37.875,"STK":121.5,"PF":245.625,"Fls on:":241.875,"+\/-":0.0,"GW":78.75,"GP":12.25,"W":6.125,"L":6.125,"FG%":36.6279993644,"2P%":42.5949528422,"3P%":26.7510548523,"FT%":62.962962963}}