{"DLSU":{"OFF":73.1854269969,"DEF":61.7401289423,"NET":11.4452980546,"PACE":77.5427599847,"hAST%":18.1852160662,"hTO%":16.1007446594,"TOR":24.0727395702,"AR":27.1892996038,"STL%":9.0272773388,"BLK%":8.2514734774,"EFG%":46.2779156328,"TS%":49.6587329366,"PPWS":0.9931746587,"REB%":56.9377990431,"OREB%":37.8698224852,"DREB%":74.907063197,"FTR":0.3052109181,"FFI":36.6814794144,"Py-W":11.2590506672,"Py-L":0.7409493328,"PPR":-2.177097346,"HHI":0.1165921132},"UP":{"OFF":71.7590032687,"DEF":62.3952186514,"NET":9.3637846172,"PACE":75.7269563618,"hAST%":16.3713080169,"hTO%":15.611814346,"TOR":22.2089763358,"AR":23.2894130224,"STL%":9.8439787002,"BLK%":10.0917431193,"EFG%":46.8175388967,"TS%":49.4416873449,"PPWS":0.9888337469,"REB%":53.3627342889,"OREB%":34.4262295082,"DREB%":70.2083333333,"FTR":0.3182461103,"FFI":35.9381971992,"Py-W":9.9389427869,"Py-L":1.0610572131,"PPR":-2.4721000678,"HHI":0.091817024},"League":{"OFF":66.3898122134,"DEF":66.3898122134,"NET":0.0,"PACE":73.9850570134,"hAST%":14.8046029756,"hTO%":14.8540505473,"TOR":20.7194427187,"AR":20.6504698734,"STL%":9.228566697,"BLK%":7.7236808565,"EFG%":41.665342444,"TS%":45.1093252652,"PPWS":0.9021865053,"REB%":50.0,"OREB%":30.2494550739,"DREB%":69.7505449261,"FTR":0.2960432226,"FFI":32.3365370115,"Py-W":6.125,"Py-L":6.125,"PPR":-2.5518987342,"HHI":0.010380531},"UST":{"OFF":70.9962635283,"DEF":71.9908232544,"NET":-0.9945597262,"PACE":75.4102524242,"hAST%":15.7902361292,"hTO%":13.6897001304,"TOR":19.2791577685,"AR":22.2373354155,"STL%":9.4865696956,"BLK%":5.1625239006,"EFG%":44.5852534562,"TS%":47.6581758422,"PPWS":0.9531635168,"REB%":49.3930905696,"OREB%":29.1438979964,"DREB%":70.6896551724,"FTR":0.2764976959,"FFI":32.6301358617,"Py-W":5.7795787111,"Py-L":7.2204212889,"PPR":-1.6320533509,"HHI":0.1315491231},"UE":{"OFF":64.5178415233,"DEF":66.2545263557,"NET":-1.7366848324,"PACE":71.9762144913,"hAST%":13.5869565217,"hTO%":15.2312378842,"TOR":20.3771020334,"AR":18.1773012457,"STL%":9.6096560726,"BLK%":7.6923076923,"EFG%":41.5277777778,"TS%":45.1660749891,"PPWS":0.9033214998,"REB%":46.5838509317,"OREB%":26.1758691207,"DREB%":67.5052410901,"FTR":0.3236111111,"FFI":31.7947271103,"Py-W":4.743874548,"Py-L":7.256125452,"PPR":-3.0551763818,"HHI":0.1257768785},"FEU":{"OFF":62.5080650479,"DEF":64.8404555348,"NET":-2.3323904869,"PACE":74.2058090409,"hAST%":11.6901495109,"hTO%":15.0741401587,"TOR":20.3177126856,"AR":15.7565935113,"STL%":8.0856203545,"BLK%":8.7458745875,"EFG%":38.3040935673,"TS%":42.2162480047,"PPWS":0.8443249601,"REB%":50.3816793893,"OREB%":29.8769771529,"DREB%":69.5081967213,"FTR":0.2584795322,"FFI":30.2536540113,"Py-W":4.6477547814,"Py-L":8.3522452186,"PPR":-3.5616998647,"HHI":0.1488112918},"NU":{"OFF":64.1332658167,"DEF":67.3835302153,"NET":-3.2502643986,"PACE":72.7751445817,"hAST%":13.2717564748,"hTO%":14.652632871,"TOR":20.1886341508,"AR":18.2860403565,"STL%":9.3015696611,"BLK%":6.2374245473,"EFG%":39.247311828,"TS%":43.0538998638,"PPWS":0.8610779973,"REB%":47.5364963504,"OREB%":29.7445255474,"DREB%":65.3284671533,"FTR":0.2783751493,"FFI":30.8706156185,"Py-W":4.0554048916,"Py-L":8.9445951084,"PPR":-2.9586404489,"HHI":0.1003955806},"AdU":{"OFF":59.3308356962,"DEF":63.2341801499,"NET":-3.9033444537,"PACE":72.0535948944,"hAST%":13.9424051916,"hTO%":17.8293787602,"TOR":24.4031312513,"AR":19.0830173292,"STL%":8.905408087,"BLK%":10.9865470852,"EFG%":38.7343532684,"TS%":42.3560883781,"PPWS":0.8471217676,"REB%":51.7552657974,"OREB%":29.2783505155,"DREB%":73.046875,"FTR":0.2795549374,"FFI":31.6435182845,"Py-W":3.1816074878,"Py-L":8.8183925122,"PPR":-4.2765936835,"HHI":0.1145608905},"ADMU":{"OFF":64.413599626,"DEF":72.8116092546,"NET":-8.3980096287,"PACE":72.1897243284,"hAST%":15.2620116156,"hTO%":10.724656811,"TOR":15.006752601,"AR":21.3557633169,"STL%":9.6966709114,"BLK%":5.0314465409,"EFG%":38.0921895006,"TS%":41.4641758438,"PPWS":0.8292835169,"REB%":44.1323971916,"OREB%":26.4864864865,"DREB%":66.2895927602,"FTR":0.338028169,"FFI":29.356283783,"Py-W":1.4805529617,"Py-L":10.5194470383,"PPR":-0.2817511047,"HHI":0.1083434501}}