{"AdU":{"2PM":170.0,"2PA":416.0,"3PM":74.0,"3PA":277.0,"FTM":126.0,"FTA":187.0,"OFF":132.0,"DEF":317.0,"AST":174.0,"TO":164.0,"STL":88.0,"BLK":26.0,"PF":202.0,"Fls on:":210.0,"+\/-":57.0,"GW":91.0,"GP":11.0,"MINS":2200.0,"FGM":244.0,"FGA":693.0,"FG%":35.2092352092,"2P%":40.8653846154,"3P%":26.714801444,"FT%":67.3796791444,"PTS":688.0,"REB":449.0,"STK":114.0},"FEU":{"2PM":198.0,"2PA":522.0,"3PM":75.0,"3PA":254.0,"FTM":101.0,"FTA":172.0,"OFF":152.0,"DEF":341.0,"AST":185.0,"TO":139.0,"STL":74.0,"BLK":35.0,"PF":212.0,"Fls on:":182.0,"+\/-":36.0,"GW":98.0,"GP":11.0,"MINS":2200.0,"FGM":273.0,"FGA":776.0,"FG%":35.1804123711,"2P%":37.9310344828,"3P%":29.5275590551,"FT%":58.7209302326,"PTS":722.0,"REB":493.0,"STK":109.0},"ADMU":{"2PM":223.0,"2PA":436.0,"3PM":60.0,"3PA":234.0,"FTM":150.0,"FTA":225.0,"OFF":133.0,"DEF":374.0,"AST":185.0,"TO":171.0,"STL":46.0,"BLK":35.0,"PF":246.0,"Fls on:":231.0,"+\/-":86.0,"GW":100.0,"GP":11.0,"MINS":2200.0,"FGM":283.0,"FGA":670.0,"FG%":42.2388059701,"2P%":51.1467889908,"3P%":25.641025641,"FT%":66.6666666667,"PTS":776.0,"REB":507.0,"STK":81.0},"UST":{"2PM":210.0,"2PA":457.0,"3PM":80.0,"3PA":262.0,"FTM":147.0,"FTA":209.0,"OFF":126.0,"DEF":336.0,"AST":182.0,"TO":159.0,"STL":74.0,"BLK":39.0,"PF":215.0,"Fls on:":223.0,"+\/-":17.0,"GW":78.0,"GP":11.0,"MINS":2200.0,"FGM":290.0,"FGA":719.0,"FG%":40.3337969402,"2P%":45.9518599562,"3P%":30.534351145,"FT%":70.3349282297,"PTS":807.0,"REB":462.0,"STK":113.0},"UP":{"2PM":150.0,"2PA":396.0,"3PM":64.0,"3PA":245.0,"FTM":134.0,"FTA":215.0,"OFF":136.0,"DEF":252.0,"AST":136.0,"TO":167.0,"STL":70.0,"BLK":31.0,"PF":218.0,"Fls on:":211.0,"+\/-":-124.0,"GW":11.0,"GP":10.0,"MINS":2000.0,"FGM":214.0,"FGA":641.0,"FG%":33.3853354134,"2P%":37.8787878788,"3P%":26.1224489796,"FT%":62.3255813953,"PTS":626.0,"REB":388.0,"STK":101.0},"UE":{"2PM":169.0,"2PA":388.0,"3PM":75.0,"3PA":282.0,"FTM":124.0,"FTA":221.0,"OFF":138.0,"DEF":332.0,"AST":189.0,"TO":177.0,"STL":74.0,"BLK":38.0,"PF":222.0,"Fls on:":223.0,"+\/-":11.0,"GW":61.0,"GP":11.0,"MINS":2200.0,"FGM":244.0,"FGA":670.0,"FG%":36.4179104478,"2P%":43.5567010309,"3P%":26.5957446809,"FT%":56.1085972851,"PTS":687.0,"REB":470.0,"STK":112.0},"NU":{"2PM":166.0,"2PA":393.0,"3PM":71.0,"3PA":238.0,"FTM":143.0,"FTA":210.0,"OFF":140.0,"DEF":302.0,"AST":160.0,"TO":147.0,"STL":66.0,"BLK":31.0,"PF":203.0,"Fls on:":226.0,"+\/-":54.0,"GW":103.0,"GP":10.0,"MINS":2000.0,"FGM":237.0,"FGA":631.0,"FG%":37.559429477,"2P%":42.2391857506,"3P%":29.8319327731,"FT%":68.0952380952,"PTS":688.0,"REB":442.0,"STK":97.0},"DLSU":{"2PM":199.0,"2PA":463.0,"3PM":62.0,"3PA":265.0,"FTM":129.0,"FTA":219.0,"OFF":122.0,"DEF":284.0,"AST":141.0,"TO":164.0,"STL":108.0,"BLK":31.0,"PF":228.0,"Fls on:":217.0,"+\/-":-137.0,"GW":11.0,"GP":11.0,"MINS":2200.0,"FGM":261.0,"FGA":728.0,"FG%":35.8516483516,"2P%":42.9805615551,"3P%":23.3962264151,"FT%":58.904109589,"PTS":713.0,"REB":406.0,"STK":139.0},"League":{"2PM":185.625,"2PA":433.875,"3PM":70.125,"3PA":257.125,"FTM":131.75,"FTA":207.25,"OFF":134.875,"DEF":317.25,"AST":169.0,"TO":161.0,"STL":75.0,"BLK":33.25,"PF":218.25,"Fls on:":215.375,"+\/-":0.0,"GW":69.125,"GP":10.75,"MINS":2150.0,"FGM":255.75,"FGA":691.0,"FG%":37.011577424,"2P%":42.783059637,"3P%":27.2727272727,"FT%":63.5705669481,"PTS":713.375,"REB":452.125,"STK":108.25}}