{"DLSU":{"2PM":18.0909090909,"2PA":42.0909090909,"3PM":5.6363636364,"3PA":24.0909090909,"FTM":11.7272727273,"FTA":19.9090909091,"OFF":11.0909090909,"DEF":25.8181818182,"AST":12.8181818182,"TO":14.9090909091,"STL":9.8181818182,"BLK":2.8181818182,"PF":20.7272727273,"Fls on:":19.7272727273,"+\/-":-12.4545454545,"GW":11.0,"GP":11.0,"MINS":200.0,"FGM":23.7272727273,"FGA":66.1818181818,"FG%":35.8516483516,"2P%":42.9805615551,"3P%":23.3962264151,"FT%":58.904109589,"PTS":64.8181818182,"REB":36.9090909091,"STK":12.6363636364},"UP":{"2PM":15.0,"2PA":39.6,"3PM":6.4,"3PA":24.5,"FTM":13.4,"FTA":21.5,"OFF":13.6,"DEF":25.2,"AST":13.6,"TO":16.7,"STL":7.0,"BLK":3.1,"PF":21.8,"Fls on:":21.1,"+\/-":-12.4,"GW":11.0,"GP":10.0,"MINS":200.0,"FGM":21.4,"FGA":64.1,"FG%":33.3853354134,"2P%":37.8787878788,"3P%":26.1224489796,"FT%":62.3255813953,"PTS":62.6,"REB":38.8,"STK":10.1},"League":{"2PM":17.2674418605,"2PA":40.3604651163,"3PM":6.523255814,"3PA":23.9186046512,"FTM":12.2558139535,"FTA":19.2790697674,"OFF":12.5465116279,"DEF":29.511627907,"AST":15.7209302326,"TO":14.976744186,"STL":6.976744186,"BLK":3.0930232558,"PF":20.3023255814,"Fls on:":20.0348837209,"+\/-":0.0,"GW":69.125,"GP":10.75,"MINS":200.0,"FGM":23.7906976744,"FGA":64.2790697674,"FG%":37.011577424,"2P%":42.783059637,"3P%":27.2727272727,"FT%":63.5705669481,"PTS":66.3604651163,"REB":42.0581395349,"STK":10.0697674419},"UE":{"2PM":15.3636363636,"2PA":35.2727272727,"3PM":6.8181818182,"3PA":25.6363636364,"FTM":11.2727272727,"FTA":20.0909090909,"OFF":12.5454545455,"DEF":30.1818181818,"AST":17.1818181818,"TO":16.0909090909,"STL":6.7272727273,"BLK":3.4545454545,"PF":20.1818181818,"Fls on:":20.2727272727,"+\/-":1.0,"GW":61.0,"GP":11.0,"MINS":200.0,"FGM":22.1818181818,"FGA":60.9090909091,"FG%":36.4179104478,"2P%":43.5567010309,"3P%":26.5957446809,"FT%":56.1085972851,"PTS":62.4545454545,"REB":42.7272727273,"STK":10.1818181818},"UST":{"2PM":19.0909090909,"2PA":41.5454545455,"3PM":7.2727272727,"3PA":23.8181818182,"FTM":13.3636363636,"FTA":19.0,"OFF":11.4545454545,"DEF":30.5454545455,"AST":16.5454545455,"TO":14.4545454545,"STL":6.7272727273,"BLK":3.5454545455,"PF":19.5454545455,"Fls on:":20.2727272727,"+\/-":1.5454545455,"GW":78.0,"GP":11.0,"MINS":200.0,"FGM":26.3636363636,"FGA":65.3636363636,"FG%":40.3337969402,"2P%":45.9518599562,"3P%":30.534351145,"FT%":70.3349282297,"PTS":73.3636363636,"REB":42.0,"STK":10.2727272727},"FEU":{"2PM":18.0,"2PA":47.4545454545,"3PM":6.8181818182,"3PA":23.0909090909,"FTM":9.1818181818,"FTA":15.6363636364,"OFF":13.8181818182,"DEF":31.0,"AST":16.8181818182,"TO":12.6363636364,"STL":6.7272727273,"BLK":3.1818181818,"PF":19.2727272727,"Fls on:":16.5454545455,"+\/-":3.2727272727,"GW":98.0,"GP":11.0,"MINS":200.0,"FGM":24.8181818182,"FGA":70.5454545455,"FG%":35.1804123711,"2P%":37.9310344828,"3P%":29.5275590551,"FT%":58.7209302326,"PTS":65.6363636364,"REB":44.8181818182,"STK":9.9090909091},"AdU":{"2PM":15.4545454545,"2PA":37.8181818182,"3PM":6.7272727273,"3PA":25.1818181818,"FTM":11.4545454545,"FTA":17.0,"OFF":12.0,"DEF":28.8181818182,"AST":15.8181818182,"TO":14.9090909091,"STL":8.0,"BLK":2.3636363636,"PF":18.3636363636,"Fls on:":19.0909090909,"+\/-":5.1818181818,"GW":91.0,"GP":11.0,"MINS":200.0,"FGM":22.1818181818,"FGA":63.0,"FG%":35.2092352092,"2P%":40.8653846154,"3P%":26.714801444,"FT%":67.3796791444,"PTS":62.5454545455,"REB":40.8181818182,"STK":10.3636363636},"NU":{"2PM":16.6,"2PA":39.3,"3PM":7.1,"3PA":23.8,"FTM":14.3,"FTA":21.0,"OFF":14.0,"DEF":30.2,"AST":16.0,"TO":14.7,"STL":6.6,"BLK":3.1,"PF":20.3,"Fls on:":22.6,"+\/-":5.4,"GW":103.0,"GP":10.0,"MINS":200.0,"FGM":23.7,"FGA":63.1,"FG%":37.559429477,"2P%":42.2391857506,"3P%":29.8319327731,"FT%":68.0952380952,"PTS":68.8,"REB":44.2,"STK":9.7},"ADMU":{"2PM":20.2727272727,"2PA":39.6363636364,"3PM":5.4545454545,"3PA":21.2727272727,"FTM":13.6363636364,"FTA":20.4545454545,"OFF":12.0909090909,"DEF":34.0,"AST":16.8181818182,"TO":15.5454545455,"STL":4.1818181818,"BLK":3.1818181818,"PF":22.3636363636,"Fls on:":21.0,"+\/-":7.8181818182,"GW":100.0,"GP":11.0,"MINS":200.0,"FGM":25.7272727273,"FGA":60.9090909091,"FG%":42.2388059701,"2P%":51.1467889908,"3P%":25.641025641,"FT%":66.6666666667,"PTS":70.5454545455,"REB":46.0909090909,"STK":7.3636363636}}