,2PM,2PA,3PM,3PA,FTM,FTA,OFF,DEF,AST,TO,STL,BLK,PF,Fls on:,+/-,GW,GP,MINS,FGM,FGA,FG%,2P%,3P%,FT%,PTS,REB,STK
UP,168.0,436.0,71.0,262.0,144.0,229.0,143.0,280.0,150.0,191.0,80.0,35.0,245.0,230.0,-104.0,25.0,11.0,2200.0,239.0,698.0,34.240687679083095,38.53211009174312,27.099236641221374,62.88209606986899,693.0,423.0,115.0
UE,169.0,388.0,75.0,282.0,124.0,221.0,138.0,332.0,189.0,177.0,74.0,38.0,222.0,223.0,11.0,61.0,11.0,2200.0,244.0,670.0,36.417910447761194,43.55670103092783,26.595744680851062,56.10859728506787,687.0,470.0,112.0
DLSU,199.0,463.0,62.0,265.0,129.0,219.0,122.0,284.0,141.0,164.0,108.0,31.0,228.0,217.0,-137.0,11.0,11.0,2200.0,261.0,728.0,35.85164835164835,42.980561555075596,23.39622641509434,58.9041095890411,713.0,406.0,139.0
FEU,198.0,522.0,75.0,254.0,101.0,172.0,152.0,341.0,185.0,139.0,74.0,35.0,212.0,182.0,36.0,98.0,11.0,2200.0,273.0,776.0,35.18041237113402,37.93103448275862,29.52755905511811,58.72093023255814,722.0,493.0,109.0
AdU,170.0,416.0,74.0,277.0,126.0,187.0,132.0,317.0,174.0,164.0,88.0,26.0,202.0,210.0,57.0,91.0,11.0,2200.0,244.0,693.0,35.20923520923521,40.86538461538461,26.71480144404332,67.37967914438502,688.0,449.0,114.0
ADMU,223.0,436.0,60.0,234.0,150.0,225.0,133.0,374.0,185.0,171.0,46.0,35.0,246.0,231.0,86.0,100.0,11.0,2200.0,283.0,670.0,42.23880597014925,51.14678899082569,25.641025641025642,66.66666666666667,776.0,507.0,81.0
UST,210.0,457.0,80.0,262.0,147.0,209.0,126.0,336.0,182.0,159.0,74.0,39.0,215.0,223.0,17.0,78.0,11.0,2200.0,290.0,719.0,40.333796940194716,45.951859956236326,30.53435114503817,70.33492822966507,807.0,462.0,113.0
NU,179.0,429.0,75.0,267.0,152.0,234.0,164.0,327.0,168.0,176.0,72.0,33.0,222.0,252.0,34.0,103.0,11.0,2200.0,254.0,696.0,36.49425287356322,41.72494172494172,28.089887640449437,64.95726495726495,735.0,491.0,105.0
League,189.5,443.375,71.5,262.875,134.125,212.0,138.75,323.875,171.75,167.625,77.0,34.0,224.0,221.0,0.0,70.875,11.0,2200.0,261.0,706.25,36.95575221238938,42.74034395263603,27.19923918212078,63.26650943396226,727.625,462.625,111.0
