{"DLSU":{"MINS":202.2727272727,"FGM":27.3636363636,"FGA":66.4545454545,"2PM":18.8181818182,"2PA":41.6363636364,"3PM":8.5454545455,"3PA":24.8181818182,"FTM":14.0,"FTA":20.9090909091,"PTS":77.2727272727,"OFF":15.4545454545,"DEF":33.5454545455,"REB":49.0,"AST":21.5454545455,"TO":19.0909090909,"STL":7.0,"BLK":3.4545454545,"STK":10.4545454545,"PF":20.0,"Fls on:":20.2727272727,"+\/-":12.4545454545,"GW":128.0,"GP":11,"W":10.0,"L":1.0,"FG%":41.1764705882,"2P%":45.1965065502,"3P%":34.4322344322,"FT%":66.9565217391,"W%":0.9090909091},"UP":{"MINS":200.0,"FGM":27.1818181818,"FGA":64.2727272727,"2PM":21.3636363636,"2PA":42.8181818182,"3PM":5.8181818182,"3PA":21.4545454545,"FTM":12.2727272727,"FTA":20.4545454545,"PTS":72.4545454545,"OFF":13.3636363636,"DEF":30.6363636364,"REB":44.0,"AST":17.6363636364,"TO":16.8181818182,"STL":7.4545454545,"BLK":4.0,"STK":11.4545454545,"PF":21.3636363636,"Fls on:":21.9090909091,"+\/-":9.4545454545,"GW":129.0,"GP":11,"W":9.0,"L":2.0,"FG%":42.2913719943,"2P%":49.8938428875,"3P%":27.1186440678,"FT%":60.0,"W%":0.8181818182},"UE":{"MINS":200.0,"FGM":21.4545454545,"FGA":59.6363636364,"2PM":14.9090909091,"2PA":37.4545454545,"3PM":6.5454545455,"3PA":22.1818181818,"FTM":12.0,"FTA":19.1818181818,"PTS":61.4545454545,"OFF":10.3636363636,"DEF":27.0909090909,"REB":37.4545454545,"AST":13.1818181818,"TO":14.4545454545,"STL":7.4545454545,"BLK":2.6363636364,"STK":10.0909090909,"PF":20.7272727273,"Fls on:":20.0909090909,"+\/-":-1.0,"GW":72.0,"GP":11,"W":6.0,"L":5.0,"FG%":35.9756097561,"2P%":39.8058252427,"3P%":29.5081967213,"FT%":62.5592417062,"W%":0.5454545455},"League":{"MINS":201.7045454545,"FGM":23.7272727273,"FGA":64.2045454545,"2PM":17.2272727273,"2PA":40.3068181818,"3PM":6.5,"3PA":23.8977272727,"FTM":12.1931818182,"FTA":19.2727272727,"PTS":66.1477272727,"OFF":12.6136363636,"DEF":29.4431818182,"REB":42.0568181818,"AST":15.6136363636,"TO":15.2386363636,"STL":7.0,"BLK":3.0909090909,"STK":10.0909090909,"PF":20.3636363636,"Fls on:":20.0909090909,"+\/-":0.0,"GW":70.875,"GP":11,"W":5.5,"L":5.5,"FG%":36.9557522124,"2P%":42.7403439526,"3P%":27.1992391821,"FT%":63.266509434,"W%":0.5},"UST":{"MINS":202.2727272727,"FGM":26.0909090909,"FGA":66.6363636364,"2PM":18.1818181818,"2PA":37.7272727273,"3PM":7.9090909091,"3PA":28.9090909091,"FTM":11.7272727273,"FTA":17.7272727273,"PTS":71.8181818182,"OFF":11.3636363636,"DEF":28.4545454545,"REB":39.8181818182,"AST":17.3636363636,"TO":14.1818181818,"STL":7.1818181818,"BLK":2.1818181818,"STK":9.3636363636,"PF":20.5454545455,"Fls on:":19.0909090909,"+\/-":-1.5454545455,"GW":63.0,"GP":11,"W":5.0,"L":6.0,"FG%":39.1541609823,"2P%":48.1927710843,"3P%":27.358490566,"FT%":66.1538461538,"W%":0.4545454545},"AdU":{"MINS":202.2727272727,"FGM":19.8181818182,"FGA":59.8181818182,"2PM":13.2727272727,"2PA":36.0909090909,"3PM":6.5454545455,"3PA":23.7272727273,"FTM":11.1818181818,"FTA":17.9090909091,"PTS":57.3636363636,"OFF":12.1818181818,"DEF":31.1818181818,"REB":43.3636363636,"AST":13.8181818182,"TO":17.3636363636,"STL":6.6363636364,"BLK":4.2727272727,"STK":10.9090909091,"PF":19.3636363636,"Fls on:":18.4545454545,"+\/-":-5.1818181818,"GW":54.0,"GP":11,"W":4.0,"L":7.0,"FG%":33.1306990881,"2P%":36.7758186398,"3P%":27.5862068966,"FT%":62.4365482234,"W%":0.3636363636},"FEU":{"MINS":204.5454545455,"FGM":23.0909090909,"FGA":66.0,"2PM":18.8181818182,"2PA":45.5454545455,"3PM":4.2727272727,"3PA":20.4545454545,"FTM":11.9090909091,"FTA":17.6363636364,"PTS":62.3636363636,"OFF":12.8181818182,"DEF":32.6363636364,"REB":45.4545454545,"AST":12.1818181818,"TO":14.8181818182,"STL":6.4545454545,"BLK":3.9090909091,"STK":10.3636363636,"PF":16.7272727273,"Fls on:":19.0909090909,"+\/-":-3.2727272727,"GW":42.0,"GP":11,"W":4.0,"L":7.0,"FG%":34.9862258953,"2P%":41.3173652695,"3P%":20.8888888889,"FT%":67.5257731959,"W%":0.3636363636},"ADMU":{"MINS":202.2727272727,"FGM":21.5454545455,"FGA":65.2727272727,"2PM":14.4545454545,"2PA":36.9090909091,"3PM":7.0909090909,"3PA":28.3636363636,"FTM":12.5454545455,"FTA":22.2727272727,"PTS":62.7272727273,"OFF":12.2727272727,"DEF":24.4545454545,"REB":36.7272727273,"AST":15.6363636364,"TO":10.6363636364,"STL":7.0909090909,"BLK":1.9090909091,"STK":9.0,"PF":21.0909090909,"Fls on:":22.0,"+\/-":-7.8181818182,"GW":36.0,"GP":11,"W":3.0,"L":8.0,"FG%":33.008356546,"2P%":39.1625615764,"3P%":25.0,"FT%":56.3265306122,"W%":0.2727272727},"NU":{"MINS":200.0,"FGM":23.2727272727,"FGA":65.5454545455,"2PM":18.0,"2PA":44.2727272727,"3PM":5.2727272727,"3PA":21.2727272727,"FTM":11.9090909091,"FTA":18.0909090909,"PTS":63.7272727273,"OFF":13.0909090909,"DEF":27.5454545455,"REB":40.6363636364,"AST":13.5454545455,"TO":14.5454545455,"STL":6.7272727273,"BLK":2.3636363636,"STK":9.0909090909,"PF":23.0909090909,"Fls on:":19.8181818182,"+\/-":-3.0909090909,"GW":43.0,"GP":11,"W":3.0,"L":8.0,"FG%":35.5062413315,"2P%":40.6570841889,"3P%":24.7863247863,"FT%":65.8291457286,"W%":0.2727272727}}