{"ADMU":{"2PM":69.0,"2PA":134.0,"3PM":16.0,"3PA":66.0,"FTM":39.0,"FTA":58.0,"OFF":46.0,"DEF":104.0,"AST":60.0,"TO":44.0,"STL":14.0,"BLK":9.0,"PF":74.0,"Fls on:":63.0,"+\/-":39.0,"GW":39.0,"GP":3.0,"MINS":600.0,"FGM":85.0,"FGA":200.0,"FG%":42.5,"2P%":51.4925373134,"3P%":24.2424242424,"FT%":67.2413793103,"PTS":225.0,"REB":150.0,"STK":23.0},"UE":{"2PM":43.0,"2PA":79.0,"3PM":15.0,"3PA":50.0,"FTM":20.0,"FTA":41.0,"OFF":25.0,"DEF":61.0,"AST":46.0,"TO":28.0,"STL":11.0,"BLK":7.0,"PF":49.0,"Fls on:":42.0,"+\/-":25.0,"GW":28.0,"GP":2.0,"MINS":400.0,"FGM":58.0,"FGA":129.0,"FG%":44.9612403101,"2P%":54.4303797468,"3P%":30.0,"FT%":48.7804878049,"PTS":151.0,"REB":86.0,"STK":18.0},"NU":{"2PM":43.0,"2PA":97.0,"3PM":9.0,"3PA":39.0,"FTM":25.0,"FTA":34.0,"OFF":35.0,"DEF":62.0,"AST":36.0,"TO":37.0,"STL":15.0,"BLK":10.0,"PF":30.0,"Fls on:":43.0,"+\/-":1.0,"GW":12.0,"GP":2.0,"MINS":400.0,"FGM":52.0,"FGA":136.0,"FG%":38.2352941176,"2P%":44.3298969072,"3P%":23.0769230769,"FT%":73.5294117647,"PTS":138.0,"REB":97.0,"STK":25.0},"UST":{"2PM":54.0,"2PA":119.0,"3PM":14.0,"3PA":64.0,"FTM":38.0,"FTA":48.0,"OFF":27.0,"DEF":91.0,"AST":51.0,"TO":38.0,"STL":14.0,"BLK":8.0,"PF":56.0,"Fls on:":58.0,"+\/-":-12.0,"GW":14.0,"GP":3.0,"MINS":600.0,"FGM":68.0,"FGA":183.0,"FG%":37.1584699454,"2P%":45.3781512605,"3P%":21.875,"FT%":79.1666666667,"PTS":188.0,"REB":118.0,"STK":22.0},"DLSU":{"2PM":60.0,"2PA":137.0,"3PM":10.0,"3PA":68.0,"FTM":38.0,"FTA":55.0,"OFF":41.0,"DEF":78.0,"AST":45.0,"TO":44.0,"STL":28.0,"BLK":7.0,"PF":53.0,"Fls on:":56.0,"+\/-":-46.0,"GW":0.0,"GP":3.0,"MINS":600.0,"FGM":70.0,"FGA":205.0,"FG%":34.1463414634,"2P%":43.795620438,"3P%":14.7058823529,"FT%":69.0909090909,"PTS":188.0,"REB":119.0,"STK":35.0},"FEU":{"2PM":33.0,"2PA":93.0,"3PM":11.0,"3PA":46.0,"FTM":22.0,"FTA":34.0,"OFF":36.0,"DEF":63.0,"AST":30.0,"TO":30.0,"STL":20.0,"BLK":11.0,"PF":36.0,"Fls on:":37.0,"+\/-":14.0,"GW":31.0,"GP":2.0,"MINS":400.0,"FGM":44.0,"FGA":139.0,"FG%":31.654676259,"2P%":35.4838709677,"3P%":23.9130434783,"FT%":64.7058823529,"PTS":121.0,"REB":99.0,"STK":31.0},"UP":{"2PM":33.0,"2PA":83.0,"3PM":9.0,"3PA":45.0,"FTM":39.0,"FTA":70.0,"OFF":33.0,"DEF":42.0,"AST":28.0,"TO":24.0,"STL":15.0,"BLK":8.0,"PF":51.0,"Fls on:":54.0,"+\/-":-26.0,"GW":0.0,"GP":2.0,"MINS":400.0,"FGM":42.0,"FGA":128.0,"FG%":32.8125,"2P%":39.7590361446,"3P%":20.0,"FT%":55.7142857143,"PTS":132.0,"REB":75.0,"STK":23.0},"AdU":{"2PM":47.0,"2PA":118.0,"3PM":23.0,"3PA":85.0,"FTM":22.0,"FTA":36.0,"OFF":37.0,"DEF":90.0,"AST":58.0,"TO":40.0,"STL":24.0,"BLK":2.0,"PF":53.0,"Fls on:":47.0,"+\/-":5.0,"GW":14.0,"GP":3.0,"MINS":600.0,"FGM":70.0,"FGA":203.0,"FG%":34.4827586207,"2P%":39.8305084746,"3P%":27.0588235294,"FT%":61.1111111111,"PTS":185.0,"REB":127.0,"STK":26.0},"League":{"2PM":47.75,"2PA":107.5,"3PM":13.375,"3PA":57.875,"FTM":30.375,"FTA":47.0,"OFF":35.0,"DEF":73.875,"AST":44.25,"TO":35.625,"STL":17.625,"BLK":7.75,"PF":50.25,"Fls on:":50.0,"+\/-":0.0,"GW":17.25,"GP":2.5,"MINS":500.0,"FGM":61.125,"FGA":165.375,"FG%":36.9614512472,"2P%":44.4186046512,"3P%":23.1101511879,"FT%":64.6276595745,"PTS":166.0,"REB":108.875,"STK":25.375}}