{"DLSU":{"MINS":200.0,"FGM":29.3333333333,"FGA":73.3333333333,"2PM":20.0,"2PA":43.3333333333,"3PM":9.3333333333,"3PA":30.0,"FTM":10.0,"FTA":14.0,"PTS":78.0,"OFF":20.0,"DEF":34.0,"REB":54.0,"AST":21.0,"TO":19.3333333333,"STL":8.3333333333,"BLK":2.6666666667,"STK":11.0,"PF":18.6666666667,"Fls on:":17.6666666667,"+\/-":15.3333333333,"GW":39.0,"GP":3.0,"W":3.0,"L":0.0,"FG%":40.0,"2P%":46.1538461538,"3P%":31.1111111111,"FT%":71.4285714286,"W%":1.0},"UP":{"MINS":200.0,"FGM":30.0,"FGA":62.0,"2PM":23.5,"2PA":45.5,"3PM":6.5,"3PA":16.5,"FTM":12.5,"FTA":25.5,"PTS":79.0,"OFF":12.0,"DEF":32.0,"REB":44.0,"AST":22.5,"TO":15.0,"STL":3.5,"BLK":6.0,"STK":9.5,"PF":27.5,"Fls on:":25.5,"+\/-":13.0,"GW":28.0,"GP":2.0,"W":2.0,"L":0.0,"FG%":48.3870967742,"2P%":51.6483516484,"3P%":39.3939393939,"FT%":49.0196078431,"W%":1.0},"AdU":{"MINS":200.0,"FGM":21.0,"FGA":63.3333333333,"2PM":15.0,"2PA":39.0,"3PM":6.0,"3PA":24.3333333333,"FTM":12.0,"FTA":15.0,"PTS":60.0,"OFF":12.3333333333,"DEF":33.6666666667,"REB":46.0,"AST":15.3333333333,"TO":15.0,"STL":8.0,"BLK":5.6666666667,"STK":13.6666666667,"PF":15.6666666667,"Fls on:":17.6666666667,"+\/-":-1.6666666667,"GW":30.0,"GP":3.0,"W":2.0,"L":1.0,"FG%":33.1578947368,"2P%":38.4615384615,"3P%":24.6575342466,"FT%":80.0,"W%":0.6666666667},"UST":{"MINS":200.0,"FGM":24.6666666667,"FGA":63.6666666667,"2PM":18.3333333333,"2PA":36.3333333333,"3PM":6.3333333333,"3PA":27.3333333333,"FTM":11.0,"FTA":16.3333333333,"PTS":66.6666666667,"OFF":9.6666666667,"DEF":30.0,"REB":39.6666666667,"AST":21.0,"TO":10.3333333333,"STL":6.3333333333,"BLK":1.0,"STK":7.3333333333,"PF":19.3333333333,"Fls on:":18.3333333333,"+\/-":4.0,"GW":26.0,"GP":3.0,"W":2.0,"L":1.0,"FG%":38.7434554974,"2P%":50.4587155963,"3P%":23.1707317073,"FT%":67.3469387755,"W%":0.6666666667},"NU":{"MINS":200.0,"FGM":28.5,"FGA":77.0,"2PM":25.5,"2PA":58.0,"3PM":3.0,"3PA":19.0,"FTM":8.5,"FTA":13.0,"PTS":68.5,"OFF":18.0,"DEF":26.0,"REB":44.0,"AST":16.0,"TO":14.5,"STL":10.0,"BLK":1.5,"STK":11.5,"PF":21.5,"Fls on:":15.0,"+\/-":-0.5,"GW":15.0,"GP":2.0,"W":1.0,"L":1.0,"FG%":37.012987013,"2P%":43.9655172414,"3P%":15.7894736842,"FT%":65.3846153846,"W%":0.5},"League":{"MINS":200.0,"FGM":24.45,"FGA":66.15,"2PM":19.1,"2PA":43.0,"3PM":5.35,"3PA":23.15,"FTM":12.15,"FTA":18.8,"PTS":66.4,"OFF":14.0,"DEF":29.55,"REB":43.55,"AST":17.7,"TO":14.25,"STL":7.05,"BLK":3.1,"STK":10.15,"PF":20.1,"Fls on:":20.0,"+\/-":0.0,"GW":17.25,"GP":2.5,"W":1.25,"L":1.25,"FG%":36.9614512472,"2P%":44.4186046512,"3P%":23.1101511879,"FT%":64.6276595745,"W%":0.5},"ADMU":{"MINS":200.0,"FGM":21.6666666667,"FGA":64.3333333333,"2PM":17.6666666667,"2PA":40.3333333333,"3PM":4.0,"3PA":24.0,"FTM":14.6666666667,"FTA":26.6666666667,"PTS":62.0,"OFF":13.0,"DEF":25.3333333333,"REB":38.3333333333,"AST":18.3333333333,"TO":11.0,"STL":7.0,"BLK":3.3333333333,"STK":10.3333333333,"PF":21.0,"Fls on:":24.3333333333,"+\/-":-13.0,"GW":0.0,"GP":3.0,"W":0.0,"L":3.0,"FG%":33.6787564767,"2P%":43.8016528926,"3P%":16.6666666667,"FT%":55.0,"W%":0.0},"FEU":{"MINS":200.0,"FGM":21.5,"FGA":66.5,"2PM":20.0,"2PA":49.0,"3PM":1.5,"3PA":17.5,"FTM":9.0,"FTA":13.5,"PTS":53.5,"OFF":15.0,"DEF":30.5,"REB":45.5,"AST":14.5,"TO":15.0,"STL":6.5,"BLK":2.5,"STK":9.0,"PF":18.5,"Fls on:":18.0,"+\/-":-7.0,"GW":0.0,"GP":2.0,"W":0.0,"L":2.0,"FG%":32.3308270677,"2P%":40.8163265306,"3P%":8.5714285714,"FT%":66.6666666667,"W%":0.0},"UE":{"MINS":200.0,"FGM":19.5,"FGA":59.0,"2PM":15.5,"2PA":39.0,"3PM":4.0,"3PA":20.0,"FTM":20.0,"FTA":28.0,"PTS":63.0,"OFF":12.5,"DEF":22.5,"REB":35.0,"AST":10.5,"TO":14.5,"STL":6.0,"BLK":2.0,"STK":8.0,"PF":21.5,"Fls on:":24.5,"+\/-":-12.5,"GW":0.0,"GP":2.0,"W":0.0,"L":2.0,"FG%":33.0508474576,"2P%":39.7435897436,"3P%":20.0,"FT%":71.4285714286,"W%":0.0}}