{"DLSU":{"OFF":75.8139354821,"DEF":60.9103413275,"NET":14.9035941546,"PACE":77.1625950137,"hAST%":17.5253143429,"hTO%":16.1344163792,"TOR":25.0553177092,"AR":27.215258891,"STL%":10.7997059091,"BLK%":5.8394160584,"EFG%":46.3636363636,"TS%":49.0607178799,"PPWS":0.9812143576,"REB%":57.6512455516,"OREB%":43.4782608696,"DREB%":71.3286713287,"FTR":0.1909090909,"FFI":36.3685725103,"Py-W":-2.5593102811,"Py-L":5.5593102811,"PPR":-2.5445176807,"HHI":0.1183431953},"UP":{"OFF":79.4788844877,"DEF":66.4000807112,"NET":13.0788037765,"PACE":74.5481021556,"hAST%":20.3215317919,"hTO%":13.5476878613,"TOR":20.1212365792,"AR":30.1818548687,"STL%":4.6949552018,"BLK%":14.4578313253,"EFG%":53.6290322581,"TS%":53.9470090139,"PPWS":1.0789401803,"REB%":53.9877300613,"OREB%":36.3636363636,"DREB%":65.9793814433,"FTR":0.4112903226,"FFI":39.9240041595,"Py-W":-1.4648691669,"Py-L":3.4648691669,"PPR":0.0,"HHI":0.1250600865},"UST":{"OFF":70.896912753,"DEF":66.6430979879,"NET":4.2538147652,"PACE":70.5249326923,"hAST%":20.5506263048,"hTO%":10.1122129436,"TOR":14.6520286356,"AR":29.7767033563,"STL%":8.9802756154,"BLK%":2.5210084034,"EFG%":43.7172774869,"TS%":47.0455400828,"PPWS":0.9409108017,"REB%":50.2109704641,"OREB%":24.1666666667,"DREB%":76.9230769231,"FTR":0.2565445026,"FFI":29.8314190263,"Py-W":-2.9654461645,"Py-L":5.9654461645,"PPR":1.9140017029,"HHI":0.121},"League":{"OFF":67.6896525895,"DEF":67.6896525895,"NET":0.0,"PACE":73.6280952385,"hAST%":16.6397172188,"hTO%":13.3963825067,"TOR":19.3690270964,"AR":24.0583704987,"STL%":9.5825713003,"BLK%":7.2093023256,"EFG%":41.0052910053,"TS%":44.6104646476,"PPWS":0.892209293,"REB%":50.0,"OREB%":32.1469575201,"DREB%":67.8530424799,"FTR":0.2842025699,"FFI":31.936803229,"Py-W":1.25,"Py-L":1.25,"PPR":-1.225,"HHI":0.0111868757},"NU":{"OFF":67.2195921267,"DEF":67.7102460839,"NET":-0.4906539571,"PACE":76.4286101337,"hAST%":14.1317788377,"hTO%":12.8069245716,"TOR":18.971953009,"AR":20.9345688375,"STL%":13.0841055235,"BLK%":3.0927835052,"EFG%":38.961038961,"TS%":41.4047388781,"PPWS":0.8280947776,"REB%":47.5675675676,"OREB%":36.7346938776,"DREB%":59.7701149425,"FTR":0.1688311688,"FFI":30.2068101446,"Py-W":3.9989169117,"Py-L":-1.9989169117,"PPR":-1.8464357212,"HHI":0.1056529384},"AdU":{"OFF":62.4054643471,"DEF":64.1389494678,"NET":-1.7334851208,"PACE":72.1090700483,"hAST%":15.2925531915,"hTO%":14.960106383,"TOR":20.801821449,"AR":21.2640841479,"STL%":11.0943047728,"BLK%":14.406779661,"EFG%":37.8947368421,"TS%":42.8979980934,"PPWS":0.8579599619,"REB%":52.0754716981,"OREB%":29.1338582677,"DREB%":73.1884057971,"FTR":0.2368421053,"FFI":29.7377533316,"Py-W":2.9893084983,"Py-L":0.0106915017,"PPR":-2.4392124112,"HHI":0.114691358},"FEU":{"OFF":55.804791717,"DEF":63.10635325,"NET":-7.3015615331,"PACE":71.9024276688,"hAST%":14.2240533647,"hTO%":14.7145379635,"TOR":20.8616043802,"AR":20.1662175675,"STL%":9.0400285647,"BLK%":5.376344086,"EFG%":33.4586466165,"TS%":36.9271120928,"PPWS":0.7385422419,"REB%":47.8947368421,"OREB%":32.2580645161,"DREB%":62.8865979381,"FTR":0.2030075188,"FFI":28.0955854268,"Py-W":0.9445534538,"Py-L":1.0554465462,"PPR":-2.7306670118,"HHI":0.1478731767},"UE":{"OFF":64.9272166689,"DEF":77.8096009286,"NET":-12.8823842597,"PACE":72.7737956811,"hAST%":10.9011627907,"hTO%":15.053986711,"TOR":19.9247543217,"AR":14.4282703709,"STL%":8.2447259262,"BLK%":5.0632911392,"EFG%":36.4406779661,"TS%":44.1671340437,"PPWS":0.8833426809,"REB%":44.8717948718,"OREB%":29.0697674419,"DREB%":64.2857142857,"FTR":0.4745762712,"FFI":32.490057323,"Py-W":0.8305920399,"Py-L":1.1694079601,"PPR":-3.7940216607,"HHI":0.1381960191},"ADMU":{"OFF":63.2006192012,"DEF":76.452361937,"NET":-13.2517427357,"PACE":73.5752285147,"hAST%":17.394054396,"hTO%":10.4364326376,"TOR":14.9506841121,"AR":24.9178068535,"STL%":9.5140717077,"BLK%":7.4626865672,"EFG%":36.7875647668,"TS%":40.7537248028,"PPWS":0.8150744961,"REB%":43.3962264151,"OREB%":27.2727272727,"DREB%":62.2950819672,"FTR":0.414507772,"FFI":30.1248589696,"Py-W":-1.5701557048,"Py-L":4.5701557048,"PPR":0.6115502187,"HHI":0.1350445138}}