{"ADMU":{"POS":220.725685544,"PACE":73.5752285147},"AdU":{"POS":216.3272101449,"PACE":72.1090700483},"DLSU":{"POS":231.487785041,"PACE":77.1625950137},"FEU":{"POS":143.8048553375,"PACE":71.9024276688},"NU":{"POS":152.8572202674,"PACE":76.4286101337},"UE":{"POS":145.5475913621,"PACE":72.7737956811},"UP":{"POS":149.0962043112,"PACE":74.5481021556},"UST":{"POS":211.5747980769,"PACE":70.5249326923},"League":{"POS":183.9276687606,"PACE":73.6280952385}}