{"ADMU":{"MINS":600.0,"FGM":65.0,"FGA":193.0,"2PM":53.0,"2PA":121.0,"3PM":12.0,"3PA":72.0,"FTM":44.0,"FTA":80.0,"PTS":186.0,"OFF":39.0,"DEF":76.0,"REB":115.0,"AST":55.0,"TO":33.0,"STL":21.0,"BLK":10.0,"STK":31.0,"PF":63.0,"Fls on:":73.0,"+\/-":-39.0,"GW":0.0,"GP":3.0,"W":0.0,"L":3.0,"FG%":33.6787564767,"2P%":43.8016528926,"3P%":16.6666666667,"FT%":55.0},"AdU":{"MINS":600.0,"FGM":63.0,"FGA":190.0,"2PM":45.0,"2PA":117.0,"3PM":18.0,"3PA":73.0,"FTM":36.0,"FTA":45.0,"PTS":180.0,"OFF":37.0,"DEF":101.0,"REB":138.0,"AST":46.0,"TO":45.0,"STL":24.0,"BLK":17.0,"STK":41.0,"PF":47.0,"Fls on:":53.0,"+\/-":-5.0,"GW":30.0,"GP":3.0,"W":2.0,"L":1.0,"FG%":33.1578947368,"2P%":38.4615384615,"3P%":24.6575342466,"FT%":80.0},"DLSU":{"MINS":600.0,"FGM":88.0,"FGA":220.0,"2PM":60.0,"2PA":130.0,"3PM":28.0,"3PA":90.0,"FTM":30.0,"FTA":42.0,"PTS":234.0,"OFF":60.0,"DEF":102.0,"REB":162.0,"AST":63.0,"TO":58.0,"STL":25.0,"BLK":8.0,"STK":33.0,"PF":56.0,"Fls on:":53.0,"+\/-":46.0,"GW":39.0,"GP":3.0,"W":3.0,"L":0.0,"FG%":40.0,"2P%":46.1538461538,"3P%":31.1111111111,"FT%":71.4285714286},"FEU":{"MINS":400.0,"FGM":43.0,"FGA":133.0,"2PM":40.0,"2PA":98.0,"3PM":3.0,"3PA":35.0,"FTM":18.0,"FTA":27.0,"PTS":107.0,"OFF":30.0,"DEF":61.0,"REB":91.0,"AST":29.0,"TO":30.0,"STL":13.0,"BLK":5.0,"STK":18.0,"PF":37.0,"Fls on:":36.0,"+\/-":-14.0,"GW":0.0,"GP":2.0,"W":0.0,"L":2.0,"FG%":32.3308270677,"2P%":40.8163265306,"3P%":8.5714285714,"FT%":66.6666666667},"NU":{"MINS":400.0,"FGM":57.0,"FGA":154.0,"2PM":51.0,"2PA":116.0,"3PM":6.0,"3PA":38.0,"FTM":17.0,"FTA":26.0,"PTS":137.0,"OFF":36.0,"DEF":52.0,"REB":88.0,"AST":32.0,"TO":29.0,"STL":20.0,"BLK":3.0,"STK":23.0,"PF":43.0,"Fls on:":30.0,"+\/-":-1.0,"GW":15.0,"GP":2.0,"W":1.0,"L":1.0,"FG%":37.012987013,"2P%":43.9655172414,"3P%":15.7894736842,"FT%":65.3846153846},"UE":{"MINS":400.0,"FGM":39.0,"FGA":118.0,"2PM":31.0,"2PA":78.0,"3PM":8.0,"3PA":40.0,"FTM":40.0,"FTA":56.0,"PTS":126.0,"OFF":25.0,"DEF":45.0,"REB":70.0,"AST":21.0,"TO":29.0,"STL":12.0,"BLK":4.0,"STK":16.0,"PF":43.0,"Fls on:":49.0,"+\/-":-25.0,"GW":0.0,"GP":2.0,"W":0.0,"L":2.0,"FG%":33.0508474576,"2P%":39.7435897436,"3P%":20.0,"FT%":71.4285714286},"UP":{"MINS":400.0,"FGM":60.0,"FGA":124.0,"2PM":47.0,"2PA":91.0,"3PM":13.0,"3PA":33.0,"FTM":25.0,"FTA":51.0,"PTS":158.0,"OFF":24.0,"DEF":64.0,"REB":88.0,"AST":45.0,"TO":30.0,"STL":7.0,"BLK":12.0,"STK":19.0,"PF":55.0,"Fls on:":51.0,"+\/-":26.0,"GW":28.0,"GP":2.0,"W":2.0,"L":0.0,"FG%":48.3870967742,"2P%":51.6483516484,"3P%":39.3939393939,"FT%":49.0196078431},"UST":{"MINS":600.0,"FGM":74.0,"FGA":191.0,"2PM":55.0,"2PA":109.0,"3PM":19.0,"3PA":82.0,"FTM":33.0,"FTA":49.0,"PTS":200.0,"OFF":29.0,"DEF":90.0,"REB":119.0,"AST":63.0,"TO":31.0,"STL":19.0,"BLK":3.0,"STK":22.0,"PF":58.0,"Fls on:":55.0,"+\/-":12.0,"GW":26.0,"GP":3.0,"W":2.0,"L":1.0,"FG%":38.7434554974,"2P%":50.4587155963,"3P%":23.1707317073,"FT%":67.3469387755},"League":{"MINS":500.0,"FGM":61.125,"FGA":165.375,"2PM":47.75,"2PA":107.5,"3PM":13.375,"3PA":57.875,"FTM":30.375,"FTA":47.0,"PTS":166.0,"OFF":35.0,"DEF":73.875,"REB":108.875,"AST":44.25,"TO":35.625,"STL":17.625,"BLK":7.75,"STK":25.375,"PF":50.25,"Fls on:":50.0,"+\/-":0.0,"GW":17.25,"GP":2.5,"W":1.25,"L":1.25,"FG%":36.9614512472,"2P%":44.4186046512,"3P%":23.1101511879,"FT%":64.6276595745}}