{"UP":{"2PM":15.4,"2PA":41.2,"3PM":5.0,"3PA":22.4,"FTM":16.0,"FTA":26.4,"OFF":14.0,"DEF":25.0,"AST":12.4,"TO":14.8,"STL":6.8,"BLK":3.8,"PF":22.8,"Fls on:":22.8,"+\/-":-15.2,"GW":0.0,"GP":5,"MINS":200.0,"FGM":20.4,"FGA":63.6,"FG%":32.0754716981,"2P%":37.3786407767,"3P%":22.3214285714,"FT%":60.6060606061,"PTS":61.8,"REB":39.0,"STK":10.6},"DLSU":{"2PM":18.8,"2PA":45.2,"3PM":5.2,"3PA":23.8,"FTM":11.8,"FTA":17.6,"OFF":14.0,"DEF":26.0,"AST":14.4,"TO":15.2,"STL":10.0,"BLK":2.8,"PF":20.6,"Fls on:":18.4,"+\/-":-9.6,"GW":11.0,"GP":5,"MINS":200.0,"FGM":24.0,"FGA":69.0,"FG%":34.7826086957,"2P%":41.592920354,"3P%":21.8487394958,"FT%":67.0454545455,"PTS":65.0,"REB":40.0,"STK":12.8},"UST":{"2PM":16.75,"2PA":38.0,"3PM":5.75,"3PA":23.0,"FTM":12.25,"FTA":17.0,"OFF":9.25,"DEF":28.75,"AST":15.0,"TO":12.5,"STL":5.0,"BLK":3.0,"PF":20.25,"Fls on:":20.5,"+\/-":-3.75,"GW":14.0,"GP":4,"MINS":200.0,"FGM":22.5,"FGA":61.0,"FG%":36.8852459016,"2P%":44.0789473684,"3P%":25.0,"FT%":72.0588235294,"PTS":63.0,"REB":38.0,"STK":8.0},"League":{"2PM":17.475,"2PA":41.6,"3PM":5.675,"3PA":22.975,"FTM":12.6,"FTA":19.525,"OFF":13.45,"DEF":30.075,"AST":16.075,"TO":14.65,"STL":7.125,"BLK":3.125,"PF":21.05,"Fls on:":20.875,"+\/-":0.0,"GW":33.75,"GP":5,"MINS":200.0,"FGM":23.15,"FGA":64.575,"FG%":35.8497870693,"2P%":42.0072115385,"3P%":24.7007616975,"FT%":64.5326504481,"PTS":64.575,"REB":43.525,"STK":10.25},"UE":{"2PM":17.4,"2PA":39.4,"3PM":6.0,"3PA":23.4,"FTM":12.0,"FTA":21.8,"OFF":12.8,"DEF":31.2,"AST":18.0,"TO":15.0,"STL":7.2,"BLK":3.6,"PF":23.0,"Fls on:":22.4,"+\/-":2.0,"GW":28.0,"GP":5,"MINS":200.0,"FGM":23.4,"FGA":62.8,"FG%":37.2611464968,"2P%":44.1624365482,"3P%":25.641025641,"FT%":55.0458715596,"PTS":64.8,"REB":44.0,"STK":10.8},"AdU":{"2PM":15.1666666667,"2PA":39.8333333333,"3PM":6.6666666667,"3PA":26.5,"FTM":11.6666666667,"FTA":16.6666666667,"OFF":14.1666666667,"DEF":29.1666666667,"AST":16.3333333333,"TO":12.8333333333,"STL":7.6666666667,"BLK":1.5,"PF":19.3333333333,"Fls on:":19.8333333333,"+\/-":4.0,"GW":41.0,"GP":6,"MINS":200.0,"FGM":21.8333333333,"FGA":66.3333333333,"FG%":32.9145728643,"2P%":38.0753138075,"3P%":25.1572327044,"FT%":70.0,"PTS":62.0,"REB":43.3333333333,"STK":9.1666666667},"NU":{"2PM":17.0,"2PA":40.1666666667,"3PM":6.6666666667,"3PA":23.0,"FTM":14.5,"FTA":21.3333333333,"OFF":15.0,"DEF":32.8333333333,"AST":16.8333333333,"TO":16.3333333333,"STL":6.5,"BLK":3.5,"PF":20.3333333333,"Fls on:":23.1666666667,"+\/-":6.5,"GW":65.0,"GP":6,"MINS":200.0,"FGM":23.6666666667,"FGA":63.1666666667,"FG%":37.4670184697,"2P%":42.3236514523,"3P%":28.9855072464,"FT%":67.96875,"PTS":68.5,"REB":47.8333333333,"STK":10.0},"FEU":{"2PM":18.6,"2PA":46.6,"3PM":5.4,"3PA":19.8,"FTM":9.4,"FTA":15.6,"OFF":13.2,"DEF":33.2,"AST":18.4,"TO":14.8,"STL":9.0,"BLK":4.0,"PF":18.4,"Fls on:":18.4,"+\/-":7.2,"GW":72.0,"GP":5,"MINS":200.0,"FGM":24.0,"FGA":66.4,"FG%":36.1445783133,"2P%":39.9141630901,"3P%":27.2727272727,"FT%":60.2564102564,"PTS":62.8,"REB":46.4,"STK":13.0},"ADMU":{"2PM":22.0,"2PA":42.5,"3PM":4.0,"3PA":20.75,"FTM":13.0,"FTA":19.5,"OFF":14.0,"DEF":34.75,"AST":17.0,"TO":15.5,"STL":3.75,"BLK":3.0,"PF":24.75,"Fls on:":21.25,"+\/-":7.5,"GW":39.0,"GP":4,"MINS":200.0,"FGM":26.0,"FGA":63.25,"FG%":41.1067193676,"2P%":51.7647058824,"3P%":19.2771084337,"FT%":66.6666666667,"PTS":69.0,"REB":48.75,"STK":6.75}}