{"UP":{"OFF":77.2106457165,"DEF":61.9690637049,"NET":15.2415820116,"PACE":74.7953853566,"hAST%":18.4568616097,"hTO%":12.8474232774,"TOR":18.9851284706,"AR":27.2744099154,"STL%":8.0218852692,"BLK%":9.7087378641,"EFG%":47.5975975976,"TS%":50.7059319355,"PPWS":1.0141186387,"REB%":54.9653579677,"OREB%":36.5482233503,"DREB%":70.3389830508,"FTR":0.3183183183,"FFI":35.8697406015,"Py-W":4.8560385783,"Py-L":0.1439614217,"PPR":-0.2939609881,"HHI":0.0959689661},"DLSU":{"OFF":72.4838038704,"DEF":63.1561293777,"NET":9.3276744927,"PACE":77.1896575682,"hAST%":17.9954754233,"hTO%":16.2816206211,"TOR":24.614696578,"AR":27.2057172704,"STL%":11.6595931159,"BLK%":7.0796460177,"EFG%":45.9183673469,"TS%":48.6335662877,"PPWS":0.9726713258,"REB%":55.6541019956,"OREB%":40.0921658986,"DREB%":70.0854700855,"FTR":0.2682215743,"FFI":36.5627778782,"Py-W":4.5030638699,"Py-L":0.4969361301,"PPR":-2.3736907768,"HHI":0.1182859073},"UST":{"OFF":70.9271353273,"DEF":66.9424648033,"NET":3.984670524,"PACE":70.5830001014,"hAST%":19.7316495659,"hTO%":12.3322809787,"TOR":17.7096467733,"AR":28.3354348374,"STL%":8.8548233867,"BLK%":3.2894736842,"EFG%":44.6280991736,"TS%":48.467905896,"PPWS":0.9693581179,"REB%":51.5923566879,"OREB%":25.8064516129,"DREB%":76.7295597484,"FTR":0.3140495868,"FFI":32.150685487,"Py-W":2.864331182,"Py-L":1.135668818,"PPR":0.4326452025,"HHI":0.1203411466},"League":{"OFF":66.0421790489,"DEF":66.0421790489,"NET":0.0,"PACE":73.2897512928,"hAST%":15.4729476086,"hTO%":14.1013177272,"TOR":19.9771412686,"AR":21.9203102999,"STL%":9.7158451562,"BLK%":7.5120192308,"EFG%":40.243902439,"TS%":44.129103682,"PPWS":0.8825820736,"REB%":50.0,"OREB%":30.9017805859,"DREB%":69.0982194141,"FTR":0.302361595,"FFI":31.8076263356,"Py-W":2.5,"Py-L":2.5,"PPR":-1.9666666667,"HHI":0.0099953458},"UE":{"OFF":64.6645589951,"DEF":66.7239398548,"NET":-2.0593808597,"PACE":72.8374255264,"hAST%":13.3579942458,"hTO%":15.002055076,"TOR":20.0446403679,"AR":17.8479674509,"STL%":9.610444012,"BLK%":7.614213198,"EFG%":40.6040268456,"TS%":45.0372920252,"PPWS":0.9007458405,"REB%":46.6019417476,"OREB%":26.0663507109,"DREB%":68.1592039801,"FTR":0.3859060403,"FFI":32.2546315764,"Py-W":1.8858137249,"Py-L":3.1141862751,"PPR":-2.9850898847,"HHI":0.1231895817},"AdU":{"OFF":61.3633410336,"DEF":65.5952955876,"NET":-4.231954554,"PACE":70.8892300636,"hAST%":13.9096213869,"hTO%":16.4540643235,"TOR":22.8055328745,"AR":19.2789040795,"STL%":9.1692348671,"BLK%":11.7154811715,"EFG%":37.4655647383,"TS%":42.3852674657,"PPWS":0.8477053493,"REB%":51.1278195489,"OREB%":30.8300395257,"DREB%":69.5340501792,"FTR":0.2975206612,"FFI":31.3164269364,"Py-W":1.5357732808,"Py-L":4.4642267192,"PPR":-3.6472388784,"HHI":0.1056612498},"NU":{"OFF":63.0933665221,"DEF":69.7079936575,"NET":-6.6146271354,"PACE":73.7002993551,"hAST%":12.156379668,"hTO%":13.1288900415,"TOR":18.3174289903,"AR":16.9605823984,"STL%":10.6286316363,"BLK%":5.8091286307,"EFG%":36.4406779661,"TS%":40.3505727178,"PPWS":0.8070114544,"REB%":46.6542750929,"OREB%":30.8771929825,"DREB%":64.4268774704,"FTR":0.2639225182,"FFI":29.2899048029,"Py-W":1.0119299153,"Py-L":4.9880700847,"PPR":-2.5689428559,"HHI":0.1002283501},"FEU":{"OFF":56.2912054638,"DEF":63.580714085,"NET":-7.2895086212,"PACE":74.0790673365,"hAST%":12.315270936,"hTO%":15.0519978106,"TOR":20.7885986605,"AR":17.0088534495,"STL%":9.1793812267,"BLK%":6.8669527897,"EFG%":33.4808259587,"TS%":37.4098395952,"PPWS":0.7481967919,"REB%":49.2341356674,"OREB%":29.6610169492,"DREB%":70.1357466063,"FTR":0.2182890855,"FFI":27.7960197216,"Py-W":0.6236669512,"Py-L":4.3763330488,"PPR":-3.4627073308,"HHI":0.1414005486},"ADMU":{"OFF":63.8461811267,"DEF":71.6323007763,"NET":-7.7861196496,"PACE":72.2439450349,"hAST%":17.3407581086,"hTO%":10.2579132474,"TOR":14.5340900126,"AR":24.5695331165,"STL%":10.3814928661,"BLK%":6.4705882353,"EFG%":37.5,"TS%":41.4923761975,"PPWS":0.829847524,"REB%":43.4782608696,"OREB%":25.6684491979,"DREB%":64.5569620253,"FTR":0.4007936508,"FFI":29.7791171046,"Py-W":0.5476806128,"Py-L":3.4523193872,"PPR":0.6763173602,"HHI":0.1234053804}}