{"UP":{"OFF":78.1353708224,"DEF":61.8994496125,"NET":16.2359212098,"PACE":73.9101886792,"hAST%":21.186440678,"hTO%":14.7383935151,"TOR":21.6478949465,"AR":31.1188489855,"STL%":2.7059868683,"BLK%":13.6363636364,"EFG%":53.3898305085,"TS%":55.3479010926,"PPWS":1.1069580219,"REB%":53.488372093,"OREB%":33.3333333333,"DREB%":66.0377358491,"FTR":0.406779661,"FFI":39.5362675219,"Py-W":0.9764984072,"Py-L":0.0235015928,"PPR":-0.3256090334,"HHI":0.1310507674},"UST":{"OFF":74.4841843559,"DEF":58.5232877082,"NET":15.9608966477,"PACE":70.4847619048,"hAST%":22.1893491124,"hTO%":12.9437869822,"TOR":19.8624491616,"AR":34.0499128484,"STL%":8.5124782121,"BLK%":2.5641025641,"EFG%":47.65625,"TS%":49.8859749145,"PPWS":0.9977194983,"REB%":55.6962025316,"OREB%":32.4324324324,"DREB%":76.1904761905,"FTR":0.21875,"FFI":33.7958487769,"Py-W":0.9793382497,"Py-L":0.0206617503,"PPR":1.024299059,"HHI":0.1306122449},"League":{"OFF":68.3022499063,"DEF":68.3022499063,"NET":0.0,"PACE":72.197475292,"hAST%":18.4939301973,"hTO%":12.5663884674,"TOR":18.3524423069,"AR":27.0092547158,"STL%":6.5791774308,"BLK%":6.9182389937,"EFG%":41.0204081633,"TS%":45.2263034805,"PPWS":0.9045260696,"REB%":50.0,"OREB%":30.9090909091,"DREB%":69.0909090909,"FTR":0.4244897959,"FFI":33.5454389626,"Py-W":0.5,"Py-L":0.5,"PPR":-0.125,"HHI":0.0103117002},"UE":{"OFF":58.5232877082,"DEF":74.4841843559,"NET":-15.9608966477,"PACE":70.4847619048,"hAST%":12.8424657534,"hTO%":14.9828767123,"TOR":19.8624491616,"AR":17.0249564242,"STL%":5.6749854747,"BLK%":0.0,"EFG%":31.25,"TS%":40.7769869514,"PPWS":0.815539739,"REB%":44.3037974684,"OREB%":23.8095238095,"DREB%":67.5675675676,"FTR":0.4642857143,"FFI":29.1918027666,"Py-W":0.0206617503,"Py-L":0.9793382497,"PPR":-3.072897177,"HHI":0.1530578512},"ADMU":{"OFF":61.8994496125,"DEF":78.1353708224,"NET":-16.2359212098,"PACE":73.9101886792,"hAST%":17.0250896057,"hTO%":8.064516129,"TOR":12.1769409074,"AR":25.7068752489,"STL%":9.4709540391,"BLK%":9.0909090909,"EFG%":31.8181818182,"TS%":36.4832535885,"PPWS":0.7296650718,"REB%":46.511627907,"OREB%":33.9622641509,"DREB%":66.6666666667,"FTR":0.6060606061,"FFI":31.6548698752,"Py-W":0.0235015928,"Py-L":0.9764984072,"PPR":1.7908496839,"HHI":0.1405536146}}