{"ADMU":{"MINS":200.0,"FGM":19.0,"FGA":66.0,"2PM":15.0,"2PA":44.0,"3PM":4.0,"3PA":22.0,"FTM":19.0,"FTA":40.0,"PTS":61.0,"OFF":18.0,"DEF":22.0,"REB":40.0,"AST":19.0,"TO":9.0,"STL":7.0,"BLK":4.0,"STK":11.0,"PF":26.0,"Fls on:":29.0,"+\/-":-16.0,"GW":0.0,"GP":1.0,"W":0.0,"L":1.0,"FG%":28.7878787879,"2P%":34.0909090909,"3P%":18.1818181818,"FT%":47.5},"UE":{"MINS":200.0,"FGM":16.0,"FGA":56.0,"2PM":13.0,"2PA":39.0,"3PM":3.0,"3PA":17.0,"FTM":20.0,"FTA":26.0,"PTS":55.0,"OFF":10.0,"DEF":25.0,"REB":35.0,"AST":12.0,"TO":14.0,"STL":4.0,"BLK":0.0,"STK":4.0,"PF":18.0,"Fls on:":24.0,"+\/-":-15.0,"GW":0.0,"GP":1.0,"W":0.0,"L":1.0,"FG%":28.5714285714,"2P%":33.3333333333,"3P%":17.6470588235,"FT%":76.9230769231},"UP":{"MINS":200.0,"FGM":29.0,"FGA":59.0,"2PM":24.0,"2PA":44.0,"3PM":5.0,"3PA":15.0,"FTM":14.0,"FTA":24.0,"PTS":77.0,"OFF":11.0,"DEF":35.0,"REB":46.0,"AST":23.0,"TO":16.0,"STL":2.0,"BLK":6.0,"STK":8.0,"PF":30.0,"Fls on:":26.0,"+\/-":16.0,"GW":14.0,"GP":1.0,"W":1.0,"L":0.0,"FG%":49.1525423729,"2P%":54.5454545455,"3P%":33.3333333333,"FT%":58.3333333333},"UST":{"MINS":200.0,"FGM":27.0,"FGA":64.0,"2PM":20.0,"2PA":32.0,"3PM":7.0,"3PA":32.0,"FTM":9.0,"FTA":14.0,"PTS":70.0,"OFF":12.0,"DEF":32.0,"REB":44.0,"AST":24.0,"TO":14.0,"STL":6.0,"BLK":1.0,"STK":7.0,"PF":24.0,"Fls on:":17.0,"+\/-":15.0,"GW":14.0,"GP":1.0,"W":1.0,"L":0.0,"FG%":42.1875,"2P%":62.5,"3P%":21.875,"FT%":64.2857142857},"League":{"MINS":200.0,"FGM":22.75,"FGA":61.25,"2PM":18.0,"2PA":39.75,"3PM":4.75,"3PA":21.5,"FTM":15.5,"FTA":26.0,"PTS":65.75,"OFF":12.75,"DEF":28.5,"REB":41.25,"AST":19.5,"TO":13.25,"STL":4.75,"BLK":2.75,"STK":7.5,"PF":24.5,"Fls on:":24.0,"+\/-":0.0,"GW":7.0,"GP":1.0,"W":0.5,"L":0.5,"FG%":37.1428571429,"2P%":45.2830188679,"3P%":22.0930232558,"FT%":59.6153846154}}