{"ADMU":{"POS":73.9101886792,"PACE":73.9101886792},"UE":{"POS":70.4847619048,"PACE":70.4847619048},"UP":{"POS":73.9101886792,"PACE":73.9101886792},"UST":{"POS":70.4847619048,"PACE":70.4847619048},"League":{"POS":72.197475292,"PACE":72.197475292}}