{"UP":{"2PM":15.4,"2PA":41.2,"3PM":5.0,"3PA":22.4,"FTM":16.0,"FTA":26.4,"OFF":14.0,"DEF":25.0,"AST":12.4,"TO":14.8,"STL":6.8,"BLK":3.8,"PF":22.8,"Fls on:":22.8,"+\/-":-15.2,"GW":0.0,"GP":5.0,"MINS":200.0,"FGM":20.4,"FGA":63.6,"FG%":32.0754716981,"2P%":37.3786407767,"3P%":22.3214285714,"FT%":60.6060606061,"PTS":61.8,"REB":39.0,"STK":10.6},"DLSU":{"2PM":18.8,"2PA":45.2,"3PM":5.2,"3PA":23.8,"FTM":11.8,"FTA":17.6,"OFF":14.0,"DEF":26.0,"AST":14.4,"TO":15.2,"STL":10.0,"BLK":2.8,"PF":20.6,"Fls on:":18.4,"+\/-":-9.6,"GW":11.0,"GP":5.0,"MINS":200.0,"FGM":24.0,"FGA":69.0,"FG%":34.7826086957,"2P%":41.592920354,"3P%":21.8487394958,"FT%":67.0454545455,"PTS":65.0,"REB":40.0,"STK":12.8},"UST":{"2PM":16.75,"2PA":38.0,"3PM":5.75,"3PA":23.0,"FTM":12.25,"FTA":17.0,"OFF":9.25,"DEF":28.75,"AST":15.0,"TO":12.5,"STL":5.0,"BLK":3.0,"PF":20.25,"Fls on:":20.5,"+\/-":-3.75,"GW":14.0,"GP":4.0,"MINS":200.0,"FGM":22.5,"FGA":61.0,"FG%":36.8852459016,"2P%":44.0789473684,"3P%":25.0,"FT%":72.0588235294,"PTS":63.0,"REB":38.0,"STK":8.0},"League":{"2PM":17.8684210526,"2PA":42.0263157895,"3PM":5.5789473684,"3PA":22.6578947368,"FTM":12.6578947368,"FTA":19.6052631579,"OFF":13.4736842105,"DEF":29.9473684211,"AST":16.3421052632,"TO":14.7631578947,"STL":7.2368421053,"BLK":3.0789473684,"PF":20.9473684211,"Fls on:":20.7631578947,"+\/-":0.0,"GW":32.125,"GP":4.75,"MINS":200.0,"FGM":23.4473684211,"FGA":64.6842105263,"FG%":36.2489829129,"2P%":42.5172197871,"3P%":24.6225319396,"FT%":64.5637583893,"PTS":65.1315789474,"REB":43.4210526316,"STK":10.3157894737},"AdU":{"2PM":15.1666666667,"2PA":39.8333333333,"3PM":6.6666666667,"3PA":26.5,"FTM":11.6666666667,"FTA":16.6666666667,"OFF":14.1666666667,"DEF":29.1666666667,"AST":16.3333333333,"TO":12.8333333333,"STL":7.6666666667,"BLK":1.5,"PF":19.3333333333,"Fls on:":19.8333333333,"+\/-":4.0,"GW":41.0,"GP":6.0,"MINS":200.0,"FGM":21.8333333333,"FGA":66.3333333333,"FG%":32.9145728643,"2P%":38.0753138075,"3P%":25.1572327044,"FT%":70.0,"PTS":62.0,"REB":43.3333333333,"STK":9.1666666667},"UE":{"2PM":19.5,"2PA":41.0,"3PM":5.75,"3PA":21.5,"FTM":12.0,"FTA":22.75,"OFF":12.75,"DEF":31.25,"AST":20.0,"TO":16.0,"STL":7.25,"BLK":3.5,"PF":22.5,"Fls on:":22.75,"+\/-":4.0,"GW":28.0,"GP":4.0,"MINS":200.0,"FGM":25.25,"FGA":62.5,"FG%":40.4,"2P%":47.5609756098,"3P%":26.7441860465,"FT%":52.7472527473,"PTS":68.25,"REB":44.0,"STK":10.75},"NU":{"2PM":18.2,"2PA":41.4,"3PM":6.4,"3PA":22.2,"FTM":15.2,"FTA":22.0,"OFF":15.4,"DEF":32.6,"AST":17.8,"TO":16.8,"STL":7.2,"BLK":3.4,"PF":20.2,"Fls on:":22.8,"+\/-":6.6,"GW":52.0,"GP":5.0,"MINS":200.0,"FGM":24.6,"FGA":63.6,"FG%":38.679245283,"2P%":43.961352657,"3P%":28.8288288288,"FT%":69.0909090909,"PTS":70.8,"REB":48.0,"STK":10.6},"FEU":{"2PM":18.6,"2PA":46.6,"3PM":5.4,"3PA":19.8,"FTM":9.4,"FTA":15.6,"OFF":13.2,"DEF":33.2,"AST":18.4,"TO":14.8,"STL":9.0,"BLK":4.0,"PF":18.4,"Fls on:":18.4,"+\/-":7.2,"GW":72.0,"GP":5.0,"MINS":200.0,"FGM":24.0,"FGA":66.4,"FG%":36.1445783133,"2P%":39.9141630901,"3P%":27.2727272727,"FT%":60.2564102564,"PTS":62.8,"REB":46.4,"STK":13.0},"ADMU":{"2PM":22.0,"2PA":42.5,"3PM":4.0,"3PA":20.75,"FTM":13.0,"FTA":19.5,"OFF":14.0,"DEF":34.75,"AST":17.0,"TO":15.5,"STL":3.75,"BLK":3.0,"PF":24.75,"Fls on:":21.25,"+\/-":7.5,"GW":39.0,"GP":4.0,"MINS":200.0,"FGM":26.0,"FGA":63.25,"FG%":41.1067193676,"2P%":51.7647058824,"3P%":19.2771084337,"FT%":66.6666666667,"PTS":69.0,"REB":48.75,"STK":6.75}}