TEAM,MINS,FGM,FGA,2PM,2PA,3PM,3PA,FTM,FTA,PTS,OFF,DEF,REB,AST,TO,STL,BLK,STK,PF,Fls on:,+/-,GW,GP,W,L,FG%,2P%,3P%,FT%
ADMU,800.0,84.0,252.0,63.0,149.0,21.0,103.0,57.0,101.0,246.0,48.0,102.0,150.0,71.0,42.0,30.0,11.0,41.0,85.0,98.0,-30.0,13.0,4.0,1.0,3.0,33.333333333333336,42.281879194630875,20.388349514563107,56.43564356435643
AdU,1200.0,119.0,363.0,85.0,223.0,34.0,140.0,76.0,108.0,348.0,78.0,194.0,272.0,82.0,97.0,39.0,28.0,67.0,120.0,116.0,-24.0,43.0,6.0,3.0,3.0,32.78236914600551,38.11659192825112,24.285714285714285,70.37037037037037
DLSU,1000.0,140.0,343.0,105.0,221.0,35.0,122.0,58.0,92.0,373.0,87.0,164.0,251.0,105.0,95.0,45.0,16.0,61.0,92.0,103.0,48.0,52.0,5.0,4.0,1.0,40.816326530612244,47.51131221719457,28.688524590163933,63.04347826086956
FEU,1000.0,105.0,339.0,88.0,243.0,17.0,96.0,51.0,74.0,278.0,70.0,155.0,225.0,63.0,77.0,34.0,16.0,50.0,93.0,90.0,-36.0,0.0,5.0,0.0,5.0,30.97345132743363,36.21399176954733,17.708333333333332,68.91891891891892
NU,1000.0,121.0,349.0,101.0,248.0,20.0,101.0,59.0,91.0,321.0,75.0,132.0,207.0,65.0,70.0,40.0,10.0,50.0,114.0,99.0,-33.0,15.0,5.0,1.0,4.0,34.67048710601719,40.725806451612904,19.801980198019802,64.83516483516483
UE,800.0,85.0,237.0,59.0,145.0,26.0,92.0,61.0,97.0,257.0,42.0,103.0,145.0,53.0,59.0,32.0,11.0,43.0,93.0,90.0,-16.0,23.0,4.0,2.0,2.0,35.86497890295359,40.689655172413794,28.26086956521739,62.88659793814433
UP,1000.0,142.0,333.0,109.0,232.0,33.0,101.0,68.0,106.0,385.0,72.0,166.0,238.0,102.0,71.0,30.0,20.0,50.0,117.0,113.0,76.0,74.0,5.0,5.0,0.0,42.64264264264264,46.98275862068966,32.67326732673267,64.15094339622641
UST,800.0,95.0,242.0,69.0,136.0,26.0,106.0,51.0,76.0,267.0,40.0,122.0,162.0,80.0,50.0,25.0,5.0,30.0,82.0,80.0,15.0,37.0,4.0,3.0,1.0,39.256198347107436,50.73529411764706,24.528301886792452,67.10526315789474
League,950.0,111.375,307.25,84.875,199.625,26.5,107.625,60.125,93.125,309.375,64.0,142.25,206.25,77.625,70.125,34.375,14.625,49.0,99.5,98.625,0.0,32.125,4.75,2.375,2.375,36.24898291293735,42.517219787100814,24.62253193960511,64.56375838926175
