{"UP":{"OFF":78.1353708224,"DEF":61.8994496125,"NET":16.2359212098,"PACE":73.9101886792,"hAST%":21.186440678,"hTO%":14.7383935151,"TOR":21.6478949465,"AR":31.1188489855,"STL%":2.7059868683,"BLK%":13.6363636364,"EFG%":53.3898305085,"TS%":55.3479010926,"PPWS":1.1069580219,"REB%":53.488372093,"OREB%":33.3333333333,"DREB%":66.0377358491,"FTR":0.406779661,"FFI":39.5362675219,"Py-W":0.9764984072,"Py-L":0.0235015928,"PPR":-0.3316737891,"HHI":0.1310507674},"UST":{"OFF":74.4841843559,"DEF":58.5232877082,"NET":15.9608966477,"PACE":70.4847619048,"hAST%":22.1893491124,"hTO%":12.9437869822,"TOR":19.8624491616,"AR":34.0499128484,"STL%":8.5124782121,"BLK%":2.5641025641,"EFG%":47.65625,"TS%":49.8859749145,"PPWS":0.9977194983,"REB%":55.6962025316,"OREB%":32.4324324324,"DREB%":76.1904761905,"FTR":0.21875,"FFI":33.7958487769,"Py-W":0.9793382497,"Py-L":0.0206617503,"PPR":1.043377533,"HHI":0.1306122449},"AdU":{"OFF":62.9001728705,"DEF":50.1069173714,"NET":12.7932554991,"PACE":70.3495681818,"hAST%":14.5744267392,"hTO%":15.5460551885,"TOR":22.7435653317,"AR":21.3220924985,"STL%":11.3717826659,"BLK%":17.3076923077,"EFG%":35.15625,"TS%":41.0177975528,"PPWS":0.8203559511,"REB%":56.5656565657,"OREB%":38.6363636364,"DREB%":70.9090909091,"FTR":0.28125,"FFI":31.6944140602,"Py-W":0.9743752415,"Py-L":0.0256247585,"PPR":-3.1361479065,"HHI":0.1525423729},"DLSU":{"OFF":73.6549944502,"DEF":70.8221100483,"NET":2.8328844019,"PACE":79.4243492063,"hAST%":17.0676202861,"hTO%":15.4421326398,"TOR":23.9221349496,"AR":26.440254418,"STL%":10.0724778735,"BLK%":10.5263157895,"EFG%":42.7631578947,"TS%":46.9653179191,"PPWS":0.9393063584,"REB%":52.1276595745,"OREB%":42.8571428571,"DREB%":62.2222222222,"FTR":0.2105263158,"FFI":34.8151202036,"Py-W":0.6519295065,"Py-L":0.3480704935,"PPR":-2.3148511045,"HHI":0.1502301118},"League":{"OFF":66.5434113914,"DEF":66.5434113914,"NET":0.0,"PACE":73.542216993,"hAST%":16.7421023462,"hTO%":13.2782191022,"TOR":19.5465959387,"AR":24.6457079227,"STL%":8.3285495739,"BLK%":7.9320113314,"EFG%":38.9199255121,"TS%":43.0636219641,"PPWS":0.8612724393,"REB%":50.0,"OREB%":34.0782122905,"DREB%":65.9217877095,"FTR":0.2923649907,"FFI":31.655736508,"Py-W":0.5,"Py-L":0.5,"PPR":-1.1458333333,"HHI":0.0109177806},"NU":{"OFF":70.8221100483,"DEF":73.6549944502,"NET":-2.8328844019,"PACE":79.4243492063,"hAST%":14.7313691508,"hTO%":12.9982668977,"TOR":18.8858960129,"AR":21.4040154813,"STL%":10.0724778735,"BLK%":1.9607843137,"EFG%":41.7721518987,"TS%":44.964028777,"PPWS":0.8992805755,"REB%":47.8723404255,"OREB%":37.7777777778,"DREB%":57.1428571429,"FTR":0.1265822785,"FFI":30.8846244955,"Py-W":0.3480704935,"Py-L":0.6519295065,"PPR":-1.6975574766,"HHI":0.1264},"FEU":{"OFF":50.1069173714,"DEF":62.9001728705,"NET":-12.7932554991,"PACE":70.3495681818,"hAST%":13.5975135975,"hTO%":11.655011655,"TOR":17.0576739988,"AR":19.9006196652,"STL%":8.5288369994,"BLK%":2.9411764706,"EFG%":28.0821917808,"TS%":30.5353430353,"PPWS":0.6107068607,"REB%":43.4343434343,"OREB%":29.0909090909,"DREB%":61.3636363636,"FTR":0.1232876712,"FFI":23.1647920987,"Py-W":0.0256247585,"Py-L":0.9743752415,"PPR":-1.393843514,"HHI":0.162516976},"UE":{"OFF":58.5232877082,"DEF":74.4841843559,"NET":-15.9608966477,"PACE":70.4847619048,"hAST%":12.8424657534,"hTO%":14.9828767123,"TOR":19.8624491616,"AR":17.0249564242,"STL%":5.6749854747,"BLK%":0.0,"EFG%":31.25,"TS%":40.7769869514,"PPWS":0.815539739,"REB%":44.3037974684,"OREB%":23.8095238095,"DREB%":67.5675675676,"FTR":0.4642857143,"FFI":29.1918027666,"Py-W":0.0206617503,"Py-L":0.9793382497,"PPR":-3.1301325991,"HHI":0.1530578512},"ADMU":{"OFF":61.8994496125,"DEF":78.1353708224,"NET":-16.2359212098,"PACE":73.9101886792,"hAST%":17.0250896057,"hTO%":8.064516129,"TOR":12.1769409074,"AR":25.7068752489,"STL%":9.4709540391,"BLK%":9.0909090909,"EFG%":31.8181818182,"TS%":36.4832535885,"PPWS":0.7296650718,"REB%":46.511627907,"OREB%":33.9622641509,"DREB%":66.6666666667,"FTR":0.6060606061,"FFI":31.6548698752,"Py-W":0.0235015928,"Py-L":0.9764984072,"PPR":1.82420584,"HHI":0.1405536146}}