{"ADMU":{"POS":73.9101886792,"PACE":73.9101886792},"AdU":{"POS":70.3495681818,"PACE":70.3495681818},"DLSU":{"POS":79.4243492063,"PACE":79.4243492063},"FEU":{"POS":70.3495681818,"PACE":70.3495681818},"NU":{"POS":79.4243492063,"PACE":79.4243492063},"UE":{"POS":70.4847619048,"PACE":70.4847619048},"UP":{"POS":73.9101886792,"PACE":73.9101886792},"UST":{"POS":70.4847619048,"PACE":70.4847619048},"League":{"POS":73.542216993,"PACE":73.542216993}}