{"ADMU":{"2PM":88.0,"2PA":170.0,"3PM":16.0,"3PA":83.0,"FTM":52.0,"FTA":78.0,"OFF":56.0,"DEF":139.0,"AST":68.0,"TO":62.0,"STL":15.0,"BLK":12.0,"PF":99.0,"Fls on:":85.0,"+\/-":30.0,"GW":39.0,"GP":4.0,"MINS":800.0,"FGM":104.0,"FGA":253.0,"FG%":41.1067193676,"2P%":51.7647058824,"3P%":19.2771084337,"FT%":66.6666666667,"PTS":276.0,"REB":195.0,"STK":27.0},"UE":{"2PM":87.0,"2PA":197.0,"3PM":30.0,"3PA":117.0,"FTM":60.0,"FTA":109.0,"OFF":64.0,"DEF":156.0,"AST":90.0,"TO":75.0,"STL":36.0,"BLK":18.0,"PF":115.0,"Fls on:":112.0,"+\/-":10.0,"GW":28.0,"GP":5.0,"MINS":1000.0,"FGM":117.0,"FGA":314.0,"FG%":37.2611464968,"2P%":44.1624365482,"3P%":25.641025641,"FT%":55.0458715596,"PTS":324.0,"REB":220.0,"STK":54.0},"UST":{"2PM":90.0,"2PA":201.0,"3PM":31.0,"3PA":114.0,"FTM":67.0,"FTA":96.0,"OFF":58.0,"DEF":149.0,"AST":86.0,"TO":67.0,"STL":27.0,"BLK":13.0,"PF":98.0,"Fls on:":104.0,"+\/-":6.0,"GW":27.0,"GP":5.0,"MINS":1000.0,"FGM":121.0,"FGA":315.0,"FG%":38.4126984127,"2P%":44.776119403,"3P%":27.1929824561,"FT%":69.7916666667,"PTS":340.0,"REB":207.0,"STK":40.0},"UP":{"2PM":77.0,"2PA":206.0,"3PM":25.0,"3PA":112.0,"FTM":80.0,"FTA":132.0,"OFF":70.0,"DEF":125.0,"AST":62.0,"TO":74.0,"STL":34.0,"BLK":19.0,"PF":114.0,"Fls on:":114.0,"+\/-":-76.0,"GW":0.0,"GP":5.0,"MINS":1000.0,"FGM":102.0,"FGA":318.0,"FG%":32.0754716981,"2P%":37.3786407767,"3P%":22.3214285714,"FT%":60.6060606061,"PTS":309.0,"REB":195.0,"STK":53.0},"FEU":{"2PM":93.0,"2PA":233.0,"3PM":27.0,"3PA":99.0,"FTM":47.0,"FTA":78.0,"OFF":66.0,"DEF":166.0,"AST":92.0,"TO":74.0,"STL":45.0,"BLK":20.0,"PF":92.0,"Fls on:":92.0,"+\/-":36.0,"GW":72.0,"GP":5.0,"MINS":1000.0,"FGM":120.0,"FGA":332.0,"FG%":36.1445783133,"2P%":39.9141630901,"3P%":27.2727272727,"FT%":60.2564102564,"PTS":314.0,"REB":232.0,"STK":65.0},"DLSU":{"2PM":110.0,"2PA":261.0,"3PM":36.0,"3PA":150.0,"FTM":64.0,"FTA":97.0,"OFF":76.0,"DEF":153.0,"AST":87.0,"TO":91.0,"STL":59.0,"BLK":18.0,"PF":125.0,"Fls on:":108.0,"+\/-":-69.0,"GW":11.0,"GP":6.0,"MINS":1200.0,"FGM":146.0,"FGA":411.0,"FG%":35.5231143552,"2P%":42.1455938697,"3P%":24.0,"FT%":65.9793814433,"PTS":392.0,"REB":229.0,"STK":77.0},"AdU":{"2PM":91.0,"2PA":239.0,"3PM":40.0,"3PA":159.0,"FTM":70.0,"FTA":100.0,"OFF":85.0,"DEF":175.0,"AST":98.0,"TO":77.0,"STL":46.0,"BLK":9.0,"PF":116.0,"Fls on:":119.0,"+\/-":24.0,"GW":41.0,"GP":6.0,"MINS":1200.0,"FGM":131.0,"FGA":398.0,"FG%":32.9145728643,"2P%":38.0753138075,"3P%":25.1572327044,"FT%":70.0,"PTS":372.0,"REB":260.0,"STK":55.0},"NU":{"2PM":102.0,"2PA":241.0,"3PM":40.0,"3PA":138.0,"FTM":87.0,"FTA":128.0,"OFF":90.0,"DEF":197.0,"AST":101.0,"TO":98.0,"STL":39.0,"BLK":21.0,"PF":122.0,"Fls on:":139.0,"+\/-":39.0,"GW":65.0,"GP":6.0,"MINS":1200.0,"FGM":142.0,"FGA":379.0,"FG%":37.4670184697,"2P%":42.3236514523,"3P%":28.9855072464,"FT%":67.96875,"PTS":411.0,"REB":287.0,"STK":60.0},"League":{"2PM":92.25,"2PA":218.5,"3PM":30.625,"3PA":121.5,"FTM":65.875,"FTA":102.25,"OFF":70.625,"DEF":157.5,"AST":85.5,"TO":77.25,"STL":37.625,"BLK":16.25,"PF":110.125,"Fls on:":109.125,"+\/-":0.0,"GW":35.375,"GP":5.25,"MINS":1050.0,"FGM":122.875,"FGA":340.0,"FG%":36.1397058824,"2P%":42.2196796339,"3P%":25.2057613169,"FT%":64.4254278729,"PTS":342.25,"REB":228.125,"STK":53.875}}