{"UP":{"2PM":15.4,"2PA":41.2,"3PM":5.0,"3PA":22.4,"FTM":16.0,"FTA":26.4,"OFF":14.0,"DEF":25.0,"AST":12.4,"TO":14.8,"STL":6.8,"BLK":3.8,"PF":22.8,"Fls on:":22.8,"+\/-":-15.2,"GW":0.0,"GP":5.0,"MINS":200.0,"FGM":20.4,"FGA":63.6,"FG%":32.0754716981,"2P%":37.3786407767,"3P%":22.3214285714,"FT%":60.6060606061,"PTS":61.8,"REB":39.0,"STK":10.6},"DLSU":{"2PM":18.3333333333,"2PA":43.5,"3PM":6.0,"3PA":25.0,"FTM":10.6666666667,"FTA":16.1666666667,"OFF":12.6666666667,"DEF":25.5,"AST":14.5,"TO":15.1666666667,"STL":9.8333333333,"BLK":3.0,"PF":20.8333333333,"Fls on:":18.0,"+\/-":-11.5,"GW":11.0,"GP":6.0,"MINS":200.0,"FGM":24.3333333333,"FGA":68.5,"FG%":35.5231143552,"2P%":42.1455938697,"3P%":24.0,"FT%":65.9793814433,"PTS":65.3333333333,"REB":38.1666666667,"STK":12.8333333333},"League":{"2PM":17.5714285714,"2PA":41.619047619,"3PM":5.8333333333,"3PA":23.1428571429,"FTM":12.5476190476,"FTA":19.4761904762,"OFF":13.4523809524,"DEF":30.0,"AST":16.2857142857,"TO":14.7142857143,"STL":7.1666666667,"BLK":3.0952380952,"PF":20.9761904762,"Fls on:":20.7857142857,"+\/-":0.0,"GW":35.375,"GP":5.25,"MINS":200.0,"FGM":23.4047619048,"FGA":64.7619047619,"FG%":36.1397058824,"2P%":42.2196796339,"3P%":25.2057613169,"FT%":64.4254278729,"PTS":65.1904761905,"REB":43.4523809524,"STK":10.2619047619},"UST":{"2PM":18.0,"2PA":40.2,"3PM":6.2,"3PA":22.8,"FTM":13.4,"FTA":19.2,"OFF":11.6,"DEF":29.8,"AST":17.2,"TO":13.4,"STL":5.4,"BLK":2.6,"PF":19.6,"Fls on:":20.8,"+\/-":1.2,"GW":27.0,"GP":5.0,"MINS":200.0,"FGM":24.2,"FGA":63.0,"FG%":38.4126984127,"2P%":44.776119403,"3P%":27.1929824561,"FT%":69.7916666667,"PTS":68.0,"REB":41.4,"STK":8.0},"UE":{"2PM":17.4,"2PA":39.4,"3PM":6.0,"3PA":23.4,"FTM":12.0,"FTA":21.8,"OFF":12.8,"DEF":31.2,"AST":18.0,"TO":15.0,"STL":7.2,"BLK":3.6,"PF":23.0,"Fls on:":22.4,"+\/-":2.0,"GW":28.0,"GP":5.0,"MINS":200.0,"FGM":23.4,"FGA":62.8,"FG%":37.2611464968,"2P%":44.1624365482,"3P%":25.641025641,"FT%":55.0458715596,"PTS":64.8,"REB":44.0,"STK":10.8},"AdU":{"2PM":15.1666666667,"2PA":39.8333333333,"3PM":6.6666666667,"3PA":26.5,"FTM":11.6666666667,"FTA":16.6666666667,"OFF":14.1666666667,"DEF":29.1666666667,"AST":16.3333333333,"TO":12.8333333333,"STL":7.6666666667,"BLK":1.5,"PF":19.3333333333,"Fls on:":19.8333333333,"+\/-":4.0,"GW":41.0,"GP":6.0,"MINS":200.0,"FGM":21.8333333333,"FGA":66.3333333333,"FG%":32.9145728643,"2P%":38.0753138075,"3P%":25.1572327044,"FT%":70.0,"PTS":62.0,"REB":43.3333333333,"STK":9.1666666667},"NU":{"2PM":17.0,"2PA":40.1666666667,"3PM":6.6666666667,"3PA":23.0,"FTM":14.5,"FTA":21.3333333333,"OFF":15.0,"DEF":32.8333333333,"AST":16.8333333333,"TO":16.3333333333,"STL":6.5,"BLK":3.5,"PF":20.3333333333,"Fls on:":23.1666666667,"+\/-":6.5,"GW":65.0,"GP":6.0,"MINS":200.0,"FGM":23.6666666667,"FGA":63.1666666667,"FG%":37.4670184697,"2P%":42.3236514523,"3P%":28.9855072464,"FT%":67.96875,"PTS":68.5,"REB":47.8333333333,"STK":10.0},"FEU":{"2PM":18.6,"2PA":46.6,"3PM":5.4,"3PA":19.8,"FTM":9.4,"FTA":15.6,"OFF":13.2,"DEF":33.2,"AST":18.4,"TO":14.8,"STL":9.0,"BLK":4.0,"PF":18.4,"Fls on:":18.4,"+\/-":7.2,"GW":72.0,"GP":5.0,"MINS":200.0,"FGM":24.0,"FGA":66.4,"FG%":36.1445783133,"2P%":39.9141630901,"3P%":27.2727272727,"FT%":60.2564102564,"PTS":62.8,"REB":46.4,"STK":13.0},"ADMU":{"2PM":22.0,"2PA":42.5,"3PM":4.0,"3PA":20.75,"FTM":13.0,"FTA":19.5,"OFF":14.0,"DEF":34.75,"AST":17.0,"TO":15.5,"STL":3.75,"BLK":3.0,"PF":24.75,"Fls on:":21.25,"+\/-":7.5,"GW":39.0,"GP":4.0,"MINS":200.0,"FGM":26.0,"FGA":63.25,"FG%":41.1067193676,"2P%":51.7647058824,"3P%":19.2771084337,"FT%":66.6666666667,"PTS":69.0,"REB":48.75,"STK":6.75}}