TEAM,2PM,2PA,3PM,3PA,FTM,FTA,OFF,DEF,AST,TO,STL,BLK,PF,Fls on:,+/-,GW,GP,MINS,FGM,FGA,FG%,2P%,3P%,FT%,PTS,REB,STK
UP,15.4,41.2,5.0,22.4,16.0,26.4,14.0,25.0,12.4,14.8,6.8,3.8,22.8,22.8,-15.2,0.0,5.0,200.0,20.4,63.6,32.0754716981,37.3786407767,22.3214285714,60.6060606061,61.8,39.0,10.6
DLSU,18.333333333333332,43.5,6.0,25.0,10.666666666666666,16.166666666666668,12.666666666666666,25.5,14.5,15.166666666666666,9.833333333333334,3.0,20.833333333333332,18.0,-11.5,11.0,6.0,200.0,24.333333333333332,68.5,35.5231143552,42.1455938697,24.0,65.9793814433,65.33333333333333,38.166666666666664,12.833333333333334
League,17.571428571428573,41.61904761904762,5.833333333333333,23.142857142857142,12.547619047619047,19.476190476190474,13.452380952380953,30.0,16.285714285714285,14.714285714285714,7.166666666666667,3.0952380952380953,20.976190476190474,20.785714285714285,0.0,35.375,5.25,200.0,23.404761904761905,64.76190476190476,36.1397058824,42.2196796339,25.2057613169,64.4254278729,65.19047619047619,43.45238095238095,10.261904761904763
UST,18.0,40.2,6.2,22.8,13.4,19.2,11.6,29.8,17.2,13.4,5.4,2.6,19.6,20.8,1.2,27.0,5.0,200.0,24.2,63.0,38.4126984127,44.776119403,27.1929824561,69.7916666667,68.0,41.4,8.0
UE,17.4,39.4,6.0,23.4,12.0,21.8,12.8,31.2,18.0,15.0,7.2,3.6,23.0,22.4,2.0,28.0,5.0,200.0,23.4,62.8,37.2611464968,44.1624365482,25.641025641,55.0458715596,64.8,44.0,10.8
AdU,15.166666666666666,39.833333333333336,6.666666666666667,26.5,11.666666666666666,16.666666666666668,14.166666666666666,29.166666666666668,16.333333333333332,12.833333333333334,7.666666666666667,1.5,19.333333333333332,19.833333333333332,4.0,41.0,6.0,200.0,21.833333333333332,66.33333333333333,32.9145728643,38.0753138075,25.1572327044,70.0,62.0,43.333333333333336,9.166666666666666
NU,17.0,40.166666666666664,6.666666666666667,23.0,14.5,21.333333333333332,15.0,32.833333333333336,16.833333333333332,16.333333333333332,6.5,3.5,20.333333333333332,23.166666666666668,6.5,65.0,6.0,200.0,23.666666666666668,63.166666666666664,37.4670184697,42.3236514523,28.9855072464,67.96875,68.5,47.833333333333336,10.0
FEU,18.6,46.6,5.4,19.8,9.4,15.6,13.2,33.2,18.4,14.8,9.0,4.0,18.4,18.4,7.2,72.0,5.0,200.0,24.0,66.4,36.1445783133,39.9141630901,27.2727272727,60.2564102564,62.8,46.4,13.0
ADMU,22.0,42.5,4.0,20.75,13.0,19.5,14.0,34.75,17.0,15.5,3.75,3.0,24.75,21.25,7.5,39.0,4.0,200.0,26.0,63.25,41.1067193676,51.7647058824,19.2771084337,66.6666666667,69.0,48.75,6.75
