TEAM,MINS,FGM,FGA,2PM,2PA,3PM,3PA,FTM,FTA,PTS,OFF,DEF,REB,AST,TO,STL,BLK,STK,PF,Fls on:,+/-,GW,GP,W,L,FG%,2P%,3P%,FT%
ADMU,800.0,84.0,252.0,63.0,149.0,21.0,103.0,57.0,101.0,246.0,48.0,102.0,150.0,71.0,42.0,30.0,11.0,41.0,85.0,98.0,-30.0,13.0,4.0,1.0,3.0,33.333333333333336,42.281879194630875,20.388349514563107,56.43564356435643
AdU,1200.0,119.0,363.0,85.0,223.0,34.0,140.0,76.0,108.0,348.0,78.0,194.0,272.0,82.0,97.0,39.0,28.0,67.0,120.0,116.0,-24.0,43.0,6.0,3.0,3.0,32.78236914600551,38.11659192825112,24.285714285714285,70.37037037037037
DLSU,1200.0,171.0,414.0,128.0,270.0,43.0,144.0,76.0,120.0,461.0,108.0,198.0,306.0,131.0,112.0,52.0,17.0,69.0,109.0,125.0,69.0,65.0,6.0,5.0,1.0,41.30434782608695,47.407407407407405,29.86111111111111,63.333333333333336
FEU,1000.0,105.0,339.0,88.0,243.0,17.0,96.0,51.0,74.0,278.0,70.0,155.0,225.0,63.0,77.0,34.0,16.0,50.0,93.0,90.0,-36.0,0.0,5.0,0.0,5.0,30.97345132743363,36.21399176954733,17.708333333333332,68.91891891891892
NU,1200.0,137.0,413.0,110.0,281.0,27.0,132.0,71.0,109.0,372.0,88.0,163.0,251.0,75.0,81.0,47.0,14.0,61.0,139.0,120.0,-39.0,15.0,6.0,1.0,5.0,33.171912832929785,39.145907473309606,20.454545454545453,65.13761467889908
UE,1000.0,104.0,298.0,70.0,179.0,34.0,119.0,72.0,115.0,314.0,55.0,137.0,192.0,65.0,73.0,35.0,15.0,50.0,114.0,115.0,-10.0,36.0,5.0,3.0,2.0,34.899328859060404,39.10614525139665,28.571428571428573,62.608695652173914
UP,1000.0,142.0,333.0,109.0,232.0,33.0,101.0,68.0,106.0,385.0,72.0,166.0,238.0,102.0,71.0,30.0,20.0,50.0,117.0,113.0,76.0,74.0,5.0,5.0,0.0,42.64264264264264,46.98275862068966,32.67326732673267,64.15094339622641
UST,1000.0,121.0,308.0,85.0,171.0,36.0,137.0,56.0,85.0,334.0,46.0,145.0,191.0,95.0,65.0,34.0,9.0,43.0,104.0,96.0,-6.0,37.0,5.0,3.0,2.0,39.285714285714285,49.707602339181285,26.277372262773724,65.88235294117646
League,1050.0,122.875,340.0,92.25,218.5,30.625,121.5,65.875,102.25,342.25,70.625,157.5,228.125,85.5,77.25,37.625,16.25,53.875,110.125,109.125,0.0,35.375,5.25,2.625,2.625,36.13970588235294,42.21967963386728,25.20576131687243,64.42542787286064
