{"UP":{"MINS":200.0,"FGM":28.4,"FGA":66.6,"2PM":21.8,"2PA":46.4,"3PM":6.6,"3PA":20.2,"FTM":13.6,"FTA":21.2,"PTS":77.0,"OFF":14.4,"DEF":33.2,"REB":47.6,"AST":20.4,"TO":14.2,"STL":6.0,"BLK":4.0,"STK":10.0,"PF":23.4,"Fls on:":22.6,"+\/-":15.2,"GW":74.0,"GP":5.0,"W":5.0,"L":0.0,"FG%":42.6426426426,"2P%":46.9827586207,"3P%":32.6732673267,"FT%":64.1509433962,"W%":1.0},"DLSU":{"MINS":200.0,"FGM":28.5,"FGA":69.0,"2PM":21.3333333333,"2PA":45.0,"3PM":7.1666666667,"3PA":24.0,"FTM":12.6666666667,"FTA":20.0,"PTS":76.8333333333,"OFF":18.0,"DEF":33.0,"REB":51.0,"AST":21.8333333333,"TO":18.6666666667,"STL":8.6666666667,"BLK":2.8333333333,"STK":11.5,"PF":18.1666666667,"Fls on:":20.8333333333,"+\/-":11.5,"GW":65.0,"GP":6.0,"W":5.0,"L":1.0,"FG%":41.3043478261,"2P%":47.4074074074,"3P%":29.8611111111,"FT%":63.3333333333,"W%":0.8333333333},"UE":{"MINS":200.0,"FGM":20.8,"FGA":59.6,"2PM":14.0,"2PA":35.8,"3PM":6.8,"3PA":23.8,"FTM":14.4,"FTA":23.0,"PTS":62.8,"OFF":11.0,"DEF":27.4,"REB":38.4,"AST":13.0,"TO":14.6,"STL":7.0,"BLK":3.0,"STK":10.0,"PF":22.8,"Fls on:":23.0,"+\/-":-2.0,"GW":36.0,"GP":5.0,"W":3.0,"L":2.0,"FG%":34.8993288591,"2P%":39.1061452514,"3P%":28.5714285714,"FT%":62.6086956522,"W%":0.6},"UST":{"MINS":200.0,"FGM":24.2,"FGA":61.6,"2PM":17.0,"2PA":34.2,"3PM":7.2,"3PA":27.4,"FTM":11.2,"FTA":17.0,"PTS":66.8,"OFF":9.2,"DEF":29.0,"REB":38.2,"AST":19.0,"TO":13.0,"STL":6.8,"BLK":1.8,"STK":8.6,"PF":20.8,"Fls on:":19.2,"+\/-":-1.2,"GW":37.0,"GP":5.0,"W":3.0,"L":2.0,"FG%":39.2857142857,"2P%":49.7076023392,"3P%":26.2773722628,"FT%":65.8823529412,"W%":0.6},"AdU":{"MINS":200.0,"FGM":19.8333333333,"FGA":60.5,"2PM":14.1666666667,"2PA":37.1666666667,"3PM":5.6666666667,"3PA":23.3333333333,"FTM":12.6666666667,"FTA":18.0,"PTS":58.0,"OFF":13.0,"DEF":32.3333333333,"REB":45.3333333333,"AST":13.6666666667,"TO":16.1666666667,"STL":6.5,"BLK":4.6666666667,"STK":11.1666666667,"PF":20.0,"Fls on:":19.3333333333,"+\/-":-4.0,"GW":43.0,"GP":6.0,"W":3.0,"L":3.0,"FG%":32.782369146,"2P%":38.1165919283,"3P%":24.2857142857,"FT%":70.3703703704,"W%":0.5},"League":{"MINS":200.0,"FGM":23.4047619048,"FGA":64.7619047619,"2PM":17.5714285714,"2PA":41.619047619,"3PM":5.8333333333,"3PA":23.1428571429,"FTM":12.5476190476,"FTA":19.4761904762,"PTS":65.1904761905,"OFF":13.4523809524,"DEF":30.0,"REB":43.4523809524,"AST":16.2857142857,"TO":14.7142857143,"STL":7.1666666667,"BLK":3.0952380952,"STK":10.2619047619,"PF":20.9761904762,"Fls on:":20.7857142857,"+\/-":0.0,"GW":35.375,"GP":5.25,"W":2.625,"L":2.625,"FG%":36.1397058824,"2P%":42.2196796339,"3P%":25.2057613169,"FT%":64.4254278729,"W%":0.5},"ADMU":{"MINS":200.0,"FGM":21.0,"FGA":63.0,"2PM":15.75,"2PA":37.25,"3PM":5.25,"3PA":25.75,"FTM":14.25,"FTA":25.25,"PTS":61.5,"OFF":12.0,"DEF":25.5,"REB":37.5,"AST":17.75,"TO":10.5,"STL":7.5,"BLK":2.75,"STK":10.25,"PF":21.25,"Fls on:":24.5,"+\/-":-7.5,"GW":13.0,"GP":4.0,"W":1.0,"L":3.0,"FG%":33.3333333333,"2P%":42.2818791946,"3P%":20.3883495146,"FT%":56.4356435644,"W%":0.25},"NU":{"MINS":200.0,"FGM":22.8333333333,"FGA":68.8333333333,"2PM":18.3333333333,"2PA":46.8333333333,"3PM":4.5,"3PA":22.0,"FTM":11.8333333333,"FTA":18.1666666667,"PTS":62.0,"OFF":14.6666666667,"DEF":27.1666666667,"REB":41.8333333333,"AST":12.5,"TO":13.5,"STL":7.8333333333,"BLK":2.3333333333,"STK":10.1666666667,"PF":23.1666666667,"Fls on:":20.0,"+\/-":-6.5,"GW":15.0,"GP":6.0,"W":1.0,"L":5.0,"FG%":33.1719128329,"2P%":39.1459074733,"3P%":20.4545454545,"FT%":65.1376146789,"W%":0.1666666667},"FEU":{"MINS":200.0,"FGM":21.0,"FGA":67.8,"2PM":17.6,"2PA":48.6,"3PM":3.4,"3PA":19.2,"FTM":10.2,"FTA":14.8,"PTS":55.6,"OFF":14.0,"DEF":31.0,"REB":45.0,"AST":12.6,"TO":15.4,"STL":6.8,"BLK":3.2,"STK":10.0,"PF":18.6,"Fls on:":18.0,"+\/-":-7.2,"GW":0.0,"GP":5.0,"W":0.0,"L":5.0,"FG%":30.9734513274,"2P%":36.2139917695,"3P%":17.7083333333,"FT%":68.9189189189,"W%":0.0}}