{"ADMU":{"POS":288.9757801394,"PACE":72.2439450349},"AdU":{"POS":425.3353803817,"PACE":70.8892300636},"DLSU":{"POS":464.2803750315,"PACE":77.3800625052},"FEU":{"POS":370.3953366823,"PACE":74.0790673365},"NU":{"POS":442.2017961306,"PACE":73.7002993551},"UE":{"POS":364.187127632,"PACE":72.8374255264},"UP":{"POS":373.9769267831,"PACE":74.7953853566},"UST":{"POS":360.4453553114,"PACE":72.0890710623},"League":{"POS":386.2247597615,"PACE":73.5018107801}}