{"DLSU":{"2PM":18.5714285714,"2PA":43.4285714286,"3PM":5.1428571429,"3PA":23.0,"FTM":11.3571428571,"FTA":18.7142857143,"OFF":11.4285714286,"DEF":26.0,"AST":12.2857142857,"TO":14.9285714286,"STL":9.1428571429,"BLK":2.8571428571,"PF":20.8571428571,"Fls on:":18.5,"+\/-":-10.2857142857,"GW":25.0,"GP":14,"MINS":200.0,"FGM":23.7142857143,"FGA":66.4285714286,"FG%":35.6989247312,"2P%":42.7631578947,"3P%":22.3602484472,"FT%":60.6870229008,"PTS":63.9285714286,"REB":37.4285714286,"STK":12.0},"UP":{"2PM":16.1666666667,"2PA":40.75,"3PM":6.3333333333,"3PA":23.0,"FTM":12.8333333333,"FTA":20.8333333333,"OFF":12.75,"DEF":25.5833333333,"AST":14.5,"TO":17.3333333333,"STL":7.5,"BLK":2.9166666667,"PF":21.75,"Fls on:":21.0833333333,"+\/-":-7.75,"GW":37.0,"GP":12,"MINS":200.0,"FGM":22.5,"FGA":63.75,"FG%":35.2941176471,"2P%":39.672801636,"3P%":27.5362318841,"FT%":61.6,"PTS":64.1666666667,"REB":38.3333333333,"STK":10.4166666667},"League":{"2PM":17.2596153846,"2PA":40.3173076923,"3PM":6.3365384615,"3PA":24.0288461538,"FTM":12.0,"FTA":19.0961538462,"OFF":12.9038461538,"DEF":29.2403846154,"AST":15.2692307692,"TO":15.3173076923,"STL":6.8173076923,"BLK":3.0288461538,"PF":19.9711538462,"Fls on:":19.6634615385,"+\/-":0.0,"GW":83.375,"GP":13,"MINS":200.0,"FGM":23.5961538462,"FGA":64.3461538462,"FG%":36.6706515242,"2P%":42.8094443119,"3P%":26.3705482193,"FT%":62.8398791541,"PTS":65.5288461538,"REB":42.1442307692,"STK":9.8461538462},"UST":{"2PM":18.0769230769,"2PA":40.2307692308,"3PM":7.6923076923,"3PA":24.7692307692,"FTM":13.1538461538,"FTA":19.0769230769,"OFF":11.7692307692,"DEF":29.9230769231,"AST":16.2307692308,"TO":14.5384615385,"STL":6.3076923077,"BLK":3.3076923077,"PF":19.5384615385,"Fls on:":20.3846153846,"+\/-":1.0,"GW":92.0,"GP":13,"MINS":200.0,"FGM":25.7692307692,"FGA":65.0,"FG%":39.6449704142,"2P%":44.9330783939,"3P%":31.0559006211,"FT%":68.9516129032,"PTS":72.3846153846,"REB":41.6923076923,"STK":9.6153846154},"UE":{"2PM":15.9230769231,"2PA":36.0,"3PM":6.6923076923,"3PA":25.5384615385,"FTM":12.2307692308,"FTA":21.4615384615,"OFF":13.0769230769,"DEF":29.9230769231,"AST":16.7692307692,"TO":15.6153846154,"STL":6.5384615385,"BLK":3.0769230769,"PF":20.6923076923,"Fls on:":20.3846153846,"+\/-":1.8461538462,"GW":83.0,"GP":13,"MINS":200.0,"FGM":22.6153846154,"FGA":61.5384615385,"FG%":36.75,"2P%":44.2307692308,"3P%":26.2048192771,"FT%":56.9892473118,"PTS":64.1538461538,"REB":43.0,"STK":9.6153846154},"NU":{"2PM":16.2142857143,"2PA":38.2142857143,"3PM":6.5714285714,"3PA":25.2142857143,"FTM":12.4285714286,"FTA":19.7142857143,"OFF":15.2857142857,"DEF":29.6428571429,"AST":15.0,"TO":16.8571428571,"STL":6.2142857143,"BLK":2.8571428571,"PF":18.8571428571,"Fls on:":21.6428571429,"+\/-":2.2857142857,"GW":119.0,"GP":14,"MINS":200.0,"FGM":22.7857142857,"FGA":63.4285714286,"FG%":35.9234234234,"2P%":42.4299065421,"3P%":26.0623229462,"FT%":63.0434782609,"PTS":64.5714285714,"REB":44.9285714286,"STK":9.0714285714},"FEU":{"2PM":18.0,"2PA":46.6153846154,"3PM":6.3076923077,"3PA":23.6923076923,"FTM":9.2307692308,"FTA":15.9230769231,"OFF":14.3076923077,"DEF":30.6923076923,"AST":16.4615384615,"TO":12.7692307692,"STL":6.6923076923,"BLK":3.2307692308,"PF":18.6923076923,"Fls on:":16.2307692308,"+\/-":2.3076923077,"GW":110.0,"GP":13,"MINS":200.0,"FGM":24.3076923077,"FGA":70.3076923077,"FG%":34.5733041575,"2P%":38.6138613861,"3P%":26.6233766234,"FT%":57.9710144928,"PTS":64.1538461538,"REB":45.0,"STK":9.9230769231},"AdU":{"2PM":15.0833333333,"2PA":37.1666666667,"3PM":6.4166666667,"3PA":25.0833333333,"FTM":11.3333333333,"FTA":17.0,"OFF":11.5,"DEF":28.5833333333,"AST":15.0833333333,"TO":15.1666666667,"STL":7.9166666667,"BLK":2.5833333333,"PF":17.8333333333,"Fls on:":18.8333333333,"+\/-":3.75,"GW":91.0,"GP":12,"MINS":200.0,"FGM":21.5,"FGA":62.25,"FG%":34.5381526104,"2P%":40.5829596413,"3P%":25.5813953488,"FT%":66.6666666667,"PTS":60.75,"REB":40.0833333333,"STK":10.5},"ADMU":{"2PM":19.7692307692,"2PA":39.8461538462,"3PM":5.6153846154,"3PA":21.9230769231,"FTM":13.4615384615,"FTA":20.0,"OFF":12.9230769231,"DEF":33.4615384615,"AST":16.0,"TO":15.3846153846,"STL":4.2307692308,"BLK":3.3846153846,"PF":21.5384615385,"Fls on:":20.2307692308,"+\/-":7.1538461538,"GW":110.0,"GP":13,"MINS":200.0,"FGM":25.3846153846,"FGA":61.7692307692,"FG%":41.095890411,"2P%":49.6138996139,"3P%":25.6140350877,"FT%":67.3076923077,"PTS":69.8461538462,"REB":46.3846153846,"STK":7.6153846154}}