{"DLSU":{"OFF":71.9808024669,"DEF":62.0046373512,"NET":9.9761651157,"PACE":77.3271655471,"hAST%":17.9811661188,"hTO%":16.2510195507,"TOR":24.2938094948,"AR":26.8802226729,"STL%":9.0524461235,"BLK%":7.4013157895,"EFG%":45.6684491979,"TS%":48.808673757,"PPWS":0.9761734751,"REB%":56.694214876,"OREB%":38.3050847458,"DREB%":74.1935483871,"FTR":0.3144385027,"FFI":36.7184265421,"Py-W":12.8216763009,"Py-L":1.1783236991,"PPR":-2.3353696177,"HHI":0.1164414588},"UP":{"OFF":70.9062112784,"DEF":63.2651016042,"NET":7.6411096743,"PACE":76.0687942953,"hAST%":16.1180861893,"hTO%":15.7324860413,"TOR":22.3481917355,"AR":22.8959415329,"STL%":10.0785962729,"BLK%":9.4069529652,"EFG%":45.8709677419,"TS%":48.829893174,"PPWS":0.9765978635,"REB%":53.3468559838,"OREB%":34.6808510638,"DREB%":70.3488372093,"FTR":0.3187096774,"FFI":35.6522504047,"Py-W":10.3331001418,"Py-L":1.6668998582,"PPR":-2.6189052087,"HHI":0.0911329553},"League":{"OFF":66.4550365859,"DEF":66.4550365859,"NET":0.0,"PACE":73.9361919341,"hAST%":14.7764366083,"hTO%":14.8229619125,"TOR":20.7117384752,"AR":20.6467298799,"STL%":9.2182188192,"BLK%":7.5125208681,"EFG%":41.5944411237,"TS%":45.0379600943,"PPWS":0.9007592019,"REB%":50.0,"OREB%":30.6182979694,"DREB%":69.3817020306,"FTR":0.2967722654,"FFI":32.3909546431,"Py-W":6.5,"Py-L":6.5,"PPR":-2.5505171042,"HHI":0.0102423966},"UST":{"OFF":70.9962635283,"DEF":71.9908232544,"NET":-0.9945597262,"PACE":75.4102524242,"hAST%":15.7902361292,"hTO%":13.6897001304,"TOR":19.2791577685,"AR":22.2373354155,"STL%":9.4865696956,"BLK%":5.1625239006,"EFG%":44.5852534562,"TS%":47.6581758422,"PPWS":0.9531635168,"REB%":49.3930905696,"OREB%":29.1438979964,"DREB%":70.6896551724,"FTR":0.2764976959,"FFI":32.6301358617,"Py-W":5.7795787111,"Py-L":7.2204212889,"PPR":-1.6309754249,"HHI":0.1315491231},"UE":{"OFF":65.1233783026,"DEF":67.052959882,"NET":-1.9295815793,"PACE":71.7572866285,"hAST%":13.2389064344,"hTO%":14.9137078508,"TOR":20.0462086298,"AR":17.7950301206,"STL%":9.3263109668,"BLK%":7.6923076923,"EFG%":41.1392405063,"TS%":44.9560429802,"PPWS":0.8991208596,"REB%":47.0142180095,"OREB%":27.4253731343,"DREB%":67.2447013487,"FTR":0.3189873418,"FFI":31.7371331134,"Py-W":5.0086709795,"Py-L":7.9913290205,"PPR":-3.0250457691,"HHI":0.1219570187},"FEU":{"OFF":62.5080650479,"DEF":64.8404555348,"NET":-2.3323904869,"PACE":74.2058090409,"hAST%":11.6901495109,"hTO%":15.0741401587,"TOR":20.3177126856,"AR":15.7565935113,"STL%":8.0856203545,"BLK%":8.7458745875,"EFG%":38.3040935673,"TS%":42.2162480047,"PPWS":0.8443249601,"REB%":50.3816793893,"OREB%":29.8769771529,"DREB%":69.5081967213,"FTR":0.2584795322,"FFI":30.2536540113,"Py-W":4.6477547814,"Py-L":8.3522452186,"PPR":-3.5593474607,"HHI":0.1488112918},"NU":{"OFF":64.2368977725,"DEF":66.594215122,"NET":-2.3573173495,"PACE":72.7218893411,"hAST%":13.2244874618,"hTO%":14.4397106339,"TOR":19.8407543579,"AR":18.170987902,"STL%":9.4292693978,"BLK%":6.3551401869,"EFG%":39.5027624309,"TS%":43.0864099929,"PPWS":0.8617281999,"REB%":46.7851099831,"OREB%":29.3015332198,"DREB%":64.0336134454,"FTR":0.2685082873,"FFI":30.6492245152,"Py-W":5.0358886142,"Py-L":8.9641113858,"PPR":-2.8564369478,"HHI":0.1020589597},"AdU":{"OFF":59.3308356962,"DEF":63.2341801499,"NET":-3.9033444537,"PACE":72.0535948944,"hAST%":13.9424051916,"hTO%":17.8293787602,"TOR":24.4031312513,"AR":19.0830173292,"STL%":8.905408087,"BLK%":10.9865470852,"EFG%":38.7343532684,"TS%":42.3560883781,"PPWS":0.8471217676,"REB%":51.7552657974,"OREB%":29.2783505155,"DREB%":73.046875,"FTR":0.2795549374,"FFI":31.6435182845,"Py-W":3.1816074878,"Py-L":8.8183925122,"PPR":-4.2737691119,"HHI":0.1145608905},"ADMU":{"OFF":65.3546438721,"DEF":72.8122903508,"NET":-7.4576464787,"PACE":71.9447433012,"hAST%":15.3644882561,"hTO%":10.72471705,"TOR":15.0756724515,"AR":21.5977718809,"STL%":9.4089303243,"BLK%":4.8262548263,"EFG%":38.5207100592,"TS%":41.9359486272,"PPWS":0.8387189725,"REB%":44.4751381215,"OREB%":27.135678392,"DREB%":65.6441717791,"FTR":0.3408284024,"FFI":29.7167638504,"Py-W":1.9594679576,"Py-L":11.0405320424,"PPR":-0.2479482513,"HHI":0.1102743799}}