{"ADMU":{"MINS":2625.0,"FGM":281.0,"FGA":845.0,"2PM":192.0,"2PA":480.0,"3PM":89.0,"3PA":365.0,"FTM":164.0,"FTA":288.0,"PTS":815.0,"OFF":162.0,"DEF":321.0,"REB":483.0,"AST":202.0,"TO":141.0,"STL":88.0,"BLK":25.0,"STK":113.0,"PF":264.0,"Fls on:":276.0,"+\/-":-93.0,"GW":47.0,"GP":13.0,"W":4.0,"L":9.0,"FG%":33.2544378698,"2P%":40.0,"3P%":24.3835616438,"FT%":56.9444444444},"AdU":{"MINS":2425.0,"FGM":238.0,"FGA":719.0,"2PM":157.0,"2PA":425.0,"3PM":81.0,"3PA":294.0,"FTM":127.0,"FTA":201.0,"PTS":684.0,"OFF":142.0,"DEF":374.0,"REB":516.0,"AST":165.0,"TO":211.0,"STL":77.0,"BLK":49.0,"STK":126.0,"PF":229.0,"Fls on:":215.0,"+\/-":-45.0,"GW":70.0,"GP":12.0,"W":5.0,"L":7.0,"FG%":33.1015299026,"2P%":36.9411764706,"3P%":27.5510204082,"FT%":63.184079602},"DLSU":{"MINS":2825.0,"FGM":376.0,"FGA":935.0,"2PM":274.0,"2PA":598.0,"3PM":102.0,"3PA":337.0,"FTM":185.0,"FTA":294.0,"PTS":1039.0,"OFF":226.0,"DEF":460.0,"REB":686.0,"AST":291.0,"TO":263.0,"STL":98.0,"BLK":45.0,"STK":143.0,"PF":264.0,"Fls on:":284.0,"+\/-":144.0,"GW":152.0,"GP":14.0,"W":12.0,"L":2.0,"FG%":40.2139037433,"2P%":45.8193979933,"3P%":30.2670623145,"FT%":62.925170068},"FEU":{"MINS":2650.0,"FGM":299.0,"FGA":855.0,"2PM":242.0,"2PA":588.0,"3PM":57.0,"3PA":267.0,"FTM":149.0,"FTA":221.0,"PTS":804.0,"OFF":170.0,"DEF":424.0,"REB":594.0,"AST":152.0,"TO":196.0,"STL":78.0,"BLK":53.0,"STK":131.0,"PF":215.0,"Fls on:":240.0,"+\/-":-30.0,"GW":52.0,"GP":13.0,"W":5.0,"L":8.0,"FG%":34.9707602339,"2P%":41.156462585,"3P%":21.3483146067,"FT%":67.4208144796},"NU":{"MINS":2800.0,"FGM":320.0,"FGA":905.0,"2PM":245.0,"2PA":603.0,"3PM":75.0,"3PA":302.0,"FTM":157.0,"FTA":243.0,"PTS":872.0,"OFF":172.0,"DEF":381.0,"REB":553.0,"AST":185.0,"TO":202.0,"STL":96.0,"BLK":34.0,"STK":130.0,"PF":305.0,"Fls on:":259.0,"+\/-":-32.0,"GW":71.0,"GP":14.0,"W":5.0,"L":9.0,"FG%":35.3591160221,"2P%":40.6301824212,"3P%":24.8344370861,"FT%":64.6090534979},"UE":{"MINS":2600.0,"FGM":281.0,"FGA":790.0,"2PM":193.0,"2PA":483.0,"3PM":88.0,"3PA":307.0,"FTM":160.0,"FTA":252.0,"PTS":810.0,"OFF":147.0,"DEF":349.0,"REB":496.0,"AST":166.0,"TO":187.0,"STL":87.0,"BLK":36.0,"STK":123.0,"PF":271.0,"Fls on:":267.0,"+\/-":-24.0,"GW":72.0,"GP":13.0,"W":6.0,"L":7.0,"FG%":35.5696202532,"2P%":39.9585921325,"3P%":28.664495114,"FT%":63.4920634921},"UP":{"MINS":2400.0,"FGM":322.0,"FGA":775.0,"2PM":255.0,"2PA":520.0,"3PM":67.0,"3PA":255.0,"FTM":152.0,"FTA":247.0,"PTS":863.0,"OFF":163.0,"DEF":363.0,"REB":526.0,"AST":209.0,"TO":204.0,"STL":92.0,"BLK":46.0,"STK":138.0,"PF":259.0,"Fls on:":256.0,"+\/-":93.0,"GW":129.0,"GP":12.0,"W":9.0,"L":3.0,"FG%":41.5483870968,"2P%":49.0384615385,"3P%":26.2745098039,"FT%":61.5384615385},"UST":{"MINS":2625.0,"FGM":337.0,"FGA":868.0,"2PM":237.0,"2PA":496.0,"3PM":100.0,"3PA":372.0,"FTM":154.0,"FTA":240.0,"PTS":928.0,"OFF":160.0,"DEF":369.0,"REB":529.0,"AST":218.0,"TO":189.0,"STL":93.0,"BLK":27.0,"STK":120.0,"PF":270.0,"Fls on:":248.0,"+\/-":-13.0,"GW":74.0,"GP":13.0,"W":6.0,"L":7.0,"FG%":38.8248847926,"2P%":47.7822580645,"3P%":26.8817204301,"FT%":64.1666666667},"League":{"MINS":2618.75,"FGM":306.75,"FGA":836.5,"2PM":224.375,"2PA":524.125,"3PM":82.375,"3PA":312.375,"FTM":156.0,"FTA":248.25,"PTS":851.875,"OFF":167.75,"DEF":380.125,"REB":547.875,"AST":198.5,"TO":199.125,"STL":88.625,"BLK":39.375,"STK":128.0,"PF":259.625,"Fls on:":255.625,"+\/-":0.0,"GW":83.375,"GP":13.0,"W":6.5,"L":6.5,"FG%":36.6706515242,"2P%":42.8094443119,"3P%":26.3705482193,"FT%":62.8398791541}}