TEAM,MINS,FGM,FGA,2PM,2PA,3PM,3PA,FTM,FTA,PTS,OFF,DEF,REB,AST,TO,STL,BLK,STK,PF,Fls on:,+/-,GW,GP,W,L,FG%,2P%,3P%,FT%
ADMU,2625.0,281.0,845.0,192.0,480.0,89.0,365.0,164.0,288.0,815.0,162.0,321.0,483.0,202.0,141.0,88.0,25.0,113.0,264.0,276.0,-93.0,47.0,13.0,4.0,9.0,33.25443786982248,40.0,24.383561643835616,56.94444444444444
AdU,2425.0,238.0,719.0,157.0,425.0,81.0,294.0,127.0,201.0,684.0,142.0,374.0,516.0,165.0,211.0,77.0,49.0,126.0,229.0,215.0,-45.0,70.0,12.0,5.0,7.0,33.10152990264256,36.94117647058823,27.551020408163264,63.18407960199005
DLSU,2825.0,376.0,935.0,274.0,598.0,102.0,337.0,185.0,294.0,1039.0,226.0,460.0,686.0,291.0,263.0,98.0,45.0,143.0,264.0,284.0,144.0,152.0,14.0,12.0,2.0,40.213903743315505,45.819397993311036,30.26706231454006,62.925170068027214
FEU,2650.0,299.0,855.0,242.0,588.0,57.0,267.0,149.0,221.0,804.0,170.0,424.0,594.0,152.0,196.0,78.0,53.0,131.0,215.0,240.0,-30.0,52.0,13.0,5.0,8.0,34.97076023391813,41.156462585034014,21.348314606741575,67.42081447963801
NU,2800.0,320.0,905.0,245.0,603.0,75.0,302.0,157.0,243.0,872.0,172.0,381.0,553.0,185.0,202.0,96.0,34.0,130.0,305.0,259.0,-32.0,71.0,14.0,5.0,9.0,35.35911602209945,40.6301824212272,24.834437086092716,64.60905349794238
UE,2600.0,281.0,790.0,193.0,483.0,88.0,307.0,160.0,252.0,810.0,147.0,349.0,496.0,166.0,187.0,87.0,36.0,123.0,271.0,267.0,-24.0,72.0,13.0,6.0,7.0,35.56962025316456,39.958592132505174,28.664495114006513,63.492063492063494
UP,2400.0,322.0,775.0,255.0,520.0,67.0,255.0,152.0,247.0,863.0,163.0,363.0,526.0,209.0,204.0,92.0,46.0,138.0,259.0,256.0,93.0,129.0,12.0,9.0,3.0,41.54838709677419,49.03846153846154,26.274509803921568,61.53846153846154
UST,2625.0,337.0,868.0,237.0,496.0,100.0,372.0,154.0,240.0,928.0,160.0,369.0,529.0,218.0,189.0,93.0,27.0,120.0,270.0,248.0,-13.0,74.0,13.0,6.0,7.0,38.824884792626726,47.78225806451613,26.881720430107528,64.16666666666667
League,2618.75,306.75,836.5,224.375,524.125,82.375,312.375,156.0,248.25,851.875,167.75,380.125,547.875,198.5,199.125,88.625,39.375,128.0,259.625,255.625,0.0,83.375,13.0,6.5,6.5,36.67065152420801,42.80944431194848,26.370548219287716,62.83987915407855
