{"DLSU":{"2PM":18.0833333333,"2PA":42.4166666667,"3PM":5.4166666667,"3PA":23.75,"FTM":11.4166666667,"FTA":19.1666666667,"OFF":11.25,"DEF":26.25,"AST":12.0833333333,"TO":14.9166666667,"STL":9.1666666667,"BLK":2.9166666667,"PF":20.3333333333,"Fls on:":19.5,"+\/-":-11.8333333333,"GW":11.0,"GP":12,"MINS":200.0,"FGM":23.5,"FGA":66.1666666667,"FG%":35.516372796,"2P%":42.6326129666,"3P%":22.8070175439,"FT%":59.5652173913,"PTS":63.8333333333,"REB":37.5,"STK":12.0833333333},"UP":{"2PM":15.2727272727,"2PA":39.6363636364,"3PM":6.4545454545,"3PA":23.8181818182,"FTM":13.0909090909,"FTA":20.8181818182,"OFF":13.0,"DEF":25.4545454545,"AST":13.6363636364,"TO":17.3636363636,"STL":7.2727272727,"BLK":3.1818181818,"PF":22.2727272727,"Fls on:":20.9090909091,"+\/-":-9.4545454545,"GW":25.0,"GP":11,"MINS":200.0,"FGM":21.7272727273,"FGA":63.4545454545,"FG%":34.2406876791,"2P%":38.5321100917,"3P%":27.0992366412,"FT%":62.8820960699,"PTS":63.0,"REB":38.4545454545,"STK":10.4545454545},"League":{"2PM":17.1770833333,"2PA":40.2604166667,"3PM":6.4791666667,"3PA":24.09375,"FTM":12.0729166667,"FTA":19.1875,"OFF":12.8645833333,"DEF":29.40625,"AST":15.3854166667,"TO":15.25,"STL":6.8541666667,"BLK":3.0833333333,"PF":20.1770833333,"Fls on:":19.8645833333,"+\/-":0.0,"GW":76.75,"GP":12,"MINS":200.0,"FGM":23.65625,"FGA":64.3541666667,"FG%":36.7594690838,"2P%":42.6649417853,"3P%":26.8914829226,"FT%":62.9207383279,"PTS":65.8645833333,"REB":42.2708333333,"STK":9.9375},"UST":{"2PM":18.0769230769,"2PA":40.2307692308,"3PM":7.6923076923,"3PA":24.7692307692,"FTM":13.1538461538,"FTA":19.0769230769,"OFF":11.7692307692,"DEF":29.9230769231,"AST":16.2307692308,"TO":14.5384615385,"STL":6.3076923077,"BLK":3.3076923077,"PF":19.5384615385,"Fls on:":20.3846153846,"+\/-":1.0,"GW":92.0,"GP":13,"MINS":200.0,"FGM":25.7692307692,"FGA":65.0,"FG%":39.6449704142,"2P%":44.9330783939,"3P%":31.0559006211,"FT%":68.9516129032,"PTS":72.3846153846,"REB":41.6923076923,"STK":9.6153846154},"UE":{"2PM":15.6666666667,"2PA":35.75,"3PM":6.75,"3PA":25.5833333333,"FTM":12.0,"FTA":21.25,"OFF":12.9166666667,"DEF":30.0833333333,"AST":16.75,"TO":16.0,"STL":6.75,"BLK":3.25,"PF":20.8333333333,"Fls on:":20.5,"+\/-":1.6666666667,"GW":72.0,"GP":12,"MINS":200.0,"FGM":22.4166666667,"FGA":61.3333333333,"FG%":36.5489130435,"2P%":43.8228438228,"3P%":26.3843648208,"FT%":56.4705882353,"PTS":63.5833333333,"REB":43.0,"STK":10.0},"FEU":{"2PM":18.0,"2PA":46.6153846154,"3PM":6.3076923077,"3PA":23.6923076923,"FTM":9.2307692308,"FTA":15.9230769231,"OFF":14.3076923077,"DEF":30.6923076923,"AST":16.4615384615,"TO":12.7692307692,"STL":6.6923076923,"BLK":3.2307692308,"PF":18.6923076923,"Fls on:":16.2307692308,"+\/-":2.3076923077,"GW":110.0,"GP":13,"MINS":200.0,"FGM":24.3076923077,"FGA":70.3076923077,"FG%":34.5733041575,"2P%":38.6138613861,"3P%":26.6233766234,"FT%":57.9710144928,"PTS":64.1538461538,"REB":45.0,"STK":9.9230769231},"NU":{"2PM":16.4166666667,"2PA":39.0833333333,"3PM":6.8333333333,"3PA":24.6666666667,"FTM":13.0833333333,"FTA":20.4166666667,"OFF":15.1666666667,"DEF":29.5,"AST":15.25,"TO":16.1666666667,"STL":6.5833333333,"BLK":2.9166666667,"PF":19.8333333333,"Fls on:":22.25,"+\/-":2.4166666667,"GW":103.0,"GP":12,"MINS":200.0,"FGM":23.25,"FGA":63.75,"FG%":36.4705882353,"2P%":42.0042643923,"3P%":27.7027027027,"FT%":64.0816326531,"PTS":66.4166666667,"REB":44.6666666667,"STK":9.5},"AdU":{"2PM":15.4545454545,"2PA":37.8181818182,"3PM":6.7272727273,"3PA":25.1818181818,"FTM":11.4545454545,"FTA":17.0,"OFF":12.0,"DEF":28.8181818182,"AST":15.8181818182,"TO":14.9090909091,"STL":8.0,"BLK":2.3636363636,"PF":18.3636363636,"Fls on:":19.0909090909,"+\/-":5.1818181818,"GW":91.0,"GP":11,"MINS":200.0,"FGM":22.1818181818,"FGA":63.0,"FG%":35.2092352092,"2P%":40.8653846154,"3P%":26.714801444,"FT%":67.3796791444,"PTS":62.5454545455,"REB":40.8181818182,"STK":10.3636363636},"ADMU":{"2PM":20.0,"2PA":39.75,"3PM":5.5833333333,"3PA":21.3333333333,"FTM":13.3333333333,"FTA":20.0833333333,"OFF":12.4166666667,"DEF":34.0,"AST":16.5833333333,"TO":15.75,"STL":4.25,"BLK":3.4166666667,"PF":21.75,"Fls on:":20.3333333333,"+\/-":8.0833333333,"GW":110.0,"GP":12,"MINS":200.0,"FGM":25.5833333333,"FGA":61.0833333333,"FG%":41.8826739427,"2P%":50.3144654088,"3P%":26.171875,"FT%":66.3900414938,"PTS":70.0833333333,"REB":46.4166666667,"STK":7.6666666667}}