{"DLSU":{"OFF":73.1854269969,"DEF":61.7401289423,"NET":11.4452980546,"PACE":77.5427599847,"hAST%":18.1852160662,"hTO%":16.1007446594,"TOR":24.0727395702,"AR":27.1892996038,"STL%":9.0272773388,"BLK%":8.2514734774,"EFG%":46.2779156328,"TS%":49.6587329366,"PPWS":0.9931746587,"REB%":56.9377990431,"OREB%":37.8698224852,"DREB%":74.907063197,"FTR":0.3052109181,"FFI":36.6814794144,"Py-W":11.2590506672,"Py-L":0.7409493328,"PPR":-2.1777255231,"HHI":0.1165921132},"UP":{"OFF":71.7590032687,"DEF":62.3952186514,"NET":9.3637846172,"PACE":75.7269563618,"hAST%":16.3713080169,"hTO%":15.611814346,"TOR":22.2089763358,"AR":23.2894130224,"STL%":9.8439787002,"BLK%":10.0917431193,"EFG%":46.8175388967,"TS%":49.4416873449,"PPWS":0.9888337469,"REB%":53.3627342889,"OREB%":34.4262295082,"DREB%":70.2083333333,"FTR":0.3182461103,"FFI":35.9381971992,"Py-W":9.9389427869,"Py-L":1.0610572131,"PPR":-2.4728133647,"HHI":0.091817024},"League":{"OFF":66.7320670632,"DEF":66.7320670632,"NET":0.0,"PACE":74.0064045742,"hAST%":14.8748977791,"hTO%":14.7439745082,"TOR":20.6011378946,"AR":20.7840714961,"STL%":9.2592546001,"BLK%":7.6584734799,"EFG%":41.7934606669,"TS%":45.238735748,"PPWS":0.904774715,"REB%":50.0,"OREB%":30.4337111878,"DREB%":69.5662888122,"FTR":0.2981547426,"FFI":32.4267321175,"Py-W":6.0,"Py-L":6.0,"PPR":-2.4771748493,"HHI":0.0104730379},"UST":{"OFF":70.9962635283,"DEF":71.9908232544,"NET":-0.9945597262,"PACE":75.4102524242,"hAST%":15.7902361292,"hTO%":13.6897001304,"TOR":19.2791577685,"AR":22.2373354155,"STL%":9.4865696956,"BLK%":5.1625239006,"EFG%":44.5852534562,"TS%":47.6581758422,"PPWS":0.9531635168,"REB%":49.3930905696,"OREB%":29.1438979964,"DREB%":70.6896551724,"FTR":0.2764976959,"FFI":32.6301358617,"Py-W":5.7795787111,"Py-L":7.2204212889,"PPR":-1.6325242616,"HHI":0.1315491231},"UE":{"OFF":64.5178415233,"DEF":66.2545263557,"NET":-1.7366848324,"PACE":71.9762144913,"hAST%":13.5869565217,"hTO%":15.2312378842,"TOR":20.3771020334,"AR":18.1773012457,"STL%":9.6096560726,"BLK%":7.6923076923,"EFG%":41.5277777778,"TS%":45.1660749891,"PPWS":0.9033214998,"REB%":46.5838509317,"OREB%":26.1758691207,"DREB%":67.5052410901,"FTR":0.3236111111,"FFI":31.7947271103,"Py-W":4.743874548,"Py-L":7.256125452,"PPR":-3.0560579188,"HHI":0.1257768785},"FEU":{"OFF":62.5080650479,"DEF":64.8404555348,"NET":-2.3323904869,"PACE":74.2058090409,"hAST%":11.6901495109,"hTO%":15.0741401587,"TOR":20.3177126856,"AR":15.7565935113,"STL%":8.0856203545,"BLK%":8.7458745875,"EFG%":38.3040935673,"TS%":42.2162480047,"PPWS":0.8443249601,"REB%":50.3816793893,"OREB%":29.8769771529,"DREB%":69.5081967213,"FTR":0.2584795322,"FFI":30.2536540113,"Py-W":4.6477547814,"Py-L":8.3522452186,"PPR":-3.5627275534,"HHI":0.1488112918},"NU":{"OFF":65.8443877191,"DEF":68.3306992345,"NET":-2.4863115154,"PACE":72.8991515644,"hAST%":13.6396502991,"hTO%":14.2148162756,"TOR":19.7761789504,"AR":18.9759867385,"STL%":9.259367023,"BLK%":5.5437100213,"EFG%":39.9744572158,"TS%":43.733770671,"PPWS":0.8746754134,"REB%":47.7073170732,"OREB%":30.7240704501,"DREB%":64.5914396887,"FTR":0.275862069,"FFI":31.2165727484,"Py-W":4.2712540911,"Py-L":7.7287459089,"PPR":-2.6366709958,"HHI":0.0996873644},"AdU":{"OFF":59.6706067234,"DEF":65.060820009,"NET":-5.3902132856,"PACE":72.1003683977,"hAST%":13.9746984407,"hTO%":17.5603118564,"TOR":24.0825903522,"AR":19.1652027934,"STL%":9.2043408152,"BLK%":11.2980769231,"EFG%":38.6018237082,"TS%":42.3671912768,"PPWS":0.8473438255,"REB%":51.5118790497,"OREB%":29.711751663,"DREB%":72.2105263158,"FTR":0.2993920973,"FFI":31.8946088629,"Py-W":2.2045209673,"Py-L":8.7954790327,"PPR":-4.1364981246,"HHI":0.1138006987},"ADMU":{"OFF":64.413599626,"DEF":72.8116092546,"NET":-8.3980096287,"PACE":72.1897243284,"hAST%":15.2620116156,"hTO%":10.724656811,"TOR":15.006752601,"AR":21.3557633169,"STL%":9.6966709114,"BLK%":5.0314465409,"EFG%":38.0921895006,"TS%":41.4641758438,"PPWS":0.8292835169,"REB%":44.1323971916,"OREB%":26.4864864865,"DREB%":66.2895927602,"FTR":0.338028169,"FFI":29.356283783,"Py-W":1.4805529617,"Py-L":10.5194470383,"PPR":-0.2818324008,"HHI":0.1083434501}}