{"DLSU":{"MINS":202.0833333333,"FGM":27.0833333333,"FGA":67.1666666667,"2PM":19.0833333333,"2PA":42.25,"3PM":8.0,"3PA":24.9166666667,"FTM":13.5,"FTA":20.5,"PTS":75.6666666667,"OFF":16.0,"DEF":33.5833333333,"REB":49.5833333333,"AST":21.0833333333,"TO":18.6666666667,"STL":7.0,"BLK":3.5,"STK":10.5,"PF":19.8333333333,"Fls on:":19.75,"+\/-":11.8333333333,"GW":140.0,"GP":12,"W":11,"L":1,"FG%":40.3225806452,"2P%":45.16765286,"3P%":32.1070234114,"FT%":65.8536585366,"W%":0.9166666667},"UP":{"MINS":200.0,"FGM":27.1818181818,"FGA":64.2727272727,"2PM":21.3636363636,"2PA":42.8181818182,"3PM":5.8181818182,"3PA":21.4545454545,"FTM":12.2727272727,"FTA":20.4545454545,"PTS":72.4545454545,"OFF":13.3636363636,"DEF":30.6363636364,"REB":44.0,"AST":17.6363636364,"TO":16.8181818182,"STL":7.4545454545,"BLK":4.0,"STK":11.4545454545,"PF":21.3636363636,"Fls on:":21.9090909091,"+\/-":9.4545454545,"GW":129.0,"GP":11,"W":9,"L":2,"FG%":42.2913719943,"2P%":49.8938428875,"3P%":27.1186440678,"FT%":60.0,"W%":0.8181818182},"UE":{"MINS":200.0,"FGM":21.5,"FGA":60.0,"2PM":14.6666666667,"2PA":36.8333333333,"3PM":6.8333333333,"3PA":23.1666666667,"FTM":12.0833333333,"FTA":19.4166666667,"PTS":61.9166666667,"OFF":10.6666666667,"DEF":26.8333333333,"REB":37.5,"AST":13.0833333333,"TO":14.6666666667,"STL":6.9166666667,"BLK":2.75,"STK":9.6666666667,"PF":21.0,"Fls on:":20.6666666667,"+\/-":-1.6666666667,"GW":72.0,"GP":12,"W":6,"L":6,"FG%":35.8333333333,"2P%":39.8190045249,"3P%":29.4964028777,"FT%":62.2317596567,"W%":0.5},"League":{"MINS":201.5625,"FGM":23.65625,"FGA":64.3541666667,"2PM":17.1770833333,"2PA":40.2604166667,"3PM":6.4791666667,"3PA":24.09375,"FTM":12.0729166667,"FTA":19.1875,"PTS":65.8645833333,"OFF":12.8645833333,"DEF":29.40625,"REB":42.2708333333,"AST":15.3854166667,"TO":15.25,"STL":6.8541666667,"BLK":3.0833333333,"STK":9.9375,"PF":20.1770833333,"Fls on:":19.8645833333,"+\/-":0.0,"GW":76.75,"GP":12,"W":6,"L":6,"FG%":36.7594690838,"2P%":42.6649417853,"3P%":26.8914829226,"FT%":62.9207383279,"W%":0.5},"UST":{"MINS":201.9230769231,"FGM":25.9230769231,"FGA":66.7692307692,"2PM":18.2307692308,"2PA":38.1538461538,"3PM":7.6923076923,"3PA":28.6153846154,"FTM":11.8461538462,"FTA":18.4615384615,"PTS":71.3846153846,"OFF":12.3076923077,"DEF":28.3846153846,"REB":40.6923076923,"AST":16.7692307692,"TO":14.5384615385,"STL":7.1538461538,"BLK":2.0769230769,"STK":9.2307692308,"PF":20.7692307692,"Fls on:":19.0769230769,"+\/-":-1.0,"GW":74.0,"GP":13,"W":6,"L":7,"FG%":38.8248847926,"2P%":47.7822580645,"3P%":26.8817204301,"FT%":64.1666666667,"W%":0.4615384615},"FEU":{"MINS":203.8461538462,"FGM":23.0,"FGA":65.7692307692,"2PM":18.6153846154,"2PA":45.2307692308,"3PM":4.3846153846,"3PA":20.5384615385,"FTM":11.4615384615,"FTA":17.0,"PTS":61.8461538462,"OFF":13.0769230769,"DEF":32.6153846154,"REB":45.6923076923,"AST":11.6923076923,"TO":15.0769230769,"STL":6.0,"BLK":4.0769230769,"STK":10.0769230769,"PF":16.5384615385,"Fls on:":18.4615384615,"+\/-":-2.3076923077,"GW":52.0,"GP":13,"W":5,"L":8,"FG%":34.9707602339,"2P%":41.156462585,"3P%":21.3483146067,"FT%":67.4208144796,"W%":0.3846153846},"AdU":{"MINS":202.2727272727,"FGM":19.8181818182,"FGA":59.8181818182,"2PM":13.2727272727,"2PA":36.0909090909,"3PM":6.5454545455,"3PA":23.7272727273,"FTM":11.1818181818,"FTA":17.9090909091,"PTS":57.3636363636,"OFF":12.1818181818,"DEF":31.1818181818,"REB":43.3636363636,"AST":13.8181818182,"TO":17.3636363636,"STL":6.6363636364,"BLK":4.2727272727,"STK":10.9090909091,"PF":19.3636363636,"Fls on:":18.4545454545,"+\/-":-5.1818181818,"GW":54.0,"GP":11,"W":4,"L":7,"FG%":33.1306990881,"2P%":36.7758186398,"3P%":27.5862068966,"FT%":62.4365482234,"W%":0.3636363636},"NU":{"MINS":200.0,"FGM":23.25,"FGA":65.25,"2PM":17.5833333333,"2PA":43.5833333333,"3PM":5.6666666667,"3PA":21.6666666667,"FTM":11.8333333333,"FTA":18.0,"PTS":64.0,"OFF":13.0833333333,"DEF":27.6666666667,"REB":40.75,"AST":13.8333333333,"TO":14.4166666667,"STL":6.75,"BLK":2.1666666667,"STK":8.9166666667,"PF":22.4166666667,"Fls on:":19.4166666667,"+\/-":-2.4166666667,"GW":57.0,"GP":12,"W":4,"L":8,"FG%":35.632183908,"2P%":40.34416826,"3P%":26.1538461538,"FT%":65.7407407407,"W%":0.3333333333},"ADMU":{"MINS":202.0833333333,"FGM":21.3333333333,"FGA":65.0833333333,"2PM":14.4166666667,"2PA":36.75,"3PM":6.9166666667,"3PA":28.3333333333,"FTM":12.4166666667,"FTA":22.0,"PTS":62.0,"OFF":12.25,"DEF":24.4166666667,"REB":36.6666666667,"AST":15.4166666667,"TO":10.8333333333,"STL":7.0,"BLK":2.0,"STK":9.0,"PF":20.4166666667,"Fls on:":21.4166666667,"+\/-":-8.0833333333,"GW":36.0,"GP":12,"W":3,"L":9,"FG%":32.7784891165,"2P%":39.2290249433,"3P%":24.4117647059,"FT%":56.4393939394,"W%":0.25}}