{"ADMU":{"POS":866.2766919408,"PACE":72.1897243284},"AdU":{"POS":793.1040523748,"PACE":72.1003683977},"DLSU":{"POS":930.513119817,"PACE":77.5427599847},"FEU":{"POS":964.6755175315,"PACE":74.2058090409},"NU":{"POS":874.789818773,"PACE":72.8991515644},"UE":{"POS":863.7145738962,"PACE":71.9762144913},"UP":{"POS":832.9965199795,"PACE":75.7269563618},"UST":{"POS":980.333281515,"PACE":75.4102524242},"League":{"POS":888.3004469785,"PACE":74.0064045742}}