{"UP":{"2PM":17.25,"2PA":43.5,"3PM":4.0,"3PA":20.75,"FTM":16.5,"FTA":28.0,"OFF":13.5,"DEF":25.75,"AST":12.0,"TO":14.25,"STL":7.25,"BLK":3.25,"PF":22.5,"Fls on:":23.75,"+\/-":-16.0,"GW":0.0,"GP":4,"MINS":200.0,"FGM":21.25,"FGA":64.25,"FG%":33.0739299611,"2P%":39.6551724138,"3P%":19.2771084337,"FT%":58.9285714286,"PTS":63.0,"REB":39.25,"STK":10.5},"DLSU":{"2PM":18.5,"2PA":42.25,"3PM":5.5,"3PA":24.5,"FTM":12.25,"FTA":18.75,"OFF":13.0,"DEF":26.25,"AST":15.25,"TO":15.75,"STL":10.25,"BLK":2.5,"PF":20.75,"Fls on:":19.0,"+\/-":-10.5,"GW":11.0,"GP":4,"MINS":200.0,"FGM":24.0,"FGA":66.75,"FG%":35.9550561798,"2P%":43.7869822485,"3P%":22.4489795918,"FT%":65.3333333333,"PTS":65.75,"REB":39.25,"STK":12.75},"UST":{"2PM":16.75,"2PA":38.0,"3PM":5.75,"3PA":23.0,"FTM":12.25,"FTA":17.0,"OFF":9.25,"DEF":28.75,"AST":15.0,"TO":12.5,"STL":5.0,"BLK":3.0,"PF":20.25,"Fls on:":20.5,"+\/-":-3.75,"GW":14.0,"GP":4,"MINS":200.0,"FGM":22.5,"FGA":61.0,"FG%":36.8852459016,"2P%":44.0789473684,"3P%":25.0,"FT%":72.0588235294,"PTS":63.0,"REB":38.0,"STK":8.0},"League":{"2PM":18.1875,"2PA":41.5,"3PM":5.59375,"3PA":22.84375,"FTM":12.5,"FTA":19.71875,"OFF":12.8125,"DEF":30.0625,"AST":16.71875,"TO":14.625,"STL":7.25,"BLK":2.9375,"PF":20.96875,"Fls on:":20.78125,"+\/-":0.0,"GW":27.125,"GP":4,"MINS":200.0,"FGM":23.78125,"FGA":64.34375,"FG%":36.9596891695,"2P%":43.8253012048,"3P%":24.487004104,"FT%":63.3914421553,"PTS":65.65625,"REB":42.875,"STK":10.1875},"AdU":{"2PM":14.25,"2PA":36.5,"3PM":8.0,"3PA":29.0,"FTM":8.75,"FTA":14.25,"OFF":11.5,"DEF":29.0,"AST":18.5,"TO":12.25,"STL":8.25,"BLK":0.75,"PF":18.75,"Fls on:":18.0,"+\/-":3.5,"GW":27.0,"GP":4,"MINS":200.0,"FGM":22.25,"FGA":65.5,"FG%":33.9694656489,"2P%":39.0410958904,"3P%":27.5862068966,"FT%":61.4035087719,"PTS":61.25,"REB":40.5,"STK":9.0},"UE":{"2PM":19.5,"2PA":41.0,"3PM":5.75,"3PA":21.5,"FTM":12.0,"FTA":22.75,"OFF":12.75,"DEF":31.25,"AST":20.0,"TO":16.0,"STL":7.25,"BLK":3.5,"PF":22.5,"Fls on:":22.75,"+\/-":4.0,"GW":28.0,"GP":4,"MINS":200.0,"FGM":25.25,"FGA":62.5,"FG%":40.4,"2P%":47.5609756098,"3P%":26.7441860465,"FT%":52.7472527473,"PTS":68.25,"REB":44.0,"STK":10.75},"FEU":{"2PM":17.75,"2PA":46.0,"3PM":5.5,"3PA":20.75,"FTM":9.5,"FTA":15.75,"OFF":13.0,"DEF":33.0,"AST":17.25,"TO":14.0,"STL":9.5,"BLK":3.75,"PF":19.0,"Fls on:":18.0,"+\/-":7.5,"GW":59.0,"GP":4,"MINS":200.0,"FGM":23.25,"FGA":66.75,"FG%":34.8314606742,"2P%":38.5869565217,"3P%":26.5060240964,"FT%":60.3174603175,"PTS":61.5,"REB":46.0,"STK":13.25},"ADMU":{"2PM":22.0,"2PA":42.5,"3PM":4.0,"3PA":20.75,"FTM":13.0,"FTA":19.5,"OFF":14.0,"DEF":34.75,"AST":17.0,"TO":15.5,"STL":3.75,"BLK":3.0,"PF":24.75,"Fls on:":21.25,"+\/-":7.5,"GW":39.0,"GP":4,"MINS":200.0,"FGM":26.0,"FGA":63.25,"FG%":41.1067193676,"2P%":51.7647058824,"3P%":19.2771084337,"FT%":66.6666666667,"PTS":69.0,"REB":48.75,"STK":6.75},"NU":{"2PM":19.5,"2PA":42.25,"3PM":6.25,"3PA":22.5,"FTM":15.75,"FTA":21.75,"OFF":15.5,"DEF":31.75,"AST":18.75,"TO":16.75,"STL":6.75,"BLK":3.75,"PF":19.25,"Fls on:":23.0,"+\/-":7.75,"GW":39.0,"GP":4,"MINS":200.0,"FGM":25.75,"FGA":64.75,"FG%":39.7683397683,"2P%":46.1538461538,"3P%":27.7777777778,"FT%":72.4137931034,"PTS":73.5,"REB":47.25,"STK":10.5}}