{"UST":{"2PM":67.0,"2PA":152.0,"3PM":23.0,"3PA":92.0,"FTM":49.0,"FTA":68.0,"OFF":37.0,"DEF":115.0,"AST":60.0,"TO":50.0,"STL":20.0,"BLK":12.0,"PF":81.0,"Fls on:":82.0,"+\/-":-15.0,"GW":14.0,"GP":4.0,"MINS":800.0,"FGM":90.0,"FGA":244.0,"FG%":36.8852459016,"2P%":44.0789473684,"3P%":25.0,"FT%":72.0588235294,"PTS":252.0,"REB":152.0,"STK":32.0},"FEU":{"2PM":71.0,"2PA":184.0,"3PM":22.0,"3PA":83.0,"FTM":38.0,"FTA":63.0,"OFF":52.0,"DEF":132.0,"AST":69.0,"TO":56.0,"STL":38.0,"BLK":15.0,"PF":76.0,"Fls on:":72.0,"+\/-":30.0,"GW":59.0,"GP":4.0,"MINS":800.0,"FGM":93.0,"FGA":267.0,"FG%":34.8314606742,"2P%":38.5869565217,"3P%":26.5060240964,"FT%":60.3174603175,"PTS":246.0,"REB":184.0,"STK":53.0},"NU":{"2PM":78.0,"2PA":169.0,"3PM":25.0,"3PA":90.0,"FTM":63.0,"FTA":87.0,"OFF":62.0,"DEF":127.0,"AST":75.0,"TO":67.0,"STL":27.0,"BLK":15.0,"PF":77.0,"Fls on:":92.0,"+\/-":31.0,"GW":39.0,"GP":4.0,"MINS":800.0,"FGM":103.0,"FGA":259.0,"FG%":39.7683397683,"2P%":46.1538461538,"3P%":27.7777777778,"FT%":72.4137931034,"PTS":294.0,"REB":189.0,"STK":42.0},"ADMU":{"2PM":88.0,"2PA":170.0,"3PM":16.0,"3PA":83.0,"FTM":52.0,"FTA":78.0,"OFF":56.0,"DEF":139.0,"AST":68.0,"TO":62.0,"STL":15.0,"BLK":12.0,"PF":99.0,"Fls on:":85.0,"+\/-":30.0,"GW":39.0,"GP":4.0,"MINS":800.0,"FGM":104.0,"FGA":253.0,"FG%":41.1067193676,"2P%":51.7647058824,"3P%":19.2771084337,"FT%":66.6666666667,"PTS":276.0,"REB":195.0,"STK":27.0},"AdU":{"2PM":57.0,"2PA":146.0,"3PM":32.0,"3PA":116.0,"FTM":35.0,"FTA":57.0,"OFF":46.0,"DEF":116.0,"AST":74.0,"TO":49.0,"STL":33.0,"BLK":3.0,"PF":75.0,"Fls on:":72.0,"+\/-":14.0,"GW":27.0,"GP":4.0,"MINS":800.0,"FGM":89.0,"FGA":262.0,"FG%":33.9694656489,"2P%":39.0410958904,"3P%":27.5862068966,"FT%":61.4035087719,"PTS":245.0,"REB":162.0,"STK":36.0},"UP":{"2PM":69.0,"2PA":174.0,"3PM":16.0,"3PA":83.0,"FTM":66.0,"FTA":112.0,"OFF":54.0,"DEF":103.0,"AST":48.0,"TO":57.0,"STL":29.0,"BLK":13.0,"PF":90.0,"Fls on:":95.0,"+\/-":-64.0,"GW":0.0,"GP":4.0,"MINS":800.0,"FGM":85.0,"FGA":257.0,"FG%":33.0739299611,"2P%":39.6551724138,"3P%":19.2771084337,"FT%":58.9285714286,"PTS":252.0,"REB":157.0,"STK":42.0},"DLSU":{"2PM":74.0,"2PA":169.0,"3PM":22.0,"3PA":98.0,"FTM":49.0,"FTA":75.0,"OFF":52.0,"DEF":105.0,"AST":61.0,"TO":63.0,"STL":41.0,"BLK":10.0,"PF":83.0,"Fls on:":76.0,"+\/-":-42.0,"GW":11.0,"GP":4.0,"MINS":800.0,"FGM":96.0,"FGA":267.0,"FG%":35.9550561798,"2P%":43.7869822485,"3P%":22.4489795918,"FT%":65.3333333333,"PTS":263.0,"REB":157.0,"STK":51.0},"UE":{"2PM":78.0,"2PA":164.0,"3PM":23.0,"3PA":86.0,"FTM":48.0,"FTA":91.0,"OFF":51.0,"DEF":125.0,"AST":80.0,"TO":64.0,"STL":29.0,"BLK":14.0,"PF":90.0,"Fls on:":91.0,"+\/-":16.0,"GW":28.0,"GP":4.0,"MINS":800.0,"FGM":101.0,"FGA":250.0,"FG%":40.4,"2P%":47.5609756098,"3P%":26.7441860465,"FT%":52.7472527473,"PTS":273.0,"REB":176.0,"STK":43.0},"League":{"2PM":72.75,"2PA":166.0,"3PM":22.375,"3PA":91.375,"FTM":50.0,"FTA":78.875,"OFF":51.25,"DEF":120.25,"AST":66.875,"TO":58.5,"STL":29.0,"BLK":11.75,"PF":83.875,"Fls on:":83.125,"+\/-":0.0,"GW":27.125,"GP":4.0,"MINS":800.0,"FGM":95.125,"FGA":257.375,"FG%":36.9596891695,"2P%":43.8253012048,"3P%":24.487004104,"FT%":63.3914421553,"PTS":262.625,"REB":171.5,"STK":40.75}}