,2PM,2PA,3PM,3PA,FTM,FTA,OFF,DEF,AST,TO,STL,BLK,PF,Fls on:,+/-,GW,GP,MINS,FGM,FGA,FG%,2P%,3P%,FT%,PTS,REB,STK
UST,67.0,152.0,23.0,92.0,49.0,68.0,37.0,115.0,60.0,50.0,20.0,12.0,81.0,82.0,-15.0,14.0,4.0,800.0,90.0,244.0,36.885245901639344,44.078947368421055,25.0,72.05882352941177,252.0,152.0,32.0
FEU,71.0,184.0,22.0,83.0,38.0,63.0,52.0,132.0,69.0,56.0,38.0,15.0,76.0,72.0,30.0,59.0,4.0,800.0,93.0,267.0,34.831460674157306,38.58695652173913,26.50602409638554,60.317460317460316,246.0,184.0,53.0
NU,78.0,169.0,25.0,90.0,63.0,87.0,62.0,127.0,75.0,67.0,27.0,15.0,77.0,92.0,31.0,39.0,4.0,800.0,103.0,259.0,39.76833976833977,46.15384615384615,27.77777777777778,72.41379310344827,294.0,189.0,42.0
ADMU,88.0,170.0,16.0,83.0,52.0,78.0,56.0,139.0,68.0,62.0,15.0,12.0,99.0,85.0,30.0,39.0,4.0,800.0,104.0,253.0,41.10671936758893,51.76470588235294,19.27710843373494,66.66666666666667,276.0,195.0,27.0
AdU,57.0,146.0,32.0,116.0,35.0,57.0,46.0,116.0,74.0,49.0,33.0,3.0,75.0,72.0,14.0,27.0,4.0,800.0,89.0,262.0,33.969465648854964,39.04109589041096,27.586206896551722,61.40350877192982,245.0,162.0,36.0
UP,69.0,174.0,16.0,83.0,66.0,112.0,54.0,103.0,48.0,57.0,29.0,13.0,90.0,95.0,-64.0,0.0,4.0,800.0,85.0,257.0,33.0739299610895,39.6551724137931,19.27710843373494,58.92857142857143,252.0,157.0,42.0
DLSU,74.0,169.0,22.0,98.0,49.0,75.0,52.0,105.0,61.0,63.0,41.0,10.0,83.0,76.0,-42.0,11.0,4.0,800.0,96.0,267.0,35.95505617977528,43.78698224852071,22.448979591836736,65.33333333333333,263.0,157.0,51.0
UE,78.0,164.0,23.0,86.0,48.0,91.0,51.0,125.0,80.0,64.0,29.0,14.0,90.0,91.0,16.0,28.0,4.0,800.0,101.0,250.0,40.4,47.5609756097561,26.74418604651163,52.747252747252745,273.0,176.0,43.0
League,72.75,166.0,22.375,91.375,50.0,78.875,51.25,120.25,66.875,58.5,29.0,11.75,83.875,83.125,0.0,27.125,4.0,800.0,95.125,257.375,36.959689169499754,43.825301204819276,24.48700410396717,63.391442155309036,262.625,171.5,40.75
