{"UP":{"MINS":200.0,"FGM":29.75,"FGA":66.75,"2PM":23.0,"2PA":48.0,"3PM":6.75,"3PA":18.75,"FTM":12.75,"FTA":21.25,"PTS":79.0,"OFF":12.5,"DEF":33.75,"REB":46.25,"AST":22.5,"TO":14.0,"STL":6.0,"BLK":3.75,"STK":9.75,"PF":24.5,"Fls on:":22.25,"+\/-":16.0,"GW":60.0,"GP":4,"W":4,"L":0,"FG%":44.5692883895,"2P%":47.9166666667,"3P%":36.0,"FT%":60.0,"W%":1.0},"DLSU":{"MINS":200.0,"FGM":28.25,"FGA":69.5,"2PM":20.75,"2PA":43.0,"3PM":7.5,"3PA":26.5,"FTM":12.25,"FTA":19.25,"PTS":76.25,"OFF":18.25,"DEF":32.5,"REB":50.75,"AST":20.5,"TO":19.25,"STL":9.5,"BLK":2.75,"STK":12.25,"PF":19.0,"Fls on:":20.75,"+\/-":10.5,"GW":39.0,"GP":4,"W":3,"L":1,"FG%":40.6474820144,"2P%":48.2558139535,"3P%":28.3018867925,"FT%":63.6363636364,"W%":0.75},"UST":{"MINS":200.0,"FGM":23.75,"FGA":60.5,"2PM":17.25,"2PA":34.0,"3PM":6.5,"3PA":26.5,"FTM":12.75,"FTA":19.0,"PTS":66.75,"OFF":10.0,"DEF":30.5,"REB":40.5,"AST":20.0,"TO":12.5,"STL":6.25,"BLK":1.25,"STK":7.5,"PF":20.5,"Fls on:":20.0,"+\/-":3.75,"GW":37.0,"GP":4,"W":3,"L":1,"FG%":39.2561983471,"2P%":50.7352941176,"3P%":24.5283018868,"FT%":67.1052631579,"W%":0.75},"AdU":{"MINS":200.0,"FGM":20.5,"FGA":60.75,"2PM":16.0,"2PA":38.25,"3PM":4.5,"3PA":22.5,"FTM":12.25,"FTA":16.25,"PTS":57.75,"OFF":11.75,"DEF":34.0,"REB":45.75,"AST":13.5,"TO":15.75,"STL":6.25,"BLK":5.0,"STK":11.25,"PF":18.0,"Fls on:":18.75,"+\/-":-3.5,"GW":30.0,"GP":4,"W":2,"L":2,"FG%":33.7448559671,"2P%":41.8300653595,"3P%":20.0,"FT%":75.3846153846,"W%":0.5},"UE":{"MINS":200.0,"FGM":21.25,"FGA":59.25,"2PM":14.75,"2PA":36.25,"3PM":6.5,"3PA":23.0,"FTM":15.25,"FTA":24.25,"PTS":64.25,"OFF":10.5,"DEF":25.75,"REB":36.25,"AST":13.25,"TO":14.75,"STL":8.0,"BLK":2.75,"STK":10.75,"PF":23.25,"Fls on:":22.5,"+\/-":-4.0,"GW":23.0,"GP":4,"W":2,"L":2,"FG%":35.864978903,"2P%":40.6896551724,"3P%":28.2608695652,"FT%":62.8865979381,"W%":0.5},"League":{"MINS":200.0,"FGM":23.78125,"FGA":64.34375,"2PM":18.1875,"2PA":41.5,"3PM":5.59375,"3PA":22.84375,"FTM":12.5,"FTA":19.71875,"PTS":65.65625,"OFF":12.8125,"DEF":30.0625,"REB":42.875,"AST":16.71875,"TO":14.625,"STL":7.25,"BLK":2.9375,"STK":10.1875,"PF":20.96875,"Fls on:":20.78125,"+\/-":0.0,"GW":27.125,"GP":4,"W":2,"L":2,"FG%":36.9596891695,"2P%":43.8253012048,"3P%":24.487004104,"FT%":63.3914421553,"W%":0.5},"ADMU":{"MINS":200.0,"FGM":21.0,"FGA":63.0,"2PM":15.75,"2PA":37.25,"3PM":5.25,"3PA":25.75,"FTM":14.25,"FTA":25.25,"PTS":61.5,"OFF":12.0,"DEF":25.5,"REB":37.5,"AST":17.75,"TO":10.5,"STL":7.5,"BLK":2.75,"STK":10.25,"PF":21.25,"Fls on:":24.5,"+\/-":-7.5,"GW":13.0,"GP":4,"W":1,"L":3,"FG%":33.3333333333,"2P%":42.2818791946,"3P%":20.3883495146,"FT%":56.4356435644,"W%":0.25},"NU":{"MINS":200.0,"FGM":25.5,"FGA":69.75,"2PM":21.0,"2PA":48.75,"3PM":4.5,"3PA":21.0,"FTM":10.25,"FTA":17.25,"PTS":65.75,"OFF":14.5,"DEF":26.0,"REB":40.5,"AST":13.25,"TO":14.25,"STL":8.25,"BLK":2.25,"STK":10.5,"PF":23.0,"Fls on:":19.0,"+\/-":-7.75,"GW":15.0,"GP":4,"W":1,"L":3,"FG%":36.5591397849,"2P%":43.0769230769,"3P%":21.4285714286,"FT%":59.4202898551,"W%":0.25},"FEU":{"MINS":200.0,"FGM":20.25,"FGA":65.25,"2PM":17.0,"2PA":46.5,"3PM":3.25,"3PA":18.75,"FTM":10.25,"FTA":15.25,"PTS":54.0,"OFF":13.0,"DEF":32.5,"REB":45.5,"AST":13.0,"TO":16.0,"STL":6.25,"BLK":3.0,"STK":9.25,"PF":18.25,"Fls on:":18.5,"+\/-":-7.5,"GW":0.0,"GP":4,"W":0,"L":4,"FG%":31.0344827586,"2P%":36.5591397849,"3P%":17.3333333333,"FT%":67.2131147541,"W%":0.0}}