{"ADMU":{"MINS":800.0,"FGM":84.0,"FGA":252.0,"2PM":63.0,"2PA":149.0,"3PM":21.0,"3PA":103.0,"FTM":57.0,"FTA":101.0,"PTS":246.0,"OFF":48.0,"DEF":102.0,"REB":150.0,"AST":71.0,"TO":42.0,"STL":30.0,"BLK":11.0,"STK":41.0,"PF":85.0,"Fls on:":98.0,"+\/-":-30.0,"GW":13.0,"GP":4.0,"W":1.0,"L":3.0,"FG%":33.3333333333,"2P%":42.2818791946,"3P%":20.3883495146,"FT%":56.4356435644},"AdU":{"MINS":800.0,"FGM":82.0,"FGA":243.0,"2PM":64.0,"2PA":153.0,"3PM":18.0,"3PA":90.0,"FTM":49.0,"FTA":65.0,"PTS":231.0,"OFF":47.0,"DEF":136.0,"REB":183.0,"AST":54.0,"TO":63.0,"STL":25.0,"BLK":20.0,"STK":45.0,"PF":72.0,"Fls on:":75.0,"+\/-":-14.0,"GW":30.0,"GP":4.0,"W":2.0,"L":2.0,"FG%":33.7448559671,"2P%":41.8300653595,"3P%":20.0,"FT%":75.3846153846},"DLSU":{"MINS":800.0,"FGM":113.0,"FGA":278.0,"2PM":83.0,"2PA":172.0,"3PM":30.0,"3PA":106.0,"FTM":49.0,"FTA":77.0,"PTS":305.0,"OFF":73.0,"DEF":130.0,"REB":203.0,"AST":82.0,"TO":77.0,"STL":38.0,"BLK":11.0,"STK":49.0,"PF":76.0,"Fls on:":83.0,"+\/-":42.0,"GW":39.0,"GP":4.0,"W":3.0,"L":1.0,"FG%":40.6474820144,"2P%":48.2558139535,"3P%":28.3018867925,"FT%":63.6363636364},"FEU":{"MINS":800.0,"FGM":81.0,"FGA":261.0,"2PM":68.0,"2PA":186.0,"3PM":13.0,"3PA":75.0,"FTM":41.0,"FTA":61.0,"PTS":216.0,"OFF":52.0,"DEF":130.0,"REB":182.0,"AST":52.0,"TO":64.0,"STL":25.0,"BLK":12.0,"STK":37.0,"PF":73.0,"Fls on:":74.0,"+\/-":-30.0,"GW":0.0,"GP":4.0,"W":0.0,"L":4.0,"FG%":31.0344827586,"2P%":36.5591397849,"3P%":17.3333333333,"FT%":67.2131147541},"NU":{"MINS":800.0,"FGM":102.0,"FGA":279.0,"2PM":84.0,"2PA":195.0,"3PM":18.0,"3PA":84.0,"FTM":41.0,"FTA":69.0,"PTS":263.0,"OFF":58.0,"DEF":104.0,"REB":162.0,"AST":53.0,"TO":57.0,"STL":33.0,"BLK":9.0,"STK":42.0,"PF":92.0,"Fls on:":76.0,"+\/-":-31.0,"GW":15.0,"GP":4.0,"W":1.0,"L":3.0,"FG%":36.5591397849,"2P%":43.0769230769,"3P%":21.4285714286,"FT%":59.4202898551},"UE":{"MINS":800.0,"FGM":85.0,"FGA":237.0,"2PM":59.0,"2PA":145.0,"3PM":26.0,"3PA":92.0,"FTM":61.0,"FTA":97.0,"PTS":257.0,"OFF":42.0,"DEF":103.0,"REB":145.0,"AST":53.0,"TO":59.0,"STL":32.0,"BLK":11.0,"STK":43.0,"PF":93.0,"Fls on:":90.0,"+\/-":-16.0,"GW":23.0,"GP":4.0,"W":2.0,"L":2.0,"FG%":35.864978903,"2P%":40.6896551724,"3P%":28.2608695652,"FT%":62.8865979381},"UP":{"MINS":800.0,"FGM":119.0,"FGA":267.0,"2PM":92.0,"2PA":192.0,"3PM":27.0,"3PA":75.0,"FTM":51.0,"FTA":85.0,"PTS":316.0,"OFF":50.0,"DEF":135.0,"REB":185.0,"AST":90.0,"TO":56.0,"STL":24.0,"BLK":15.0,"STK":39.0,"PF":98.0,"Fls on:":89.0,"+\/-":64.0,"GW":60.0,"GP":4.0,"W":4.0,"L":0.0,"FG%":44.5692883895,"2P%":47.9166666667,"3P%":36.0,"FT%":60.0},"UST":{"MINS":800.0,"FGM":95.0,"FGA":242.0,"2PM":69.0,"2PA":136.0,"3PM":26.0,"3PA":106.0,"FTM":51.0,"FTA":76.0,"PTS":267.0,"OFF":40.0,"DEF":122.0,"REB":162.0,"AST":80.0,"TO":50.0,"STL":25.0,"BLK":5.0,"STK":30.0,"PF":82.0,"Fls on:":80.0,"+\/-":15.0,"GW":37.0,"GP":4.0,"W":3.0,"L":1.0,"FG%":39.2561983471,"2P%":50.7352941176,"3P%":24.5283018868,"FT%":67.1052631579},"League":{"MINS":800.0,"FGM":95.125,"FGA":257.375,"2PM":72.75,"2PA":166.0,"3PM":22.375,"3PA":91.375,"FTM":50.0,"FTA":78.875,"PTS":262.625,"OFF":51.25,"DEF":120.25,"REB":171.5,"AST":66.875,"TO":58.5,"STL":29.0,"BLK":11.75,"STK":40.75,"PF":83.875,"Fls on:":83.125,"+\/-":0.0,"GW":27.125,"GP":4.0,"W":2.0,"L":2.0,"FG%":36.9596891695,"2P%":43.8253012048,"3P%":24.487004104,"FT%":63.3914421553}}