TEAM,MINS,FGM,FGA,2PM,2PA,3PM,3PA,FTM,FTA,PTS,OFF,DEF,REB,AST,TO,STL,BLK,STK,PF,Fls on:,+/-,GW,GP,W,L,FG%,2P%,3P%,FT%,W%
DLSU,200.0,30.0,74.5,19.0,43.5,11.0,31.0,9.0,12.5,80.0,18.0,32.0,50.0,24.0,18.0,9.0,3.5,12.5,15.0,18.0,16.5,26.0,2.0,2.0,0.0,40.2684563758,43.6781609195,35.4838709677,72.0,1.0
UP,200.0,29.0,59.0,24.0,44.0,5.0,15.0,14.0,24.0,77.0,11.0,35.0,46.0,23.0,16.0,2.0,6.0,8.0,30.0,26.0,16.0,14.0,1.0,1.0,0.0,49.1525423729,54.5454545455,33.3333333333,58.3333333333,1.0
UST,200.0,27.5,67.0,21.5,39.5,6.0,27.5,11.0,15.5,72.0,11.5,31.5,43.0,23.0,10.0,5.5,1.5,7.0,21.0,18.5,12.5,26.0,2.0,2.0,0.0,41.0447761194,54.4303797468,21.8181818182,70.9677419355,1.0
AdU,200.0,18.5,62.5,13.0,38.0,5.5,24.5,13.0,17.0,55.5,13.0,33.0,46.0,13.0,16.0,9.0,6.5,15.5,14.5,18.5,-9.0,16.0,2.0,1.0,1.0,29.6,34.2105263158,22.4489795918,76.4705882353,0.5
League,200.0,24.5,66.91666666666667,19.166666666666668,43.083333333333336,5.333333333333333,23.833333333333332,11.833333333333334,17.5,66.16666666666667,13.583333333333334,30.083333333333332,43.666666666666664,18.666666666666668,13.75,6.5,3.25,9.75,19.75,19.583333333333332,0.0,10.25,1.5,0.75,0.75,36.6127023661,44.4874274662,22.3776223776,67.619047619,0.5
ADMU,200.0,22.5,64.0,18.5,41.5,4.0,22.5,13.5,25.5,62.5,12.0,26.5,38.5,19.0,10.0,5.5,4.0,9.5,23.0,23.5,-13.0,0.0,2.0,0.0,2.0,35.15625,44.578313253,17.7777777778,52.9411764706,0.0
FEU,200.0,20.0,73.0,19.0,52.0,1.0,21.0,6.0,9.0,47.0,16.0,27.0,43.0,14.0,12.0,6.0,1.0,7.0,19.0,16.0,-12.0,0.0,1.0,0.0,1.0,27.397260274,36.5384615385,4.7619047619,66.6666666667,0.0
NU,200.0,32.0,79.0,30.0,57.0,2.0,22.0,9.0,10.0,75.0,17.0,28.0,45.0,17.0,15.0,8.0,1.0,9.0,23.0,12.0,-3.0,0.0,1.0,0.0,1.0,40.5063291139,52.6315789474,9.0909090909,90.0,0.0
UE,200.0,16.0,56.0,13.0,39.0,3.0,17.0,20.0,26.0,55.0,10.0,25.0,35.0,12.0,14.0,4.0,0.0,4.0,18.0,24.0,-15.0,0.0,1.0,0.0,1.0,28.5714285714,33.3333333333,17.6470588235,76.9230769231,0.0
