{"S. Tuano":{"TEAM":"ADMU","MINS":19.4730769231,"FGM":6.0438475212,"FGA":12.4432154849,"FG%":48.5714285714,"2PM":5.6883270788,"2PA":10.3100928303,"2P%":55.1724137931,"3PM":0.3555204424,"3PA":2.1331226546,"3P%":16.6666666667,"FTM":2.8441635394,"FTA":6.3993679637,"FT%":44.4444444444,"PTS":15.2873790243,"OFF":2.0146158404,"DEF":2.3701362828,"REB":4.3847521232,"AST":1.4220817697,"TO":3.0811771677,"STL":1.3035749556,"BLK":0.0,"STK":1.3035749556,"PF":2.2516294687,"Fls on:":4.3847521232,"+\/-":-4.8587793798,"GW":4.0,"GP":13.0},"J. Bahay":{"TEAM":"ADMU","MINS":23.6397435897,"FGM":4.1976246,"FGA":15.0333532187,"FG%":27.9220779221,"2PM":2.4404794186,"2PA":6.0523889582,"2P%":40.3225806452,"3PM":1.7571451814,"3PA":8.9809642605,"3P%":19.5652173913,"FTM":3.0261944791,"FTA":4.3928629535,"FT%":68.8888888889,"PTS":13.1785888606,"OFF":1.0738109442,"DEF":2.6357177721,"REB":3.7095287163,"AST":5.1738163675,"TO":1.8547643582,"STL":0.780953414,"BLK":0.0,"STK":0.780953414,"PF":2.4404794186,"Fls on:":4.0023862465,"+\/-":-5.0761971907,"GW":4.0,"GP":13.0},"J. Lazaro":{"TEAM":"ADMU","MINS":22.2069444444,"FGM":4.2779410845,"FGA":11.0325849021,"FG%":38.7755102041,"2PM":3.6024767027,"2PA":9.2313465508,"2P%":39.0243902439,"3PM":0.6754643818,"3PA":1.8012383514,"3P%":37.5,"FTM":1.1257739696,"FTA":3.0395897179,"FT%":37.037037037,"PTS":10.3571205204,"OFF":3.7150540997,"DEF":5.1785602602,"REB":8.8936143599,"AST":2.0263931453,"TO":1.5760835574,"STL":1.0131965726,"BLK":0.4503095878,"STK":1.4635061605,"PF":2.927012321,"Fls on:":3.8276314967,"+\/-":-8.1055725812,"GW":3.0,"GP":12.0},"K. Gamber":{"TEAM":"ADMU","MINS":5.8696969697,"FGM":3.2524522457,"FGA":12.0805369127,"FG%":26.9230769231,"2PM":0.0,"2PA":2.7878162106,"2P%":0.0,"3PM":3.2524522457,"3PA":9.2927207021,"3P%":35.0,"FTM":0.4646360351,"FTA":0.4646360351,"FT%":100.0,"PTS":10.2219927723,"OFF":0.0,"DEF":3.2524522457,"REB":3.2524522457,"AST":1.3939081053,"TO":3.2524522457,"STL":0.4646360351,"BLK":0.0,"STK":0.4646360351,"PF":2.3231801755,"Fls on:":0.4646360351,"+\/-":-8.3634486319,"GW":3.0,"GP":11.0},"A. Dela Cruz":{"TEAM":"ADMU","MINS":5.9666666667,"FGM":5.0279329609,"FGA":15.0837988826,"FG%":33.3333333333,"2PM":5.0279329609,"2PA":15.0837988826,"2P%":33.3333333333,"3PM":0.0,"3PA":0.0,"3P%":0.0,"FTM":0.0,"FTA":0.0,"FT%":0.0,"PTS":10.0558659217,"OFF":5.0279329609,"DEF":0.0,"REB":5.0279329609,"AST":0.0,"TO":0.0,"STL":0.0,"BLK":0.0,"STK":0.0,"PF":0.0,"Fls on:":0.0,"+\/-":-5.0279329609,"GW":0.0,"GP":1.0},"A. Bongo":{"TEAM":"ADMU","MINS":20.4346153846,"FGM":2.9361942405,"FGA":9.5990965556,"FG%":30.5882352941,"2PM":0.9034443817,"2PA":2.7103331451,"2P%":33.3333333333,"3PM":2.0327498588,"3PA":6.8887634105,"3P%":29.5081967213,"FTM":2.0327498588,"FTA":2.4844720497,"FT%":81.8181818182,"PTS":9.9378881988,"OFF":1.6939582157,"DEF":3.8396386222,"REB":5.5335968379,"AST":2.1456804065,"TO":0.9034443817,"STL":1.0163749294,"BLK":0.2258610954,"STK":1.2422360248,"PF":2.9361942405,"Fls on:":2.2586109543,"+\/-":-2.371541502,"GW":4.0,"GP":13.0},"I. Espinosa":{"TEAM":"ADMU","MINS":17.0153846154,"FGM":2.8481012658,"FGA":8.1374321881,"FG%":35.0,"2PM":2.034358047,"2PA":4.746835443,"2P%":42.8571428571,"3PM":0.8137432188,"3PA":3.390596745,"3P%":24.0,"FTM":2.4412296564,"FTA":3.5262206148,"FT%":69.2307692308,"PTS":8.9511754069,"OFF":0.678119349,"DEF":4.068716094,"REB":4.746835443,"AST":3.7974683544,"TO":1.6274864376,"STL":1.4918625678,"BLK":0.4068716094,"STK":1.8987341772,"PF":2.4412296564,"Fls on:":5.5605786618,"+\/-":-3.7974683544,"GW":4.0,"GP":13.0},"C. Koon":{"TEAM":"ADMU","MINS":24.7696969697,"FGM":3.0829459261,"FGA":10.5701003181,"FG%":29.1666666667,"2PM":1.6515781747,"2PA":5.285050159,"2P%":31.25,"3PM":1.4313677514,"3PA":5.285050159,"3P%":27.0833333333,"FTM":1.3212625398,"FTA":2.6425250795,"FT%":50.0,"PTS":8.9185221434,"OFF":1.1010521165,"DEF":4.0738928309,"REB":5.1749449474,"AST":2.4223146562,"TO":1.4313677514,"STL":0.8808416932,"BLK":0.0,"STK":0.8808416932,"PF":2.8627355028,"Fls on:":3.413261561,"+\/-":-6.1658918522,"GW":4.0,"GP":11.0},"K. Porter":{"TEAM":"ADMU","MINS":22.1012820513,"FGM":3.2368466848,"FGA":10.1281976913,"FG%":31.9587628866,"2PM":2.192702593,"2PA":5.9516213237,"2P%":36.8421052632,"3PM":1.0441440919,"3PA":4.1765763675,"3P%":25.0,"FTM":1.3573873194,"FTA":3.0280178665,"FT%":44.8275862069,"PTS":8.875224781,"OFF":3.0280178665,"DEF":6.0560357329,"REB":9.0840535994,"AST":0.8353152735,"TO":1.0441440919,"STL":1.1485585011,"BLK":0.5220720459,"STK":1.670630547,"PF":2.5059458205,"Fls on:":1.8794593654,"+\/-":-8.3531527351,"GW":4.0,"GP":13.0},"A. Balogun":{"TEAM":"ADMU","MINS":10.9958333333,"FGM":2.0462296324,"FGA":7.0481242895,"FG%":29.0322580645,"2PM":2.0462296324,"2PA":6.1386888973,"2P%":33.3333333333,"3PM":0.0,"3PA":0.9094353922,"3P%":0.0,"FTM":4.3198181129,"FTA":6.8207654415,"FT%":63.3333333333,"PTS":8.4122773778,"OFF":4.547176961,"DEF":5.2292535051,"REB":9.7764304661,"AST":0.4547176961,"TO":2.5009473285,"STL":0.9094353922,"BLK":0.9094353922,"STK":1.8188707844,"PF":5.0018946571,"Fls on:":5.9113300493,"+\/-":-7.9575596817,"GW":3.0,"GP":12.0},"W. Espina":{"TEAM":"ADMU","MINS":7.0512820513,"FGM":2.2909090909,"FGA":9.8181818182,"FG%":23.3333333333,"2PM":0.9818181818,"2PA":3.6,"2P%":27.2727272727,"3PM":1.3090909091,"3PA":6.2181818182,"3P%":21.0526315789,"FTM":1.3090909091,"FTA":2.2909090909,"FT%":57.1428571429,"PTS":7.2,"OFF":0.9818181818,"DEF":1.6363636364,"REB":2.6181818182,"AST":2.2909090909,"TO":1.9636363636,"STL":1.6363636364,"BLK":0.3272727273,"STK":1.9636363636,"PF":3.9272727273,"Fls on:":1.3090909091,"+\/-":-0.3272727273,"GW":4.0,"GP":13.0},"K. Ong":{"TEAM":"ADMU","MINS":7.5925925926,"FGM":2.1951219512,"FGA":3.9512195122,"FG%":55.5555555556,"2PM":2.1951219512,"2PA":3.9512195122,"2P%":55.5555555556,"3PM":0.0,"3PA":0.0,"3P%":0.0,"FTM":0.8780487805,"FTA":2.6341463415,"FT%":33.3333333333,"PTS":5.2682926829,"OFF":2.1951219512,"DEF":4.3902439024,"REB":6.5853658537,"AST":0.4390243902,"TO":0.4390243902,"STL":0.0,"BLK":2.1951219512,"STK":2.1951219512,"PF":5.7073170732,"Fls on:":2.1951219512,"+\/-":-0.8780487805,"GW":2.0,"GP":9.0},"F. Edu":{"TEAM":"ADMU","MINS":4.0952380952,"FGM":2.0930232558,"FGA":4.1860465116,"FG%":50.0,"2PM":2.0930232558,"2PA":3.1395348837,"2P%":66.6666666667,"3PM":0.0,"3PA":1.0465116279,"3P%":0.0,"FTM":1.0465116279,"FTA":4.1860465116,"FT%":25.0,"PTS":5.2325581395,"OFF":4.1860465116,"DEF":2.0930232558,"REB":6.2790697674,"AST":2.0930232558,"TO":1.0465116279,"STL":1.0465116279,"BLK":0.0,"STK":1.0465116279,"PF":5.2325581395,"Fls on:":3.1395348837,"+\/-":8.3720930232,"GW":3.0,"GP":7.0},"S. Quitevis":{"TEAM":"ADMU","MINS":25.9948717949,"FGM":1.0652988755,"FGA":3.9060958769,"FG%":27.2727272727,"2PM":0.7101992503,"2PA":2.0418228447,"2P%":34.7826086957,"3PM":0.3550996252,"3PA":1.8642730322,"3P%":19.0476190476,"FTM":0.9765239692,"FTA":1.1540737818,"FT%":84.6153846154,"PTS":3.4622213454,"OFF":0.6214243441,"DEF":1.8642730322,"REB":2.4856973762,"AST":2.3081475636,"TO":0.8877490629,"STL":0.8877490629,"BLK":0.0,"STK":0.8877490629,"PF":3.4622213454,"Fls on:":1.3316235944,"+\/-":-6.0366936279,"GW":4.0,"GP":13.0},"M. Reyes":{"TEAM":"ADMU","MINS":5.2777777778,"FGM":0.0,"FGA":3.7894736842,"FG%":0.0,"2PM":0.0,"2PA":3.7894736842,"2P%":0.0,"3PM":0.0,"3PA":0.0,"3P%":0.0,"FTM":0.0,"FTA":0.0,"FT%":0.0,"PTS":0.0,"OFF":3.7894736842,"DEF":1.8947368421,"REB":5.6842105263,"AST":0.0,"TO":1.8947368421,"STL":0.0,"BLK":1.8947368421,"STK":1.8947368421,"PF":5.6842105263,"Fls on:":0.0,"+\/-":5.6842105263,"GW":1.0,"GP":3.0},"M. Asoro":{"TEAM":"ADMU","MINS":5.3,"FGM":0.0,"FGA":5.6603773585,"FG%":0.0,"2PM":0.0,"2PA":5.6603773585,"2P%":0.0,"3PM":0.0,"3PA":0.0,"3P%":0.0,"FTM":0.0,"FTA":0.0,"FT%":0.0,"PTS":0.0,"OFF":0.0,"DEF":0.0,"REB":0.0,"AST":5.6603773585,"TO":11.320754717,"STL":0.0,"BLK":0.0,"STK":0.0,"PF":5.6603773585,"Fls on:":0.0,"+\/-":-5.6603773585,"GW":0.0,"GP":1.0}}