{"S. Tuano":{"TEAM":"ADMU","MINS":19.4803030303,"FGM":6.1600684452,"FGA":12.6001400016,"FG%":48.8888888889,"2PM":5.7400637785,"2PA":10.3601151124,"2P%":55.4054054054,"3PM":0.4200046667,"3PA":2.2400248892,"3P%":18.75,"FTM":2.940032667,"FTA":6.3000700008,"FT%":46.6666666667,"PTS":15.6801742242,"OFF":1.960021778,"DEF":1.8200202224,"REB":3.7800420005,"AST":1.1200124446,"TO":3.2200357782,"STL":1.2600140002,"BLK":0.0,"STK":1.2600140002,"PF":2.5200280003,"Fls on:":4.4800497783,"+\/-":-6.0200668896,"GW":3.0,"GP":11.0},"J. Bahay":{"TEAM":"ADMU","MINS":23.8484848485,"FGM":4.2312579415,"FGA":15.4383735705,"FG%":27.4074074074,"2PM":2.4015247776,"2PA":6.0609911055,"2P%":39.6226415094,"3PM":1.8297331639,"3PA":9.3773824651,"3P%":19.512195122,"FTM":2.8589580686,"FTA":4.3456162643,"FT%":65.7894736842,"PTS":13.1512071156,"OFF":1.2579415502,"DEF":2.6302414231,"REB":3.8881829733,"AST":5.6035578145,"TO":1.6010165184,"STL":0.914866582,"BLK":0.0,"STK":0.914866582,"PF":2.4015247776,"Fls on:":4.3456162643,"+\/-":-4.917407878,"GW":3.0,"GP":11.0},"K. Gamber":{"TEAM":"ADMU","MINS":6.4944444444,"FGM":3.5928143713,"FGA":12.3182207015,"FG%":29.1666666667,"2PM":0.0,"2PA":3.0795551754,"2P%":0.0,"3PM":3.5928143713,"3PA":9.2386655261,"3P%":38.8888888889,"FTM":0.5132591959,"FTA":0.5132591959,"FT%":100.0,"PTS":11.2917023097,"OFF":0.0,"DEF":3.5928143713,"REB":3.5928143713,"AST":1.5397775877,"TO":2.5662959795,"STL":0.0,"BLK":0.0,"STK":0.0,"PF":2.5662959795,"Fls on:":0.5132591959,"+\/-":-11.2917023097,"GW":2.0,"GP":9.0},"J. Lazaro":{"TEAM":"ADMU","MINS":22.5633333333,"FGM":4.2546905008,"FGA":10.7696853302,"FG%":39.5061728395,"2PM":3.4569360319,"2PA":9.0412173142,"2P%":38.2352941176,"3PM":0.7977544689,"3PA":1.728468016,"3P%":46.1538461538,"FTM":0.9307135471,"FTA":2.7921406412,"FT%":33.3333333333,"PTS":10.2378490176,"OFF":3.0580587975,"DEF":5.0524449697,"REB":8.1105037672,"AST":1.8614270941,"TO":1.728468016,"STL":0.7977544689,"BLK":0.5318363126,"STK":1.3295907815,"PF":3.1910178756,"Fls on:":3.8558132664,"+\/-":-8.9082582361,"GW":2.0,"GP":10.0},"A. Bongo":{"TEAM":"ADMU","MINS":19.7409090909,"FGM":2.9012203546,"FGA":9.9470412157,"FG%":29.1666666667,"2PM":0.6907667511,"2PA":2.7630670044,"2P%":25.0,"3PM":2.2104536035,"3PA":7.1839742114,"3P%":30.7692307692,"FTM":2.0723002533,"FTA":2.4867603039,"FT%":83.3333333333,"PTS":10.085194566,"OFF":1.6578402026,"DEF":3.4538337555,"REB":5.1116739581,"AST":2.2104536035,"TO":0.8289201013,"STL":1.1052268017,"BLK":0.2763067004,"STK":1.3815335022,"PF":3.0393737048,"Fls on:":2.3486069537,"+\/-":-4.420907207,"GW":3.0,"GP":11.0},"A. Dela Cruz":{"TEAM":"ADMU","MINS":5.9666666667,"FGM":5.0279329609,"FGA":15.0837988826,"FG%":33.3333333333,"2PM":5.0279329609,"2PA":15.0837988826,"2P%":33.3333333333,"3PM":0.0,"3PA":0.0,"3P%":0.0,"FTM":0.0,"FTA":0.0,"FT%":0.0,"PTS":10.0558659217,"OFF":5.0279329609,"DEF":0.0,"REB":5.0279329609,"AST":0.0,"TO":0.0,"STL":0.0,"BLK":0.0,"STK":0.0,"PF":0.0,"Fls on:":0.0,"+\/-":-5.0279329609,"GW":0.0,"GP":1.0},"C. Koon":{"TEAM":"ADMU","MINS":24.2074074074,"FGM":3.029375765,"FGA":10.3274173807,"FG%":29.3333333333,"2PM":1.6523867809,"2PA":4.9571603427,"2P%":33.3333333333,"3PM":1.3769889841,"3PA":5.3702570379,"3P%":25.641025641,"FTM":1.3769889841,"FTA":3.029375765,"FT%":45.4545454545,"PTS":8.8127294982,"OFF":1.1015911873,"DEF":3.4424724602,"REB":4.5440636475,"AST":2.7539779682,"TO":1.5146878825,"STL":0.9638922889,"BLK":0.0,"STK":0.9638922889,"PF":2.8916768666,"Fls on:":3.717870257,"+\/-":-4.9571603427,"GW":3.0,"GP":9.0},"K. Porter":{"TEAM":"ADMU","MINS":23.3439393939,"FGM":3.154410333,"FGA":10.0473810606,"FG%":31.3953488372,"2PM":2.2197702343,"2PA":6.0751606413,"2P%":36.5384615385,"3PM":0.9346400987,"3PA":3.9722204193,"3P%":23.5294117647,"FTM":1.5187901603,"FTA":3.3880703576,"FT%":44.8275862069,"PTS":8.7622509249,"OFF":3.0375803206,"DEF":6.4256506783,"REB":9.4632309989,"AST":0.700980074,"TO":1.051470111,"STL":1.2851301357,"BLK":0.4673200493,"STK":1.752450185,"PF":2.5702602713,"Fls on:":1.9861102096,"+\/-":-6.6593107029,"GW":3.0,"GP":11.0},"A. Balogun":{"TEAM":"ADMU","MINS":11.5454545455,"FGM":2.125984252,"FGA":7.0866141732,"FG%":30.0,"2PM":2.125984252,"2PA":6.1417322835,"2P%":34.6153846154,"3PM":0.0,"3PA":0.9448818898,"3P%":0.0,"FTM":4.4881889764,"FTA":7.0866141732,"FT%":63.3333333333,"PTS":8.7401574803,"OFF":4.4881889764,"DEF":5.4330708661,"REB":9.9212598425,"AST":0.4724409449,"TO":2.125984252,"STL":0.7086614173,"BLK":0.9448818898,"STK":1.6535433071,"PF":5.1968503937,"Fls on:":6.1417322835,"+\/-":-7.7952755906,"GW":3.0,"GP":11.0},"W. Espina":{"TEAM":"ADMU","MINS":7.8242424242,"FGM":2.4399690163,"FGA":10.1084430674,"FG%":24.1379310345,"2PM":1.045701007,"2PA":3.8342370256,"2P%":27.2727272727,"3PM":1.3942680093,"3PA":6.2742060418,"3P%":22.2222222222,"FTM":1.3942680093,"FTA":2.4399690163,"FT%":57.1428571429,"PTS":7.6684740511,"OFF":1.045701007,"DEF":1.3942680093,"REB":2.4399690163,"AST":2.4399690163,"TO":1.7428350116,"STL":1.7428350116,"BLK":0.3485670023,"STK":2.0914020139,"PF":4.1828040279,"Fls on:":1.3942680093,"+\/-":0.3485670023,"GW":3.0,"GP":11.0},"I. Espinosa":{"TEAM":"ADMU","MINS":16.8303030303,"FGM":2.2686352179,"FGA":7.4540871444,"FG%":30.4347826087,"2PM":1.620453727,"2PA":4.5372704357,"2P%":35.7142857143,"3PM":0.6481814908,"3PA":2.9168167087,"3P%":22.2222222222,"FTM":2.4306805906,"FTA":3.5649981995,"FT%":68.1818181818,"PTS":7.6161325171,"OFF":0.8102268635,"DEF":4.5372704357,"REB":5.3474972992,"AST":3.2409074541,"TO":1.620453727,"STL":1.620453727,"BLK":0.4861361181,"STK":2.1065898452,"PF":2.754771336,"Fls on:":5.6715880447,"+\/-":-5.3474972992,"GW":3.0,"GP":11.0},"F. Edu":{"TEAM":"ADMU","MINS":3.9888888889,"FGM":2.5069637883,"FGA":5.0139275766,"FG%":50.0,"2PM":2.5069637883,"2PA":3.7604456824,"2P%":66.6666666667,"3PM":0.0,"3PA":1.2534818941,"3P%":0.0,"FTM":1.2534818941,"FTA":5.0139275766,"FT%":25.0,"PTS":6.2674094707,"OFF":3.7604456824,"DEF":2.5069637883,"REB":6.2674094707,"AST":2.5069637883,"TO":1.2534818941,"STL":1.2534818941,"BLK":0.0,"STK":1.2534818941,"PF":6.2674094707,"Fls on:":3.7604456824,"+\/-":16.2952646239,"GW":3.0,"GP":6.0},"K. Ong":{"TEAM":"ADMU","MINS":5.6547619048,"FGM":1.5157894737,"FGA":3.0315789474,"FG%":50.0,"2PM":1.5157894737,"2PA":3.0315789474,"2P%":50.0,"3PM":0.0,"3PA":0.0,"3P%":0.0,"FTM":0.7578947368,"FTA":1.5157894737,"FT%":50.0,"PTS":3.7894736842,"OFF":1.5157894737,"DEF":6.0631578947,"REB":7.5789473684,"AST":0.0,"TO":0.7578947368,"STL":0.0,"BLK":1.5157894737,"STK":1.5157894737,"PF":5.3052631579,"Fls on:":1.5157894737,"+\/-":-8.3368421053,"GW":1.0,"GP":7.0},"S. Quitevis":{"TEAM":"ADMU","MINS":25.6984848485,"FGM":1.2735098166,"FGA":3.8205294499,"FG%":33.3333333333,"2PM":0.8490065444,"2PA":2.016390543,"2P%":42.1052631579,"3PM":0.4245032722,"3PA":1.8041389069,"3P%":23.5294117647,"FTM":0.6367549083,"FTA":0.6367549083,"FT%":100.0,"PTS":3.6082778138,"OFF":0.6367549083,"DEF":1.8041389069,"REB":2.4408938152,"AST":2.5470196333,"TO":0.7428807264,"STL":1.0612581805,"BLK":0.0,"STK":1.0612581805,"PF":3.3960261777,"Fls on:":1.1673839986,"+\/-":-7.2165556276,"GW":3.0,"GP":11.0},"M. Asoro":{"TEAM":"ADMU","MINS":5.3,"FGM":0.0,"FGA":5.6603773585,"FG%":0.0,"2PM":0.0,"2PA":5.6603773585,"2P%":0.0,"3PM":0.0,"3PA":0.0,"3P%":0.0,"FTM":0.0,"FTA":0.0,"FT%":0.0,"PTS":0.0,"OFF":0.0,"DEF":0.0,"REB":0.0,"AST":5.6603773585,"TO":11.320754717,"STL":0.0,"BLK":0.0,"STK":0.0,"PF":5.6603773585,"Fls on:":0.0,"+\/-":-5.6603773585,"GW":0.0,"GP":1.0},"M. Reyes":{"TEAM":"ADMU","MINS":5.2777777778,"FGM":0.0,"FGA":3.7894736842,"FG%":0.0,"2PM":0.0,"2PA":3.7894736842,"2P%":0.0,"3PM":0.0,"3PA":0.0,"3P%":0.0,"FTM":0.0,"FTA":0.0,"FT%":0.0,"PTS":0.0,"OFF":3.7894736842,"DEF":1.8947368421,"REB":5.6842105263,"AST":0.0,"TO":1.8947368421,"STL":0.0,"BLK":1.8947368421,"STK":1.8947368421,"PF":5.6842105263,"Fls on:":0.0,"+\/-":5.6842105263,"GW":1.0,"GP":3.0}}