{"J. Lazaro":{"TEAM":"ADMU","SP":42.75,"GP":8.0,"MPG":23.55625,"EWA":0.7092239959,"PER":18.384554162,"WS":0.3813300754,"OWS":0.2817082427,"DWS":0.0996218327,"EFF":10.375,"GmSc":6.3625,"TS%":46.321160043,"EFG%":47.0149253731,"PPWS":0.9190809191,"FTR":0.2537313433,"REB%":13.7604857462,"OREB%":8.8462048697,"DREB%":19.9554580027,"AR":3.8802906839,"pAST%":17.8789094807,"TOR":3.5818067851,"AST\/TO":1.0833333333,"PPR":-1.815747123,"USG%":21.7825467348,"aSP":42.1643835616,"ORtg":90.083532929,"DRtg":93.7635307288,"Floor%":42.61132092,"Stop%":0.5966385224,"FFI":48.4857295762,"PIE":7.1056062581,"AV":1.309451069},"S. Tuano":{"TEAM":"ADMU","SP":35.8888888889,"GP":9.0,"MPG":20.6851851852,"EWA":0.6354012272,"PER":17.6802854071,"WS":0.2440350543,"OWS":0.2666488891,"DWS":-0.0226138348,"EFF":6.1111111111,"GmSc":5.4,"TS%":51.3478818999,"EFG%":51.3333333333,"PPWS":1.0110584518,"FTR":0.56,"REB%":6.3075885475,"OREB%":5.6556022313,"DREB%":7.1294864491,"AR":2.1150136171,"pAST%":11.0272696538,"TOR":5.4386064439,"AST\/TO":0.3888888889,"PPR":-7.3520690133,"USG%":28.4239318131,"aSP":35.397260274,"ORtg":87.586589603,"DRtg":98.879994529,"Floor%":44.4004784305,"Stop%":0.4766709517,"FFI":53.7048021686,"PIE":4.3024771838,"AV":0.9617290231},"A. Bongo":{"TEAM":"ADMU","SP":34.6666666667,"GP":9.0,"MPG":19.9240740741,"EWA":0.6038503474,"PER":17.5886915046,"WS":0.5189586817,"OWS":0.4588788384,"DWS":0.0600798433,"EFF":7.2222222222,"GmSc":5.1111111111,"TS%":46.6954022989,"EFG%":41.2698412698,"PPWS":0.926916221,"FTR":0.2380952381,"REB%":7.9128216616,"OREB%":4.4037371217,"DREB%":12.3363948998,"AR":3.7642428961,"pAST%":15.4277592823,"TOR":1.56843454,"AST\/TO":2.4,"PPR":1.7174075144,"USG%":19.7472800694,"aSP":34.1917808219,"ORtg":100.5143125491,"DRtg":95.2871091322,"Floor%":39.5426354366,"Stop%":0.5609146305,"FFI":45.5680038687,"PIE":5.5410691004,"AV":1.0900984516},"J. Bahay":{"TEAM":"ADMU","SP":50.5555555556,"GP":9.0,"MPG":23.3851851852,"EWA":0.5127299268,"PER":15.7166763673,"WS":0.2711720267,"OWS":0.2665738819,"DWS":0.0045981448,"EFF":6.7777777778,"GmSc":5.2777777778,"TS%":35.8910891089,"EFG%":31.4814814815,"PPWS":0.7116564417,"FTR":0.2777777778,"REB%":6.7416889656,"OREB%":3.3350795546,"DREB%":11.0360814352,"AR":10.690394182,"pAST%":46.192396605,"TOR":2.6725985455,"AST\/TO":4.0,"PPR":8.1290199239,"USG%":29.5896363312,"aSP":49.8630136986,"ORtg":86.0721779406,"DRtg":97.7520560863,"Floor%":37.0683949885,"Stop%":0.5031181308,"FFI":41.7581255338,"PIE":5.0847457627,"AV":1.0393889167},"K. Porter":{"TEAM":"ADMU","SP":39.8888888889,"GP":9.0,"MPG":23.2555555556,"EWA":0.4288672321,"PER":14.9386007475,"WS":0.3282030482,"OWS":0.1367750636,"DWS":0.1914279846,"EFF":8.7777777778,"GmSc":5.0777777778,"TS%":39.2572283151,"EFG%":37.323943662,"PPWS":0.7780179068,"FTR":0.2957746479,"REB%":14.9611432978,"OREB%":8.8033830718,"DREB%":22.7236531584,"AR":1.612497584,"pAST%":6.6692856556,"TOR":2.1499967786,"AST\/TO":0.75,"PPR":-1.9618397248,"USG%":20.011764638,"aSP":39.3424657534,"ORtg":84.5451207625,"DRtg":90.7258636721,"Floor%":39.1369688714,"Stop%":0.6678637966,"FFI":45.5893746028,"PIE":6.0625814863,"AV":1.261830509},"A. Balogun":{"TEAM":"ADMU","SP":22.7777777778,"GP":9.0,"MPG":11.2111111111,"EWA":0.2864647475,"PER":16.5265821848,"WS":0.2426999352,"OWS":0.1572905955,"DWS":0.0854093397,"EFF":4.7777777778,"GmSc":2.6888888889,"TS%":44.2122186495,"EFG%":32.0,"PPWS":0.861618799,"FTR":1.12,"REB%":17.9417414848,"OREB%":14.7828200046,"DREB%":21.9238970478,"AR":1.1149512531,"pAST%":4.3049306199,"TOR":4.4598050126,"AST\/TO":0.25,"PPR":-6.7825083316,"USG%":21.3200319059,"aSP":22.4657534247,"ORtg":90.1223884082,"DRtg":91.2621005375,"Floor%":46.2883358055,"Stop%":0.6552904576,"FFI":56.4416127478,"PIE":1.890482399,"AV":0.799617052},"I. Espinosa":{"TEAM":"ADMU","SP":31.1111111111,"GP":9.0,"MPG":17.1592592593,"EWA":0.2659936236,"PER":14.281993417,"WS":0.2466098537,"OWS":0.1157525535,"DWS":0.1308573002,"EFF":5.8888888889,"GmSc":3.6,"TS%":39.0625,"EFG%":32.1428571429,"PPWS":0.7715133531,"FTR":0.4285714286,"REB%":9.1877885018,"OREB%":2.8407204171,"DREB%":17.1889409964,"AR":5.8276839081,"pAST%":22.4241361524,"TOR":2.5496117098,"AST\/TO":2.2857142857,"PPR":2.4372672126,"USG%":17.4949602981,"aSP":30.6849315068,"ORtg":85.9684583532,"DRtg":91.2553060562,"Floor%":39.9856027764,"Stop%":0.6554497703,"FFI":44.2164554417,"PIE":4.5632333768,"AV":0.9353789829},"K. Gamber":{"TEAM":"ADMU","SP":13.2857142857,"GP":7.0,"MPG":6.9428571429,"EWA":0.0570457952,"PER":13.1793014059,"WS":0.0571502209,"OWS":0.0789861854,"DWS":-0.0218359645,"EFF":1.8571428571,"GmSc":1.2428571429,"TS%":51.3059701493,"EFG%":50.0,"PPWS":1.0244470314,"FTR":0.0476190476,"REB%":5.033705138,"OREB%":0.0,"DREB%":11.3792243422,"AR":3.4721784396,"pAST%":15.6000683839,"TOR":3.4721784396,"AST\/TO":1.0,"PPR":-2.1122070699,"USG%":23.8700895143,"aSP":13.1037181996,"ORtg":90.9892678634,"DRtg":101.4600606908,"Floor%":31.2582037451,"Stop%":0.4161752105,"FFI":44.8462411044,"PIE":1.0430247718,"AV":0.3260154782},"F. Edu":{"TEAM":"ADMU","SP":14.8,"GP":5.0,"MPG":4.4166666667,"EWA":0.0280943651,"PER":13.3771173106,"WS":0.0462202706,"OWS":0.0410727739,"DWS":0.0051474966,"EFF":1.4,"GmSc":0.78,"TS%":52.5210084034,"EFG%":66.6666666667,"PPWS":1.0204081633,"FTR":1.3333333333,"REB%":8.862360261,"OREB%":7.946298984,"DREB%":10.0171526586,"AR":5.094275386,"pAST%":20.1634250201,"TOR":2.547137693,"AST\/TO":2.0,"PPR":1.5494832241,"USG%":12.380750477,"aSP":14.597260274,"ORtg":100.5019873287,"DRtg":96.0895090662,"Floor%":51.8062291039,"Stop%":0.54210047,"FFI":72.6191420402,"PIE":0.1303780965,"AV":0.2049293843},"M. Reyes":{"TEAM":"ADMU","SP":8.5,"GP":2.0,"MPG":2.5333333333,"EWA":-0.0363585345,"PER":-3.6038133434,"WS":0.0014459721,"OWS":0.0,"DWS":0.0014459721,"EFF":0.5,"GmSc":-0.25,"TS%":0.0,"EFG%":0.0,"PPWS":0.0,"FTR":0.0,"REB%":9.6567659095,"OREB%":0.0,"DREB%":21.830143541,"AR":0.0,"pAST%":0.0,"TOR":0.0,"AST\/TO":null,"PPR":0.0,"USG%":0.0,"aSP":8.3835616438,"ORtg":null,"DRtg":95.6779384438,"Floor%":null,"Stop%":0.5517507147,"FFI":25.0,"PIE":-0.1303780965,"AV":0.0476190476},"K. Ong":{"TEAM":"ADMU","SP":8.0,"GP":6.0,"MPG":6.525,"EWA":-0.0585510812,"PER":7.8139291652,"WS":0.0454726019,"OWS":0.025695496,"DWS":0.0197771059,"EFF":2.1666666667,"GmSc":0.6666666667,"TS%":51.2295081967,"EFG%":50.0,"PPWS":1.0101010101,"FTR":0.5,"REB%":12.4974748253,"OREB%":4.4822674133,"DREB%":22.6014938659,"AR":0.0,"pAST%":0.0,"TOR":1.4367634922,"AST\/TO":0.0,"PPR":-2.6220501558,"USG%":7.1290994813,"aSP":7.8904109589,"ORtg":93.5742921612,"DRtg":93.9482880338,"Floor%":47.8415520719,"Stop%":0.5923064513,"FFI":53.0372626096,"PIE":0.5215123859,"AV":0.3260154782},"C. Koon":{"TEAM":"ADMU","SP":39.1428571429,"GP":7.0,"MPG":24.4714285714,"EWA":-0.0776296691,"PER":9.909108962,"WS":0.0673439942,"OWS":0.0613858044,"DWS":0.0059581897,"EFF":5.2857142857,"GmSc":3.3571428571,"TS%":34.890776699,"EFG%":31.8965517241,"PPWS":0.6912096168,"FTR":0.3103448276,"REB%":7.1406325074,"OREB%":3.0732183753,"DREB%":12.2680394134,"AR":5.9106084821,"pAST%":23.2392796885,"TOR":1.6418356895,"AST\/TO":3.6,"PPR":4.1948210461,"USG%":19.651716003,"aSP":38.6066536204,"ORtg":82.2344131735,"DRtg":97.6502569667,"Floor%":36.5123971766,"Stop%":0.5055050515,"FFI":42.6179778561,"PIE":2.2164276402,"AV":0.7143844592},"W. Espina":{"TEAM":"ADMU","SP":15.7777777778,"GP":9.0,"MPG":8.4111111111,"EWA":-0.1383934888,"PER":7.1453512227,"WS":-0.0636005812,"OWS":-0.089730265,"DWS":0.0261296837,"EFF":1.2222222222,"GmSc":0.7666666667,"TS%":32.6685006878,"EFG%":28.8461538462,"PPWS":0.6479113384,"FTR":0.2692307692,"REB%":4.5243500342,"OREB%":3.4771618738,"DREB%":5.8444417758,"AR":5.2013875171,"pAST%":20.081899567,"TOR":3.715276798,"AST\/TO":1.4,"PPR":-0.4520178934,"USG%":21.3694242831,"aSP":15.5616438356,"ORtg":70.6066924752,"DRtg":95.2074213147,"Floor%":30.9670661551,"Stop%":0.5627830994,"FFI":40.3435362522,"PIE":-0.1303780965,"AV":0.2876240645},"S. Quitevis":{"TEAM":"ADMU","SP":27.1111111111,"GP":9.0,"MPG":25.9203703704,"EWA":-0.2500005047,"PER":8.6659626447,"WS":0.280409896,"OWS":0.3426271898,