{"F. Edu":{"TEAM":"ADMU","MINS":22.0833333334,"FGM":2.0,"FGA":3.0,"FG%":66.6666666667,"2PM":2.0,"2PA":2.0,"2P%":100.0,"3PM":0.0,"3PA":1.0,"3P%":0.0,"FTM":1.0,"FTA":4.0,"FT%":25.0,"PTS":5.0,"OFF":2.0,"DEF":2.0,"REB":4.0,"AST":2.0,"TO":1.0,"STL":1.0,"BLK":0.0,"STK":1.0,"PF":5.0,"Fls on:":3.0,"+\/-":11.0,"GP":5.0},"S. Quitevis":{"TEAM":"ADMU","MINS":233.2833333334,"FGM":10.0,"FGA":26.0,"FG%":38.4615384615,"2PM":7.0,"2PA":15.0,"2P%":46.6666666667,"3PM":3.0,"3PA":11.0,"3P%":27.2727272727,"FTM":6.0,"FTA":6.0,"FT%":100.0,"PTS":29.0,"OFF":6.0,"DEF":13.0,"REB":19.0,"AST":20.0,"TO":5.0,"STL":7.0,"BLK":0.0,"STK":7.0,"PF":28.0,"Fls on:":10.0,"+\/-":-47.0,"GP":9.0},"W. Espina":{"TEAM":"ADMU","MINS":75.6999999999,"FGM":6.0,"FGA":26.0,"FG%":23.0769230769,"2PM":3.0,"2PA":11.0,"2P%":27.2727272727,"3PM":3.0,"3PA":15.0,"3P%":20.0,"FTM":4.0,"FTA":7.0,"FT%":57.1428571429,"PTS":19.0,"OFF":3.0,"DEF":4.0,"REB":7.0,"AST":7.0,"TO":5.0,"STL":5.0,"BLK":1.0,"STK":6.0,"PF":10.0,"Fls on:":4.0,"+\/-":18.0,"GP":9.0},"C. Koon":{"TEAM":"ADMU","MINS":171.2999999999,"FGM":15.0,"FGA":58.0,"FG%":25.8620689655,"2PM":8.0,"2PA":29.0,"2P%":27.5862068966,"3PM":7.0,"3PA":29.0,"3P%":24.1379310345,"FTM":9.0,"FTA":18.0,"FT%":50.0,"PTS":46.0,"OFF":6.0,"DEF":19.0,"REB":25.0,"AST":18.0,"TO":5.0,"STL":5.0,"BLK":0.0,"STK":5.0,"PF":17.0,"Fls on:":20.0,"+\/-":-3.0,"GP":7.0},"J. Bahay":{"TEAM":"ADMU","MINS":210.4666666667,"FGM":27.0,"FGA":108.0,"FG%":25.0,"2PM":13.0,"2PA":39.0,"2P%":33.3333333333,"3PM":14.0,"3PA":69.0,"3P%":20.2898550725,"FTM":19.0,"FTA":30.0,"FT%":63.3333333333,"PTS":87.0,"OFF":8.0,"DEF":21.0,"REB":29.0,"AST":40.0,"TO":10.0,"STL":7.0,"BLK":0.0,"STK":7.0,"PF":18.0,"Fls on:":27.0,"+\/-":-11.0,"GP":9.0},"M. Reyes":{"TEAM":"ADMU","MINS":5.0666666666,"FGM":0.0,"FGA":0.0,"FG%":0.0,"2PM":0.0,"2PA":0.0,"2P%":0.0,"3PM":0.0,"3PA":0.0,"3P%":0.0,"FTM":0.0,"FTA":0.0,"FT%":0.0,"PTS":0.0,"OFF":0.0,"DEF":1.0,"REB":1.0,"AST":0.0,"TO":0.0,"STL":0.0,"BLK":0.0,"STK":0.0,"PF":2.0,"Fls on:":0.0,"+\/-":5.0,"GP":2.0},"K. Porter":{"TEAM":"ADMU","MINS":209.3,"FGM":23.0,"FGA":71.0,"FG%":32.3943661972,"2PM":16.0,"2PA":43.0,"2P%":37.2093023256,"3PM":7.0,"3PA":28.0,"3P%":25.0,"FTM":10.0,"FTA":21.0,"FT%":47.619047619,"PTS":63.0,"OFF":21.0,"DEF":43.0,"REB":64.0,"AST":6.0,"TO":8.0,"STL":9.0,"BLK":4.0,"STK":13.0,"PF":20.0,"Fls on:":13.0,"+\/-":-20.0,"GP":9.0},"S. Tuano":{"TEAM":"ADMU","MINS":186.1666666667,"FGM":37.0,"FGA":75.0,"FG%":49.3333333333,"2PM":34.0,"2PA":59.0,"2P%":57.6271186441,"3PM":3.0,"3PA":16.0,"3P%":18.75,"FTM":19.0,"FTA":42.0,"FT%":45.2380952381,"PTS":96.0,"OFF":12.0,"DEF":12.0,"REB":24.0,"AST":7.0,"TO":18.0,"STL":7.0,"BLK":0.0,"STK":7.0,"PF":16.0,"Fls on:":29.0,"+\/-":-39.0,"GP":9.0},"I. Espinosa":{"TEAM":"ADMU","MINS":154.4333333333,"FGM":12.0,"FGA":42.0,"FG%":28.5714285714,"2PM":9.0,"2PA":26.0,"2P%":34.6153846154,"3PM":3.0,"3PA":16.0,"3P%":18.75,"FTM":12.0,"FTA":18.0,"FT%":66.6666666667,"PTS":39.0,"OFF":5.0,"DEF":24.0,"REB":29.0,"AST":16.0,"TO":7.0,"STL":9.0,"BLK":3.0,"STK":12.0,"PF":14.0,"Fls on:":29.0,"+\/-":-18.0,"GP":9.0},"K. Ong":{"TEAM":"ADMU","MINS":39.15,"FGM":2.0,"FGA":4.0,"FG%":50.0,"2PM":2.0,"2PA":4.0,"2P%":50.0,"3PM":0.0,"3PA":0.0,"3P%":0.0,"FTM":1.0,"FTA":2.0,"FT%":50.0,"PTS":5.0,"OFF":2.0,"DEF":8.0,"REB":10.0,"AST":0.0,"TO":1.0,"STL":0.0,"BLK":2.0,"STK":2.0,"PF":7.0,"Fls on:":2.0,"+\/-":-8.0,"GP":6.0},"A. Bongo":{"TEAM":"ADMU","MINS":179.3166666667,"FGM":19.0,"FGA":63.0,"FG%":30.1587301587,"2PM":5.0,"2PA":19.0,"2P%":26.3157894737,"3PM":14.0,"3PA":44.0,"3P%":31.8181818182,"FTM":13.0,"FTA":15.0,"FT%":86.6666666667,"PTS":65.0,"OFF":9.0,"DEF":20.0,"REB":29.0,"AST":12.0,"TO":5.0,"STL":8.0,"BLK":2.0,"STK":10.0,"PF":17.0,"Fls on:":15.0,"+\/-":9.0,"GP":9.0},"A. Balogun":{"TEAM":"ADMU","MINS":100.9,"FGM":8.0,"FGA":25.0,"FG%":32.0,"2PM":8.0,"2PA":22.0,"2P%":36.3636363636,"3PM":0.0,"3PA":3.0,"3P%":0.0,"FTM":17.0,"FTA":28.0,"FT%":60.7142857143,"PTS":33.0,"OFF":17.0,"DEF":20.0,"REB":37.0,"AST":2.0,"TO":8.0,"STL":3.0,"BLK":4.0,"STK":7.0,"PF":18.0,"Fls on:":24.0,"+\/-":-16.0,"GP":9.0},"J. Lazaro":{"TEAM":"ADMU","MINS":188.4499999999,"FGM":29.0,"FGA":67.0,"FG%":43.2835820896,"2PM":24.0,"2PA":56.0,"2P%":42.8571428571,"3PM":5.0,"3PA":11.0,"3P%":45.4545454545,"FTM":6.0,"FTA":17.0,"FT%":35.2941176471,"PTS":69.0,"OFF":19.0,"DEF":34.0,"REB":53.0,"AST":13.0,"TO":12.0,"STL":5.0,"BLK":4.0,"STK":9.0,"PF":17.0,"Fls on:":25.0,"+\/-":-73.0,"GP":8.0},"K. Gamber":{"TEAM":"ADMU","MINS":48.6,"FGM":7.0,"FGA":21.0,"FG%":33.3333333333,"2PM":0.0,"2PA":5.0,"2P%":0.0,"3PM":7.0,"3PA":16.0,"3P%":43.75,"FTM":1.0,"FTA":1.0,"FT%":100.0,"PTS":22.0,"OFF":0.0,"DEF":5.0,"REB":5.0,"AST":3.0,"TO":3.0,"STL":0.0,"BLK":0.0,"STK":0.0,"PF":5.0,"Fls on:":0.0,"+\/-":-23.0,"GP":7.0}}