{"A. Bongo":{"TEAM":"ADMU","SP":34.0,"GP":13.0,"MPG":20.4346153846,"EWA":0.8629449999,"PER":17.3493410493,"WS":0.7171972967,"OWS":0.7553644466,"DWS":-0.0381671499,"EFF":7.3846153846,"GmSc":4.8692307692,"TS%":46.4723278411,"EFG%":41.1764705882,"PPWS":0.9294465568,"FTR":0.2588235294,"REB%":8.9169378144,"OREB%":4.9655391582,"DREB%":13.7410380142,"AR":4.0147699462,"pAST%":16.3530890124,"hAST%":15.6147271532,"TOR":1.690429451,"hTO%":6.5746219592,"AST\/TO":2.375,"STL\/TO":1.125,"PPR":1.805323236,"USG%":18.2368341708,"STL%":null,"BLK%":19.0761060326,"aSP":33.6761904762,"ORtg":100.8042774049,"DRtg":96.744307305,"Floor%":40.5939208256,"Stop%":0.5557414487,"FFI":45.9234416454,"PIE":5.5883689232,"AV":1.4604413811,"DRE\/100":6.6074963972,"DRE\/75":4.9556222979,"POS":36.4040401104},"I. Espinosa":{"TEAM":"ADMU","SP":31.6923076923,"GP":13.0,"MPG":17.0153846154,"EWA":0.7733542868,"PER":17.8473151739,"WS":0.5295379834,"OWS":0.4867892788,"DWS":0.0427487046,"EFF":6.4615384615,"GmSc":4.2461538462,"TS%":46.1926091825,"EFG%":40.0,"PPWS":0.9238521837,"FTR":0.4333333333,"REB%":7.6491363032,"OREB%":1.9877870364,"DREB%":14.5608449173,"AR":7.1054206276,"pAST%":28.7490074747,"hAST%":25.1256281407,"TOR":3.045180269,"hTO%":10.768126346,"AST\/TO":2.3333333333,"STL\/TO":0.9166666667,"PPR":3.0972882824,"USG%":17.7976467291,"STL%":null,"BLK%":34.3641561996,"aSP":31.3904761905,"ORtg":95.1350445249,"DRtg":94.2841584176,"Floor%":43.4776561986,"Stop%":0.6130299463,"FFI":47.1362623401,"PIE":5.6338028169,"AV":1.3212657272,"DRE\/100":7.2944401283,"DRE\/75":5.4708300962,"POS":30.3127185109},"J. Lazaro":{"TEAM":"ADMU","SP":40.75,"GP":12.0,"MPG":22.2069444444,"EWA":1.0285569723,"PER":18.5780818596,"WS":0.5058506077,"OWS":0.4495308092,"DWS":0.0563197986,"EFF":9.25,"GmSc":5.725,"TS%":41.8638514743,"EFG%":41.8367346939,"PPWS":0.8372770295,"FTR":0.2755102041,"REB%":14.3313306904,"OREB%":10.8900245803,"DREB%":18.5326798677,"AR":3.7915722556,"pAST%":17.2031448684,"hAST%":12.6867775585,"TOR":2.9490006432,"hTO%":9.8674936566,"AST\/TO":1.2857142857,"STL\/TO":0.6428571429,"PPR":-0.7712904513,"USG%":21.9333290379,"STL%":null,"BLK%":38.0329043785,"aSP":40.3619047619,"ORtg":88.6067363185,"DRtg":94.1520988158,"Floor%":42.3603499718,"Stop%":0.6161051651,"FFI":47.308101694,"PIE":6.0427078601,"AV":1.6284444162,"DRE\/100":5.1246823471,"DRE\/75":3.8435117603,"POS":39.5614246253},"J. Bahay":{"TEAM":"ADMU","SP":48.5384615385,"GP":13.0,"MPG":23.6397435897,"EWA":0.9743887036,"PER":17.1929745459,"WS":0.4424943469,"OWS":0.6296672676,"DWS":-0.1871729207,"EFF":6.9230769231,"GmSc":5.4384615385,"TS%":38.8377445339,"EFG%":33.7662337662,"PPWS":0.7767548907,"FTR":0.2922077922,"REB%":5.9776015226,"OREB%":3.1476870223,"DREB%":9.4325278143,"AR":9.6806972724,"pAST%":43.6258560872,"hAST%":21.5622457282,"TOR":3.4704386448,"hTO%":7.7298616762,"AST\/TO":2.7894736842,"STL\/TO":0.4210526316,"PPR":5.4619374536,"USG%":29.6001781524,"STL%":null,"BLK%":0.0,"aSP":48.0761904762,"ORtg":87.6647256749,"DRtg":100.1423342424,"Floor%":38.438013145,"Stop%":0.4766129622,"FFI":42.6515381329,"PIE":5.4066333485,"AV":1.3914339235,"DRE\/100":1.3365577155,"DRE\/75":1.0024182867,"POS":42.1139403724},"K. Porter":{"TEAM":"ADMU","SP":36.9230769231,"GP":13.0,"MPG":22.1012820513,"EWA":0.6514617249,"PER":15.3774734045,"WS":0.4075458296,"OWS":0.2654513334,"DWS":0.1420944961,"EFF":8.0,"GmSc":4.7153846154,"TS%":38.720845481,"EFG%":37.1134020619,"PPWS":0.7744169096,"FTR":0.2989690722,"REB%":14.638207918,"OREB%":8.8760992736,"DREB%":21.6729295146,"AR":1.5629534787,"pAST%":6.5155692371,"hAST%":6.2617407639,"TOR":1.9536918484,"hTO%":7.8271759549,"AST\/TO":0.8,"STL\/TO":1.1,"PPR":-1.6691830767,"USG%":19.6663777749,"STL%":null,"BLK%":44.0939227992,"aSP":36.5714285714,"ORtg":84.5069871626,"DRtg":92.0841933199,"Floor%":39.0178603061,"Stop%":0.6642596486,"FFI":45.6166937998,"PIE":5.7246706043,"AV":1.5507997051,"DRE\/100":7.2032256534,"DRE\/75":5.4024192401,"POS":39.3731882467},"S. Tuano":{"TEAM":"ADMU","SP":35.2307692308,"GP":13.0,"MPG":19.4730769231,"EWA":1.0605744355,"PER":19.2409149329,"WS":0.3146409454,"OWS":0.4135227105,"DWS":-0.0988817651,"EFF":6.0769230769,"GmSc":5.2,"TS%":50.0931966449,"EFG%":50.0,"PPWS":1.0018639329,"FTR":0.5142857143,"REB%":7.0656687069,"OREB%":5.9054903195,"DREB%":8.4820828118,"AR":2.660848807,"pAST%":14.2019357464,"hAST%":7.1959702567,"TOR":5.7651724152,"hTO%":15.5912688894,"AST\/TO":0.4615384615,"STL\/TO":0.4230769231,"PPR":-7.3072267581,"USG%":28.8439144385,"STL%":null,"BLK%":0.0,"aSP":34.8952380952,"ORtg":86.0529997323,"DRtg":98.5472983134,"Floor%":43.7658548102,"Stop%":0.5137559223,"FFI":52.4540906744,"PIE":4.6796910495,"AV":1.261830509,"DRE\/100":-0.4248872359,"DRE\/75":-0.3186654269,"POS":34.6910700318},"A. Balogun":{"TEAM":"ADMU","SP":18.8333333333,"GP":12.0,"MPG":10.9958333333,"EWA":0.1605805051,"PER":13.2661297108,"WS":0.1603902152,"OWS":0.1201903118,"DWS":0.0401999034,"EFF":3.8333333333,"GmSc":1.9833333333,"TS%":41.8552036199,"EFG%":29.0322580645,"PPWS":0.8371040724,"FTR":0.9677419355,"REB%":15.7539164969,"OREB%":13.329245698,"DREB%":18.7140974109,"AR":0.8508195977,"pAST%":3.2454536603,"hAST%":3.4965034965,"TOR":4.6795077873,"hTO%":19.2307692308,"AST\/TO":0.1818181818,"STL\/TO":0.3636363636,"PPR":-7.5287930558,"USG%":19.7379976288,"STL%":null,"BLK%":76.810421638,"aSP":18.653968254,"ORtg":83.871474343,"DRtg":93.4707455346,"Floor%":42.76356481,"Stop%":0.6319715649,"FFI":52.6250044508,"PIE":1.0904134484,"AV":0.8411028006,"DRE\/100":2.196683297,"DRE\/75":1.6475124728,"POS":19.5889548288},"K. Ong":{"TEAM":"ADMU","SP":10.7777777778,"GP":9.0,"MPG":7.5925925926,"EWA":0.034239218,"PER":11.8271340722,"WS":0.1105859247,"OWS":0.1186211839,"DWS":-0.0080352592,"EFF":2.6666666667,"GmSc":1.1777777778,"TS%":51.5463917526,"EFG%":55.5555555556,"PPWS":1.0309278351,"FTR":0.6666666667,"REB%":10.6117773885,"OREB%":6.4346120848,"DREB%":15.7115068083,"AR":0.8214559457,"pAST%":3.1671023527,"hAST%":7.3313782991,"TOR":0.8214559457,"hTO%":7.3313782991,"AST\/TO":1.0,"STL\/TO":0.0,"PPR":-0.5013074401,"USG%":8.7274601986,"STL%":null,"BLK%":185.3988134477,"aSP":10.6751322751,"ORtg":105.9955500907,"DRtg":96.5538419929,"Floor%":54.7545765285,"Stop%":0.5601767378,"FFI":58.3037806528,"PIE":0.5452067242,"AV":0.5163440021,"DRE\/100":2.6069739426,"DRE\/75":1.955230457,"POS":13.5261192873},"C. Koon":{"TEAM":"ADMU","SP":38.4545454545,"GP":11.0,"MPG":24.7696969697,"EWA":0.0167903717,"PER":10.943863398,"WS":0.0630263396,"OWS":0.1199666545,"DWS":-0.0569403149,"EFF":5.9090909091,"GmSc":3.4818181818,"TS%":38.0067567568,"EFG%":35.9375,"PPWS":0.7601351351,"FTR":0.25,"REB%":8.338999685,"OREB%":3.2275397049,"DREB%":14.5793710718,"AR":4.5323786582,"pAST%":18.6702473309,"hAST%":15.5411133088,"TOR":2.6782237526,"hTO%":9.183385137,"AST\/TO":1.6923076923,"STL\/TO":0.6153846154,"PPR":0.6286275092,"USG%":20.703603272,"STL%":null,"BLK%":0.0,"aSP":38.0883116883,"ORtg":80.7015078116,"DRtg":97.221147778,"Floor%":35.3313413384,"Stop%":0.5446374564,"FFI":43.1009520028,"PIE":3.0895047706,"AV":1.0900984516,"DRE\/100":2.1148103483,"DRE\/75":1.5861077612,"POS":44.1269397557},"F. Edu":{"TEAM":"ADMU","SP":11.1428571429,"GP":7.0,"MPG":4.0952380952,"EWA":0.0215854718,"PER":12.3334929618,"WS":0.0368276112,"OWS":0.0519358865,"DWS":-0.0151082753,"EFF":1.1428571429,"GmSc":0.6571428571,"TS%":43.4027777778,"EFG%":50.0,"PPWS":0.8680555556,"FTR":1.0,"REB%":10.1182063472,"OREB%":12.2706556036,"DREB%":7.4903695249,"AR":3.9162434622,"pAST%":14.9885801294,"hAST%":22.8310502283,"TOR":1.9581217311,"hTO%":11.4155251142,"AST\/TO":2.0,"STL\/TO":1.0,"PPR":1.1949770373,"USG%":11.1260987114,"STL%":null,"BLK%":0.0,"aSP":11.0367346939,"ORtg":97.9456195543,"DRtg":99.5434371746,"Floor%":49.8476691148,"Stop%":0.4905592373,"FFI":61.9646006879,"PIE":0.0908677874,"AV":0.226515641,"DRE\/100":1.0409805496,"DRE\/75":0.7807354122,"POS":7.2956211348},"A. Dela Cruz":{"TEAM":"ADMU","SP":6.0,"GP":1.0,"MPG":5.9666666667,"EWA":0.0025620915,"PER":11.6830956309,"WS":-0.0062853012,"OWS":0.0038959155,"DWS":-0.0101812167,"EFF":1.0,"GmSc":1.0,