{"J. Bahay":{"TEAM":"ADMU","MINS":23.3138888889,"FGM":3.3333333333,"FGA":12.0,"FG%":27.7777777778,"2PM":2.0,"2PA":4.8333333333,"2P%":41.3793103448,"3PM":1.3333333333,"3PA":7.1666666667,"3P%":18.6046511628,"FTM":2.3333333333,"FTA":3.5,"FT%":66.6666666667,"PTS":10.3333333333,"OFF":0.9166666667,"DEF":2.0833333333,"REB":3.0,"AST":4.25,"TO":1.3333333333,"STL":0.6666666667,"BLK":0.0,"STK":0.6666666667,"PF":1.9166666667,"Fls on:":3.3333333333,"+\/-":-4.75,"GW":3.0,"GP":12.0},"S. Tuano":{"TEAM":"ADMU","MINS":19.4222222222,"FGM":3.8333333333,"FGA":8.0,"FG%":47.9166666667,"2PM":3.5833333333,"2PA":6.5833333333,"2P%":54.4303797468,"3PM":0.25,"3PA":1.4166666667,"3P%":17.6470588235,"FTM":1.75,"FTA":3.75,"FT%":46.6666666667,"PTS":9.6666666667,"OFF":1.3333333333,"DEF":1.4166666667,"REB":2.75,"AST":0.75,"TO":2.0833333333,"STL":0.75,"BLK":0.0,"STK":0.75,"PF":1.5833333333,"Fls on:":2.6666666667,"+\/-":-2.8333333333,"GW":3.0,"GP":12.0},"J. Lazaro":{"TEAM":"ADMU","MINS":22.196969697,"FGM":3.0,"FGA":8.2727272727,"FG%":36.2637362637,"2PM":2.4545454545,"2PA":6.8181818182,"2P%":36.0,"3PM":0.5454545455,"3PA":1.4545454545,"3P%":37.5,"FTM":0.8181818182,"FTA":2.2727272727,"FT%":36.0,"PTS":7.3636363636,"OFF":2.4545454545,"DEF":3.6363636364,"REB":6.0909090909,"AST":1.3636363636,"TO":1.2727272727,"STL":0.7272727273,"BLK":0.3636363636,"STK":1.0909090909,"PF":2.1818181818,"Fls on:":2.8181818182,"+\/-":-6.7272727273,"GW":2.0,"GP":11.0},"K. Porter":{"TEAM":"ADMU","MINS":23.0458333333,"FGM":2.5,"FGA":7.8333333333,"FG%":31.914893617,"2PM":1.6666666667,"2PA":4.5,"2P%":37.037037037,"3PM":0.8333333333,"3PA":3.3333333333,"3P%":25.0,"FTM":1.0833333333,"FTA":2.4166666667,"FT%":44.8275862069,"PTS":6.9166666667,"OFF":2.25,"DEF":4.6666666667,"REB":6.9166666667,"AST":0.6666666667,"TO":0.75,"STL":0.9166666667,"BLK":0.4166666667,"STK":1.3333333333,"PF":1.8333333333,"Fls on:":1.5,"+\/-":-6.1666666667,"GW":3.0,"GP":12.0},"C. Koon":{"TEAM":"ADMU","MINS":24.445,"FGM":2.3,"FGA":8.2,"FG%":28.0487804878,"2PM":1.2,"2PA":4.0,"2P%":30.0,"3PM":1.1,"3PA":4.2,"3P%":26.1904761905,"FTM":1.2,"FTA":2.4,"FT%":50.0,"PTS":6.9,"OFF":0.9,"DEF":2.8,"REB":3.7,"AST":2.0,"TO":1.2,"STL":0.8,"BLK":0.0,"STK":0.8,"PF":2.2,"Fls on:":2.9,"+\/-":-5.9,"GW":3.0,"GP":10.0},"A. Bongo":{"TEAM":"ADMU","MINS":19.7472222222,"FGM":1.75,"FGA":6.3333333333,"FG%":27.6315789474,"2PM":0.4166666667,"2PA":1.75,"2P%":23.8095238095,"3PM":1.3333333333,"3PA":4.5833333333,"3P%":29.0909090909,"FTM":1.25,"FTA":1.5,"FT%":83.3333333333,"PTS":6.0833333333,"OFF":1.0,"DEF":2.5833333333,"REB":3.5833333333,"AST":1.4166666667,"TO":0.5833333333,"STL":0.75,"BLK":0.1666666667,"STK":0.9166666667,"PF":1.9166666667,"Fls on:":1.4166666667,"+\/-":-3.1666666667,"GW":3.0,"GP":12.0},"I. Espinosa":{"TEAM":"ADMU","MINS":17.1277777778,"FGM":1.6666666667,"FGA":4.5833333333,"FG%":36.3636363636,"2PM":1.1666666667,"2PA":2.75,"2P%":42.4242424242,"3PM":0.5,"3PA":1.8333333333,"3P%":27.2727272727,"FTM":1.25,"FTA":1.8333333333,"FT%":68.1818181818,"PTS":5.0833333333,"OFF":0.4166666667,"DEF":2.5,"REB":2.9166666667,"AST":2.1666666667,"TO":0.9166666667,"STL":0.9166666667,"BLK":0.25,"STK":1.1666666667,"PF":1.5,"Fls on:":3.0833333333,"+\/-":-2.0833333333,"GW":3.0,"GP":12.0},"S. Quitevis":{"TEAM":"ADMU","MINS":25.5013888889,"FGM":1.0,"FGA":3.25,"FG%":30.7692307692,"2PM":0.6666666667,"2PA":1.6666666667,"2P%":40.0,"3PM":0.3333333333,"3PA":1.5833333333,"3P%":21.0526315789,"FTM":0.75,"FTA":0.9166666667,"FT%":81.8181818182,"PTS":3.0833333333,"OFF":0.5,"DEF":1.5,"REB":2.0,"AST":2.0,"TO":0.6666666667,"STL":0.8333333333,"BLK":0.0,"STK":0.8333333333,"PF":3.0,"Fls on:":1.1666666667,"+\/-":-6.3333333333,"GW":3.0,"GP":12.0},"A. Balogun":{"TEAM":"ADMU","MINS":10.9958333333,"FGM":0.75,"FGA":2.5833333333,"FG%":29.0322580645,"2PM":0.75,"2PA":2.25,"2P%":33.3333333333,"3PM":0.0,"3PA":0.3333333333,"3P%":0.0,"FTM":1.5833333333,"FTA":2.5,"FT%":63.3333333333,"PTS":3.0833333333,"OFF":1.6666666667,"DEF":1.9166666667,"REB":3.5833333333,"AST":0.1666666667,"TO":0.9166666667,"STL":0.3333333333,"BLK":0.3333333333,"STK":0.6666666667,"PF":1.8333333333,"Fls on:":2.1666666667,"+\/-":-2.9166666667,"GW":3.0,"GP":12.0},"K. Gamber":{"TEAM":"ADMU","MINS":6.18,"FGM":0.7,"FGA":2.6,"FG%":26.9230769231,"2PM":0.0,"2PA":0.6,"2P%":0.0,"3PM":0.7,"3PA":2.0,"3P%":35.0,"FTM":0.1,"FTA":0.1,"FT%":100.0,"PTS":2.2,"OFF":0.0,"DEF":0.7,"REB":0.7,"AST":0.3,"TO":0.6,"STL":0.0,"BLK":0.0,"STK":0.0,"PF":0.5,"Fls on:":0.1,"+\/-":-2.0,"GW":2.0,"GP":10.0},"A. Dela Cruz":{"TEAM":"ADMU","MINS":5.9666666667,"FGM":1.0,"FGA":3.0,"FG%":33.3333333333,"2PM":1.0,"2PA":3.0,"2P%":33.3333333333,"3PM":0.0,"3PA":0.0,"3P%":0.0,"FTM":0.0,"FTA":0.0,"FT%":0.0,"PTS":2.0,"OFF":1.0,"DEF":0.0,"REB":1.0,"AST":0.0,"TO":0.0,"STL":0.0,"BLK":0.0,"STK":0.0,"PF":0.0,"Fls on:":0.0,"+\/-":-1.0,"GW":0.0,"GP":1.0},"W. Espina":{"TEAM":"ADMU","MINS":7.5819444444,"FGM":0.5833333333,"FGA":2.4166666667,"FG%":24.1379310345,"2PM":0.25,"2PA":0.9166666667,"2P%":27.2727272727,"3PM":0.3333333333,"3PA":1.5,"3P%":22.2222222222,"FTM":0.3333333333,"FTA":0.5833333333,"FT%":57.1428571429,"PTS":1.8333333333,"OFF":0.25,"DEF":0.4166666667,"REB":0.6666666667,"AST":0.5833333333,"TO":0.5,"STL":0.4166666667,"BLK":0.0833333333,"STK":0.5,"PF":1.0,"Fls on:":0.3333333333,"+\/-":0.0833333333,"GW":3.0,"GP":12.0},"K. Ong":{"TEAM":"ADMU","MINS":7.10625,"FGM":0.625,"FGA":1.0,"FG%":62.5,"2PM":0.625,"2PA":1.0,"2P%":62.5,"3PM":0.0,"3PA":0.0,"3P%":0.0,"FTM":0.25,"FTA":0.75,"FT%":33.3333333333,"PTS":1.5,"OFF":0.5,"DEF":1.25,"REB":1.75,"AST":0.0,"TO":0.125,"STL":0.0,"BLK":0.5,"STK":0.5,"PF":1.25,"Fls on:":0.625,"+\/-":-0.375,"GW":1.0,"GP":8.0},"F. Edu":{"TEAM":"ADMU","MINS":4.0952380952,"FGM":0.2857142857,"FGA":0.5714285714,"FG%":50.0,"2PM":0.2857142857,"2PA":0.4285714286,"2P%":66.6666666667,"3PM":0.0,"3PA":0.1428571429,"3P%":0.0,"FTM":0.1428571429,"FTA":0.5714285714,"FT%":25.0,"PTS":0.7142857143,"OFF":0.5714285714,"DEF":0.2857142857,"REB":0.8571428571,"AST":0.2857142857,"TO":0.1428571429,"STL":0.1428571429,"BLK":0.0,"STK":0.1428571429,"PF":0.7142857143,"Fls on:":0.4285714286,"+\/-":1.1428571429,"GW":3.0,"GP":7.0},"M. Asoro":{"TEAM":"ADMU","MINS":5.3,"FGM":0.0,"FGA":1.0,"FG%":0.0,"2PM":0.0,"2PA":1.0,"2P%":0.0,"3PM":0.0,"3PA":0.0,"3P%":0.0,"FTM":0.0,"FTA":0.0,"FT%":0.0,"PTS":0.0,"OFF":0.0,"DEF":0.0,"REB":0.0,"AST":1.0,"TO":2.0,"STL":0.0,"BLK":0.0,"STK":0.0,"PF":1.0,"Fls on:":0.0,"+\/-":-1.0,"GW":0.0,"GP":1.0},"M. Reyes":{"TEAM":"ADMU","MINS":5.2777777778,"FGM":0.0,"FGA":0.6666666667,"FG%":0.0,"2PM":0.0,"2PA":0.6666666667,"2P%":0.0,"3PM":0.0,"3PA":0.0,"3P%":0.0,"FTM":0.0,"FTA":0.0,"FT%":0.0,"PTS":0.0,"OFF":0.6666666667,"DEF":0.3333333333,"REB":1.0,"AST":0.0,"TO":0.3333333333,"STL":0.0,"BLK":0.3333333333,"STK":0.3333333333,"PF":1.0,"Fls on:":0.0,"+\/-":1.0,"GW":1.0,"GP":3.0}}