{"J. Lazaro":{"TEAM":"ADMU","SP":47.4285714286,"GP":7.0,"MPG":24.7880952381,"EWA":0.7653902391,"PER":19.6862052481,"WS":0.4034109498,"OWS":0.3026971381,"DWS":0.1007138118,"EFF":11.7142857143,"GmSc":7.3142857143,"TS%":48.1843575419,"EFG%":48.4615384615,"PPWS":0.9566724437,"FTR":0.2307692308,"REB%":13.7259401939,"OREB%":8.255730787,"DREB%":20.5262347649,"AR":4.2173589782,"pAST%":20.3448757398,"TOR":3.8929467491,"AST\/TO":1.0833333333,"PPR":-1.9730240194,"USG%":23.0135775873,"aSP":46.6989010989,"ORtg":91.0114503719,"DRtg":93.946045489,"Floor%":42.9188368367,"Stop%":0.6048636985,"FFI":48.5240633163,"PIE":8.4632516704,"AV":1.2976007699},"S. Tuano":{"TEAM":"ADMU","SP":35.0,"GP":8.0,"MPG":20.1354166667,"EWA":0.6712687546,"PER":19.1961005493,"WS":0.2673702951,"OWS":0.2893810324,"DWS":-0.0220107373,"EFF":6.625,"GmSc":5.8125,"TS%":54.0201005025,"EFG%":55.6451612903,"PPWS":1.0617283951,"FTR":0.6451612903,"REB%":7.0846645052,"OREB%":6.6697164943,"DREB%":7.6005074092,"AR":2.0967133267,"pAST%":11.2693963649,"TOR":5.5912355378,"AST\/TO":0.375,"PPR":-7.6511278879,"USG%":28.3482556288,"aSP":34.4615384615,"ORtg":89.5155158649,"DRtg":99.3037676399,"Floor%":45.5007675745,"Stop%":0.4786008509,"FFI":56.8716182854,"PIE":4.7512991834,"AV":0.9353789829},"J. Bahay":{"TEAM":"ADMU","SP":52.5,"GP":8.0,"MPG":23.8708333333,"EWA":0.5983490203,"PER":17.1178610442,"WS":0.3192436152,"OWS":0.307398374,"DWS":0.0118452412,"EFF":7.625,"GmSc":6.0375,"TS%":35.8049311095,"EFG%":31.1224489796,"PPWS":0.7097933513,"FTR":0.2857142857,"REB%":7.2751595938,"OREB%":3.7506725966,"DREB%":11.6566280185,"AR":11.4959655233,"pAST%":49.846233709,"TOR":2.358146774,"AST\/TO":4.875,"PPR":9.6807668489,"USG%":29.5950889423,"aSP":51.6923076923,"ORtg":87.6923441098,"DRtg":97.8193681941,"Floor%":37.5950518121,"Stop%":0.513582975,"FFI":41.8952917034,"PIE":6.3845582777,"AV":1.0393889167},"K. Porter":{"TEAM":"ADMU","SP":38.5,"GP":8.0,"MPG":23.0125,"EWA":0.4204590418,"PER":15.4105631397,"WS":0.3173715694,"OWS":0.1374695297,"DWS":0.1799020398,"EFF":9.125,"GmSc":5.2625,"TS%":41.9697817571,"EFG%":39.84375,"PPWS":0.8324661811,"FTR":0.265625,"REB%":14.8235069722,"OREB%":7.7811346391,"DREB%":23.5782369617,"AR":1.2230511378,"pAST%":5.2243664451,"TOR":2.4461022756,"AST\/TO":0.5,"PPR":-2.9753616608,"USG%":20.6216364403,"aSP":37.9076923077,"ORtg":85.1949507545,"DRtg":90.9815007073,"Floor%":38.985552092,"Stop%":0.6747276921,"FFI":45.8665763589,"PIE":6.6815144766,"AV":1.1892491518},"A. Bongo":{"TEAM":"ADMU","SP":30.375,"GP":8.0,"MPG":19.4729166667,"EWA":0.2841577837,"PER":14.4863559128,"WS":0.3256722079,"OWS":0.3095460689,"DWS":0.016126139,"EFF":5.875,"GmSc":4.1125,"TS%":43.8445667125,"EFG%":37.5,"PPWS":0.8695652174,"FTR":0.2692307692,"REB%":7.0071876758,"OREB%":4.5977539972,"DREB%":10.0024768038,"AR":3.9747526359,"pAST%":15.8492305919,"TOR":1.8067057436,"AST\/TO":2.2,"PPR":1.5383339195,"USG%":19.3660114847,"aSP":29.9076923077,"ORtg":95.3237597392,"DRtg":97.5093775778,"Floor%":37.5435186247,"Stop%":0.5208883739,"FFI":44.506335902,"PIE":3.8604305865,"AV":0.8547795014},"I. Espinosa":{"TEAM":"ADMU","SP":27.625,"GP":8.0,"MPG":16.6791666667,"EWA":0.0903376218,"PER":12.1808190351,"WS":0.1472777505,"OWS":0.0373354733,"DWS":0.1099422772,"EFF":5.125,"GmSc":2.9875,"TS%":34.965034965,"EFG%":25.7575757576,"PPWS":0.6896551724,"FTR":0.4848484848,"REB%":8.552745746,"OREB%":2.6839374601,"DREB%":15.8485587864,"AR":5.9061179164,"pAST%":22.0687380562,"TOR":2.1093278273,"AST\/TO":2.8,"PPR":3.3354357963,"USG%":16.1232691002,"aSP":27.2,"ORtg":82.1586091047,"DRtg":92.1265249712,"Floor%":39.2878699752,"Stop%":0.6477434589,"FFI":42.585213111,"PIE":3.4892353378,"AV":0.771558034},"A. Balogun":{"TEAM":"ADMU","SP":19.875,"GP":8.0,"MPG":10.7895833333,"EWA":0.0897028717,"PER":12.9088523502,"WS":0.1107465405,"OWS":0.0203719121,"DWS":0.0903746285,"EFF":4.125,"GmSc":1.9625,"TS%":40.8719346049,"EFG%":33.3333333333,"PPWS":0.7993338884,"FTR":0.9047619048,"REB%":17.2452166633,"OREB%":12.4469607873,"DREB%":23.210171742,"AR":1.3042887496,"pAST%":5.1003994005,"TOR":4.5650106236,"AST\/TO":0.2857142857,"PPR":-6.7426067217,"USG%":20.1209401827,"aSP":19.5692307692,"ORtg":81.2829990294,"DRtg":90.4598636013,"Floor%":42.2362917338,"Stop%":0.6870208616,"FFI":53.2529014063,"PIE":1.1878247958,"AV":0.6556410848},"K. Gamber":{"TEAM":"ADMU","SP":13.2857142857,"GP":7.0,"MPG":6.9428571429,"EWA":0.0508563346,"PER":12.923317544,"WS":0.0503355134,"OWS":0.0749000619,"DWS":-0.0245645485,"EFF":1.8571428571,"GmSc":1.2428571429,"TS%":51.3059701493,"EFG%":50.0,"PPWS":1.0244470314,"FTR":0.0476190476,"REB%":5.1047654949,"OREB%":0.0,"DREB%":11.4507582164,"AR":3.4747486801,"pAST%":15.7731258291,"TOR":3.4747486801,"AST\/TO":1.0,"PPR":-2.1132873524,"USG%":24.0206075826,"aSP":13.0813186813,"ORtg":90.0593244663,"DRtg":102.0593393831,"Floor%":30.9437260491,"Stop%":0.4136616238,"FFI":44.8455985443,"PIE":1.1878247958,"AV":0.3260154782},"F. Edu":{"TEAM":"ADMU","SP":13.75,"GP":4.0,"MPG":5.1416666667,"EWA":0.0205983868,"PER":12.8331000413,"WS":0.0351992204,"OWS":0.0292434558,"DWS":0.0059557646,"EFF":1.5,"GmSc":0.9,"TS%":52.5210084034,"EFG%":66.6666666667,"PPWS":1.0204081633,"FTR":1.3333333333,"REB%":9.6502406374,"OREB%":8.7064843216,"DREB%":10.8234719478,"AR":2.73699815,"pAST%":11.0974527078,"TOR":2.73699815,"AST\/TO":1.0,"PPR":-1.6645991139,"USG%":13.3775822592,"aSP":13.5384615385,"ORtg":94.5675038893,"DRtg":96.1191425227,"Floor%":49.4652145195,"Stop%":0.5536513713,"FFI":72.7237139935,"PIE":0.1484780995,"AV":0.1825551726},"M. Reyes":{"TEAM":"ADMU","SP":16.0,"GP":2.0,"MPG":2.5333333333,"EWA":-0.0360895567,"PER":-3.4971070366,"WS":0.0013881279,"OWS":0.0,"DWS":0.0013881279,"EFF":0.5,"GmSc":-0.25,"TS%":0.0,"EFG%":0.0,"PPWS":0.0,"FTR":0.0,"REB%":9.7930895943,"OREB%":0.0,"DREB%":21.9673756311,"AR":0.0,"pAST%":0.0,"TOR":0.0,"AST\/TO":null,"PPR":0.0,"USG%":0.0,"aSP":15.7538461538,"ORtg":null,"DRtg":96.2357812583,"Floor%":null,"Stop%":0.5509026027,"FFI":25.0,"PIE":-0.1484780995,"AV":0.0476190476},"K. Ong":{"TEAM":"ADMU","SP":10.5,"GP":6.0,"MPG":6.525,"EWA":-0.0595891502,"PER":7.7606336669,"WS":0.0452901477,"OWS":0.0260226584,"DWS":0.0192674893,"EFF":2.1666666667,"GmSc":0.6666666667,"TS%":51.2295081967,"EFG%":50.0,"PPWS":1.0101010101,"FTR":0.5,"REB%":12.6739005391,"OREB%":4.5737767786,"DREB%":22.7435749401,"AR":0.0,"pAST%":0.0,"TOR":1.43782704,"AST\/TO":0.0,"PPR":-2.6233911961,"USG%":7.1740535768,"aSP":10.3384615385,"ORtg":93.2609976179,"DRtg":94.6056615069,"Floor%":47.6662337181,"Stop%":0.5893188467,"FFI":53.0552985957,"PIE":0.5939123979,"AV":0.3260154782},"W. Espina":{"TEAM":"ADMU","SP":15.875,"GP":8.0,"MPG":8.7604166667,"EWA":-0.0685126109,"PER":8.8550485447,"WS":-0.0291591689,"OWS":-0.061234639,"DWS":0.0320754701,"EFF":1.625,"GmSc":1.0375,"TS%":35.0812407681,"EFG%":31.25,"PPWS":0.6953339433,"FTR":0.2916666667,"REB%":4.9559321419,"OREB%":3.8325095076,"DREB%":6.3525157591,"AR":5.622399529,"pAST%":22.2070379228,"TOR":4.0159996636,"AST\/TO":1.4,"PPR":-0.4884935331,"USG%":21.8644554753,"aSP":15.6307692308,"ORtg":73.7073077369,"DRtg":94.8632046326,"Floor%":32.3363012667,"Stop%":0.5832494524,"FFI":41.6375019856,"PIE":0.1484780995,"AV":0.3260154782},"C. Koon":{"TEAM":"ADMU","SP":35.1666666667,"GP":6.0,"MPG":24.2527777778,"EWA":-0.2757475439,"PER":7.0111403277,"WS":-0.0860013313,"OWS":-0.0659515676,"DWS":-0.0200497638,"EFF":4.0,"GmSc":2.2833333333,"TS%":32.1199143469,"EFG%":28.5714285714,"PPWS":0.6360424028,"FTR":0.3265306122,"REB%":7.1605868709,"OREB%":3.0763376626,"DREB%":12.2379240715,"AR":5.8025238525,"pAST%":22.4190499841,"TOR":1.9341746175,"AST\/TO":3.0,"PPR":3.5290035046,"USG%":20.0364530529,"aSP":34.6256410256,"ORtg":76.2250685712,"DRtg":99.3122954745,"Floor%":33.5743129235,"Stop%":0.4783998795,"FFI":41.4582544904,"PIE":0.9651076466,"AV":0.5163440021},"S. Quitevis":{"TEAM":"ADMU","SP":24.875,"GP":8.0,"MPG":26.2625,"EWA":-0.2769229714,"PER":8.1707131243,"WS":0.2419073701,"OWS":0.3474006902,"DWS":-0.1054933201,"EFF":5.875,"GmSc":2.95,"TS%":54.788961039,"EFG%":47.7272727273,"PPWS":1.0865191147,"FTR":0.2727272727,