{"M. Reyes":{"TEAM":"ADMU","MINS":2.5333333333,"FGM":0.0,"FGA":0.0,"FG%":0.0,"2PM":0.0,"2PA":0.0,"2P%":0.0,"3PM":0.0,"3PA":0.0,"3P%":0.0,"FTM":0.0,"FTA":0.0,"FT%":0.0,"PTS":0.0,"OFF":0.0,"DEF":0.5,"REB":0.5,"AST":0.0,"TO":0.0,"STL":0.0,"BLK":0.0,"STK":0.0,"PF":1.0,"Fls on:":0.0,"+\/-":2.5,"GP":2.0},"I. Espinosa":{"TEAM":"ADMU","MINS":16.6791666667,"FGM":1.0,"FGA":4.125,"FG%":24.2424242424,"2PM":0.875,"2PA":2.625,"2P%":33.3333333333,"3PM":0.125,"3PA":1.5,"3P%":8.3333333333,"FTM":1.375,"FTA":2.0,"FT%":68.75,"PTS":3.5,"OFF":0.5,"DEF":2.375,"REB":2.875,"AST":1.75,"TO":0.625,"STL":1.0,"BLK":0.375,"STK":1.375,"PF":1.75,"Fls on:":2.875,"+\/-":-4.375,"GP":8.0},"K. Porter":{"TEAM":"ADMU","MINS":23.0125,"FGM":2.75,"FGA":8.0,"FG%":34.375,"2PM":1.875,"2PA":4.75,"2P%":39.4736842105,"3PM":0.875,"3PA":3.25,"3P%":26.9230769231,"FTM":1.125,"FTA":2.125,"FT%":52.9411764706,"PTS":7.5,"OFF":2.0,"DEF":4.875,"REB":6.875,"AST":0.5,"TO":1.0,"STL":1.0,"BLK":0.5,"STK":1.5,"PF":2.25,"Fls on:":1.375,"+\/-":-1.375,"GP":8.0},"W. Espina":{"TEAM":"ADMU","MINS":8.7604166667,"FGM":0.75,"FGA":3.0,"FG%":25.0,"2PM":0.375,"2PA":1.25,"2P%":30.0,"3PM":0.375,"3PA":1.75,"3P%":21.4285714286,"FTM":0.5,"FTA":0.875,"FT%":57.1428571429,"PTS":2.375,"OFF":0.375,"DEF":0.5,"REB":0.875,"AST":0.875,"TO":0.625,"STL":0.625,"BLK":0.125,"STK":0.75,"PF":1.25,"Fls on:":0.5,"+\/-":2.0,"GP":8.0},"C. Koon":{"TEAM":"ADMU","MINS":24.2527777778,"FGM":1.8333333333,"FGA":8.1666666667,"FG%":22.4489795918,"2PM":0.8333333333,"2PA":3.8333333333,"2P%":21.7391304348,"3PM":1.0,"3PA":4.3333333333,"3P%":23.0769230769,"FTM":1.3333333333,"FTA":2.6666666667,"FT%":50.0,"PTS":6.0,"OFF":0.8333333333,"DEF":2.6666666667,"REB":3.5,"AST":2.5,"TO":0.8333333333,"STL":0.5,"BLK":0.0,"STK":0.5,"PF":2.5,"Fls on:":3.0,"+\/-":-0.6666666667,"GP":6.0},"F. Edu":{"TEAM":"ADMU","MINS":5.1416666667,"FGM":0.5,"FGA":0.75,"FG%":66.6666666667,"2PM":0.5,"2PA":0.5,"2P%":100.0,"3PM":0.0,"3PA":0.25,"3P%":0.0,"FTM":0.25,"FTA":1.0,"FT%":25.0,"PTS":1.25,"OFF":0.5,"DEF":0.5,"REB":1.0,"AST":0.25,"TO":0.25,"STL":0.25,"BLK":0.0,"STK":0.25,"PF":1.0,"Fls on:":0.75,"+\/-":2.5,"GP":4.0},"S. Quitevis":{"TEAM":"ADMU","MINS":26.2625,"FGM":1.125,"FGA":2.75,"FG%":40.9090909091,"2PM":0.75,"2PA":1.375,"2P%":54.5454545455,"3PM":0.375,"3PA":1.375,"3P%":27.2727272727,"FTM":0.75,"FTA":0.75,"FT%":100.0,"PTS":3.375,"OFF":0.625,"DEF":1.375,"REB":2.0,"AST":2.25,"TO":0.625,"STL":0.5,"BLK":0.0,"STK":0.5,"PF":3.125,"Fls on:":1.0,"+\/-":-5.375,"GP":8.0},"K. Ong":{"TEAM":"ADMU","MINS":6.525,"FGM":0.3333333333,"FGA":0.6666666667,"FG%":50.0,"2PM":0.3333333333,"2PA":0.6666666667,"2P%":50.0,"3PM":0.0,"3PA":0.0,"3P%":0.0,"FTM":0.1666666667,"FTA":0.3333333333,"FT%":50.0,"PTS":0.8333333333,"OFF":0.3333333333,"DEF":1.3333333333,"REB":1.6666666667,"AST":0.0,"TO":0.1666666667,"STL":0.0,"BLK":0.3333333333,"STK":0.3333333333,"PF":1.1666666667,"Fls on:":0.3333333333,"+\/-":-1.3333333333,"GP":6.0},"S. Tuano":{"TEAM":"ADMU","MINS":20.1354166667,"FGM":4.125,"FGA":7.75,"FG%":53.2258064516,"2PM":3.75,"2PA":6.25,"2P%":60.0,"3PM":0.375,"3PA":1.5,"3P%":25.0,"FTM":2.125,"FTA":5.0,"FT%":42.5,"PTS":10.75,"OFF":1.5,"DEF":1.375,"REB":2.875,"AST":0.75,"TO":2.0,"STL":0.75,"BLK":0.0,"STK":0.75,"PF":1.875,"Fls on:":3.5,"+\/-":-5.25,"GP":8.0},"K. Gamber":{"TEAM":"ADMU","MINS":6.9428571429,"FGM":1.0,"FGA":3.0,"FG%":33.3333333333,"2PM":0.0,"2PA":0.7142857143,"2P%":0.0,"3PM":1.0,"3PA":2.2857142857,"3P%":43.75,"FTM":0.1428571429,"FTA":0.1428571429,"FT%":100.0,"PTS":3.1428571429,"OFF":0.0,"DEF":0.7142857143,"REB":0.7142857143,"AST":0.4285714286,"TO":0.4285714286,"STL":0.0,"BLK":0.0,"STK":0.0,"PF":0.7142857143,"Fls on:":0.0,"+\/-":-3.2857142857,"GP":7.0},"J. Bahay":{"TEAM":"ADMU","MINS":23.8708333333,"FGM":3.0,"FGA":12.25,"FG%":24.4897959184,"2PM":1.375,"2PA":4.0,"2P%":34.375,"3PM":1.625,"3PA":8.25,"3P%":19.696969697,"FTM":2.25,"FTA":3.5,"FT%":64.2857142857,"PTS":9.875,"OFF":1.0,"DEF":2.5,"REB":3.5,"AST":4.875,"TO":1.0,"STL":0.875,"BLK":0.0,"STK":0.875,"PF":1.75,"Fls on:":3.25,"+\/-":0.0,"GP":8.0},"A. Bongo":{"TEAM":"ADMU","MINS":19.4729166667,"FGM":1.75,"FGA":6.5,"FG%":26.9230769231,"2PM":0.375,"2PA":1.75,"2P%":21.4285714286,"3PM":1.375,"3PA":4.75,"3P%":28.9473684211,"FTM":1.5,"FTA":1.75,"FT%":85.7142857143,"PTS":6.375,"OFF":1.0,"DEF":1.75,"REB":2.75,"AST":1.375,"TO":0.625,"STL":0.75,"BLK":0.25,"STK":1.0,"PF":2.0,"Fls on:":1.75,"+\/-":-1.5,"GP":8.0},"A. Balogun":{"TEAM":"ADMU","MINS":10.7895833333,"FGM":0.875,"FGA":2.625,"FG%":33.3333333333,"2PM":0.875,"2PA":2.25,"2P%":38.8888888889,"3PM":0.0,"3PA":0.375,"3P%":0.0,"FTM":1.25,"FTA":2.375,"FT%":52.6315789474,"PTS":3.0,"OFF":1.5,"DEF":2.25,"REB":3.75,"AST":0.25,"TO":0.875,"STL":0.375,"BLK":0.5,"STK":0.875,"PF":2.125,"Fls on:":2.375,"+\/-":-3.375,"GP":8.0},"J. Lazaro":{"TEAM":"ADMU","MINS":24.7880952381,"FGM":4.1428571429,"FGA":9.2857142857,"FG%":44.6153846154,"2PM":3.4285714286,"2PA":7.7142857143,"2P%":44.4444444444,"3PM":0.7142857143,"3PA":1.5714285714,"3P%":45.4545454545,"FTM":0.8571428571,"FTA":2.1428571429,"FT%":40.0,"PTS":9.8571428571,"OFF":2.2857142857,"DEF":4.5714285714,"REB":6.8571428571,"AST":1.8571428571,"TO":1.7142857143,"STL":0.7142857143,"BLK":0.5714285714,"STK":1.2857142857,"PF":2.1428571429,"Fls on:":3.4285714286,"+\/-":-8.0,"GP":7.0}}