{"J. Bahay":{"TEAM":"ADMU","MINS":23.8484848485,"FGM":3.3636363636,"FGA":12.2727272727,"FG%":27.4074074074,"2PM":1.9090909091,"2PA":4.8181818182,"2P%":39.6226415094,"3PM":1.4545454545,"3PA":7.4545454545,"3P%":19.512195122,"FTM":2.2727272727,"FTA":3.4545454545,"FT%":65.7894736842,"PTS":10.4545454545,"OFF":1.0,"DEF":2.0909090909,"REB":3.0909090909,"AST":4.4545454545,"TO":1.2727272727,"STL":0.7272727273,"BLK":0.0,"STK":0.7272727273,"PF":1.9090909091,"Fls on:":3.4545454545,"+\/-":-3.9090909091,"GW":3.0,"GP":11.0},"S. Tuano":{"TEAM":"ADMU","MINS":19.4803030303,"FGM":4.0,"FGA":8.1818181818,"FG%":48.8888888889,"2PM":3.7272727273,"2PA":6.7272727273,"2P%":55.4054054054,"3PM":0.2727272727,"3PA":1.4545454545,"3P%":18.75,"FTM":1.9090909091,"FTA":4.0909090909,"FT%":46.6666666667,"PTS":10.1818181818,"OFF":1.2727272727,"DEF":1.1818181818,"REB":2.4545454545,"AST":0.7272727273,"TO":2.0909090909,"STL":0.8181818182,"BLK":0.0,"STK":0.8181818182,"PF":1.6363636364,"Fls on:":2.9090909091,"+\/-":-3.9090909091,"GW":3.0,"GP":11.0},"J. Lazaro":{"TEAM":"ADMU","MINS":22.5633333333,"FGM":3.2,"FGA":8.1,"FG%":39.5061728395,"2PM":2.6,"2PA":6.8,"2P%":38.2352941176,"3PM":0.6,"3PA":1.3,"3P%":46.1538461538,"FTM":0.7,"FTA":2.1,"FT%":33.3333333333,"PTS":7.7,"OFF":2.3,"DEF":3.8,"REB":6.1,"AST":1.4,"TO":1.3,"STL":0.6,"BLK":0.4,"STK":1.0,"PF":2.4,"Fls on:":2.9,"+\/-":-6.7,"GW":2.0,"GP":10.0},"C. Koon":{"TEAM":"ADMU","MINS":24.2074074074,"FGM":2.4444444444,"FGA":8.3333333333,"FG%":29.3333333333,"2PM":1.3333333333,"2PA":4.0,"2P%":33.3333333333,"3PM":1.1111111111,"3PA":4.3333333333,"3P%":25.641025641,"FTM":1.1111111111,"FTA":2.4444444444,"FT%":45.4545454545,"PTS":7.1111111111,"OFF":0.8888888889,"DEF":2.7777777778,"REB":3.6666666667,"AST":2.2222222222,"TO":1.2222222222,"STL":0.7777777778,"BLK":0.0,"STK":0.7777777778,"PF":2.3333333333,"Fls on:":3.0,"+\/-":-4.0,"GW":3.0,"GP":9.0},"K. Porter":{"TEAM":"ADMU","MINS":23.3439393939,"FGM":2.4545454545,"FGA":7.8181818182,"FG%":31.3953488372,"2PM":1.7272727273,"2PA":4.7272727273,"2P%":36.5384615385,"3PM":0.7272727273,"3PA":3.0909090909,"3P%":23.5294117647,"FTM":1.1818181818,"FTA":2.6363636364,"FT%":44.8275862069,"PTS":6.8181818182,"OFF":2.3636363636,"DEF":5.0,"REB":7.3636363636,"AST":0.5454545455,"TO":0.8181818182,"STL":1.0,"BLK":0.3636363636,"STK":1.3636363636,"PF":2.0,"Fls on:":1.5454545455,"+\/-":-5.1818181818,"GW":3.0,"GP":11.0},"A. Bongo":{"TEAM":"ADMU","MINS":19.7409090909,"FGM":1.9090909091,"FGA":6.5454545455,"FG%":29.1666666667,"2PM":0.4545454545,"2PA":1.8181818182,"2P%":25.0,"3PM":1.4545454545,"3PA":4.7272727273,"3P%":30.7692307692,"FTM":1.3636363636,"FTA":1.6363636364,"FT%":83.3333333333,"PTS":6.6363636364,"OFF":1.0909090909,"DEF":2.2727272727,"REB":3.3636363636,"AST":1.4545454545,"TO":0.5454545455,"STL":0.7272727273,"BLK":0.1818181818,"STK":0.9090909091,"PF":2.0,"Fls on:":1.5454545455,"+\/-":-2.9090909091,"GW":3.0,"GP":11.0},"I. Espinosa":{"TEAM":"ADMU","MINS":16.8303030303,"FGM":1.2727272727,"FGA":4.1818181818,"FG%":30.4347826087,"2PM":0.9090909091,"2PA":2.5454545455,"2P%":35.7142857143,"3PM":0.3636363636,"3PA":1.6363636364,"3P%":22.2222222222,"FTM":1.3636363636,"FTA":2.0,"FT%":68.1818181818,"PTS":4.2727272727,"OFF":0.4545454545,"DEF":2.5454545455,"REB":3.0,"AST":1.8181818182,"TO":0.9090909091,"STL":0.9090909091,"BLK":0.2727272727,"STK":1.1818181818,"PF":1.5454545455,"Fls on:":3.1818181818,"+\/-":-3.0,"GW":3.0,"GP":11.0},"A. Balogun":{"TEAM":"ADMU","MINS":11.5454545455,"FGM":0.8181818182,"FGA":2.7272727273,"FG%":30.0,"2PM":0.8181818182,"2PA":2.3636363636,"2P%":34.6153846154,"3PM":0.0,"3PA":0.3636363636,"3P%":0.0,"FTM":1.7272727273,"FTA":2.7272727273,"FT%":63.3333333333,"PTS":3.3636363636,"OFF":1.7272727273,"DEF":2.0909090909,"REB":3.8181818182,"AST":0.1818181818,"TO":0.8181818182,"STL":0.2727272727,"BLK":0.3636363636,"STK":0.6363636364,"PF":2.0,"Fls on:":2.3636363636,"+\/-":-3.0,"GW":3.0,"GP":11.0},"S. Quitevis":{"TEAM":"ADMU","MINS":25.6984848485,"FGM":1.0909090909,"FGA":3.2727272727,"FG%":33.3333333333,"2PM":0.7272727273,"2PA":1.7272727273,"2P%":42.1052631579,"3PM":0.3636363636,"3PA":1.5454545455,"3P%":23.5294117647,"FTM":0.5454545455,"FTA":0.5454545455,"FT%":100.0,"PTS":3.0909090909,"OFF":0.5454545455,"DEF":1.5454545455,"REB":2.0909090909,"AST":2.1818181818,"TO":0.6363636364,"STL":0.9090909091,"BLK":0.0,"STK":0.9090909091,"PF":2.9090909091,"Fls on:":1.0,"+\/-":-6.1818181818,"GW":3.0,"GP":11.0},"K. Gamber":{"TEAM":"ADMU","MINS":6.4944444444,"FGM":0.7777777778,"FGA":2.6666666667,"FG%":29.1666666667,"2PM":0.0,"2PA":0.6666666667,"2P%":0.0,"3PM":0.7777777778,"3PA":2.0,"3P%":38.8888888889,"FTM":0.1111111111,"FTA":0.1111111111,"FT%":100.0,"PTS":2.4444444444,"OFF":0.0,"DEF":0.7777777778,"REB":0.7777777778,"AST":0.3333333333,"TO":0.5555555556,"STL":0.0,"BLK":0.0,"STK":0.0,"PF":0.5555555556,"Fls on:":0.1111111111,"+\/-":-2.4444444444,"GW":2.0,"GP":9.0},"A. Dela Cruz":{"TEAM":"ADMU","MINS":5.9666666667,"FGM":1.0,"FGA":3.0,"FG%":33.3333333333,"2PM":1.0,"2PA":3.0,"2P%":33.3333333333,"3PM":0.0,"3PA":0.0,"3P%":0.0,"FTM":0.0,"FTA":0.0,"FT%":0.0,"PTS":2.0,"OFF":1.0,"DEF":0.0,"REB":1.0,"AST":0.0,"TO":0.0,"STL":0.0,"BLK":0.0,"STK":0.0,"PF":0.0,"Fls on:":0.0,"+\/-":-1.0,"GW":0.0,"GP":1.0},"W. Espina":{"TEAM":"ADMU","MINS":7.8242424242,"FGM":0.6363636364,"FGA":2.6363636364,"FG%":24.1379310345,"2PM":0.2727272727,"2PA":1.0,"2P%":27.2727272727,"3PM":0.3636363636,"3PA":1.6363636364,"3P%":22.2222222222,"FTM":0.3636363636,"FTA":0.6363636364,"FT%":57.1428571429,"PTS":2.0,"OFF":0.2727272727,"DEF":0.3636363636,"REB":0.6363636364,"AST":0.6363636364,"TO":0.4545454545,"STL":0.4545454545,"BLK":0.0909090909,"STK":0.5454545455,"PF":1.0909090909,"Fls on:":0.3636363636,"+\/-":0.0909090909,"GW":3.0,"GP":11.0},"F. Edu":{"TEAM":"ADMU","MINS":3.9888888889,"FGM":0.3333333333,"FGA":0.6666666667,"FG%":50.0,"2PM":0.3333333333,"2PA":0.5,"2P%":66.6666666667,"3PM":0.0,"3PA":0.1666666667,"3P%":0.0,"FTM":0.1666666667,"FTA":0.6666666667,"FT%":25.0,"PTS":0.8333333333,"OFF":0.5,"DEF":0.3333333333,"REB":0.8333333333,"AST":0.3333333333,"TO":0.1666666667,"STL":0.1666666667,"BLK":0.0,"STK":0.1666666667,"PF":0.8333333333,"Fls on:":0.5,"+\/-":2.1666666667,"GW":3.0,"GP":6.0},"K. Ong":{"TEAM":"ADMU","MINS":5.6547619048,"FGM":0.2857142857,"FGA":0.5714285714,"FG%":50.0,"2PM":0.2857142857,"2PA":0.5714285714,"2P%":50.0,"3PM":0.0,"3PA":0.0,"3P%":0.0,"FTM":0.1428571429,"FTA":0.2857142857,"FT%":50.0,"PTS":0.7142857143,"OFF":0.2857142857,"DEF":1.1428571429,"REB":1.4285714286,"AST":0.0,"TO":0.1428571429,"STL":0.0,"BLK":0.2857142857,"STK":0.2857142857,"PF":1.0,"Fls on:":0.2857142857,"+\/-":-1.5714285714,"GW":1.0,"GP":7.0},"M. Reyes":{"TEAM":"ADMU","MINS":5.2777777778,"FGM":0.0,"FGA":0.6666666667,"FG%":0.0,"2PM":0.0,"2PA":0.6666666667,"2P%":0.0,"3PM":0.0,"3PA":0.0,"3P%":0.0,"FTM":0.0,"FTA":0.0,"FT%":0.0,"PTS":0.0,"OFF":0.6666666667,"DEF":0.3333333333,"REB":1.0,"AST":0.0,"TO":0.3333333333,"STL":0.0,"BLK":0.3333333333,"STK":0.3333333333,"PF":1.0,"Fls on:":0.0,"+\/-":1.0,"GW":1.0,"GP":3.0},"M. Asoro":{"TEAM":"ADMU","MINS":5.3,"FGM":0.0,"FGA":1.0,"FG%":0.0,"2PM":0.0,"2PA":1.0,"2P%":0.0,"3PM":0.0,"3PA":0.0,"3P%":0.0,"FTM":0.0,"FTA":0.0,"FT%":0.0,"PTS":0.0,"OFF":0.0,"DEF":0.0,"REB":0.0,"AST":1.0,"TO":2.0,"STL":0.0,"BLK":0.0,"STK":0.0,"PF":1.0,"Fls on:":0.0,"+\/-":-1.0,"GW":0.0,"GP":1.0}}