{"A. Bongo":{"TEAM":"ADMU","SP":32.6363636364,"GP":11.0,"MPG":19.7409090909,"EWA":0.6727469664,"PER":17.0471305665,"WS":0.5551522542,"OWS":0.5996169235,"DWS":-0.0444646693,"EFF":6.9090909091,"GmSc":4.6818181818,"TS%":45.6706706707,"EFG%":40.2777777778,"PPWS":0.9134134134,"FTR":0.25,"REB%":8.3230695622,"OREB%":4.8312959409,"DREB%":12.7442456151,"AR":4.1230396175,"pAST%":16.9042641719,"hAST%":15.6985871272,"TOR":1.5461398565,"hTO%":5.8869701727,"AST\/TO":2.6666666667,"STL\/TO":1.3333333333,"PPR":2.1998231515,"USG%":18.675613257,"STL%":null,"BLK%":23.500856593,"aSP":32.2696629213,"ORtg":100.1132131652,"DRtg":97.5893644528,"Floor%":39.5631449116,"Stop%":0.5433104943,"FFI":45.4408353351,"PIE":5.0213675214,"AV":1.2257189472,"DRE\/100":6.0874247334,"DRE\/75":4.56556855,"POS":35.278473881},"J. Bahay":{"TEAM":"ADMU","SP":50.6363636364,"GP":11.0,"MPG":23.8484848485,"EWA":0.9222484246,"PER":17.8862744601,"WS":0.4088006971,"OWS":0.5549700909,"DWS":-0.1461693938,"EFF":7.3636363636,"GmSc":5.8727272727,"TS%":37.8987608753,"EFG%":33.3333333333,"PPWS":0.7579752175,"FTR":0.2814814815,"REB%":6.3309236119,"OREB%":3.6659069406,"DREB%":9.7052855165,"AR":10.4520134832,"pAST%":47.7049969371,"hAST%":22.8204172876,"TOR":2.9862895666,"hTO%":6.520119225,"AST\/TO":3.5,"STL\/TO":0.5714285714,"PPR":7.2837346484,"USG%":29.8168584858,"STL%":null,"BLK%":0.0,"aSP":50.0674157303,"ORtg":88.2514864981,"DRtg":100.1779616268,"Floor%":38.6072380825,"Stop%":0.4827653413,"FFI":42.542164552,"PIE":5.8226495726,"AV":1.2857142857,"DRE\/100":2.3943564946,"DRE\/75":1.795767371,"POS":42.6190174907},"K. Porter":{"TEAM":"ADMU","SP":38.5454545455,"GP":11.0,"MPG":23.3439393939,"EWA":0.5213385278,"PER":14.9008351044,"WS":0.3127631154,"OWS":0.1679549452,"DWS":0.1448081701,"EFF":8.4545454545,"GmSc":4.9181818182,"TS%":37.9708383961,"EFG%":36.0465116279,"PPWS":0.7594167679,"FTR":0.3372093023,"REB%":15.4084807703,"OREB%":8.8521495919,"DREB%":23.7099050732,"AR":1.3075002396,"pAST%":5.4665338592,"hAST%":5.2742616034,"TOR":1.9612503593,"hTO%":7.9113924051,"AST\/TO":0.6666666667,"STL\/TO":1.2222222222,"PPR":-1.9931684004,"USG%":19.8075694646,"STL%":null,"BLK%":39.7472136757,"aSP":38.1123595506,"ORtg":82.7754334326,"DRtg":91.9432106058,"Floor%":38.7604148912,"Stop%":0.6753693762,"FFI":45.7568615146,"PIE":5.9829059829,"AV":1.4260768066,"DRE\/100":8.0013771852,"DRE\/75":6.0010328889,"POS":41.7173572096},"I. Espinosa":{"TEAM":"ADMU","SP":29.1818181818,"GP":11.0,"MPG":16.8303030303,"EWA":0.3721069888,"PER":14.8599804514,"WS":0.2853856455,"OWS":0.2218469117,"DWS":0.0635387339,"EFF":5.8181818182,"GmSc":3.5272727273,"TS%":42.2054597701,"EFG%":34.7826086957,"PPWS":0.8441091954,"FTR":0.4782608696,"REB%":8.7070482919,"OREB%":2.3611719336,"DREB%":16.7420011932,"AR":6.0450894823,"pAST%":23.6409131236,"hAST%":23.3426704015,"TOR":3.0225447412,"hTO%":11.6713352007,"AST\/TO":2.0,"STL\/TO":1.0,"PPR":1.8430407841,"USG%":16.7451468507,"STL%":null,"BLK%":41.3475864985,"aSP":28.8539325843,"ORtg":88.0783957992,"DRtg":93.5644669197,"Floor%":40.6044690398,"Stop%":0.6374495281,"FFI":45.8035547232,"PIE":4.594017094,"AV":1.0774960475,"DRE\/100":6.9297369046,"DRE\/75":5.1973026785,"POS":30.0770042113},"J. Lazaro":{"TEAM":"ADMU","SP":38.1,"GP":10.0,"MPG":22.5633333333,"EWA":0.6137534634,"PER":16.2874743453,"WS":0.2821749804,"OWS":0.2747962787,"DWS":0.0073787017,"EFF":8.6,"GmSc":5.1,"TS%":42.6640070922,"EFG%":43.2098765432,"PPWS":0.8532801418,"FTR":0.2592592593,"REB%":13.2059062437,"OREB%":8.9118281917,"DREB%":18.6429354189,"AR":3.4720193366,"pAST%":15.8786392796,"hAST%":11.9413169567,"TOR":3.2240179554,"hTO%":11.0883657455,"AST\/TO":1.0769230769,"STL\/TO":0.4615384615,"PPR":-1.6634470921,"USG%":21.5965895085,"STL%":null,"BLK%":45.2345487591,"aSP":37.6719101124,"ORtg":86.1054876453,"DRtg":95.8451447338,"Floor%":40.6687347273,"Stop%":0.584106355,"FFI":47.1492006557,"PIE":5.1816239316,"AV":1.3447902252,"DRE\/100":3.6364583499,"DRE\/75":2.7273437624,"POS":40.322356078},"A. Balogun":{"TEAM":"ADMU","SP":20.1818181818,"GP":11.0,"MPG":11.5454545455,"EWA":0.2065028256,"PER":14.0882730661,"WS":0.205016825,"OWS":0.1797245892,"DWS":0.0252922358,"EFF":4.2727272727,"GmSc":2.2545454545,"TS%":42.8240740741,"EFG%":30.0,"PPWS":0.8564814815,"FTR":1.0,"REB%":16.1542650198,"OREB%":13.079529106,"DREB%":20.0474007913,"AR":0.881218556,"pAST%":3.4107457653,"hAST%":3.6900369004,"TOR":3.9654835022,"hTO%":16.6051660517,"AST\/TO":0.2222222222,"STL\/TO":0.3333333333,"PPR":-6.1793626205,"USG%":19.4002452069,"STL%":null,"BLK%":80.3655277035,"aSP":19.9550561798,"ORtg":87.9865288943,"DRtg":94.6225572232,"Floor%":44.8693626033,"Stop%":0.6127016685,"FFI":53.6245349457,"PIE":1.4423076923,"AV":0.8547795014,"DRE\/100":3.2918540384,"DRE\/75":2.4688905288,"POS":20.6325866124},"S. Tuano":{"TEAM":"ADMU","SP":33.4545454545,"GP":11.0,"MPG":19.4803030303,"EWA":0.7935069988,"PER":18.263178351,"WS":0.1985530203,"OWS":0.3152551077,"DWS":-0.1167020874,"EFF":5.7272727273,"GmSc":5.0090909091,"TS%":51.0018214936,"EFG%":50.5555555556,"PPWS":1.0200364299,"FTR":0.5,"REB%":6.1548433597,"OREB%":5.7119167729,"DREB%":6.7156633415,"AR":2.089098669,"pAST%":11.4083732974,"hAST%":5.6818181818,"TOR":6.0061586735,"hTO%":16.3352272727,"AST\/TO":0.347826087,"STL\/TO":0.3913043478,"PPR":-8.4393119901,"USG%":29.2516331782,"STL%":null,"BLK%":0.0,"aSP":33.0786516854,"ORtg":85.528051781,"DRtg":100.0856060021,"Floor%":43.3253685564,"Stop%":0.4849254632,"FFI":52.3630659084,"PIE":4.0598290598,"AV":1.0648443168,"DRE\/100":-2.0254368921,"DRE\/75":-1.5190776691,"POS":34.8127514535},"S. Quitevis":{"TEAM":"ADMU","SP":26.1818181818,"GP":11.0,"MPG":25.6984848485,"EWA":-0.3876397059,"PER":8.0637150798,"WS":0.1279681892,"OWS":0.3073229902,"DWS":-0.179354801,"EFF":5.4545454545,"GmSc":2.7181818182,"TS%":43.9958592133,"EFG%":38.8888888889,"PPWS":0.8799171843,"FTR":0.1666666667,"REB%":3.9743788795,"OREB%":1.855638076,"DREB%":6.6570631308,"AR":4.7508180392,"pAST%":17.3219291893,"hAST%":34.4629523262,"TOR":1.3856552614,"hTO%":10.0516944285,"AST\/TO":3.4285714286,"STL\/TO":1.4285714286,"PPR":3.2589907423,"USG%":7.6205421422,"STL%":null,"BLK%":0.0,"aSP":25.8876404494,"ORtg":97.3661573432,"DRtg":100.7456129721,"Floor%":41.4785694698,"Stop%":0.4694884445,"FFI":43.0802693554,"PIE":2.6709401709,"AV":1.026583177,"DRE\/100":0.1881765696,"DRE\/75":0.1411324272,"POS":45.9251051881},"F. Edu":{"TEAM":"ADMU","SP":12.6666666667,"GP":6.0,"MPG":3.9888888889,"EWA":0.0226444041,"PER":12.7217514848,"WS":0.0328725876,"OWS":0.0403560961,"DWS":-0.0074835085,"EFF":1.1666666667,"GmSc":0.65,"TS%":43.4027777778,"EFG%":50.0,"PPWS":0.8680555556,"FTR":1.0,"REB%":10.2048928448,"OREB%":10.9587316875,"DREB%":9.2504053548,"AR":4.6761040369,"pAST%":18.6106812763,"hAST%":22.8310502283,"TOR":2.3380520184,"hTO%":11.4155251142,"AST\/TO":2.0,"STL\/TO":1.0,"PPR":1.425661353,"USG%":13.3316512303,"STL%":null,"BLK%":0.0,"aSP":12.5243445693,"ORtg":94.3005023062,"DRtg":98.38202357,"Floor%":48.2464861401,"Stop%":0.5247708513,"FFI":61.6072333329,"PIE":0.0534188034,"AV":0.2049293843,"DRE\/100":2.5622351606,"DRE\/75":1.9216763705,"POS":7.1284413414},"K. Ong":{"TEAM":"ADMU","SP":6.8571428571,"GP":7.0,"MPG":5.6547619048,"EWA":-0.05745785,"PER":7.9023508594,"WS":0.0328235692,"OWS":0.0298227892,"DWS":0.00300078,"EFF":1.8571428571,"GmSc":0.5714285714,"TS%":51.2295081967,"EFG%":50.0,"PPWS":1.0245901639,"FTR":0.5,"REB%":12.3404009475,"OREB%":4.4173301623,"DREB%":22.3723487824,"AR":0.0,"pAST%":0.0,"hAST%":0.0,"TOR":1.4136600836,"hTO%":17.0068027211,"AST\/TO":0.0,"STL\/TO":0.0,"PPR":-2.5859996248,"USG%":7.0114105799,"STL%":null,"BLK%":128.923225495,"aSP":6.7800963082,"ORtg":93.3759205438,"DRtg":95.5285192873,"Floor%":47.7869466875,"Stop%":0.5915119631,"FFI":53.0300510116,"PIE":0.4273504274,"AV":0.3260154782,"DRE\/100":4.1671009158,"DRE\/75":3.1253256869,"POS":10.1054804134},"C. Koon":{"TEAM":"ADMU","SP":37.3333333333,"GP":9.0,"MPG":24.2074074074,"EWA":-0.0260399368,"PER":10.579760069,"WS":-0.0027079213,"OWS":0.0721656282,"DWS":-0.0748735495,"EFF":5.3333333333,"GmSc":3.3555555556,