{"J. Bahay":{"TEAM":"ADMU","MINS":23.3773809524,"FGM":3.5,"FGA":12.0,"FG%":29.1666666667,"2PM":2.0714285714,"2PA":4.9285714286,"2P%":42.0289855072,"3PM":1.4285714286,"3PA":7.0714285714,"3P%":20.202020202,"FTM":2.2142857143,"FTA":3.2142857143,"FT%":68.8888888889,"PTS":10.6428571429,"OFF":0.7857142857,"DEF":2.0714285714,"REB":2.8571428571,"AST":3.8571428571,"TO":1.5714285714,"STL":0.6428571429,"BLK":0.0,"STK":0.6428571429,"PF":2.0,"Fls on:":3.0,"+\/-":-4.0,"GW":4.0,"GP":14.0},"S. Tuano":{"TEAM":"ADMU","MINS":19.2035714286,"FGM":3.7857142857,"FGA":8.0,"FG%":47.3214285714,"2PM":3.5714285714,"2PA":6.7142857143,"2P%":53.1914893617,"3PM":0.2142857143,"3PA":1.2857142857,"3P%":16.6666666667,"FTM":1.7142857143,"FTA":3.8571428571,"FT%":44.4444444444,"PTS":9.5,"OFF":1.3571428571,"DEF":1.6428571429,"REB":3.0,"AST":0.8571428571,"TO":2.0,"STL":0.7857142857,"BLK":0.0,"STK":0.7857142857,"PF":1.4285714286,"Fls on:":2.6428571429,"+\/-":-4.1428571429,"GW":4.0,"GP":14.0},"C. Koon":{"TEAM":"ADMU","MINS":25.5708333333,"FGM":2.6666666667,"FGA":8.8333333333,"FG%":30.1886792453,"2PM":1.5,"2PA":4.3333333333,"2P%":34.6153846154,"3PM":1.1666666667,"3PA":4.5,"3P%":25.9259259259,"FTM":1.0833333333,"FTA":2.1666666667,"FT%":50.0,"PTS":7.5833333333,"OFF":0.8333333333,"DEF":3.3333333333,"REB":4.1666666667,"AST":1.8333333333,"TO":1.25,"STL":0.8333333333,"BLK":0.0,"STK":0.8333333333,"PF":2.25,"Fls on:":3.0833333333,"+\/-":-5.5,"GW":4.0,"GP":12.0},"J. Lazaro":{"TEAM":"ADMU","MINS":22.2179487179,"FGM":3.0,"FGA":7.8461538462,"FG%":38.2352941176,"2PM":2.4615384615,"2PA":6.4615384615,"2P%":38.0952380952,"3PM":0.5384615385,"3PA":1.3846153846,"3P%":38.8888888889,"FTM":0.7692307692,"FTA":2.2307692308,"FT%":34.4827586207,"PTS":7.3076923077,"OFF":2.6923076923,"DEF":3.6923076923,"REB":6.3846153846,"AST":1.3846153846,"TO":1.0769230769,"STL":0.7692307692,"BLK":0.3076923077,"STK":1.0769230769,"PF":2.0769230769,"Fls on:":2.6923076923,"+\/-":-6.1538461538,"GW":3.0,"GP":13.0},"A. Bongo":{"TEAM":"ADMU","MINS":20.3654761905,"FGM":1.9285714286,"FGA":6.4285714286,"FG%":30.0,"2PM":0.5714285714,"2PA":1.8571428571,"2P%":30.7692307692,"3PM":1.3571428571,"3PA":4.5714285714,"3P%":29.6875,"FTM":1.3571428571,"FTA":1.7857142857,"FT%":76.0,"PTS":6.5714285714,"OFF":1.2142857143,"DEF":2.7142857143,"REB":3.9285714286,"AST":1.3571428571,"TO":0.7142857143,"STL":0.7142857143,"BLK":0.1428571429,"STK":0.8571428571,"PF":1.9285714286,"Fls on:":1.6428571429,"+\/-":-1.7142857143,"GW":4.0,"GP":14.0},"K. Porter":{"TEAM":"ADMU","MINS":22.4845238095,"FGM":2.2857142857,"FGA":7.4285714286,"FG%":30.7692307692,"2PM":1.5,"2PA":4.1428571429,"2P%":36.2068965517,"3PM":0.7857142857,"3PA":3.2857142857,"3P%":23.9130434783,"FTM":1.2142857143,"FTA":2.3571428571,"FT%":51.5151515152,"PTS":6.5714285714,"OFF":2.2857142857,"DEF":4.5714285714,"REB":6.8571428571,"AST":0.6428571429,"TO":0.8571428571,"STL":0.8571428571,"BLK":0.3571428571,"STK":1.2142857143,"PF":1.7857142857,"Fls on:":1.5714285714,"+\/-":-6.4285714286,"GW":4.0,"GP":14.0},"I. Espinosa":{"TEAM":"ADMU","MINS":17.175,"FGM":1.7857142857,"FGA":4.9285714286,"FG%":36.231884058,"2PM":1.2857142857,"2PA":3.0,"2P%":42.8571428571,"3PM":0.5,"3PA":1.9285714286,"3P%":25.9259259259,"FTM":1.3571428571,"FTA":2.0,"FT%":67.8571428571,"PTS":5.4285714286,"OFF":0.4285714286,"DEF":2.2142857143,"REB":2.6428571429,"AST":2.1428571429,"TO":1.0714285714,"STL":0.9285714286,"BLK":0.2142857143,"STK":1.1428571429,"PF":1.4285714286,"Fls on:":3.0,"+\/-":-2.7142857143,"GW":4.0,"GP":14.0},"A. Balogun":{"TEAM":"ADMU","MINS":10.9958333333,"FGM":0.75,"FGA":2.5833333333,"FG%":29.0322580645,"2PM":0.75,"2PA":2.25,"2P%":33.3333333333,"3PM":0.0,"3PA":0.3333333333,"3P%":0.0,"FTM":1.5833333333,"FTA":2.5,"FT%":63.3333333333,"PTS":3.0833333333,"OFF":1.6666666667,"DEF":1.9166666667,"REB":3.5833333333,"AST":0.1666666667,"TO":0.9166666667,"STL":0.3333333333,"BLK":0.3333333333,"STK":0.6666666667,"PF":1.8333333333,"Fls on:":2.1666666667,"+\/-":-2.9166666667,"GW":3.0,"GP":12.0},"S. Quitevis":{"TEAM":"ADMU","MINS":25.7571428572,"FGM":0.9285714286,"FGA":3.3571428571,"FG%":27.6595744681,"2PM":0.6428571429,"2PA":1.7142857143,"2P%":37.5,"3PM":0.2857142857,"3PA":1.6428571429,"3P%":17.3913043478,"FTM":0.7857142857,"FTA":0.9285714286,"FT%":84.6153846154,"PTS":2.9285714286,"OFF":0.5714285714,"DEF":1.5714285714,"REB":2.1428571429,"AST":2.0,"TO":0.7857142857,"STL":0.9285714286,"BLK":0.0,"STK":0.9285714286,"PF":3.0714285714,"Fls on:":1.1428571429,"+\/-":-5.2857142857,"GW":4.0,"GP":14.0},"A. Dela Cruz":{"TEAM":"ADMU","MINS":5.9666666667,"FGM":1.0,"FGA":3.0,"FG%":33.3333333333,"2PM":1.0,"2PA":3.0,"2P%":33.3333333333,"3PM":0.0,"3PA":0.0,"3P%":0.0,"FTM":0.0,"FTA":0.0,"FT%":0.0,"PTS":2.0,"OFF":1.0,"DEF":0.0,"REB":1.0,"AST":0.0,"TO":0.0,"STL":0.0,"BLK":0.0,"STK":0.0,"PF":0.0,"Fls on:":0.0,"+\/-":-1.0,"GW":0.0,"GP":1.0},"K. Gamber":{"TEAM":"ADMU","MINS":6.0486111111,"FGM":0.5833333333,"FGA":2.3333333333,"FG%":25.0,"2PM":0.0,"2PA":0.5833333333,"2P%":0.0,"3PM":0.5833333333,"3PA":1.75,"3P%":33.3333333333,"FTM":0.0833333333,"FTA":0.1666666667,"FT%":50.0,"PTS":1.8333333333,"OFF":0.0,"DEF":0.6666666667,"REB":0.6666666667,"AST":0.3333333333,"TO":0.6666666667,"STL":0.1666666667,"BLK":0.0,"STK":0.1666666667,"PF":0.4166666667,"Fls on:":0.0833333333,"+\/-":-1.5833333333,"GW":3.0,"GP":12.0},"W. Espina":{"TEAM":"ADMU","MINS":6.7261904762,"FGM":0.5,"FGA":2.2142857143,"FG%":22.5806451613,"2PM":0.2142857143,"2PA":0.8571428571,"2P%":25.0,"3PM":0.2857142857,"3PA":1.3571428571,"3P%":21.0526315789,"FTM":0.2857142857,"FTA":0.5,"FT%":57.1428571429,"PTS":1.5714285714,"OFF":0.2142857143,"DEF":0.3571428571,"REB":0.5714285714,"AST":0.5714285714,"TO":0.4285714286,"STL":0.3571428571,"BLK":0.0714285714,"STK":0.4285714286,"PF":0.8571428571,"Fls on:":0.2857142857,"+\/-":-0.1428571429,"GW":4.0,"GP":14.0},"K. Ong":{"TEAM":"ADMU","MINS":7.0416666667,"FGM":0.5,"FGA":0.9,"FG%":55.5555555556,"2PM":0.5,"2PA":0.9,"2P%":55.5555555556,"3PM":0.0,"3PA":0.0,"3P%":0.0,"FTM":0.3,"FTA":0.8,"FT%":37.5,"PTS":1.3,"OFF":0.5,"DEF":1.1,"REB":1.6,"AST":0.1,"TO":0.1,"STL":0.0,"BLK":0.5,"STK":0.5,"PF":1.5,"Fls on:":0.6,"+\/-":-0.1,"GW":2.0,"GP":10.0},"F. Edu":{"TEAM":"ADMU","MINS":4.1520833333,"FGM":0.25,"FGA":0.5,"FG%":50.0,"2PM":0.25,"2PA":0.375,"2P%":66.6666666667,"3PM":0.0,"3PA":0.125,"3P%":0.0,"FTM":0.125,"FTA":0.5,"FT%":25.0,"PTS":0.625,"OFF":0.5,"DEF":0.25,"REB":0.75,"AST":0.25,"TO":0.125,"STL":0.125,"BLK":0.0,"STK":0.125,"PF":0.625,"Fls on:":0.375,"+\/-":0.875,"GW":3.0,"GP":8.0},"M. Asoro":{"TEAM":"ADMU","MINS":3.0333333333,"FGM":0.0,"FGA":0.5,"FG%":0.0,"2PM":0.0,"2PA":0.5,"2P%":0.0,"3PM":0.0,"3PA":0.0,"3P%":0.0,"FTM":0.0,"FTA":0.0,"FT%":0.0,"PTS":0.0,"OFF":0.0,"DEF":0.0,"REB":0.0,"AST":0.5,"TO":1.5,"STL":0.0,"BLK":0.0,"STK":0.0,"PF":0.5,"Fls on:":0.0,"+\/-":-0.5,"GW":0.0,"GP":2.0},"M. Reyes":{"TEAM":"ADMU","MINS":4.15,"FGM":0.0,"FGA":0.5,"FG%":0.0,"2PM":0.0,"2PA":0.5,"2P%":0.0,"3PM":0.0,"3PA":0.0,"3P%":0.0,"FTM":0.0,"FTA":0.0,"FT%":0.0,"PTS":0.0,"OFF":0.5,"DEF":0.25,"REB":0.75,"AST":0.0,"TO":0.5,"STL":0.0,"BLK":0.25,"STK":0.25,"PF":0.75,"Fls on:":0.0,"+\/-":0.75,"GW":1.0,"GP":4.0}}