{"M. Reyes":{"TEAM":"ADMU","MINS":2.5333333333,"FGM":0.0,"FGA":0.0,"FG%":0.0,"2PM":0.0,"2PA":0.0,"2P%":0.0,"3PM":0.0,"3PA":0.0,"3P%":0.0,"FTM":0.0,"FTA":0.0,"FT%":0.0,"PTS":0.0,"OFF":0.0,"DEF":5.9210526317,"REB":5.9210526317,"AST":0.0,"TO":0.0,"STL":0.0,"BLK":0.0,"STK":0.0,"PF":11.8421052633,"Fls on:":0.0,"+\/-":29.6052631583,"GP":2.0},"I. Espinosa":{"TEAM":"ADMU","MINS":16.6791666667,"FGM":1.7986510117,"FGA":7.4194354234,"FG%":24.2424242424,"2PM":1.5738196353,"2PA":4.7214589058,"2P%":33.3333333333,"3PM":0.2248313765,"3PA":2.6979765176,"3P%":8.3333333333,"FTM":2.4731451411,"FTA":3.5973020235,"FT%":68.75,"PTS":6.2952785411,"OFF":0.8993255059,"DEF":4.2717961529,"REB":5.1711216588,"AST":3.1476392705,"TO":1.1241568823,"STL":1.7986510117,"BLK":0.6744941294,"STK":2.4731451411,"PF":3.1476392705,"Fls on:":5.1711216588,"+\/-":-7.8690981764,"GP":8.0},"K. Porter":{"TEAM":"ADMU","MINS":23.0125,"FGM":3.5850081477,"FGA":10.4291146116,"FG%":34.375,"2PM":2.4443237371,"2PA":6.1922868007,"2P%":39.4736842105,"3PM":1.1406844106,"3PA":4.236827811,"3P%":26.9230769231,"FTM":1.4665942423,"FTA":2.7702335687,"FT%":52.9411764706,"PTS":9.7772949484,"OFF":2.6072786529,"DEF":6.3552417165,"REB":8.9625203694,"AST":0.6518196632,"TO":1.3036393265,"STL":1.3036393265,"BLK":0.6518196632,"STK":1.9554589897,"PF":2.9331884845,"Fls on:":1.7925040739,"+\/-":-1.7925040739,"GP":8.0},"W. Espina":{"TEAM":"ADMU","MINS":8.7604166667,"FGM":2.5683709869,"FGA":10.2734839477,"FG%":25.0,"2PM":1.2841854935,"2PA":4.2806183115,"2P%":30.0,"3PM":1.2841854935,"3PA":5.9928656362,"3P%":21.4285714286,"FTM":1.7122473246,"FTA":2.9964328181,"FT%":57.1428571429,"PTS":8.1331747919,"OFF":1.2841854935,"DEF":1.7122473246,"REB":2.9964328181,"AST":2.9964328181,"TO":2.1403091558,"STL":2.1403091558,"BLK":0.4280618312,"STK":2.5683709869,"PF":4.2806183115,"Fls on:":1.7122473246,"+\/-":6.8489892985,"GP":8.0},"C. Koon":{"TEAM":"ADMU","MINS":24.2527777778,"FGM":2.2677814683,"FGA":10.1019356317,"FG%":22.4489795918,"2PM":1.0308097583,"2PA":4.7417248883,"2P%":21.7391304348,"3PM":1.23697171,"3PA":5.3602107433,"3P%":23.0769230769,"FTM":1.6492956133,"FTA":3.2985912267,"FT%":50.0,"PTS":7.42183026,"OFF":1.0308097583,"DEF":3.2985912267,"REB":4.329400985,"AST":3.092429275,"TO":1.0308097583,"STL":0.618485855,"BLK":0.0,"STK":0.618485855,"PF":3.092429275,"Fls on:":3.71091513,"+\/-":-0.8246478067,"GP":6.0},"F. Edu":{"TEAM":"ADMU","MINS":5.1416666667,"FGM":2.9173419773,"FGA":4.376012966,"FG%":66.6666666667,"2PM":2.9173419773,"2PA":2.9173419773,"2P%":100.0,"3PM":0.0,"3PA":1.4586709887,"3P%":0.0,"FTM":1.4586709887,"FTA":5.8346839546,"FT%":25.0,"PTS":7.2933549433,"OFF":2.9173419773,"DEF":2.9173419773,"REB":5.8346839546,"AST":1.4586709887,"TO":1.4586709887,"STL":1.4586709887,"BLK":0.0,"STK":1.4586709887,"PF":5.8346839546,"Fls on:":4.376012966,"+\/-":14.5867098865,"GP":4.0},"S. Quitevis":{"TEAM":"ADMU","MINS":26.2625,"FGM":1.2851023322,"FGA":3.1413612565,"FG%":40.9090909091,"2PM":0.8567348881,"2PA":1.5706806283,"2P%":54.5454545455,"3PM":0.4283674441,"3PA":1.5706806283,"3P%":27.2727272727,"FTM":0.8567348881,"FTA":0.8567348881,"FT%":100.0,"PTS":3.8553069967,"OFF":0.7139457401,"DEF":1.5706806283,"REB":2.2846263684,"AST":2.5702046644,"TO":0.7139457401,"STL":0.5711565921,"BLK":0.0,"STK":0.5711565921,"PF":3.5697287006,"Fls on:":1.1423131842,"+\/-":-6.1399333651,"GP":8.0},"K. Ong":{"TEAM":"ADMU","MINS":6.525,"FGM":1.5325670498,"FGA":3.0651340996,"FG%":50.0,"2PM":1.5325670498,"2PA":3.0651340996,"2P%":50.0,"3PM":0.0,"3PA":0.0,"3P%":0.0,"FTM":0.7662835249,"FTA":1.5325670498,"FT%":50.0,"PTS":3.8314176245,"OFF":1.5325670498,"DEF":6.1302681992,"REB":7.662835249,"AST":0.0,"TO":0.7662835249,"STL":0.0,"BLK":1.5325670498,"STK":1.5325670498,"PF":5.3639846743,"Fls on:":1.5325670498,"+\/-":-6.1302681992,"GP":6.0},"S. Tuano":{"TEAM":"ADMU","MINS":20.1354166667,"FGM":6.1458872219,"FGA":11.546818417,"FG%":53.2258064516,"2PM":5.5871702018,"2PA":9.3119503363,"2P%":60.0,"3PM":0.5587170202,"3PA":2.2348680807,"3P%":25.0,"FTM":3.1660631143,"FTA":7.449560269,"FT%":42.5,"PTS":16.0165545784,"OFF":2.2348680807,"DEF":2.048629074,"REB":4.2834971547,"AST":1.1174340404,"TO":2.9798241076,"STL":1.1174340404,"BLK":0.0,"STK":1.1174340404,"PF":2.7935851009,"Fls on:":5.2146921883,"+\/-":-7.8220382825,"GP":8.0},"K. Gamber":{"TEAM":"ADMU","MINS":6.9428571429,"FGM":4.3209876543,"FGA":12.962962963,"FG%":33.3333333333,"2PM":0.0,"2PA":3.0864197531,"2P%":0.0,"3PM":4.3209876543,"3PA":9.8765432099,"3P%":43.75,"FTM":0.6172839506,"FTA":0.6172839506,"FT%":100.0,"PTS":13.5802469136,"OFF":0.0,"DEF":3.0864197531,"REB":3.0864197531,"AST":1.8518518519,"TO":1.8518518519,"STL":0.0,"BLK":0.0,"STK":0.0,"PF":3.0864197531,"Fls on:":0.0,"+\/-":-14.1975308642,"GP":7.0},"J. Bahay":{"TEAM":"ADMU","MINS":23.8708333333,"FGM":3.7702914994,"FGA":15.3953569558,"FG%":24.4897959184,"2PM":1.7280502706,"2PA":5.0270553325,"2P%":34.375,"3PM":2.0422412288,"3PA":10.3683016233,"3P%":19.696969697,"FTM":2.8277186245,"FTA":4.398673416,"FT%":64.2857142857,"PTS":12.4105428522,"OFF":1.2567638331,"DEF":3.1419095828,"REB":4.398673416,"AST":6.1267236865,"TO":1.2567638331,"STL":1.099668354,"BLK":0.0,"STK":1.099668354,"PF":2.199336708,"Fls on:":4.0844824577,"+\/-":0.0,"GP":8.0},"A. Bongo":{"TEAM":"ADMU","MINS":19.4729166667,"FGM":2.6960522093,"FGA":10.0139082058,"FG%":26.9230769231,"2PM":0.5777254734,"2PA":2.6960522093,"2P%":21.4285714286,"3PM":2.1183267359,"3PA":7.3178559966,"3P%":28.9473684211,"FTM":2.3109018937,"FTA":2.6960522093,"FT%":85.7142857143,"PTS":9.821333048,"OFF":1.5406012624,"DEF":2.6960522093,"REB":4.2366534717,"AST":2.1183267359,"TO":0.962875789,"STL":1.1554509468,"BLK":0.3851503156,"STK":1.5406012624,"PF":3.0812025249,"Fls on:":2.6960522093,"+\/-":-2.3109018937,"GP":8.0},"A. Balogun":{"TEAM":"ADMU","MINS":10.7895833333,"FGM":2.4329021047,"FGA":7.298706314,"FG%":33.3333333333,"2PM":2.4329021047,"2PA":6.2560339834,"2P%":38.8888888889,"3PM":0.0,"3PA":1.0426723306,"3P%":0.0,"FTM":3.4755744352,"FTA":6.6035914269,"FT%":52.6315789474,"PTS":8.3413786445,"OFF":4.1706893223,"DEF":6.2560339834,"REB":10.4267233057,"AST":0.695114887,"TO":2.4329021047,"STL":1.0426723306,"BLK":1.3902297741,"STK":2.4329021047,"PF":5.9084765399,"Fls on:":6.6035914269,"+\/-":-9.3840509751,"GP":8.0},"J. Lazaro":{"TEAM":"ADMU","MINS":24.7880952381,"FGM":5.0139275766,"FGA":11.2381135338,"FG%":44.6153846154,"2PM":4.1494573048,"2PA":9.3362789357,"2P%":44.4444444444,"3PM":0.8644702718,"3PA":1.901834598,"3P%":45.4545454545,"FTM":1.0373643262,"FTA":2.5934108155,"FT%":40.0,"PTS":11.9296897512,"OFF":2.7663048699,"DEF":5.5326097397,"REB":8.2989146096,"AST":2.2476227068,"TO":2.0747286524,"STL":0.8644702718,"BLK":0.6915762175,"STK":1.5560464893,"PF":2.5934108155,"Fls on:":4.1494573048,"+\/-":-9.6820670445,"GP":7.0}}