{"J. Lazaro":{"TEAM":"ADMU","MINS":225.6333333332,"FGM":32.0,"FGA":81.0,"FG%":39.5061728395,"2PM":26.0,"2PA":68.0,"2P%":38.2352941176,"3PM":6.0,"3PA":13.0,"3P%":46.1538461538,"FTM":7.0,"FTA":21.0,"FT%":33.3333333333,"PTS":77.0,"OFF":23.0,"DEF":38.0,"REB":61.0,"AST":14.0,"TO":13.0,"STL":6.0,"BLK":4.0,"STK":10.0,"PF":24.0,"Fls on:":29.0,"+\/-":-67.0,"GW":2.0,"GP":10.0},"K. Porter":{"TEAM":"ADMU","MINS":256.7833333333,"FGM":27.0,"FGA":86.0,"FG%":31.3953488372,"2PM":19.0,"2PA":52.0,"2P%":36.5384615385,"3PM":8.0,"3PA":34.0,"3P%":23.5294117647,"FTM":13.0,"FTA":29.0,"FT%":44.8275862069,"PTS":75.0,"OFF":26.0,"DEF":55.0,"REB":81.0,"AST":6.0,"TO":9.0,"STL":11.0,"BLK":4.0,"STK":15.0,"PF":22.0,"Fls on:":17.0,"+\/-":-57.0,"GW":3.0,"GP":11.0},"S. Quitevis":{"TEAM":"ADMU","MINS":282.6833333334,"FGM":12.0,"FGA":36.0,"FG%":33.3333333333,"2PM":8.0,"2PA":19.0,"2P%":42.1052631579,"3PM":4.0,"3PA":17.0,"3P%":23.5294117647,"FTM":6.0,"FTA":6.0,"FT%":100.0,"PTS":34.0,"OFF":6.0,"DEF":17.0,"REB":23.0,"AST":24.0,"TO":7.0,"STL":10.0,"BLK":0.0,"STK":10.0,"PF":32.0,"Fls on:":11.0,"+\/-":-68.0,"GW":3.0,"GP":11.0},"S. Tuano":{"TEAM":"ADMU","MINS":214.2833333334,"FGM":44.0,"FGA":90.0,"FG%":48.8888888889,"2PM":41.0,"2PA":74.0,"2P%":55.4054054054,"3PM":3.0,"3PA":16.0,"3P%":18.75,"FTM":21.0,"FTA":45.0,"FT%":46.6666666667,"PTS":112.0,"OFF":14.0,"DEF":13.0,"REB":27.0,"AST":8.0,"TO":23.0,"STL":9.0,"BLK":0.0,"STK":9.0,"PF":18.0,"Fls on:":32.0,"+\/-":-43.0,"GW":3.0,"GP":11.0},"K. Ong":{"TEAM":"ADMU","MINS":39.5833333333,"FGM":2.0,"FGA":4.0,"FG%":50.0,"2PM":2.0,"2PA":4.0,"2P%":50.0,"3PM":0.0,"3PA":0.0,"3P%":0.0,"FTM":1.0,"FTA":2.0,"FT%":50.0,"PTS":5.0,"OFF":2.0,"DEF":8.0,"REB":10.0,"AST":0.0,"TO":1.0,"STL":0.0,"BLK":2.0,"STK":2.0,"PF":7.0,"Fls on:":2.0,"+\/-":-11.0,"GW":1.0,"GP":7.0},"W. Espina":{"TEAM":"ADMU","MINS":86.0666666665,"FGM":7.0,"FGA":29.0,"FG%":24.1379310345,"2PM":3.0,"2PA":11.0,"2P%":27.2727272727,"3PM":4.0,"3PA":18.0,"3P%":22.2222222222,"FTM":4.0,"FTA":7.0,"FT%":57.1428571429,"PTS":22.0,"OFF":3.0,"DEF":4.0,"REB":7.0,"AST":7.0,"TO":5.0,"STL":5.0,"BLK":1.0,"STK":6.0,"PF":12.0,"Fls on:":4.0,"+\/-":1.0,"GW":3.0,"GP":11.0},"C. Koon":{"TEAM":"ADMU","MINS":217.8666666666,"FGM":22.0,"FGA":75.0,"FG%":29.3333333333,"2PM":12.0,"2PA":36.0,"2P%":33.3333333333,"3PM":10.0,"3PA":39.0,"3P%":25.641025641,"FTM":10.0,"FTA":22.0,"FT%":45.4545454545,"PTS":64.0,"OFF":8.0,"DEF":25.0,"REB":33.0,"AST":20.0,"TO":11.0,"STL":7.0,"BLK":0.0,"STK":7.0,"PF":21.0,"Fls on:":27.0,"+\/-":-36.0,"GW":3.0,"GP":9.0},"M. Asoro":{"TEAM":"ADMU","MINS":5.3,"FGM":0.0,"FGA":1.0,"FG%":0.0,"2PM":0.0,"2PA":1.0,"2P%":0.0,"3PM":0.0,"3PA":0.0,"3P%":0.0,"FTM":0.0,"FTA":0.0,"FT%":0.0,"PTS":0.0,"OFF":0.0,"DEF":0.0,"REB":0.0,"AST":1.0,"TO":2.0,"STL":0.0,"BLK":0.0,"STK":0.0,"PF":1.0,"Fls on:":0.0,"+\/-":-1.0,"GW":0.0,"GP":1.0},"K. Gamber":{"TEAM":"ADMU","MINS":58.45,"FGM":7.0,"FGA":24.0,"FG%":29.1666666667,"2PM":0.0,"2PA":6.0,"2P%":0.0,"3PM":7.0,"3PA":18.0,"3P%":38.8888888889,"FTM":1.0,"FTA":1.0,"FT%":100.0,"PTS":22.0,"OFF":0.0,"DEF":7.0,"REB":7.0,"AST":3.0,"TO":5.0,"STL":0.0,"BLK":0.0,"STK":0.0,"PF":5.0,"Fls on:":1.0,"+\/-":-22.0,"GW":2.0,"GP":9.0},"F. Edu":{"TEAM":"ADMU","MINS":23.9333333334,"FGM":2.0,"FGA":4.0,"FG%":50.0,"2PM":2.0,"2PA":3.0,"2P%":66.6666666667,"3PM":0.0,"3PA":1.0,"3P%":0.0,"FTM":1.0,"FTA":4.0,"FT%":25.0,"PTS":5.0,"OFF":3.0,"DEF":2.0,"REB":5.0,"AST":2.0,"TO":1.0,"STL":1.0,"BLK":0.0,"STK":1.0,"PF":5.0,"Fls on:":3.0,"+\/-":13.0,"GW":3.0,"GP":6.0},"I. Espinosa":{"TEAM":"ADMU","MINS":185.1333333333,"FGM":14.0,"FGA":46.0,"FG%":30.4347826087,"2PM":10.0,"2PA":28.0,"2P%":35.7142857143,"3PM":4.0,"3PA":18.0,"3P%":22.2222222222,"FTM":15.0,"FTA":22.0,"FT%":68.1818181818,"PTS":47.0,"OFF":5.0,"DEF":28.0,"REB":33.0,"AST":20.0,"TO":10.0,"STL":10.0,"BLK":3.0,"STK":13.0,"PF":17.0,"Fls on:":35.0,"+\/-":-33.0,"GW":3.0,"GP":11.0},"J. Bahay":{"TEAM":"ADMU","MINS":262.3333333334,"FGM":37.0,"FGA":135.0,"FG%":27.4074074074,"2PM":21.0,"2PA":53.0,"2P%":39.6226415094,"3PM":16.0,"3PA":82.0,"3P%":19.512195122,"FTM":25.0,"FTA":38.0,"FT%":65.7894736842,"PTS":115.0,"OFF":11.0,"DEF":23.0,"REB":34.0,"AST":49.0,"TO":14.0,"STL":8.0,"BLK":0.0,"STK":8.0,"PF":21.0,"Fls on:":38.0,"+\/-":-43.0,"GW":3.0,"GP":11.0},"M. Reyes":{"TEAM":"ADMU","MINS":15.8333333333,"FGM":0.0,"FGA":2.0,"FG%":0.0,"2PM":0.0,"2PA":2.0,"2P%":0.0,"3PM":0.0,"3PA":0.0,"3P%":0.0,"FTM":0.0,"FTA":0.0,"FT%":0.0,"PTS":0.0,"OFF":2.0,"DEF":1.0,"REB":3.0,"AST":0.0,"TO":1.0,"STL":0.0,"BLK":1.0,"STK":1.0,"PF":3.0,"Fls on:":0.0,"+\/-":3.0,"GW":1.0,"GP":3.0},"A. Dela Cruz":{"TEAM":"ADMU","MINS":5.9666666667,"FGM":1.0,"FGA":3.0,"FG%":33.3333333333,"2PM":1.0,"2PA":3.0,"2P%":33.3333333333,"3PM":0.0,"3PA":0.0,"3P%":0.0,"FTM":0.0,"FTA":0.0,"FT%":0.0,"PTS":2.0,"OFF":1.0,"DEF":0.0,"REB":1.0,"AST":0.0,"TO":0.0,"STL":0.0,"BLK":0.0,"STK":0.0,"PF":0.0,"Fls on:":0.0,"+\/-":-1.0,"GW":0.0,"GP":1.0},"A. Bongo":{"TEAM":"ADMU","MINS":217.15,"FGM":21.0,"FGA":72.0,"FG%":29.1666666667,"2PM":5.0,"2PA":20.0,"2P%":25.0,"3PM":16.0,"3PA":52.0,"3P%":30.7692307692,"FTM":15.0,"FTA":18.0,"FT%":83.3333333333,"PTS":73.0,"OFF":12.0,"DEF":25.0,"REB":37.0,"AST":16.0,"TO":6.0,"STL":8.0,"BLK":2.0,"STK":10.0,"PF":22.0,"Fls on:":17.0,"+\/-":-32.0,"GW":3.0,"GP":11.0},"A. Balogun":{"TEAM":"ADMU","MINS":127.0,"FGM":9.0,"FGA":30.0,"FG%":30.0,"2PM":9.0,"2PA":26.0,"2P%":34.6153846154,"3PM":0.0,"3PA":4.0,"3P%":0.0,"FTM":19.0,"FTA":30.0,"FT%":63.3333333333,"PTS":37.0,"OFF":19.0,"DEF":23.0,"REB":42.0,"AST":2.0,"TO":9.0,"STL":3.0,"BLK":4.0,"STK":7.0,"PF":22.0,"Fls on:":26.0,"+\/-":-33.0,"GW":3.0,"GP":11.0}}