{"J. Lazaro":{"TEAM":"ADMU","MINS":244.1666666665,"FGM":33.0,"FGA":91.0,"FG%":36.2637362637,"2PM":27.0,"2PA":75.0,"2P%":36.0,"3PM":6.0,"3PA":16.0,"3P%":37.5,"FTM":9.0,"FTA":25.0,"FT%":36.0,"PTS":81.0,"OFF":27.0,"DEF":40.0,"REB":67.0,"AST":15.0,"TO":14.0,"STL":8.0,"BLK":4.0,"STK":12.0,"PF":24.0,"Fls on:":31.0,"+\/-":-74.0,"GW":2.0,"GP":11.0},"K. Porter":{"TEAM":"ADMU","MINS":276.55,"FGM":30.0,"FGA":94.0,"FG%":31.914893617,"2PM":20.0,"2PA":54.0,"2P%":37.037037037,"3PM":10.0,"3PA":40.0,"3P%":25.0,"FTM":13.0,"FTA":29.0,"FT%":44.8275862069,"PTS":83.0,"OFF":27.0,"DEF":56.0,"REB":83.0,"AST":8.0,"TO":9.0,"STL":11.0,"BLK":5.0,"STK":16.0,"PF":22.0,"Fls on:":18.0,"+\/-":-74.0,"GW":3.0,"GP":12.0},"S. Quitevis":{"TEAM":"ADMU","MINS":306.0166666667,"FGM":12.0,"FGA":39.0,"FG%":30.7692307692,"2PM":8.0,"2PA":20.0,"2P%":40.0,"3PM":4.0,"3PA":19.0,"3P%":21.0526315789,"FTM":9.0,"FTA":11.0,"FT%":81.8181818182,"PTS":37.0,"OFF":6.0,"DEF":18.0,"REB":24.0,"AST":24.0,"TO":8.0,"STL":10.0,"BLK":0.0,"STK":10.0,"PF":36.0,"Fls on:":14.0,"+\/-":-76.0,"GW":3.0,"GP":12.0},"S. Tuano":{"TEAM":"ADMU","MINS":233.0666666667,"FGM":46.0,"FGA":96.0,"FG%":47.9166666667,"2PM":43.0,"2PA":79.0,"2P%":54.4303797468,"3PM":3.0,"3PA":17.0,"3P%":17.6470588235,"FTM":21.0,"FTA":45.0,"FT%":46.6666666667,"PTS":116.0,"OFF":16.0,"DEF":17.0,"REB":33.0,"AST":9.0,"TO":25.0,"STL":9.0,"BLK":0.0,"STK":9.0,"PF":19.0,"Fls on:":32.0,"+\/-":-34.0,"GW":3.0,"GP":12.0},"K. Ong":{"TEAM":"ADMU","MINS":56.85,"FGM":5.0,"FGA":8.0,"FG%":62.5,"2PM":5.0,"2PA":8.0,"2P%":62.5,"3PM":0.0,"3PA":0.0,"3P%":0.0,"FTM":2.0,"FTA":6.0,"FT%":33.3333333333,"PTS":12.0,"OFF":4.0,"DEF":10.0,"REB":14.0,"AST":0.0,"TO":1.0,"STL":0.0,"BLK":4.0,"STK":4.0,"PF":10.0,"Fls on:":5.0,"+\/-":-3.0,"GW":1.0,"GP":8.0},"W. Espina":{"TEAM":"ADMU","MINS":90.9833333332,"FGM":7.0,"FGA":29.0,"FG%":24.1379310345,"2PM":3.0,"2PA":11.0,"2P%":27.2727272727,"3PM":4.0,"3PA":18.0,"3P%":22.2222222222,"FTM":4.0,"FTA":7.0,"FT%":57.1428571429,"PTS":22.0,"OFF":3.0,"DEF":5.0,"REB":8.0,"AST":7.0,"TO":6.0,"STL":5.0,"BLK":1.0,"STK":6.0,"PF":12.0,"Fls on:":4.0,"+\/-":1.0,"GW":3.0,"GP":12.0},"C. Koon":{"TEAM":"ADMU","MINS":244.4499999999,"FGM":23.0,"FGA":82.0,"FG%":28.0487804878,"2PM":12.0,"2PA":40.0,"2P%":30.0,"3PM":11.0,"3PA":42.0,"3P%":26.1904761905,"FTM":12.0,"FTA":24.0,"FT%":50.0,"PTS":69.0,"OFF":9.0,"DEF":28.0,"REB":37.0,"AST":20.0,"TO":12.0,"STL":8.0,"BLK":0.0,"STK":8.0,"PF":22.0,"Fls on:":29.0,"+\/-":-59.0,"GW":3.0,"GP":10.0},"M. Asoro":{"TEAM":"ADMU","MINS":5.3,"FGM":0.0,"FGA":1.0,"FG%":0.0,"2PM":0.0,"2PA":1.0,"2P%":0.0,"3PM":0.0,"3PA":0.0,"3P%":0.0,"FTM":0.0,"FTA":0.0,"FT%":0.0,"PTS":0.0,"OFF":0.0,"DEF":0.0,"REB":0.0,"AST":1.0,"TO":2.0,"STL":0.0,"BLK":0.0,"STK":0.0,"PF":1.0,"Fls on:":0.0,"+\/-":-1.0,"GW":0.0,"GP":1.0},"K. Gamber":{"TEAM":"ADMU","MINS":61.8,"FGM":7.0,"FGA":26.0,"FG%":26.9230769231,"2PM":0.0,"2PA":6.0,"2P%":0.0,"3PM":7.0,"3PA":20.0,"3P%":35.0,"FTM":1.0,"FTA":1.0,"FT%":100.0,"PTS":22.0,"OFF":0.0,"DEF":7.0,"REB":7.0,"AST":3.0,"TO":6.0,"STL":0.0,"BLK":0.0,"STK":0.0,"PF":5.0,"Fls on:":1.0,"+\/-":-20.0,"GW":2.0,"GP":10.0},"F. Edu":{"TEAM":"ADMU","MINS":28.6666666667,"FGM":2.0,"FGA":4.0,"FG%":50.0,"2PM":2.0,"2PA":3.0,"2P%":66.6666666667,"3PM":0.0,"3PA":1.0,"3P%":0.0,"FTM":1.0,"FTA":4.0,"FT%":25.0,"PTS":5.0,"OFF":4.0,"DEF":2.0,"REB":6.0,"AST":2.0,"TO":1.0,"STL":1.0,"BLK":0.0,"STK":1.0,"PF":5.0,"Fls on:":3.0,"+\/-":8.0,"GW":3.0,"GP":7.0},"I. Espinosa":{"TEAM":"ADMU","MINS":205.5333333333,"FGM":20.0,"FGA":55.0,"FG%":36.3636363636,"2PM":14.0,"2PA":33.0,"2P%":42.4242424242,"3PM":6.0,"3PA":22.0,"3P%":27.2727272727,"FTM":15.0,"FTA":22.0,"FT%":68.1818181818,"PTS":61.0,"OFF":5.0,"DEF":30.0,"REB":35.0,"AST":26.0,"TO":11.0,"STL":11.0,"BLK":3.0,"STK":14.0,"PF":18.0,"Fls on:":37.0,"+\/-":-25.0,"GW":3.0,"GP":12.0},"J. Bahay":{"TEAM":"ADMU","MINS":279.7666666667,"FGM":40.0,"FGA":144.0,"FG%":27.7777777778,"2PM":24.0,"2PA":58.0,"2P%":41.3793103448,"3PM":16.0,"3PA":86.0,"3P%":18.6046511628,"FTM":28.0,"FTA":42.0,"FT%":66.6666666667,"PTS":124.0,"OFF":11.0,"DEF":25.0,"REB":36.0,"AST":51.0,"TO":16.0,"STL":8.0,"BLK":0.0,"STK":8.0,"PF":23.0,"Fls on:":40.0,"+\/-":-57.0,"GW":3.0,"GP":12.0},"M. Reyes":{"TEAM":"ADMU","MINS":15.8333333333,"FGM":0.0,"FGA":2.0,"FG%":0.0,"2PM":0.0,"2PA":2.0,"2P%":0.0,"3PM":0.0,"3PA":0.0,"3P%":0.0,"FTM":0.0,"FTA":0.0,"FT%":0.0,"PTS":0.0,"OFF":2.0,"DEF":1.0,"REB":3.0,"AST":0.0,"TO":1.0,"STL":0.0,"BLK":1.0,"STK":1.0,"PF":3.0,"Fls on:":0.0,"+\/-":3.0,"GW":1.0,"GP":3.0},"A. Dela Cruz":{"TEAM":"ADMU","MINS":5.9666666667,"FGM":1.0,"FGA":3.0,"FG%":33.3333333333,"2PM":1.0,"2PA":3.0,"2P%":33.3333333333,"3PM":0.0,"3PA":0.0,"3P%":0.0,"FTM":0.0,"FTA":0.0,"FT%":0.0,"PTS":2.0,"OFF":1.0,"DEF":0.0,"REB":1.0,"AST":0.0,"TO":0.0,"STL":0.0,"BLK":0.0,"STK":0.0,"PF":0.0,"Fls on:":0.0,"+\/-":-1.0,"GW":0.0,"GP":1.0},"A. Bongo":{"TEAM":"ADMU","MINS":236.9666666667,"FGM":21.0,"FGA":76.0,"FG%":27.6315789474,"2PM":5.0,"2PA":21.0,"2P%":23.8095238095,"3PM":16.0,"3PA":55.0,"3P%":29.0909090909,"FTM":15.0,"FTA":18.0,"FT%":83.3333333333,"PTS":73.0,"OFF":12.0,"DEF":31.0,"REB":43.0,"AST":17.0,"TO":7.0,"STL":9.0,"BLK":2.0,"STK":11.0,"PF":23.0,"Fls on:":17.0,"+\/-":-38.0,"GW":3.0,"GP":12.0},"A. Balogun":{"TEAM":"ADMU","MINS":131.95,"FGM":9.0,"FGA":31.0,"FG%":29.0322580645,"2PM":9.0,"2PA":27.0,"2P%":33.3333333333,"3PM":0.0,"3PA":4.0,"3P%":0.0,"FTM":19.0,"FTA":30.0,"FT%":63.3333333333,"PTS":37.0,"OFF":20.0,"DEF":23.0,"REB":43.0,"AST":2.0,"TO":11.0,"STL":4.0,"BLK":4.0,"STK":8.0,"PF":22.0,"Fls on:":26.0,"+\/-":-35.0,"GW":3.0,"GP":12.0}}