{"S. Tuano":{"TEAM":"ADMU","MINS":19.4222222222,"FGM":5.9210526316,"FGA":12.356979405,"FG%":47.9166666667,"2PM":5.5348970252,"2PA":10.1687643021,"2P%":54.4303797468,"3PM":0.3861556064,"3PA":2.188215103,"3P%":17.6470588235,"FTM":2.7030892449,"FTA":5.7923340961,"FT%":46.6666666667,"PTS":14.9313501144,"OFF":2.0594965675,"DEF":2.188215103,"REB":4.2477116705,"AST":1.1584668192,"TO":3.2179633867,"STL":1.1584668192,"BLK":0.0,"STK":1.1584668192,"PF":2.4456521739,"Fls on:":4.118993135,"+\/-":-4.3764302059,"GW":3.0,"GP":12.0},"J. Bahay":{"TEAM":"ADMU","MINS":23.3138888889,"FGM":4.289288693,"FGA":15.4414392946,"FG%":27.7777777778,"2PM":2.5735732158,"2PA":6.2194686048,"2P%":41.3793103448,"3PM":1.7157154772,"3PA":9.2219706899,"3P%":18.6046511628,"FTM":3.0025020851,"FTA":4.5037531276,"FT%":66.6666666667,"PTS":13.2967949482,"OFF":1.1795543906,"DEF":2.6808054331,"REB":3.8603598237,"AST":5.4688430835,"TO":1.7157154772,"STL":0.8578577386,"BLK":0.0,"STK":0.8578577386,"PF":2.4663409985,"Fls on:":4.289288693,"+\/-":-6.1122363875,"GW":3.0,"GP":12.0},"K. Gamber":{"TEAM":"ADMU","MINS":6.18,"FGM":3.3980582524,"FGA":12.6213592233,"FG%":26.9230769231,"2PM":0.0,"2PA":2.9126213592,"2P%":0.0,"3PM":3.3980582524,"3PA":9.7087378641,"3P%":35.0,"FTM":0.4854368932,"FTA":0.4854368932,"FT%":100.0,"PTS":10.6796116505,"OFF":0.0,"DEF":3.3980582524,"REB":3.3980582524,"AST":1.4563106796,"TO":2.9126213592,"STL":0.0,"BLK":0.0,"STK":0.0,"PF":2.427184466,"Fls on:":0.4854368932,"+\/-":-9.7087378641,"GW":2.0,"GP":10.0},"A. Dela Cruz":{"TEAM":"ADMU","MINS":5.9666666667,"FGM":5.0279329609,"FGA":15.0837988826,"FG%":33.3333333333,"2PM":5.0279329609,"2PA":15.0837988826,"2P%":33.3333333333,"3PM":0.0,"3PA":0.0,"3P%":0.0,"FTM":0.0,"FTA":0.0,"FT%":0.0,"PTS":10.0558659217,"OFF":5.0279329609,"DEF":0.0,"REB":5.0279329609,"AST":0.0,"TO":0.0,"STL":0.0,"BLK":0.0,"STK":0.0,"PF":0.0,"Fls on:":0.0,"+\/-":-5.0279329609,"GW":0.0,"GP":1.0},"J. Lazaro":{"TEAM":"ADMU","MINS":22.196969697,"FGM":4.0546075085,"FGA":11.180887372,"FG%":36.2637362637,"2PM":3.3174061433,"2PA":9.2150170649,"2P%":36.0,"3PM":0.7372013652,"3PA":1.9658703072,"3P%":37.5,"FTM":1.1058020478,"FTA":3.071672355,"FT%":36.0,"PTS":9.95221843,"OFF":3.3174061433,"DEF":4.9146757679,"REB":8.2320819113,"AST":1.843003413,"TO":1.7201365188,"STL":0.9829351536,"BLK":0.4914675768,"STK":1.4744027304,"PF":2.9488054608,"Fls on:":3.8088737201,"+\/-":-9.0921501707,"GW":2.0,"GP":11.0},"A. Bongo":{"TEAM":"ADMU","MINS":19.7472222222,"FGM":2.6586017724,"FGA":9.6216064144,"FG%":27.6315789474,"2PM":0.633000422,"2PA":2.6586017724,"2P%":23.8095238095,"3PM":2.0256013504,"3PA":6.963004642,"3P%":29.0909090909,"FTM":1.899001266,"FTA":2.2788015192,"FT%":83.3333333333,"PTS":9.2418061612,"OFF":1.5192010128,"DEF":3.9246026164,"REB":5.4438036292,"AST":2.1522014348,"TO":0.8862005908,"STL":1.1394007596,"BLK":0.2532001688,"STK":1.3926009284,"PF":2.9118019412,"Fls on:":2.1522014348,"+\/-":-4.8108032072,"GW":3.0,"GP":12.0},"K. Porter":{"TEAM":"ADMU","MINS":23.0458333333,"FGM":3.254384379,"FGA":10.1970710541,"FG%":31.914893617,"2PM":2.169589586,"2PA":5.8578918821,"2P%":37.037037037,"3PM":1.084794793,"3PA":4.3391791719,"3P%":25.0,"FTM":1.4102332309,"FTA":3.1459048997,"FT%":44.8275862069,"PTS":9.0037967818,"OFF":2.9289459411,"DEF":6.0748508407,"REB":9.0037967818,"AST":0.8678358344,"TO":0.9763153137,"STL":1.1932742723,"BLK":0.5423973965,"STK":1.7356716688,"PF":2.3865485446,"Fls on:":1.9526306274,"+\/-":-8.0274814681,"GW":3.0,"GP":12.0},"I. Espinosa":{"TEAM":"ADMU","MINS":17.1277777778,"FGM":2.9192345118,"FGA":8.0278949076,"FG%":36.3636363636,"2PM":2.0434641583,"2PA":4.8167369445,"2P%":42.4242424242,"3PM":0.8757703536,"3PA":3.211157963,"3P%":27.2727272727,"FTM":2.1894258839,"FTA":3.211157963,"FT%":68.1818181818,"PTS":8.9036652611,"OFF":0.729808628,"DEF":4.3788517678,"REB":5.1086603957,"AST":3.7950048654,"TO":1.6055789815,"STL":1.6055789815,"BLK":0.4378851768,"STK":2.0434641583,"PF":2.6273110607,"Fls on:":5.4005838469,"+\/-":-3.6490431398,"GW":3.0,"GP":12.0},"C. Koon":{"TEAM":"ADMU","MINS":24.445,"FGM":2.8226631213,"FGA":10.0634076498,"FG%":28.0487804878,"2PM":1.4726938024,"2PA":4.9089793414,"2P%":30.0,"3PM":1.3499693189,"3PA":5.1544283084,"3P%":26.1904761905,"FTM":1.4726938024,"FTA":2.9453876048,"FT%":50.0,"PTS":8.4679893639,"OFF":1.1045203518,"DEF":3.436285539,"REB":4.5408058908,"AST":2.4544896707,"TO":1.4726938024,"STL":0.9817958683,"BLK":0.0,"STK":0.9817958683,"PF":2.6999386378,"Fls on:":3.5590100225,"+\/-":-7.2407445285,"GW":3.0,"GP":10.0},"A. Balogun":{"TEAM":"ADMU","MINS":10.9958333333,"FGM":2.0462296324,"FGA":7.0481242895,"FG%":29.0322580645,"2PM":2.0462296324,"2PA":6.1386888973,"2P%":33.3333333333,"3PM":0.0,"3PA":0.9094353922,"3P%":0.0,"FTM":4.3198181129,"FTA":6.8207654415,"FT%":63.3333333333,"PTS":8.4122773778,"OFF":4.547176961,"DEF":5.2292535051,"REB":9.7764304661,"AST":0.4547176961,"TO":2.5009473285,"STL":0.9094353922,"BLK":0.9094353922,"STK":1.8188707844,"PF":5.0018946571,"Fls on:":5.9113300493,"+\/-":-7.9575596817,"GW":3.0,"GP":12.0},"W. Espina":{"TEAM":"ADMU","MINS":7.5819444444,"FGM":2.3081150394,"FGA":9.5621908775,"FG%":24.1379310345,"2PM":0.9891921597,"2PA":3.627037919,"2P%":27.2727272727,"3PM":1.3189228797,"3PA":5.9351529584,"3P%":22.2222222222,"FTM":1.3189228797,"FTA":2.3081150394,"FT%":57.1428571429,"PTS":7.2540758381,"OFF":0.9891921597,"DEF":1.6486535996,"REB":2.6378457593,"AST":2.3081150394,"TO":1.9783843195,"STL":1.6486535996,"BLK":0.3297307199,"STK":1.9783843195,"PF":3.956768639,"Fls on:":1.3189228797,"+\/-":0.3297307199,"GW":3.0,"GP":12.0},"K. Ong":{"TEAM":"ADMU","MINS":7.10625,"FGM":2.6385224274,"FGA":4.2216358839,"FG%":62.5,"2PM":2.6385224274,"2PA":4.2216358839,"2P%":62.5,"3PM":0.0,"3PA":0.0,"3P%":0.0,"FTM":1.055408971,"FTA":3.1662269129,"FT%":33.3333333333,"PTS":6.3324538259,"OFF":2.110817942,"DEF":5.2770448549,"REB":7.3878627968,"AST":0.0,"TO":0.5277044855,"STL":0.0,"BLK":2.110817942,"STK":2.110817942,"PF":5.2770448549,"Fls on:":2.6385224274,"+\/-":-1.5831134565,"GW":1.0,"GP":8.0},"F. Edu":{"TEAM":"ADMU","MINS":4.0952380952,"FGM":2.0930232558,"FGA":4.1860465116,"FG%":50.0,"2PM":2.0930232558,"2PA":3.1395348837,"2P%":66.6666666667,"3PM":0.0,"3PA":1.0465116279,"3P%":0.0,"FTM":1.0465116279,"FTA":4.1860465116,"FT%":25.0,"PTS":5.2325581395,"OFF":4.1860465116,"DEF":2.0930232558,"REB":6.2790697674,"AST":2.0930232558,"TO":1.0465116279,"STL":1.0465116279,"BLK":0.0,"STK":1.0465116279,"PF":5.2325581395,"Fls on:":3.1395348837,"+\/-":8.3720930232,"GW":3.0,"GP":7.0},"S. Quitevis":{"TEAM":"ADMU","MINS":25.5013888889,"FGM":1.1764065138,"FGA":3.8233211699,"FG%":30.7692307692,"2PM":0.7842710092,"2PA":1.960677523,"2P%":40.0,"3PM":0.3921355046,"3PA":1.8626436469,"3P%":21.0526315789,"FTM":0.8823048854,"FTA":1.0783726377,"FT%":81.8181818182,"PTS":3.6272534176,"OFF":0.5882032569,"DEF":1.7646097707,"REB":2.3528130276,"AST":2.3528130276,"TO":0.7842710092,"STL":0.9803387615,"BLK":0.0,"STK":0.9803387615,"PF":3.5292195414,"Fls on:":1.3724742661,"+\/-":-7.4505745874,"GW":3.0,"GP":12.0},"M. Asoro":{"TEAM":"ADMU","MINS":5.3,"FGM":0.0,"FGA":5.6603773585,"FG%":0.0,"2PM":0.0,"2PA":5.6603773585,"2P%":0.0,"3PM":0.0,"3PA":0.0,"3P%":0.0,"FTM":0.0,"FTA":0.0,"FT%":0.0,"PTS":0.0,"OFF":0.0,"DEF":0.0,"REB":0.0,"AST":5.6603773585,"TO":11.320754717,"STL":0.0,"BLK":0.0,"STK":0.0,"PF":5.6603773585,"Fls on:":0.0,"+\/-":-5.6603773585,"GW":0.0,"GP":1.0},"M. Reyes":{"TEAM":"ADMU","MINS":5.2777777778,"FGM":0.0,"FGA":3.7894736842,"FG%":0.0,"2PM":0.0,"2PA":3.7894736842,"2P%":0.0,"3PM":0.0,"3PA":0.0,"3P%":0.0,"FTM":0.0,"FTA":0.0,"FT%":0.0,"PTS":0.0,"OFF":3.7894736842,"DEF":1.8947368421,"REB":5.6842105263,"AST":0.0,"TO":1.8947368421,"STL":0.0,"BLK":1.8947368421,"STK":1.8947368421,"PF":5.6842105263,"Fls on:":0.0,"+\/-":5.6842105263,"GW":1.0,"GP":3.0}}