{"J. Lazaro":{"TEAM":"ADMU","MINS":266.4833333332,"FGM":38.0,"FGA":98.0,"FG%":38.7755102041,"2PM":32.0,"2PA":82.0,"2P%":39.0243902439,"3PM":6.0,"3PA":16.0,"3P%":37.5,"FTM":10.0,"FTA":27.0,"FT%":37.037037037,"PTS":92.0,"OFF":33.0,"DEF":46.0,"REB":79.0,"AST":18.0,"TO":14.0,"STL":9.0,"BLK":4.0,"STK":13.0,"PF":26.0,"Fls on:":34.0,"+\/-":-72.0,"GW":3.0,"GP":12.0},"K. Porter":{"TEAM":"ADMU","MINS":287.3166666667,"FGM":31.0,"FGA":97.0,"FG%":31.9587628866,"2PM":21.0,"2PA":57.0,"2P%":36.8421052632,"3PM":10.0,"3PA":40.0,"3P%":25.0,"FTM":13.0,"FTA":29.0,"FT%":44.8275862069,"PTS":85.0,"OFF":29.0,"DEF":58.0,"REB":87.0,"AST":8.0,"TO":10.0,"STL":11.0,"BLK":5.0,"STK":16.0,"PF":24.0,"Fls on:":18.0,"+\/-":-80.0,"GW":4.0,"GP":13.0},"S. Quitevis":{"TEAM":"ADMU","MINS":337.9333333334,"FGM":12.0,"FGA":44.0,"FG%":27.2727272727,"2PM":8.0,"2PA":23.0,"2P%":34.7826086957,"3PM":4.0,"3PA":21.0,"3P%":19.0476190476,"FTM":11.0,"FTA":13.0,"FT%":84.6153846154,"PTS":39.0,"OFF":7.0,"DEF":21.0,"REB":28.0,"AST":26.0,"TO":10.0,"STL":10.0,"BLK":0.0,"STK":10.0,"PF":39.0,"Fls on:":15.0,"+\/-":-68.0,"GW":4.0,"GP":13.0},"S. Tuano":{"TEAM":"ADMU","MINS":253.15,"FGM":51.0,"FGA":105.0,"FG%":48.5714285714,"2PM":48.0,"2PA":87.0,"2P%":55.1724137931,"3PM":3.0,"3PA":18.0,"3P%":16.6666666667,"FTM":24.0,"FTA":54.0,"FT%":44.4444444444,"PTS":129.0,"OFF":17.0,"DEF":20.0,"REB":37.0,"AST":12.0,"TO":26.0,"STL":11.0,"BLK":0.0,"STK":11.0,"PF":19.0,"Fls on:":37.0,"+\/-":-41.0,"GW":4.0,"GP":13.0},"K. Ong":{"TEAM":"ADMU","MINS":68.3333333333,"FGM":5.0,"FGA":9.0,"FG%":55.5555555556,"2PM":5.0,"2PA":9.0,"2P%":55.5555555556,"3PM":0.0,"3PA":0.0,"3P%":0.0,"FTM":2.0,"FTA":6.0,"FT%":33.3333333333,"PTS":12.0,"OFF":5.0,"DEF":10.0,"REB":15.0,"AST":1.0,"TO":1.0,"STL":0.0,"BLK":5.0,"STK":5.0,"PF":13.0,"Fls on:":5.0,"+\/-":-2.0,"GW":2.0,"GP":9.0},"W. Espina":{"TEAM":"ADMU","MINS":91.6666666665,"FGM":7.0,"FGA":30.0,"FG%":23.3333333333,"2PM":3.0,"2PA":11.0,"2P%":27.2727272727,"3PM":4.0,"3PA":19.0,"3P%":21.0526315789,"FTM":4.0,"FTA":7.0,"FT%":57.1428571429,"PTS":22.0,"OFF":3.0,"DEF":5.0,"REB":8.0,"AST":7.0,"TO":6.0,"STL":5.0,"BLK":1.0,"STK":6.0,"PF":12.0,"Fls on:":4.0,"+\/-":-1.0,"GW":4.0,"GP":13.0},"C. Koon":{"TEAM":"ADMU","MINS":272.4666666666,"FGM":28.0,"FGA":96.0,"FG%":29.1666666667,"2PM":15.0,"2PA":48.0,"2P%":31.25,"3PM":13.0,"3PA":48.0,"3P%":27.0833333333,"FTM":12.0,"FTA":24.0,"FT%":50.0,"PTS":81.0,"OFF":10.0,"DEF":37.0,"REB":47.0,"AST":22.0,"TO":13.0,"STL":8.0,"BLK":0.0,"STK":8.0,"PF":26.0,"Fls on:":31.0,"+\/-":-56.0,"GW":4.0,"GP":11.0},"M. Asoro":{"TEAM":"ADMU","MINS":5.3,"FGM":0.0,"FGA":1.0,"FG%":0.0,"2PM":0.0,"2PA":1.0,"2P%":0.0,"3PM":0.0,"3PA":0.0,"3P%":0.0,"FTM":0.0,"FTA":0.0,"FT%":0.0,"PTS":0.0,"OFF":0.0,"DEF":0.0,"REB":0.0,"AST":1.0,"TO":2.0,"STL":0.0,"BLK":0.0,"STK":0.0,"PF":1.0,"Fls on:":0.0,"+\/-":-1.0,"GW":0.0,"GP":1.0},"K. Gamber":{"TEAM":"ADMU","MINS":64.5666666667,"FGM":7.0,"FGA":26.0,"FG%":26.9230769231,"2PM":0.0,"2PA":6.0,"2P%":0.0,"3PM":7.0,"3PA":20.0,"3P%":35.0,"FTM":1.0,"FTA":1.0,"FT%":100.0,"PTS":22.0,"OFF":0.0,"DEF":7.0,"REB":7.0,"AST":3.0,"TO":7.0,"STL":1.0,"BLK":0.0,"STK":1.0,"PF":5.0,"Fls on:":1.0,"+\/-":-18.0,"GW":3.0,"GP":11.0},"F. Edu":{"TEAM":"ADMU","MINS":28.6666666667,"FGM":2.0,"FGA":4.0,"FG%":50.0,"2PM":2.0,"2PA":3.0,"2P%":66.6666666667,"3PM":0.0,"3PA":1.0,"3P%":0.0,"FTM":1.0,"FTA":4.0,"FT%":25.0,"PTS":5.0,"OFF":4.0,"DEF":2.0,"REB":6.0,"AST":2.0,"TO":1.0,"STL":1.0,"BLK":0.0,"STK":1.0,"PF":5.0,"Fls on:":3.0,"+\/-":8.0,"GW":3.0,"GP":7.0},"I. Espinosa":{"TEAM":"ADMU","MINS":221.2,"FGM":21.0,"FGA":60.0,"FG%":35.0,"2PM":15.0,"2PA":35.0,"2P%":42.8571428571,"3PM":6.0,"3PA":25.0,"3P%":24.0,"FTM":18.0,"FTA":26.0,"FT%":69.2307692308,"PTS":66.0,"OFF":5.0,"DEF":30.0,"REB":35.0,"AST":28.0,"TO":12.0,"STL":11.0,"BLK":3.0,"STK":14.0,"PF":18.0,"Fls on:":41.0,"+\/-":-28.0,"GW":4.0,"GP":13.0},"J. Bahay":{"TEAM":"ADMU","MINS":307.3166666667,"FGM":43.0,"FGA":154.0,"FG%":27.9220779221,"2PM":25.0,"2PA":62.0,"2P%":40.3225806452,"3PM":18.0,"3PA":92.0,"3P%":19.5652173913,"FTM":31.0,"FTA":45.0,"FT%":68.8888888889,"PTS":135.0,"OFF":11.0,"DEF":27.0,"REB":38.0,"AST":53.0,"TO":19.0,"STL":8.0,"BLK":0.0,"STK":8.0,"PF":25.0,"Fls on:":41.0,"+\/-":-52.0,"GW":4.0,"GP":13.0},"M. Reyes":{"TEAM":"ADMU","MINS":15.8333333333,"FGM":0.0,"FGA":2.0,"FG%":0.0,"2PM":0.0,"2PA":2.0,"2P%":0.0,"3PM":0.0,"3PA":0.0,"3P%":0.0,"FTM":0.0,"FTA":0.0,"FT%":0.0,"PTS":0.0,"OFF":2.0,"DEF":1.0,"REB":3.0,"AST":0.0,"TO":1.0,"STL":0.0,"BLK":1.0,"STK":1.0,"PF":3.0,"Fls on:":0.0,"+\/-":3.0,"GW":1.0,"GP":3.0},"A. Dela Cruz":{"TEAM":"ADMU","MINS":5.9666666667,"FGM":1.0,"FGA":3.0,"FG%":33.3333333333,"2PM":1.0,"2PA":3.0,"2P%":33.3333333333,"3PM":0.0,"3PA":0.0,"3P%":0.0,"FTM":0.0,"FTA":0.0,"FT%":0.0,"PTS":2.0,"OFF":1.0,"DEF":0.0,"REB":1.0,"AST":0.0,"TO":0.0,"STL":0.0,"BLK":0.0,"STK":0.0,"PF":0.0,"Fls on:":0.0,"+\/-":-1.0,"GW":0.0,"GP":1.0},"A. Bongo":{"TEAM":"ADMU","MINS":265.65,"FGM":26.0,"FGA":85.0,"FG%":30.5882352941,"2PM":8.0,"2PA":24.0,"2P%":33.3333333333,"3PM":18.0,"3PA":61.0,"3P%":29.5081967213,"FTM":18.0,"FTA":22.0,"FT%":81.8181818182,"PTS":88.0,"OFF":15.0,"DEF":34.0,"REB":49.0,"AST":19.0,"TO":8.0,"STL":9.0,"BLK":2.0,"STK":11.0,"PF":26.0,"Fls on:":20.0,"+\/-":-21.0,"GW":4.0,"GP":13.0},"A. Balogun":{"TEAM":"ADMU","MINS":131.95,"FGM":9.0,"FGA":31.0,"FG%":29.0322580645,"2PM":9.0,"2PA":27.0,"2P%":33.3333333333,"3PM":0.0,"3PA":4.0,"3P%":0.0,"FTM":19.0,"FTA":30.0,"FT%":63.3333333333,"PTS":37.0,"OFF":20.0,"DEF":23.0,"REB":43.0,"AST":2.0,"TO":11.0,"STL":4.0,"BLK":4.0,"STK":8.0,"PF":22.0,"Fls on:":26.0,"+\/-":-35.0,"GW":3.0,"GP":12.0}}