{"M. Reyes":{"TEAM":"ADMU","MINS":5.0666666666,"FGM":0.0,"FGA":0.0,"FG%":0.0,"2PM":0.0,"2PA":0.0,"2P%":0.0,"3PM":0.0,"3PA":0.0,"3P%":0.0,"FTM":0.0,"FTA":0.0,"FT%":0.0,"PTS":0.0,"OFF":0.0,"DEF":1.0,"REB":1.0,"AST":0.0,"TO":0.0,"STL":0.0,"BLK":0.0,"STK":0.0,"PF":2.0,"Fls on:":0.0,"+\/-":5.0,"GP":2.0},"I. Espinosa":{"TEAM":"ADMU","MINS":133.4333333333,"FGM":8.0,"FGA":33.0,"FG%":24.2424242424,"2PM":7.0,"2PA":21.0,"2P%":33.3333333333,"3PM":1.0,"3PA":12.0,"3P%":8.3333333333,"FTM":11.0,"FTA":16.0,"FT%":68.75,"PTS":28.0,"OFF":4.0,"DEF":19.0,"REB":23.0,"AST":14.0,"TO":5.0,"STL":8.0,"BLK":3.0,"STK":11.0,"PF":14.0,"Fls on:":23.0,"+\/-":-35.0,"GP":8.0},"K. Porter":{"TEAM":"ADMU","MINS":184.1,"FGM":22.0,"FGA":64.0,"FG%":34.375,"2PM":15.0,"2PA":38.0,"2P%":39.4736842105,"3PM":7.0,"3PA":26.0,"3P%":26.9230769231,"FTM":9.0,"FTA":17.0,"FT%":52.9411764706,"PTS":60.0,"OFF":16.0,"DEF":39.0,"REB":55.0,"AST":4.0,"TO":8.0,"STL":8.0,"BLK":4.0,"STK":12.0,"PF":18.0,"Fls on:":11.0,"+\/-":-11.0,"GP":8.0},"W. Espina":{"TEAM":"ADMU","MINS":70.0833333332,"FGM":6.0,"FGA":24.0,"FG%":25.0,"2PM":3.0,"2PA":10.0,"2P%":30.0,"3PM":3.0,"3PA":14.0,"3P%":21.4285714286,"FTM":4.0,"FTA":7.0,"FT%":57.1428571429,"PTS":19.0,"OFF":3.0,"DEF":4.0,"REB":7.0,"AST":7.0,"TO":5.0,"STL":5.0,"BLK":1.0,"STK":6.0,"PF":10.0,"Fls on:":4.0,"+\/-":16.0,"GP":8.0},"C. Koon":{"TEAM":"ADMU","MINS":145.5166666666,"FGM":11.0,"FGA":49.0,"FG%":22.4489795918,"2PM":5.0,"2PA":23.0,"2P%":21.7391304348,"3PM":6.0,"3PA":26.0,"3P%":23.0769230769,"FTM":8.0,"FTA":16.0,"FT%":50.0,"PTS":36.0,"OFF":5.0,"DEF":16.0,"REB":21.0,"AST":15.0,"TO":5.0,"STL":3.0,"BLK":0.0,"STK":3.0,"PF":15.0,"Fls on:":18.0,"+\/-":-4.0,"GP":6.0},"F. Edu":{"TEAM":"ADMU","MINS":20.5666666667,"FGM":2.0,"FGA":3.0,"FG%":66.6666666667,"2PM":2.0,"2PA":2.0,"2P%":100.0,"3PM":0.0,"3PA":1.0,"3P%":0.0,"FTM":1.0,"FTA":4.0,"FT%":25.0,"PTS":5.0,"OFF":2.0,"DEF":2.0,"REB":4.0,"AST":1.0,"TO":1.0,"STL":1.0,"BLK":0.0,"STK":1.0,"PF":4.0,"Fls on:":3.0,"+\/-":10.0,"GP":4.0},"S. Quitevis":{"TEAM":"ADMU","MINS":210.1000000001,"FGM":9.0,"FGA":22.0,"FG%":40.9090909091,"2PM":6.0,"2PA":11.0,"2P%":54.5454545455,"3PM":3.0,"3PA":11.0,"3P%":27.2727272727,"FTM":6.0,"FTA":6.0,"FT%":100.0,"PTS":27.0,"OFF":5.0,"DEF":11.0,"REB":16.0,"AST":18.0,"TO":5.0,"STL":4.0,"BLK":0.0,"STK":4.0,"PF":25.0,"Fls on:":8.0,"+\/-":-43.0,"GP":8.0},"K. Ong":{"TEAM":"ADMU","MINS":39.15,"FGM":2.0,"FGA":4.0,"FG%":50.0,"2PM":2.0,"2PA":4.0,"2P%":50.0,"3PM":0.0,"3PA":0.0,"3P%":0.0,"FTM":1.0,"FTA":2.0,"FT%":50.0,"PTS":5.0,"OFF":2.0,"DEF":8.0,"REB":10.0,"AST":0.0,"TO":1.0,"STL":0.0,"BLK":2.0,"STK":2.0,"PF":7.0,"Fls on:":2.0,"+\/-":-8.0,"GP":6.0},"S. Tuano":{"TEAM":"ADMU","MINS":161.0833333334,"FGM":33.0,"FGA":62.0,"FG%":53.2258064516,"2PM":30.0,"2PA":50.0,"2P%":60.0,"3PM":3.0,"3PA":12.0,"3P%":25.0,"FTM":17.0,"FTA":40.0,"FT%":42.5,"PTS":86.0,"OFF":12.0,"DEF":11.0,"REB":23.0,"AST":6.0,"TO":16.0,"STL":6.0,"BLK":0.0,"STK":6.0,"PF":15.0,"Fls on:":28.0,"+\/-":-42.0,"GP":8.0},"K. Gamber":{"TEAM":"ADMU","MINS":48.6,"FGM":7.0,"FGA":21.0,"FG%":33.3333333333,"2PM":0.0,"2PA":5.0,"2P%":0.0,"3PM":7.0,"3PA":16.0,"3P%":43.75,"FTM":1.0,"FTA":1.0,"FT%":100.0,"PTS":22.0,"OFF":0.0,"DEF":5.0,"REB":5.0,"AST":3.0,"TO":3.0,"STL":0.0,"BLK":0.0,"STK":0.0,"PF":5.0,"Fls on:":0.0,"+\/-":-23.0,"GP":7.0},"J. Bahay":{"TEAM":"ADMU","MINS":190.9666666667,"FGM":24.0,"FGA":98.0,"FG%":24.4897959184,"2PM":11.0,"2PA":32.0,"2P%":34.375,"3PM":13.0,"3PA":66.0,"3P%":19.696969697,"FTM":18.0,"FTA":28.0,"FT%":64.2857142857,"PTS":79.0,"OFF":8.0,"DEF":20.0,"REB":28.0,"AST":39.0,"TO":8.0,"STL":7.0,"BLK":0.0,"STK":7.0,"PF":14.0,"Fls on:":26.0,"+\/-":0.0,"GP":8.0},"A. Bongo":{"TEAM":"ADMU","MINS":155.7833333334,"FGM":14.0,"FGA":52.0,"FG%":26.9230769231,"2PM":3.0,"2PA":14.0,"2P%":21.4285714286,"3PM":11.0,"3PA":38.0,"3P%":28.9473684211,"FTM":12.0,"FTA":14.0,"FT%":85.7142857143,"PTS":51.0,"OFF":8.0,"DEF":14.0,"REB":22.0,"AST":11.0,"TO":5.0,"STL":6.0,"BLK":2.0,"STK":8.0,"PF":16.0,"Fls on:":14.0,"+\/-":-12.0,"GP":8.0},"A. Balogun":{"TEAM":"ADMU","MINS":86.3166666667,"FGM":7.0,"FGA":21.0,"FG%":33.3333333333,"2PM":7.0,"2PA":18.0,"2P%":38.8888888889,"3PM":0.0,"3PA":3.0,"3P%":0.0,"FTM":10.0,"FTA":19.0,"FT%":52.6315789474,"PTS":24.0,"OFF":12.0,"DEF":18.0,"REB":30.0,"AST":2.0,"TO":7.0,"STL":3.0,"BLK":4.0,"STK":7.0,"PF":17.0,"Fls on:":19.0,"+\/-":-27.0,"GP":8.0},"J. Lazaro":{"TEAM":"ADMU","MINS":173.5166666666,"FGM":29.0,"FGA":65.0,"FG%":44.6153846154,"2PM":24.0,"2PA":54.0,"2P%":44.4444444444,"3PM":5.0,"3PA":11.0,"3P%":45.4545454545,"FTM":6.0,"FTA":15.0,"FT%":40.0,"PTS":69.0,"OFF":16.0,"DEF":32.0,"REB":48.0,"AST":13.0,"TO":12.0,"STL":5.0,"BLK":4.0,"STK":9.0,"PF":15.0,"Fls on:":24.0,"+\/-":-56.0,"GP":7.0}}