{"M. Montebon":{"TEAM":"AdU","SP":43.5714285714,"GP":14.0,"MPG":20.8273809524,"EWA":1.204711748,"PER":19.1245576911,"WS":1.1212745459,"OWS":0.6356894738,"DWS":0.4855850721,"EFF":7.5,"GmSc":5.4714285714,"TS%":47.8344704835,"EFG%":43.2773109244,"PPWS":0.9566894097,"FTR":0.3025210084,"REB%":6.5202901556,"OREB%":1.3669816471,"DREB%":11.4559758387,"AR":6.7469374495,"pAST%":33.6481675007,"hAST%":17.514011209,"TOR":5.7830892425,"hTO%":15.0120096077,"AST\/TO":1.1666666667,"STL\/TO":0.5666666667,"PPR":-2.3532414685,"USG%":26.8565136834,"STL%":null,"BLK%":28.3842258502,"aSP":43.185840708,"ORtg":90.1359192175,"DRtg":83.9475975812,"Floor%":38.099252135,"Stop%":0.6488951441,"FFI":45.6763635146,"PIE":7.7292366779,"AV":1.5619699685,"DRE\/100":4.9208715833,"DRE\/75":3.6906536875,"POS":37.0538487825},"C. Manzano":{"TEAM":"AdU","SP":46.7142857143,"GP":14.0,"MPG":22.5071428571,"EWA":1.2917337463,"PER":19.0598756907,"WS":0.9711226515,"OWS":0.3877907343,"DWS":0.5833319171,"EFF":10.7142857143,"GmSc":6.0357142857,"TS%":46.9201154957,"EFG%":40.3846153846,"PPWS":0.9384023099,"FTR":0.4519230769,"REB%":16.089774149,"OREB%":15.1795264458,"DREB%":16.9615823377,"AR":4.4595695501,"pAST%":21.7934337348,"hAST%":13.0425709516,"TOR":7.4920768441,"hTO%":21.9115191987,"AST\/TO":0.5952380952,"STL\/TO":0.2380952381,"PPR":-8.2749310308,"USG%":25.1295559358,"STL%":null,"BLK%":105.0633727388,"aSP":46.3008849558,"ORtg":84.8217078609,"DRtg":82.5817612544,"Floor%":41.5599566705,"Stop%":0.679670663,"FFI":49.0955783858,"PIE":7.8732597216,"AV":2.0410288784,"DRE\/100":1.3670552536,"DRE\/75":1.0252914402,"POS":40.0423015194},"A. Fransman":{"TEAM":"AdU","SP":42.8571428571,"GP":14.0,"MPG":19.7380952381,"EWA":1.0076576243,"PER":18.149524095,"WS":0.839666077,"OWS":0.1143197891,"DWS":0.725346288,"EFF":9.0,"GmSc":4.9642857143,"TS%":42.4684305472,"EFG%":40.4761904762,"PPWS":0.8493686109,"FTR":0.126984127,"REB%":17.1121063352,"OREB%":6.8515008201,"DREB%":26.9394092524,"AR":2.8477121997,"pAST%":14.5178459995,"hAST%":8.0906148867,"TOR":5.288608371,"hTO%":15.0254276468,"AST\/TO":0.5384615385,"STL\/TO":0.4615384615,"PPR":-6.2077743504,"USG%":27.34153021,"STL%":null,"BLK%":59.9013306695,"aSP":42.4778761062,"ORtg":80.2749207454,"DRtg":76.8983675631,"Floor%":33.5385166918,"Stop%":0.8077309483,"FFI":43.1433861665,"PIE":9.3614978397,"AV":1.7908475376,"DRE\/100":10.4769537634,"DRE\/75":7.8577153226,"POS":35.1159081346},"M. Erolon":{"TEAM":"AdU","SP":36.4615384615,"GP":13.0,"MPG":17.5666666667,"EWA":0.7085747367,"PER":17.0566160591,"WS":0.7586423506,"OWS":0.4739573009,"DWS":0.2846850496,"EFF":5.8461538462,"GmSc":3.9846153846,"TS%":47.0871660096,"EFG%":46.6666666667,"PPWS":0.9417433202,"FTR":0.0333333333,"REB%":4.2693552606,"OREB%":0.4363476849,"DREB%":7.9404959623,"AR":8.8607630679,"pAST%":44.6777338388,"hAST%":24.4366005973,"TOR":4.9226461488,"hTO%":13.5758892207,"AST\/TO":1.8,"STL\/TO":0.6,"PPR":1.8028007368,"USG%":23.1574220311,"STL%":null,"BLK%":0.0,"aSP":36.1388699796,"ORtg":91.2633591125,"DRtg":87.0236928433,"Floor%":36.5281440986,"Stop%":0.5795834515,"FFI":43.0232746664,"PIE":5.4248679789,"AV":1.2257189472,"DRE\/100":3.0268577975,"DRE\/75":2.2701433481,"POS":31.2527346462},"M. Ojarikre":{"TEAM":"AdU","SP":33.0,"GP":14.0,"MPG":21.1095238095,"EWA":0.591116788,"PER":14.8403408883,"WS":0.6560521574,"OWS":0.0021362885,"DWS":0.6539158689,"EFF":9.5714285714,"GmSc":4.5285714286,"TS%":44.9039264829,"EFG%":47.2222222222,"PPWS":0.8980785297,"FTR":0.75,"REB%":19.1344740316,"OREB%":16.1845323136,"DREB%":21.9598405082,"AR":0.3803862933,"pAST%":1.5386738175,"hAST%":2.7824151363,"TOR":4.1842492265,"hTO%":30.6065664997,"AST\/TO":0.0909090909,"STL\/TO":0.0909090909,"PPR":-7.1975453657,"USG%":11.2330101085,"STL%":null,"BLK%":280.0485175107,"aSP":32.7079646018,"ORtg":78.0097831852,"DRtg":79.9267657423,"Floor%":39.6766369966,"Stop%":0.7394939835,"FFI":57.329733045,"PIE":6.6250600096,"AV":1.8754664695,"DRE\/100":3.6915382951,"DRE\/75":2.7686537213,"POS":37.5558071799},"M. Anabo":{"TEAM":"AdU","SP":23.7857142857,"GP":14.0,"MPG":14.0607142857,"EWA":0.0687617467,"PER":11.5221138474,"WS":0.4380976047,"OWS":0.1809261692,"DWS":0.2571714355,"EFF":3.3571428571,"GmSc":2.1928571429,"TS%":40.5649038462,"EFG%":36.6071428571,"PPWS":0.8112980769,"FTR":0.4285714286,"REB%":8.4199305586,"OREB%":2.5310456265,"DREB%":14.0601294716,"AR":3.7120111248,"pAST%":15.8725528014,"hAST%":14.6793134598,"TOR":2.5698538556,"hTO%":10.162601626,"AST\/TO":1.4444444444,"STL\/TO":0.6666666667,"PPR":-0.1742865104,"USG%":18.2350204945,"STL%":null,"BLK%":0.0,"aSP":23.5752212389,"ORtg":85.6328665643,"DRtg":86.5842375253,"Floor%":37.6446375125,"Stop%":0.5894854179,"FFI":45.9351742328,"PIE":3.2165146423,"AV":0.8547795014,"DRE\/100":4.2535809891,"DRE\/75":3.1901857418,"POS":25.0153191181},"R. Mantua":{"TEAM":"AdU","SP":25.2142857143,"GP":14.0,"MPG":15.5904761905,"EWA":0.0940074077,"PER":11.6857065801,"WS":0.4309613755,"OWS":0.2156771616,"DWS":0.2152842139,"EFF":3.9285714286,"GmSc":2.35,"TS%":49.6941896024,"EFG%":45.7746478873,"PPWS":0.993883792,"FTR":0.2394366197,"REB%":5.3602968034,"OREB%":2.7392345657,"DREB%":7.8706722911,"AR":3.0902610353,"pAST%":14.896864481,"hAST%":10.764262648,"TOR":5.4079568118,"hTO%":18.837459634,"AST\/TO":0.5714285714,"STL\/TO":0.3333333333,"PPR":-6.1302245731,"USG%":21.6520033799,"STL%":null,"BLK%":25.2790689905,"aSP":24.9911504425,"ORtg":84.8844033386,"DRtg":88.9357834559,"Floor%":37.4603018572,"Stop%":0.5364995332,"FFI":46.0972661609,"PIE":2.4003840614,"AV":0.9617290231,"DRE\/100":-2.2283227896,"DRE\/75":-1.6712420922,"POS":27.7369078969},"J. Calisay":{"TEAM":"AdU","SP":29.1428571429,"GP":14.0,"MPG":18.7404761905,"EWA":-0.4630659962,"PER":7.2724355772,"WS":0.2171133796,"OWS":-0.2219522476,"DWS":0.4390656272,"EFF":4.2857142857,"GmSc":1.6571428571,"TS%":32.4524802967,"EFG%":30.8641975309,"PPWS":0.6490496059,"FTR":0.1481481481,"REB%":11.1482732399,"OREB%":3.0384123892,"DREB%":18.9156568587,"AR":3.6420139056,"pAST%":15.248444066,"hAST%":14.4952251023,"TOR":2.9993055693,"hTO%":11.9372442019,"AST\/TO":1.2142857143,"STL\/TO":0.5,"PPR":-1.0461176341,"USG%":18.1574724231,"STL%":null,"BLK%":21.0300271567,"aSP":28.8849557522,"ORtg":70.7511923875,"DRtg":83.887783213,"Floor%":28.992254579,"Stop%":0.6502429031,"FFI":39.4257573201,"PIE":3.1685069611,"AV":1.026583177,"DRE\/100":3.5055824498,"DRE\/75":2.6291868373,"POS":33.3410510166},"A. Ignacio":{"TEAM":"AdU","SP":8.8,"GP":10.0,"MPG":2.4533333333,"EWA":-0.0814637776,"PER":4.1457258296,"WS":0.0370870117,"OWS":0.0333555841,"DWS":0.0037314276,"EFF":0.4,"GmSc":0.1,"TS%":51.5463917526,"EFG%":33.3333333333,"PPWS":1.0309278351,"FTR":0.6666666667,"REB%":5.9611452902,"OREB%":8.1234184495,"DREB%":3.8901843419,"AR":0.0,"pAST%":0.0,"hAST%":0.0,"TOR":2.2911038563,"hTO%":20.4918032787,"AST\/TO":0.0,"STL\/TO":0.0,"PPR":-4.1953083721,"USG%":9.4495904857,"STL%":null,"BLK%":0.0,"aSP":8.7221238938,"ORtg":98.5848125709,"DRtg":95.0643876449,"Floor%":44.0286572504,"Stop%":0.3984076037,"FFI":49.3852410591,"PIE":-0.1920307249,"AV":0.1346870059,"DRE\/100":-6.7946651581,"DRE\/75":-5.0959988686,"POS":4.3647082922},"F. Dignadice":{"TEAM":"AdU","SP":8.8888888889,"GP":9.0,"MPG":1.912962963,"EWA":0.0051198581,"PER":11.4177297999,"WS":0.0365548621,"OWS":0.0244415107,"DWS":0.0121133513,"EFF":0.4444444444,"GmSc":0.2444444444,"TS%":44.4162436548,"EFG%":50.0,"PPWS":0.8883248731,"FTR":0.2857142857,"REB%":8.4944877706,"OREB%":5.7878373464,"DREB%":11.086837079,"AR":0.0,"pAST%":0.0,"hAST%":0.0,"TOR":0.0,"hTO%":0.0,"AST\/TO":null,"STL\/TO":null,"PPR":0.0,"USG%":21.7433707917,"STL%":null,"BLK%":0.0,"aSP":8.8102261554,"ORtg":89.1101612688,"DRtg":91.0129813673,"Floor%":38.2997013052,"Stop%":0.4896953575,"FFI":50.443281755,"PIE":-0.0480076812,"AV":0.1346870059,"DRE\/100":2.2783594341,"DRE\/75":1.7087695756,"POS":3.4033391197},"J. Yerro":{"TEAM":"AdU","SP":28.1428571429,"GP":14.0,"MPG":22.1273809524,"EWA":-0.9080944955,"PER":4.9279143406,"WS":0.011843845,"OWS":-0.260827391,"DWS":0.272671236,"EFF":3.0714285714,"GmSc":1.1714285714,"TS%":36.2240484429,