{"M. Montebon":{"TEAM":"AdU","MINS":21.2166666667,"FGM":4.4990359209,"FGA":12.3402128115,"FG%":36.4583333333,"2PM":2.5708776691,"2PA":6.2986502892,"2P%":40.8163265306,"3PM":1.9281582518,"3PA":6.0415625223,"3P%":31.914893617,"FTM":3.0850532029,"FTA":4.3704920374,"FT%":70.5882352941,"PTS":14.0112832964,"OFF":0.5141755338,"DEF":3.3421409698,"REB":3.8563165036,"AST":3.3421409698,"TO":3.2135970863,"STL":1.7996143683,"BLK":0.2570877669,"STK":2.0567021353,"PF":2.1852460187,"Fls on:":3.7277726202,"+\/-":-6.1701064058,"GW":4.0,"GP":11.0},"C. Manzano":{"TEAM":"AdU","MINS":22.7696969697,"FGM":4.3119510248,"FGA":10.3007718925,"FG%":41.8604651163,"2PM":4.3119510248,"2PA":10.3007718925,"2P%":41.8604651163,"3PM":0.0,"3PA":0.0,"3P%":0.0,"FTM":3.8328453553,"FTA":5.3899387809,"FT%":71.1111111111,"PTS":12.4567474048,"OFF":4.6712802768,"DEF":5.749268033,"REB":10.4205483098,"AST":2.5153047644,"TO":3.8328453553,"STL":1.0779877562,"BLK":1.1977641735,"STK":2.2757519297,"PF":3.8328453553,"Fls on:":4.9108331115,"+\/-":0.3593292521,"GW":4.0,"GP":11.0},"A. Fransman":{"TEAM":"AdU","MINS":18.9742424242,"FGM":4.3120657989,"FGA":13.0799329234,"FG%":32.967032967,"2PM":2.2997684261,"2PA":6.611834225,"2P%":34.7826086957,"3PM":2.0122973728,"3PA":6.4680986984,"3P%":31.1111111111,"FTM":1.4373552663,"FTA":1.8685618462,"FT%":76.9230769231,"PTS":12.073784237,"OFF":1.8685618462,"DEF":8.4803960712,"REB":10.3489579174,"AST":1.0061486864,"TO":2.2997684261,"STL":1.5810907929,"BLK":0.5749421065,"STK":2.1560328995,"PF":2.0122973728,"Fls on:":2.0122973728,"+\/-":-7.9054539647,"GW":4.0,"GP":11.0},"M. Erolon":{"TEAM":"AdU","MINS":17.155,"FGM":4.721655494,"FGA":12.416205188,"FG%":38.0281690141,"2PM":2.4482658117,"2PA":5.5960361411,"2P%":43.75,"3PM":2.2733896823,"3PA":6.8201690469,"3P%":33.3333333333,"FTM":0.3497522588,"FTA":0.5246283882,"FT%":66.6666666667,"PTS":12.0664529292,"OFF":0.1748761294,"DEF":2.2733896823,"REB":2.4482658117,"AST":4.721655494,"TO":2.4482658117,"STL":1.5738851647,"BLK":0.0,"STK":1.5738851647,"PF":2.4482658117,"Fls on:":2.4482658117,"+\/-":3.4975225882,"GW":4.0,"GP":10.0},"R. Mantua":{"TEAM":"AdU","MINS":15.8878787879,"FGM":2.9181766164,"FGA":8.9261872974,"FG%":32.6923076923,"2PM":1.7165744803,"2PA":5.3213808888,"2P%":32.2580645161,"3PM":1.2016021362,"3PA":3.6048064085,"3P%":33.3333333333,"FTM":1.8882319283,"FTA":2.0598893763,"FT%":91.6666666667,"PTS":8.9261872974,"OFF":0.6866297921,"DEF":2.9181766164,"REB":3.6048064085,"AST":1.8882319283,"TO":2.7465191684,"STL":0.6866297921,"BLK":0.171657448,"STK":0.8582872401,"PF":3.0898340645,"Fls on:":1.8882319283,"+\/-":-5.8363532329,"GW":4.0,"GP":11.0},"A. Ignacio":{"TEAM":"AdU","MINS":2.4071428571,"FGM":1.7804154303,"FGA":5.3412462908,"FG%":33.3333333333,"2PM":1.7804154303,"2PA":5.3412462908,"2P%":33.3333333333,"3PM":0.0,"3PA":0.0,"3P%":0.0,"FTM":3.5608308605,"FTA":3.5608308605,"FT%":100.0,"PTS":7.1216617211,"OFF":3.5608308605,"DEF":0.0,"REB":3.5608308605,"AST":0.0,"TO":1.7804154303,"STL":0.0,"BLK":0.0,"STK":0.0,"PF":8.9020771513,"Fls on:":1.7804154303,"+\/-":-37.3887240356,"GW":3.0,"GP":7.0},"J. Yerro":{"TEAM":"AdU","MINS":22.0060606061,"FGM":2.3547232167,"FGA":8.0556320573,"FG%":29.2307692308,"2PM":1.6111264115,"2PA":4.0897824291,"2P%":39.3939393939,"3PM":0.7435968053,"3PA":3.9658496282,"3P%":18.75,"FTM":1.3632608097,"FTA":1.8589920132,"FT%":73.3333333333,"PTS":6.8163040485,"OFF":0.7435968053,"DEF":2.6025888185,"REB":3.3461856238,"AST":1.8589920132,"TO":2.7265216194,"STL":0.8675296062,"BLK":0.0,"STK":0.8675296062,"PF":3.098320022,"Fls on:":1.7350592123,"+\/-":-3.9658496282,"GW":4.0,"GP":11.0},"M. Anabo":{"TEAM":"AdU","MINS":13.0924242424,"FGM":2.0830922347,"FGA":7.7074412684,"FG%":27.027027027,"2PM":1.0415461173,"2PA":2.2914014582,"2P%":45.4545454545,"3PM":1.0415461173,"3PA":5.4160398102,"3P%":19.2307692308,"FTM":1.4581645643,"FTA":2.9163291286,"FT%":50.0,"PTS":6.665895151,"OFF":0.4166184469,"DEF":4.3744936929,"REB":4.7911121398,"AST":2.0830922347,"TO":0.8332368939,"STL":1.0415461173,"BLK":0.0,"STK":1.0415461173,"PF":1.6664737878,"Fls on:":2.4997106816,"+\/-":-4.1661844694,"GW":4.0,"GP":11.0},"J. Calisay":{"TEAM":"AdU","MINS":19.8409090909,"FGM":2.0618556701,"FGA":9.0721649485,"FG%":22.7272727273,"2PM":0.824742268,"2PA":3.9862542955,"2P%":20.6896551724,"3PM":1.2371134021,"3PA":5.0859106529,"3P%":24.3243243243,"FTM":0.5498281787,"FTA":1.3745704467,"FT%":40.0,"PTS":5.910652921,"OFF":0.9621993127,"DEF":5.6357388316,"REB":6.5979381443,"AST":2.3367697595,"TO":1.7869415808,"STL":0.9621993127,"BLK":0.1374570447,"STK":1.0996563574,"PF":2.1993127148,"Fls on:":1.6494845361,"+\/-":0.0,"GW":4.0,"GP":11.0},"E. Ramos":{"TEAM":"AdU","MINS":9.3333333333,"FGM":2.25,"FGA":8.0357142857,"FG%":28.0,"2PM":1.9285714286,"2PA":6.75,"2P%":28.5714285714,"3PM":0.3214285714,"3PA":1.2857142857,"3P%":25.0,"FTM":0.9642857143,"FTA":2.5714285714,"FT%":37.5,"PTS":5.7857142857,"OFF":2.5714285714,"DEF":2.8928571429,"REB":5.4642857143,"AST":0.9642857143,"TO":1.9285714286,"STL":0.6428571429,"BLK":0.3214285714,"STK":0.9642857143,"PF":4.1785714286,"Fls on:":4.8214285714,"+\/-":-12.8571428571,"GW":4.0,"GP":10.0},"F. Dignadice":{"TEAM":"AdU","MINS":1.8972222222,"FGM":2.635431918,"FGA":10.541727672,"FG%":25.0,"2PM":2.635431918,"2PA":5.270863836,"2P%":50.0,"3PM":0.0,"3PA":5.270863836,"3P%":0.0,"FTM":0.0,"FTA":5.270863836,"FT%":0.0,"PTS":5.270863836,"OFF":2.635431918,"DEF":2.635431918,"REB":5.270863836,"AST":0.0,"TO":0.0,"STL":0.0,"BLK":0.0,"STK":0.0,"PF":10.541727672,"Fls on:":7.906295754,"+\/-":-28.9897510979,"GW":2.0,"GP":6.0},"M. Ojarikre":{"TEAM":"AdU","MINS":21.8272727273,"FGM":1.9991670137,"FGA":4.3731778426,"FG%":45.7142857143,"2PM":1.9991670137,"2PA":4.3731778426,"2P%":45.7142857143,"3PM":0.0,"3PA":0.0,"3P%":0.0,"FTM":1.1245314452,"FTA":3.2486463973,"FT%":34.6153846154,"PTS":5.1228654727,"OFF":4.7480216576,"DEF":7.4968763015,"REB":12.2448979592,"AST":0.1249479384,"TO":2.4989587672,"STL":0.2498958767,"BLK":3.3735943357,"STK":3.6234902124,"PF":2.6239067055,"Fls on:":2.8738025823,"+\/-":-3.6234902124,"GW":4.0,"GP":11.0},"C. Alexander":{"TEAM":"AdU","MINS":8.175,"FGM":0.9174311927,"FGA":3.6697247706,"FG%":25.0,"2PM":0.0,"2PA":0.4587155963,"2P%":0.0,"3PM":0.9174311927,"3PA":3.2110091743,"3P%":28.5714285714,"FTM":0.4587155963,"FTA":0.9174311927,"FT%":50.0,"PTS":3.2110091743,"OFF":1.376146789,"DEF":2.2935779816,"REB":3.6697247706,"AST":2.752293578,"TO":5.504587156,"STL":0.4587155963,"BLK":0.0,"STK":0.4587155963,"PF":4.128440367,"Fls on:":0.4587155963,"+\/-":0.9174311927,"GW":2.0,"GP":8.0},"M. Barasi Jr":{"TEAM":"AdU","MINS":11.37,"FGM":0.5277044855,"FGA":3.4300791557,"FG%":15.3846153846,"2PM":0.5277044855,"2PA":3.4300791557,"2P%":15.3846153846,"3PM":0.0,"3PA":0.0,"3P%":0.0,"FTM":1.8469656992,"FTA":2.3746701847,"FT%":77.7777777778,"PTS":2.9023746702,"OFF":1.055408971,"DEF":4.4854881267,"REB":5.5408970976,"AST":1.055408971,"TO":1.5831134565,"STL":0.2638522427,"BLK":0.2638522427,"STK":0.5277044855,"PF":3.4300791557,"Fls on:":2.9023746702,"+\/-":-0.5277044855,"GW":4.0,"GP":10.0},"A. Ronzone":{"TEAM":"AdU","MINS":4.3777777778,"FGM":0.0,"FGA":3.4263959391,"FG%":0.0,"2PM":0.0,"2PA":3.4263959391,"2P%":0.0,"3PM":0.0,"3PA":0.0,"3P%":0.0,"FTM":0.0,"FTA":2.2842639594,"FT%":0.0,"PTS":0.0,"OFF":0.0,"DEF":4.5685279188,"REB":4.5685279188,"AST":3.4263959391,"TO":1.1421319797,"STL":1.1421319797,"BLK":0.0,"STK":1.1421319797,"PF":3.4263959391,"Fls on:":1.1421319797,"+\/-":-6.8527918782,"GW":2.0,"GP":6.0},"J. Barcelona":{"TEAM":"AdU","MINS":3.4125,"FGM":0.0,"FGA":6.5934065934,"FG%":0.0,"2PM":0.0,"2PA":4.3956043956,"2P%":0.0,"3PM":0.0,"3PA":2.1978021978,"3P%":0.0,"FTM":0.0,"FTA":0.0,"FT%":0.0,"PTS":0.0,"OFF":4.3956043956,"DEF":2.1978021978,"REB":6.5934065934,"AST":2.1978021978,"TO":6.5934065934,"STL":0.0,"BLK":0.0,"STK":0.0,"PF":2.1978021978,"Fls on:":2.1978021978,"+\/-":-26.3736263734,"GW":1.0,"GP":4.0}}