{"M. Montebon":{"TEAM":"AdU","MINS":21.2166666667,"FGM":3.1818181818,"FGA":8.7272727273,"FG%":36.4583333333,"2PM":1.8181818182,"2PA":4.4545454545,"2P%":40.8163265306,"3PM":1.3636363636,"3PA":4.2727272727,"3P%":31.914893617,"FTM":2.1818181818,"FTA":3.0909090909,"FT%":70.5882352941,"PTS":9.9090909091,"OFF":0.3636363636,"DEF":2.3636363636,"REB":2.7272727273,"AST":2.3636363636,"TO":2.2727272727,"STL":1.2727272727,"BLK":0.1818181818,"STK":1.4545454545,"PF":1.5454545455,"Fls on:":2.6363636364,"+\/-":-4.3636363636,"GW":4.0,"GP":11.0},"C. Manzano":{"TEAM":"AdU","MINS":22.7696969697,"FGM":3.2727272727,"FGA":7.8181818182,"FG%":41.8604651163,"2PM":3.2727272727,"2PA":7.8181818182,"2P%":41.8604651163,"3PM":0.0,"3PA":0.0,"3P%":0.0,"FTM":2.9090909091,"FTA":4.0909090909,"FT%":71.1111111111,"PTS":9.4545454545,"OFF":3.5454545455,"DEF":4.3636363636,"REB":7.9090909091,"AST":1.9090909091,"TO":2.9090909091,"STL":0.8181818182,"BLK":0.9090909091,"STK":1.7272727273,"PF":2.9090909091,"Fls on:":3.7272727273,"+\/-":0.2727272727,"GW":4.0,"GP":11.0},"A. Fransman":{"TEAM":"AdU","MINS":18.9742424242,"FGM":2.7272727273,"FGA":8.2727272727,"FG%":32.967032967,"2PM":1.4545454545,"2PA":4.1818181818,"2P%":34.7826086957,"3PM":1.2727272727,"3PA":4.0909090909,"3P%":31.1111111111,"FTM":0.9090909091,"FTA":1.1818181818,"FT%":76.9230769231,"PTS":7.6363636364,"OFF":1.1818181818,"DEF":5.3636363636,"REB":6.5454545455,"AST":0.6363636364,"TO":1.4545454545,"STL":1.0,"BLK":0.3636363636,"STK":1.3636363636,"PF":1.2727272727,"Fls on:":1.2727272727,"+\/-":-5.0,"GW":4.0,"GP":11.0},"M. Erolon":{"TEAM":"AdU","MINS":17.155,"FGM":2.7,"FGA":7.1,"FG%":38.0281690141,"2PM":1.4,"2PA":3.2,"2P%":43.75,"3PM":1.3,"3PA":3.9,"3P%":33.3333333333,"FTM":0.2,"FTA":0.3,"FT%":66.6666666667,"PTS":6.9,"OFF":0.1,"DEF":1.3,"REB":1.4,"AST":2.7,"TO":1.4,"STL":0.9,"BLK":0.0,"STK":0.9,"PF":1.4,"Fls on:":1.4,"+\/-":2.0,"GW":4.0,"GP":10.0},"J. Yerro":{"TEAM":"AdU","MINS":22.0060606061,"FGM":1.7272727273,"FGA":5.9090909091,"FG%":29.2307692308,"2PM":1.1818181818,"2PA":3.0,"2P%":39.3939393939,"3PM":0.5454545455,"3PA":2.9090909091,"3P%":18.75,"FTM":1.0,"FTA":1.3636363636,"FT%":73.3333333333,"PTS":5.0,"OFF":0.5454545455,"DEF":1.9090909091,"REB":2.4545454545,"AST":1.3636363636,"TO":2.0,"STL":0.6363636364,"BLK":0.0,"STK":0.6363636364,"PF":2.2727272727,"Fls on:":1.2727272727,"+\/-":-2.9090909091,"GW":4.0,"GP":11.0},"R. Mantua":{"TEAM":"AdU","MINS":15.8878787879,"FGM":1.5454545455,"FGA":4.7272727273,"FG%":32.6923076923,"2PM":0.9090909091,"2PA":2.8181818182,"2P%":32.2580645161,"3PM":0.6363636364,"3PA":1.9090909091,"3P%":33.3333333333,"FTM":1.0,"FTA":1.0909090909,"FT%":91.6666666667,"PTS":4.7272727273,"OFF":0.3636363636,"DEF":1.5454545455,"REB":1.9090909091,"AST":1.0,"TO":1.4545454545,"STL":0.3636363636,"BLK":0.0909090909,"STK":0.4545454545,"PF":1.6363636364,"Fls on:":1.0,"+\/-":-3.0909090909,"GW":4.0,"GP":11.0},"J. Calisay":{"TEAM":"AdU","MINS":19.8409090909,"FGM":1.3636363636,"FGA":6.0,"FG%":22.7272727273,"2PM":0.5454545455,"2PA":2.6363636364,"2P%":20.6896551724,"3PM":0.8181818182,"3PA":3.3636363636,"3P%":24.3243243243,"FTM":0.3636363636,"FTA":0.9090909091,"FT%":40.0,"PTS":3.9090909091,"OFF":0.6363636364,"DEF":3.7272727273,"REB":4.3636363636,"AST":1.5454545455,"TO":1.1818181818,"STL":0.6363636364,"BLK":0.0909090909,"STK":0.7272727273,"PF":1.4545454545,"Fls on:":1.0909090909,"+\/-":0.0,"GW":4.0,"GP":11.0},"M. Ojarikre":{"TEAM":"AdU","MINS":21.8272727273,"FGM":1.4545454545,"FGA":3.1818181818,"FG%":45.7142857143,"2PM":1.4545454545,"2PA":3.1818181818,"2P%":45.7142857143,"3PM":0.0,"3PA":0.0,"3P%":0.0,"FTM":0.8181818182,"FTA":2.3636363636,"FT%":34.6153846154,"PTS":3.7272727273,"OFF":3.4545454545,"DEF":5.4545454545,"REB":8.9090909091,"AST":0.0909090909,"TO":1.8181818182,"STL":0.1818181818,"BLK":2.4545454545,"STK":2.6363636364,"PF":1.9090909091,"Fls on:":2.0909090909,"+\/-":-2.6363636364,"GW":4.0,"GP":11.0},"M. Anabo":{"TEAM":"AdU","MINS":13.0924242424,"FGM":0.9090909091,"FGA":3.3636363636,"FG%":27.027027027,"2PM":0.4545454545,"2PA":1.0,"2P%":45.4545454545,"3PM":0.4545454545,"3PA":2.3636363636,"3P%":19.2307692308,"FTM":0.6363636364,"FTA":1.2727272727,"FT%":50.0,"PTS":2.9090909091,"OFF":0.1818181818,"DEF":1.9090909091,"REB":2.0909090909,"AST":0.9090909091,"TO":0.3636363636,"STL":0.4545454545,"BLK":0.0,"STK":0.4545454545,"PF":0.7272727273,"Fls on:":1.0909090909,"+\/-":-1.8181818182,"GW":4.0,"GP":11.0},"E. Ramos":{"TEAM":"AdU","MINS":9.3333333333,"FGM":0.7,"FGA":2.5,"FG%":28.0,"2PM":0.6,"2PA":2.1,"2P%":28.5714285714,"3PM":0.1,"3PA":0.4,"3P%":25.0,"FTM":0.3,"FTA":0.8,"FT%":37.5,"PTS":1.8,"OFF":0.8,"DEF":0.9,"REB":1.7,"AST":0.3,"TO":0.6,"STL":0.2,"BLK":0.1,"STK":0.3,"PF":1.3,"Fls on:":1.5,"+\/-":-4.0,"GW":4.0,"GP":10.0},"M. Barasi Jr":{"TEAM":"AdU","MINS":11.37,"FGM":0.2,"FGA":1.3,"FG%":15.3846153846,"2PM":0.2,"2PA":1.3,"2P%":15.3846153846,"3PM":0.0,"3PA":0.0,"3P%":0.0,"FTM":0.7,"FTA":0.9,"FT%":77.7777777778,"PTS":1.1,"OFF":0.4,"DEF":1.7,"REB":2.1,"AST":0.4,"TO":0.6,"STL":0.1,"BLK":0.1,"STK":0.2,"PF":1.3,"Fls on:":1.1,"+\/-":-0.2,"GW":4.0,"GP":10.0},"C. Alexander":{"TEAM":"AdU","MINS":8.175,"FGM":0.25,"FGA":1.0,"FG%":25.0,"2PM":0.0,"2PA":0.125,"2P%":0.0,"3PM":0.25,"3PA":0.875,"3P%":28.5714285714,"FTM":0.125,"FTA":0.25,"FT%":50.0,"PTS":0.875,"OFF":0.375,"DEF":0.625,"REB":1.0,"AST":0.75,"TO":1.5,"STL":0.125,"BLK":0.0,"STK":0.125,"PF":1.125,"Fls on:":0.125,"+\/-":0.25,"GW":2.0,"GP":8.0},"A. Ignacio":{"TEAM":"AdU","MINS":2.4071428571,"FGM":0.1428571429,"FGA":0.4285714286,"FG%":33.3333333333,"2PM":0.1428571429,"2PA":0.4285714286,"2P%":33.3333333333,"3PM":0.0,"3PA":0.0,"3P%":0.0,"FTM":0.2857142857,"FTA":0.2857142857,"FT%":100.0,"PTS":0.5714285714,"OFF":0.2857142857,"DEF":0.0,"REB":0.2857142857,"AST":0.0,"TO":0.1428571429,"STL":0.0,"BLK":0.0,"STK":0.0,"PF":0.7142857143,"Fls on:":0.1428571429,"+\/-":-3.0,"GW":3.0,"GP":7.0},"F. Dignadice":{"TEAM":"AdU","MINS":1.8972222222,"FGM":0.1666666667,"FGA":0.6666666667,"FG%":25.0,"2PM":0.1666666667,"2PA":0.3333333333,"2P%":50.0,"3PM":0.0,"3PA":0.3333333333,"3P%":0.0,"FTM":0.0,"FTA":0.3333333333,"FT%":0.0,"PTS":0.3333333333,"OFF":0.1666666667,"DEF":0.1666666667,"REB":0.3333333333,"AST":0.0,"TO":0.0,"STL":0.0,"BLK":0.0,"STK":0.0,"PF":0.6666666667,"Fls on:":0.5,"+\/-":-1.8333333333,"GW":2.0,"GP":6.0},"A. Ronzone":{"TEAM":"AdU","MINS":4.3777777778,"FGM":0.0,"FGA":0.5,"FG%":0.0,"2PM":0.0,"2PA":0.5,"2P%":0.0,"3PM":0.0,"3PA":0.0,"3P%":0.0,"FTM":0.0,"FTA":0.3333333333,"FT%":0.0,"PTS":0.0,"OFF":0.0,"DEF":0.6666666667,"REB":0.6666666667,"AST":0.5,"TO":0.1666666667,"STL":0.1666666667,"BLK":0.0,"STK":0.1666666667,"PF":0.5,"Fls on:":0.1666666667,"+\/-":-1.0,"GW":2.0,"GP":6.0},"J. Barcelona":{"TEAM":"AdU","MINS":3.4125,"FGM":0.0,"FGA":0.75,"FG%":0.0,"2PM":0.0,"2PA":0.5,"2P%":0.0,"3PM":0.0,"3PA":0.25,"3P%":0.0,"FTM":0.0,"FTA":0.0,"FT%":0.0,"PTS":0.0,"OFF":0.5,"DEF":0.25,"REB":0.75,"AST":0.25,"TO":0.75,"STL":0.0,"BLK":0.0,"STK":0.0,"PF":0.25,"Fls on:":0.25,"+\/-":-3.0,"GW":1.0,"GP":4.0}}