{"J. Calisay":{"TEAM":"AdU","MINS":19.3854166667,"FGM":2.7082213864,"FGA":9.8656636217,"FG%":27.4509803922,"2PM":1.1606663084,"2PA":5.222998388,"2P%":22.2222222222,"3PM":1.5475550779,"3PA":4.6426652337,"3P%":33.3333333333,"FTM":0.773777539,"FTA":1.7409994627,"FT%":44.4444444444,"PTS":7.7377753896,"OFF":1.1606663084,"DEF":5.8033315422,"REB":6.9639978506,"AST":2.5147770016,"TO":1.3541106932,"STL":0.9672219237,"BLK":0.1934443847,"STK":1.1606663084,"PF":2.5147770016,"Fls on:":1.3541106932,"+\/-":0.0,"GP":8.0},"J. Yerro":{"TEAM":"AdU","MINS":22.5395833333,"FGM":2.6619835475,"FGA":8.4850725575,"FG%":31.3725490196,"2PM":1.8301136889,"2PA":4.4920972363,"2P%":40.7407407407,"3PM":0.8318698586,"3PA":3.9929753212,"3P%":20.8333333333,"FTM":1.6637397172,"FTA":2.1628616323,"FT%":76.9230769231,"PTS":7.8195766707,"OFF":0.8318698586,"DEF":2.4956095757,"REB":3.3274794343,"AST":1.6637397172,"TO":2.4956095757,"STL":1.164617802,"BLK":0.0,"STK":1.164617802,"PF":3.1611054626,"Fls on:":1.8301136889,"+\/-":-4.4920972363,"GP":8.0},"J. Barcelona":{"TEAM":"AdU","MINS":3.1111111111,"FGM":0.0,"FGA":9.6428571428,"FG%":0.0,"2PM":0.0,"2PA":6.4285714285,"2P%":0.0,"3PM":0.0,"3PA":3.2142857143,"3P%":0.0,"FTM":0.0,"FTA":0.0,"FT%":0.0,"PTS":0.0,"OFF":3.2142857143,"DEF":0.0,"REB":3.2142857143,"AST":3.2142857143,"TO":9.6428571428,"STL":0.0,"BLK":0.0,"STK":0.0,"PF":3.2142857143,"Fls on:":3.2142857143,"+\/-":-32.1428571426,"GP":3.0},"R. Mantua":{"TEAM":"AdU","MINS":15.29375,"FGM":3.6779730282,"FGA":9.3175316714,"FG%":39.4736842105,"2PM":2.2067838169,"2PA":5.6395586432,"2P%":39.1304347826,"3PM":1.4711892113,"3PA":3.6779730282,"3P%":40.0,"FTM":2.2067838169,"FTA":2.4519820188,"FT%":90.0,"PTS":11.0339190846,"OFF":0.4903964038,"DEF":3.1875766244,"REB":3.6779730282,"AST":2.2067838169,"TO":2.4519820188,"STL":0.4903964038,"BLK":0.2451982019,"STK":0.7355946056,"PF":3.6779730282,"Fls on:":1.7163874132,"+\/-":-7.6011442583,"GP":8.0},"F. Dignadice":{"TEAM":"AdU","MINS":1.4133333333,"FGM":4.2452830188,"FGA":12.7358490565,"FG%":33.3333333333,"2PM":4.2452830188,"2PA":4.2452830188,"2P%":100.0,"3PM":0.0,"3PA":8.4905660377,"3P%":0.0,"FTM":0.0,"FTA":0.0,"FT%":0.0,"PTS":8.4905660377,"OFF":4.2452830188,"DEF":4.2452830188,"REB":8.4905660377,"AST":0.0,"TO":0.0,"STL":0.0,"BLK":0.0,"STK":0.0,"PF":8.4905660377,"Fls on:":4.2452830188,"+\/-":-38.2075471696,"GP":5.0},"M. Barasi Jr":{"TEAM":"AdU","MINS":10.9625,"FGM":0.6841505131,"FGA":4.4469783352,"FG%":15.3846153846,"2PM":0.6841505131,"2PA":4.4469783352,"2P%":15.3846153846,"3PM":0.0,"3PA":0.0,"3P%":0.0,"FTM":2.3945267959,"FTA":3.078677309,"FT%":77.7777777778,"PTS":3.7628278221,"OFF":1.3683010262,"DEF":4.1049030787,"REB":5.4732041049,"AST":1.0262257697,"TO":1.3683010262,"STL":0.3420752566,"BLK":0.3420752566,"STK":0.6841505131,"PF":4.1049030787,"Fls on:":3.4207525656,"+\/-":-2.3945267959,"GP":8.0},"M. Erolon":{"TEAM":"AdU","MINS":16.9,"FGM":4.4378698225,"FGA":12.2041420118,"FG%":36.3636363636,"2PM":2.6627218935,"2PA":6.4349112426,"2P%":41.3793103448,"3PM":1.775147929,"3PA":5.7692307692,"3P%":30.7692307692,"FTM":0.4437869822,"FTA":0.6656804734,"FT%":66.6666666667,"PTS":11.0946745562,"OFF":0.2218934911,"DEF":1.9970414201,"REB":2.2189349112,"AST":4.6597633136,"TO":2.2189349112,"STL":1.775147929,"BLK":0.0,"STK":1.775147929,"PF":2.2189349112,"Fls on:":2.2189349112,"+\/-":1.3313609467,"GP":8.0},"E. Ramos":{"TEAM":"AdU","MINS":9.1291666667,"FGM":2.0538566864,"FGA":8.6261980831,"FG%":23.8095238095,"2PM":1.6430853492,"2PA":6.9831127339,"2P%":23.5294117647,"3PM":0.4107713373,"3PA":1.6430853492,"3P%":25.0,"FTM":1.2323140119,"FTA":2.4646280237,"FT%":50.0,"PTS":5.750798722,"OFF":2.0538566864,"DEF":3.6969420356,"REB":5.750798722,"AST":0.8215426746,"TO":1.6430853492,"STL":0.4107713373,"BLK":0.4107713373,"STK":0.8215426746,"PF":5.3400273848,"Fls on:":5.750798722,"+\/-":-13.1446827933,"GP":8.0},"A. Fransman":{"TEAM":"AdU","MINS":17.7979166667,"FGM":3.7925787194,"FGA":12.2205314292,"FG%":31.0344827586,"2PM":2.3176869952,"2PA":7.1637598033,"2P%":32.3529411765,"3PM":1.4748917242,"3PA":5.0567716259,"3P%":29.1666666667,"FTM":1.2641929065,"FTA":1.2641929065,"FT%":100.0,"PTS":10.3242420695,"OFF":2.5283858129,"DEF":8.4279527098,"REB":10.9563385228,"AST":1.2641929065,"TO":1.8962893597,"STL":1.8962893597,"BLK":0.842795271,"STK":2.7390846307,"PF":2.3176869952,"Fls on:":1.8962893597,"+\/-":-4.2139763549,"GP":8.0},"A. Ignacio":{"TEAM":"AdU","MINS":1.6366666667,"FGM":0.0,"FGA":0.0,"FG%":0.0,"2PM":0.0,"2PA":0.0,"2P%":0.0,"3PM":0.0,"3PA":0.0,"3P%":0.0,"FTM":0.0,"FTA":0.0,"FT%":0.0,"PTS":0.0,"OFF":3.6659877801,"DEF":0.0,"REB":3.6659877801,"AST":0.0,"TO":0.0,"STL":0.0,"BLK":0.0,"STK":0.0,"PF":3.6659877801,"Fls on:":0.0,"+\/-":-54.9898167008,"GP":5.0},"C. Manzano":{"TEAM":"AdU","MINS":22.7875,"FGM":3.78496983,"FGA":9.873834339,"FG%":38.3333333333,"2PM":3.78496983,"2PA":9.873834339,"2P%":38.3333333333,"3PM":0.0,"3PA":0.0,"3P%":0.0,"FTM":3.291278113,"FTA":4.4432254526,"FT%":74.0740740741,"PTS":10.8612177729,"OFF":5.1014810752,"DEF":5.7597366978,"REB":10.8612177729,"AST":2.4684585848,"TO":3.9495337356,"STL":0.6582556226,"BLK":1.4810751509,"STK":2.1393307735,"PF":3.9495337356,"Fls on:":4.2786615469,"+\/-":2.9621503017,"GP":8.0},"A. Ronzone":{"TEAM":"AdU","MINS":4.3791666667,"FGM":0.0,"FGA":1.7126546146,"FG%":0.0,"2PM":0.0,"2PA":1.7126546146,"2P%":0.0,"3PM":0.0,"3PA":0.0,"3P%":0.0,"FTM":0.0,"FTA":0.0,"FT%":0.0,"PTS":0.0,"OFF":0.0,"DEF":1.7126546146,"REB":1.7126546146,"AST":3.4253092293,"TO":1.7126546146,"STL":0.0,"BLK":0.0,"STK":0.0,"PF":3.4253092293,"Fls on:":0.0,"+\/-":1.7126546146,"GP":4.0},"M. Anabo":{"TEAM":"AdU","MINS":13.7375,"FGM":2.1838034577,"FGA":7.6433121019,"FG%":28.5714285714,"2PM":0.8189262966,"2PA":1.9108280255,"2P%":42.8571428571,"3PM":1.3648771611,"3PA":5.7324840764,"3P%":23.8095238095,"FTM":1.6378525933,"FTA":3.2757051865,"FT%":50.0,"PTS":7.3703366697,"OFF":0.2729754322,"DEF":4.9135577798,"REB":5.186533212,"AST":2.1838034577,"TO":1.0919017288,"STL":0.5459508644,"BLK":0.0,"STK":0.5459508644,"PF":1.6378525933,"Fls on:":3.0027297543,"+\/-":-1.0919017288,"GP":8.0},"C. Alexander":{"TEAM":"AdU","MINS":7.3027777778,"FGM":1.3693419551,"FGA":4.1080258653,"FG%":33.3333333333,"2PM":0.0,"2PA":0.0,"2P%":0.0,"3PM":1.3693419551,"3PA":4.1080258653,"3P%":33.3333333333,"FTM":0.6846709776,"FTA":1.3693419551,"FT%":50.0,"PTS":4.7926968429,"OFF":0.6846709776,"DEF":2.0540129327,"REB":2.7386839102,"AST":2.7386839102,"TO":4.7926968429,"STL":0.6846709776,"BLK":0.0,"STK":0.6846709776,"PF":3.4233548878,"Fls on:":0.6846709776,"+\/-":6.8467097756,"GP":6.0},"M. Montebon":{"TEAM":"AdU","MINS":21.3916666667,"FGM":4.7331515388,"FGA":12.7970393455,"FG%":36.9863013699,"2PM":2.6295286326,"2PA":6.8367744449,"2P%":38.4615384615,"3PM":2.1036229061,"3PA":5.9602649007,"3P%":35.2941176471,"FTM":4.2072458122,"FTA":5.609661083,"FT%":75.0,"PTS":15.7771717959,"OFF":0.5259057265,"DEF":3.5060381769,"REB":4.0319439034,"AST":4.0319439034,"TO":2.9801324503,"STL":1.5777171796,"BLK":0.3506038177,"STK":1.9283209973,"PF":2.6295286326,"Fls on:":4.2072458122,"+\/-":-1.2271133619,"GP":8.0},"M. Ojarikre":{"TEAM":"AdU","MINS":22.3541666667,"FGM":2.348555452,"FGA":4.5293569431,"FG%":51.8518518519,"2PM":2.348555452,"2PA":4.5293569431,"2P%":51.8518518519,"3PM":0.0,"3PA":0.0,"3P%":0.0,"FTM":1.0065237651,"FTA":3.0195712954,"FT%":33.3333333333,"PTS":5.7036346691,"OFF":4.3616029823,"DEF":8.219944082,"REB":12.5815470643,"AST":0.0,"TO":2.0130475303,"STL":0.1677539609,"BLK":3.522833178,"STK":3.6905871389,"PF":2.348555452,"Fls on:":2.6840633737,"+\/-":-3.0195712954,"GP":8.0}}