{"R. Mantua":{"TEAM":"AdU","MINS":200.6833333333,"FGM":21.0,"FGA":63.0,"FG%":33.3333333333,"2PM":12.0,"2PA":35.0,"2P%":34.2857142857,"3PM":9.0,"3PA":28.0,"3P%":32.1428571429,"FTM":13.0,"FTA":16.0,"FT%":81.25,"PTS":64.0,"OFF":5.0,"DEF":18.0,"REB":23.0,"AST":11.0,"TO":18.0,"STL":5.0,"BLK":2.0,"STK":7.0,"PF":21.0,"Fls on:":15.0,"+\/-":-33.0,"GW":5.0,"GP":13.0},"J. Barcelona":{"TEAM":"AdU","MINS":18.6666666668,"FGM":1.0,"FGA":4.0,"FG%":25.0,"2PM":1.0,"2PA":3.0,"2P%":33.3333333333,"3PM":0.0,"3PA":1.0,"3P%":0.0,"FTM":2.0,"FTA":4.0,"FT%":50.0,"PTS":4.0,"OFF":3.0,"DEF":1.0,"REB":4.0,"AST":1.0,"TO":3.0,"STL":1.0,"BLK":0.0,"STK":1.0,"PF":1.0,"Fls on:":3.0,"+\/-":-14.0,"GW":2.0,"GP":6.0},"J. Calisay":{"TEAM":"AdU","MINS":251.9666666666,"FGM":17.0,"FGA":77.0,"FG%":22.0779220779,"2PM":7.0,"2PA":32.0,"2P%":21.875,"3PM":10.0,"3PA":45.0,"3P%":22.2222222222,"FTM":6.0,"FTA":12.0,"FT%":50.0,"PTS":50.0,"OFF":8.0,"DEF":47.0,"REB":55.0,"AST":17.0,"TO":14.0,"STL":7.0,"BLK":1.0,"STK":8.0,"PF":20.0,"Fls on:":13.0,"+\/-":-20.0,"GW":5.0,"GP":13.0},"M. Ojarikre":{"TEAM":"AdU","MINS":278.0000000001,"FGM":16.0,"FGA":35.0,"FG%":45.7142857143,"2PM":16.0,"2PA":35.0,"2P%":45.7142857143,"3PM":0.0,"3PA":0.0,"3P%":0.0,"FTM":9.0,"FTA":26.0,"FT%":34.6153846154,"PTS":41.0,"OFF":43.0,"DEF":66.0,"REB":109.0,"AST":1.0,"TO":21.0,"STL":2.0,"BLK":29.0,"STK":31.0,"PF":23.0,"Fls on:":25.0,"+\/-":-35.0,"GW":5.0,"GP":13.0},"M. Erolon":{"TEAM":"AdU","MINS":209.0666666666,"FGM":29.0,"FGA":81.0,"FG%":35.8024691358,"2PM":14.0,"2PA":34.0,"2P%":41.1764705882,"3PM":15.0,"3PA":47.0,"3P%":31.914893617,"FTM":2.0,"FTA":3.0,"FT%":66.6666666667,"PTS":75.0,"OFF":1.0,"DEF":16.0,"REB":17.0,"AST":32.0,"TO":17.0,"STL":11.0,"BLK":0.0,"STK":11.0,"PF":16.0,"Fls on:":16.0,"+\/-":24.0,"GW":5.0,"GP":12.0},"M. Montebon":{"TEAM":"AdU","MINS":269.8666666666,"FGM":41.0,"FGA":116.0,"FG%":35.3448275862,"2PM":20.0,"2PA":54.0,"2P%":37.037037037,"3PM":21.0,"3PA":62.0,"3P%":33.8709677419,"FTM":26.0,"FTA":36.0,"FT%":72.2222222222,"PTS":129.0,"OFF":4.0,"DEF":32.0,"REB":36.0,"AST":28.0,"TO":28.0,"STL":15.0,"BLK":2.0,"STK":17.0,"PF":19.0,"Fls on:":33.0,"+\/-":-55.0,"GW":5.0,"GP":13.0},"J. Yerro":{"TEAM":"AdU","MINS":288.15,"FGM":22.0,"FGA":78.0,"FG%":28.2051282051,"2PM":15.0,"2PA":35.0,"2P%":42.8571428571,"3PM":7.0,"3PA":43.0,"3P%":16.2790697674,"FTM":11.0,"FTA":15.0,"FT%":73.3333333333,"PTS":62.0,"OFF":8.0,"DEF":25.0,"REB":33.0,"AST":20.0,"TO":24.0,"STL":7.0,"BLK":0.0,"STK":7.0,"PF":29.0,"Fls on:":15.0,"+\/-":-26.0,"GW":5.0,"GP":13.0},"E. Ramos":{"TEAM":"AdU","MINS":113.0166666667,"FGM":8.0,"FGA":27.0,"FG%":29.6296296296,"2PM":7.0,"2PA":23.0,"2P%":30.4347826087,"3PM":1.0,"3PA":4.0,"3P%":25.0,"FTM":3.0,"FTA":8.0,"FT%":37.5,"PTS":20.0,"OFF":8.0,"DEF":10.0,"REB":18.0,"AST":4.0,"TO":7.0,"STL":2.0,"BLK":1.0,"STK":3.0,"PF":16.0,"Fls on:":18.0,"+\/-":-55.0,"GW":5.0,"GP":12.0},"F. Dignadice":{"TEAM":"AdU","MINS":16.4500000001,"FGM":3.0,"FGA":7.0,"FG%":42.8571428571,"2PM":2.0,"2PA":3.0,"2P%":66.6666666667,"3PM":1.0,"3PA":4.0,"3P%":25.0,"FTM":0.0,"FTA":2.0,"FT%":0.0,"PTS":7.0,"OFF":1.0,"DEF":2.0,"REB":3.0,"AST":0.0,"TO":0.0,"STL":0.0,"BLK":0.0,"STK":0.0,"PF":4.0,"Fls on:":3.0,"+\/-":-14.0,"GW":3.0,"GP":8.0},"A. Fransman":{"TEAM":"AdU","MINS":250.2833333332,"FGM":38.0,"FGA":115.0,"FG%":33.0434782609,"2PM":20.0,"2PA":55.0,"2P%":36.3636363636,"3PM":18.0,"3PA":60.0,"3P%":30.0,"FTM":11.0,"FTA":16.0,"FT%":68.75,"PTS":105.0,"OFF":19.0,"DEF":71.0,"REB":90.0,"AST":12.0,"TO":23.0,"STL":12.0,"BLK":6.0,"STK":18.0,"PF":16.0,"Fls on:":15.0,"+\/-":-54.0,"GW":5.0,"GP":13.0},"A. Ignacio":{"TEAM":"AdU","MINS":21.9166666667,"FGM":1.0,"FGA":3.0,"FG%":33.3333333333,"2PM":1.0,"2PA":3.0,"2P%":33.3333333333,"3PM":0.0,"3PA":0.0,"3P%":0.0,"FTM":2.0,"FTA":2.0,"FT%":100.0,"PTS":4.0,"OFF":2.0,"DEF":1.0,"REB":3.0,"AST":0.0,"TO":1.0,"STL":0.0,"BLK":0.0,"STK":0.0,"PF":5.0,"Fls on:":1.0,"+\/-":-24.0,"GW":4.0,"GP":9.0},"M. Barasi Jr":{"TEAM":"AdU","MINS":128.8999999999,"FGM":2.0,"FGA":17.0,"FG%":11.7647058824,"2PM":2.0,"2PA":17.0,"2P%":11.7647058824,"3PM":0.0,"3PA":0.0,"3P%":0.0,"FTM":7.0,"FTA":9.0,"FT%":77.7777777778,"PTS":11.0,"OFF":5.0,"DEF":18.0,"REB":23.0,"AST":5.0,"TO":7.0,"STL":1.0,"BLK":1.0,"STK":2.0,"PF":15.0,"Fls on:":12.0,"+\/-":-17.0,"GW":5.0,"GP":12.0},"C. Manzano":{"TEAM":"AdU","MINS":292.85,"FGM":39.0,"FGA":99.0,"FG%":39.3939393939,"2PM":39.0,"2PA":99.0,"2P%":39.3939393939,"3PM":0.0,"3PA":0.0,"3P%":0.0,"FTM":33.0,"FTA":47.0,"FT%":70.2127659574,"PTS":111.0,"OFF":46.0,"DEF":53.0,"REB":99.0,"AST":25.0,"TO":40.0,"STL":10.0,"BLK":12.0,"STK":22.0,"PF":36.0,"Fls on:":43.0,"+\/-":12.0,"GW":5.0,"GP":13.0},"A. Ronzone":{"TEAM":"AdU","MINS":37.0166666667,"FGM":1.0,"FGA":6.0,"FG%":16.6666666667,"2PM":1.0,"2PA":6.0,"2P%":16.6666666667,"3PM":0.0,"3PA":0.0,"3P%":0.0,"FTM":0.0,"FTA":2.0,"FT%":0.0,"PTS":2.0,"OFF":0.0,"DEF":6.0,"REB":6.0,"AST":5.0,"TO":1.0,"STL":1.0,"BLK":0.0,"STK":1.0,"PF":4.0,"Fls on:":2.0,"+\/-":-14.0,"GW":3.0,"GP":8.0},"M. Anabo":{"TEAM":"AdU","MINS":173.6166666667,"FGM":13.0,"FGA":49.0,"FG%":26.5306122449,"2PM":7.0,"2PA":16.0,"2P%":43.75,"3PM":6.0,"3PA":33.0,"3P%":18.1818181818,"FTM":9.0,"FTA":17.0,"FT%":52.9411764706,"PTS":41.0,"OFF":5.0,"DEF":27.0,"REB":32.0,"AST":11.0,"TO":6.0,"STL":5.0,"BLK":0.0,"STK":5.0,"PF":10.0,"Fls on:":14.0,"+\/-":-26.0,"GW":5.0,"GP":13.0},"C. Alexander":{"TEAM":"AdU","MINS":73.1833333334,"FGM":2.0,"FGA":9.0,"FG%":22.2222222222,"2PM":0.0,"2PA":1.0,"2P%":0.0,"3PM":2.0,"3PA":8.0,"3P%":25.0,"FTM":1.0,"FTA":2.0,"FT%":50.0,"PTS":7.0,"OFF":3.0,"DEF":6.0,"REB":9.0,"AST":6.0,"TO":14.0,"STL":1.0,"BLK":0.0,"STK":1.0,"PF":9.0,"Fls on:":1.0,"+\/-":-4.0,"GW":3.0,"GP":10.0}}