{"M. Montebon":{"TEAM":"AdU","MINS":20.8273809524,"FGM":4.2183480995,"FGA":12.2434981423,"FG%":34.4537815126,"2PM":2.0577307802,"2PA":5.7616461846,"2P%":35.7142857143,"3PM":2.1606173192,"3PA":6.4818519577,"3P%":33.3333333333,"FTM":2.6750500143,"FTA":3.7039154044,"FT%":72.2222222222,"PTS":13.2723635324,"OFF":0.411546156,"DEF":3.6010288654,"REB":4.0125750214,"AST":3.6010288654,"TO":3.0865961703,"STL":1.7490711632,"BLK":0.308659617,"STK":2.0577307802,"PF":2.1606173192,"Fls on:":3.4981423264,"+\/-":-6.0703058017,"GW":6.0,"GP":14.0},"A. Fransman":{"TEAM":"AdU","MINS":19.7380952381,"FGM":4.451145959,"FGA":13.6791314837,"FG%":32.5396825397,"2PM":2.2798552473,"2PA":6.5138721351,"2P%":35.0,"3PM":2.1712907117,"3PA":7.1652593486,"3P%":30.303030303,"FTM":1.1942098914,"FTA":1.7370325694,"FT%":68.75,"PTS":12.2677925211,"OFF":2.0627261761,"DEF":8.4680337756,"REB":10.5307599518,"AST":1.5199034982,"TO":2.8226779252,"STL":1.302774427,"BLK":0.6513872135,"STK":1.9541616405,"PF":1.7370325694,"Fls on:":1.6284680338,"+\/-":-5.1025331725,"GW":6.0,"GP":14.0},"F. Dignadice":{"TEAM":"AdU","MINS":1.912962963,"FGM":5.2274927396,"FGA":12.197483059,"FG%":42.8571428571,"2PM":3.4849951597,"2PA":5.2274927396,"2P%":66.6666666667,"3PM":1.7424975799,"3PA":6.9699903194,"3P%":25.0,"FTM":0.0,"FTA":3.4849951597,"FT%":0.0,"PTS":12.197483059,"OFF":1.7424975799,"DEF":3.4849951597,"REB":5.2274927396,"AST":0.0,"TO":0.0,"STL":0.0,"BLK":0.0,"STK":0.0,"PF":6.9699903194,"Fls on:":5.2274927396,"+\/-":-24.3949661179,"GW":4.0,"GP":9.0},"M. Erolon":{"TEAM":"AdU","MINS":17.5666666667,"FGM":4.3351335571,"FGA":11.8230915195,"FG%":36.6666666667,"2PM":1.9705152532,"2PA":4.7292366078,"2P%":41.6666666667,"3PM":2.3646183039,"3PA":7.0938549117,"3P%":33.3333333333,"FTM":0.2627353671,"FTA":0.3941030506,"FT%":66.6666666667,"PTS":11.2976207853,"OFF":0.1313676835,"DEF":2.4959859874,"REB":2.627353671,"AST":4.7292366078,"TO":2.627353671,"STL":1.5764122026,"BLK":0.0,"STK":1.5764122026,"PF":2.4959859874,"Fls on:":2.3646183039,"+\/-":5.6488103926,"GW":6.0,"GP":13.0},"C. Manzano":{"TEAM":"AdU","MINS":22.5071428571,"FGM":3.9987305617,"FGA":9.9016185338,"FG%":40.3846153846,"2PM":3.9987305617,"2PA":9.9016185338,"2P%":40.3846153846,"3PM":0.0,"3PA":0.0,"3P%":0.0,"FTM":3.1418597271,"FTA":4.4747699143,"FT%":70.2127659574,"PTS":11.1393208505,"OFF":4.5699777848,"DEF":5.331640749,"REB":9.9016185338,"AST":2.3801967629,"TO":3.9987305617,"STL":0.9520787052,"BLK":1.1424944462,"STK":2.0945731514,"PF":3.6178990797,"Fls on:":4.3795620438,"+\/-":2.6658203745,"GW":6.0,"GP":14.0},"R. Mantua":{"TEAM":"AdU","MINS":15.5904761905,"FGM":3.8485033598,"FGA":9.7587049481,"FG%":39.4366197183,"2PM":2.6114844227,"2PA":5.7727550397,"2P%":45.2380952381,"3PM":1.2370189371,"3PA":3.9859499084,"3P%":31.0344827586,"FTM":1.7868051313,"FTA":2.3365913256,"FT%":76.4705882353,"PTS":10.720830788,"OFF":0.8246792914,"DEF":2.4740378742,"REB":3.2987171655,"AST":1.6493585828,"TO":2.8863775199,"STL":0.96212584,"BLK":0.2748930971,"STK":1.2370189371,"PF":3.5736102627,"Fls on:":2.6114844227,"+\/-":-2.199144777,"GW":6.0,"GP":14.0},"M. Anabo":{"TEAM":"AdU","MINS":14.0607142857,"FGM":2.4384048768,"FGA":8.5344170688,"FG%":28.5714285714,"2PM":1.0668021336,"2PA":2.5908051816,"2P%":41.1764705882,"3PM":1.3716027432,"3PA":5.9436118872,"3P%":23.0769230769,"FTM":1.9812039624,"FTA":3.6576073152,"FT%":54.1666666667,"PTS":8.2296164592,"OFF":0.762001524,"DEF":4.4196088392,"REB":5.1816103632,"AST":1.9812039624,"TO":1.3716027432,"STL":0.9144018288,"BLK":0.0,"STK":0.9144018288,"PF":1.6764033528,"Fls on:":2.7432054864,"+\/-":-2.8956057912,"GW":6.0,"GP":14.0},"J. Yerro":{"TEAM":"AdU","MINS":22.1273809524,"FGM":2.3242050896,"FGA":8.2315596923,"FG%":28.2352941176,"2PM":1.5494700597,"2PA":3.7768332706,"2P%":41.0256410256,"3PM":0.7747350299,"3PA":4.4547264217,"3P%":17.3913043478,"FTM":1.0652606661,"FTA":1.6463119385,"FT%":64.7058823529,"PTS":6.4884058751,"OFF":0.7747350299,"DEF":2.8084144832,"REB":3.5831495131,"AST":2.1305213321,"TO":2.3242050896,"STL":0.7747350299,"BLK":0.0,"STK":0.7747350299,"PF":2.905256362,"Fls on:":1.452628181,"+\/-":-1.8399956959,"GW":6.0,"GP":14.0},"J. Calisay":{"TEAM":"AdU","MINS":18.7404761905,"FGM":2.1725320798,"FGA":9.2618472875,"FG%":23.4567901235,"2PM":0.8004065557,"2PA":3.6590013975,"2P%":21.875,"3PM":1.3721255241,"3PA":5.60284589,"3P%":24.4897959184,"FTM":0.686062762,"FTA":1.3721255241,"FT%":50.0,"PTS":6.4032524457,"OFF":0.9147503494,"DEF":5.945877271,"REB":6.8606276204,"AST":1.9438444924,"TO":1.6008131114,"STL":0.8004065557,"BLK":0.2286875873,"STK":1.0290941431,"PF":2.5155634608,"Fls on:":1.6008131114,"+\/-":-1.9438444924,"GW":6.0,"GP":14.0},"E. Ramos":{"TEAM":"AdU","MINS":9.3858974359,"FGM":2.4586805081,"FGA":7.6219095752,"FG%":32.2580645161,"2PM":2.2128124573,"2PA":6.6384373719,"2P%":33.3333333333,"3PM":0.2458680508,"3PA":0.9834722033,"3P%":25.0,"FTM":0.7376041524,"FTA":1.9669444065,"FT%":37.5,"PTS":5.9008332195,"OFF":1.9669444065,"DEF":2.4586805081,"REB":4.4256249146,"AST":0.9834722033,"TO":1.7210763557,"STL":0.7376041524,"BLK":0.2458680508,"STK":0.9834722033,"PF":3.933888813,"Fls on:":4.4256249146,"+\/-":-14.5062149979,"GW":6.0,"GP":13.0},"J. Barcelona":{"TEAM":"AdU","MINS":2.9976190476,"FGM":1.429706116,"FGA":5.7188244638,"FG%":25.0,"2PM":1.429706116,"2PA":4.2891183479,"2P%":33.3333333333,"3PM":0.0,"3PA":1.429706116,"3P%":0.0,"FTM":2.8594122319,"FTA":5.7188244638,"FT%":50.0,"PTS":5.7188244638,"OFF":4.2891183479,"DEF":1.429706116,"REB":5.7188244638,"AST":1.429706116,"TO":5.7188244638,"STL":1.429706116,"BLK":0.0,"STK":1.429706116,"PF":2.8594122319,"Fls on:":4.2891183479,"+\/-":-14.2970611595,"GW":3.0,"GP":7.0},"A. Ignacio":{"TEAM":"AdU","MINS":2.4533333333,"FGM":1.222826087,"FGA":3.6684782609,"FG%":33.3333333333,"2PM":1.222826087,"2PA":3.6684782609,"2P%":33.3333333333,"3PM":0.0,"3PA":0.0,"3P%":0.0,"FTM":2.4456521739,"FTA":2.4456521739,"FT%":100.0,"PTS":4.8913043478,"OFF":2.4456521739,"DEF":1.222826087,"REB":3.6684782609,"AST":0.0,"TO":1.222826087,"STL":0.0,"BLK":0.0,"STK":0.0,"PF":6.1141304348,"Fls on:":1.222826087,"+\/-":-31.7934782608,"GW":5.0,"GP":10.0},"M. Ojarikre":{"TEAM":"AdU","MINS":21.1095238095,"FGM":1.7256936612,"FGA":3.654410106,"FG%":47.2222222222,"2PM":1.7256936612,"2PA":3.654410106,"2P%":47.2222222222,"3PM":0.0,"3PA":0.0,"3P%":0.0,"FTM":0.9136025265,"FTA":2.7408075795,"FT%":33.3333333333,"PTS":4.3649898489,"OFF":4.872546808,"DEF":6.9027746447,"REB":11.7753214527,"AST":0.2030227837,"TO":2.2332506203,"STL":0.2030227837,"BLK":3.045341755,"STK":3.2483645387,"PF":2.6392961877,"Fls on:":2.6392961877,"+\/-":-3.3498759305,"GW":6.0,"GP":14.0},"C. Alexander":{"TEAM":"AdU","MINS":6.7227272727,"FGM":0.8113590264,"FGA":3.6511156187,"FG%":22.2222222222,"2PM":0.0,"2PA":0.4056795132,"2P%":0.0,"3PM":0.8113590264,"3PA":3.2454361055,"3P%":25.0,"FTM":0.4056795132,"FTA":0.8113590264,"FT%":50.0,"PTS":2.8397565923,"OFF":1.2170385396,"DEF":2.4340770791,"REB":3.6511156187,"AST":2.4340770791,"TO":6.0851926978,"STL":0.4056795132,"BLK":0.0,"STK":0.4056795132,"PF":3.6511156187,"Fls on:":0.4056795132,"+\/-":-1.6227180527,"GW":4.0,"GP":11.0},"M. Barasi Jr":{"TEAM":"AdU","MINS":10.2192307692,"FGM":0.4516371848,"FGA":3.8389160708,"FG%":11.7647058824,"2PM":0.4516371848,"2PA":3.8389160708,"2P%":11.7647058824,"3PM":0.0,"3PA":0.0,"3P%":0.0,"FTM":1.5807301468,"FTA":2.0323673316,"FT%":77.7777777778,"PTS":2.4840045164,"OFF":1.129092962,"DEF":4.0647346632,"REB":5.1938276251,"AST":1.3549115544,"TO":1.8065487392,"STL":0.2258185924,"BLK":0.2258185924,"STK":0.4516371848,"PF":3.387278886,"Fls on:":2.7098231088,"+\/-":-4.2905532556,"GW":6.0,"GP":13.0},"A. Ronzone":{"TEAM":"AdU","MINS":4.1981481482,"FGM":0.7940008822,"FGA":4.7640052933,"FG%":16.6666666667,"2PM":0.7940008822,"2PA":4.7640052933,"2P%":16.6666666667,"3PM":0.0,"3PA":0.0,"3P%":0.0,"FTM":0.0,"FTA":1.5880017644,"FT%":0.0,"PTS":1.5880017644,"OFF":0.0,"DEF":4.7640052933,"REB":4.7640052933,"AST":3.9700044111,"TO":0.7940008822,"STL":1.5880017644,"BLK":0.0,"STK":1.5880017644,"PF":3.1760035289,"Fls on:":1.5880017644,"+\/-":-11.1160123511,