{"M. Montebon":{"TEAM":"AdU","MINS":20.758974359,"FGM":3.1538461538,"FGA":8.9230769231,"FG%":35.3448275862,"2PM":1.5384615385,"2PA":4.1538461538,"2P%":37.037037037,"3PM":1.6153846154,"3PA":4.7692307692,"3P%":33.8709677419,"FTM":2.0,"FTA":2.7692307692,"FT%":72.2222222222,"PTS":9.9230769231,"OFF":0.3076923077,"DEF":2.4615384615,"REB":2.7692307692,"AST":2.1538461538,"TO":2.1538461538,"STL":1.1538461538,"BLK":0.1538461538,"STK":1.3076923077,"PF":1.4615384615,"Fls on:":2.5384615385,"+\/-":-4.2307692308,"GW":5.0,"GP":13.0},"C. Manzano":{"TEAM":"AdU","MINS":22.5269230769,"FGM":3.0,"FGA":7.6153846154,"FG%":39.3939393939,"2PM":3.0,"2PA":7.6153846154,"2P%":39.3939393939,"3PM":0.0,"3PA":0.0,"3P%":0.0,"FTM":2.5384615385,"FTA":3.6153846154,"FT%":70.2127659574,"PTS":8.5384615385,"OFF":3.5384615385,"DEF":4.0769230769,"REB":7.6153846154,"AST":1.9230769231,"TO":3.0769230769,"STL":0.7692307692,"BLK":0.9230769231,"STK":1.6923076923,"PF":2.7692307692,"Fls on:":3.3076923077,"+\/-":0.9230769231,"GW":5.0,"GP":13.0},"A. Fransman":{"TEAM":"AdU","MINS":19.2525641026,"FGM":2.9230769231,"FGA":8.8461538462,"FG%":33.0434782609,"2PM":1.5384615385,"2PA":4.2307692308,"2P%":36.3636363636,"3PM":1.3846153846,"3PA":4.6153846154,"3P%":30.0,"FTM":0.8461538462,"FTA":1.2307692308,"FT%":68.75,"PTS":8.0769230769,"OFF":1.4615384615,"DEF":5.4615384615,"REB":6.9230769231,"AST":0.9230769231,"TO":1.7692307692,"STL":0.9230769231,"BLK":0.4615384615,"STK":1.3846153846,"PF":1.2307692308,"Fls on:":1.1538461538,"+\/-":-4.1538461538,"GW":5.0,"GP":13.0},"M. Erolon":{"TEAM":"AdU","MINS":17.4222222222,"FGM":2.4166666667,"FGA":6.75,"FG%":35.8024691358,"2PM":1.1666666667,"2PA":2.8333333333,"2P%":41.1764705882,"3PM":1.25,"3PA":3.9166666667,"3P%":31.914893617,"FTM":0.1666666667,"FTA":0.25,"FT%":66.6666666667,"PTS":6.25,"OFF":0.0833333333,"DEF":1.3333333333,"REB":1.4166666667,"AST":2.6666666667,"TO":1.4166666667,"STL":0.9166666667,"BLK":0.0,"STK":0.9166666667,"PF":1.3333333333,"Fls on:":1.3333333333,"+\/-":2.0,"GW":5.0,"GP":12.0},"R. Mantua":{"TEAM":"AdU","MINS":15.4371794872,"FGM":1.6153846154,"FGA":4.8461538462,"FG%":33.3333333333,"2PM":0.9230769231,"2PA":2.6923076923,"2P%":34.2857142857,"3PM":0.6923076923,"3PA":2.1538461538,"3P%":32.1428571429,"FTM":1.0,"FTA":1.2307692308,"FT%":81.25,"PTS":4.9230769231,"OFF":0.3846153846,"DEF":1.3846153846,"REB":1.7692307692,"AST":0.8461538462,"TO":1.3846153846,"STL":0.3846153846,"BLK":0.1538461538,"STK":0.5384615385,"PF":1.6153846154,"Fls on:":1.1538461538,"+\/-":-2.5384615385,"GW":5.0,"GP":13.0},"J. Yerro":{"TEAM":"AdU","MINS":22.1653846154,"FGM":1.6923076923,"FGA":6.0,"FG%":28.2051282051,"2PM":1.1538461538,"2PA":2.6923076923,"2P%":42.8571428571,"3PM":0.5384615385,"3PA":3.3076923077,"3P%":16.2790697674,"FTM":0.8461538462,"FTA":1.1538461538,"FT%":73.3333333333,"PTS":4.7692307692,"OFF":0.6153846154,"DEF":1.9230769231,"REB":2.5384615385,"AST":1.5384615385,"TO":1.8461538462,"STL":0.5384615385,"BLK":0.0,"STK":0.5384615385,"PF":2.2307692308,"Fls on:":1.1538461538,"+\/-":-2.0,"GW":5.0,"GP":13.0},"J. Calisay":{"TEAM":"AdU","MINS":19.382051282,"FGM":1.3076923077,"FGA":5.9230769231,"FG%":22.0779220779,"2PM":0.5384615385,"2PA":2.4615384615,"2P%":21.875,"3PM":0.7692307692,"3PA":3.4615384615,"3P%":22.2222222222,"FTM":0.4615384615,"FTA":0.9230769231,"FT%":50.0,"PTS":3.8461538462,"OFF":0.6153846154,"DEF":3.6153846154,"REB":4.2307692308,"AST":1.3076923077,"TO":1.0769230769,"STL":0.5384615385,"BLK":0.0769230769,"STK":0.6153846154,"PF":1.5384615385,"Fls on:":1.0,"+\/-":-1.5384615385,"GW":5.0,"GP":13.0},"M. Ojarikre":{"TEAM":"AdU","MINS":21.3846153846,"FGM":1.2307692308,"FGA":2.6923076923,"FG%":45.7142857143,"2PM":1.2307692308,"2PA":2.6923076923,"2P%":45.7142857143,"3PM":0.0,"3PA":0.0,"3P%":0.0,"FTM":0.6923076923,"FTA":2.0,"FT%":34.6153846154,"PTS":3.1538461538,"OFF":3.3076923077,"DEF":5.0769230769,"REB":8.3846153846,"AST":0.0769230769,"TO":1.6153846154,"STL":0.1538461538,"BLK":2.2307692308,"STK":2.3846153846,"PF":1.7692307692,"Fls on:":1.9230769231,"+\/-":-2.6923076923,"GW":5.0,"GP":13.0},"M. Anabo":{"TEAM":"AdU","MINS":13.3551282051,"FGM":1.0,"FGA":3.7692307692,"FG%":26.5306122449,"2PM":0.5384615385,"2PA":1.2307692308,"2P%":43.75,"3PM":0.4615384615,"3PA":2.5384615385,"3P%":18.1818181818,"FTM":0.6923076923,"FTA":1.3076923077,"FT%":52.9411764706,"PTS":3.1538461538,"OFF":0.3846153846,"DEF":2.0769230769,"REB":2.4615384615,"AST":0.8461538462,"TO":0.4615384615,"STL":0.3846153846,"BLK":0.0,"STK":0.3846153846,"PF":0.7692307692,"Fls on:":1.0769230769,"+\/-":-2.0,"GW":5.0,"GP":13.0},"E. Ramos":{"TEAM":"AdU","MINS":9.4180555556,"FGM":0.6666666667,"FGA":2.25,"FG%":29.6296296296,"2PM":0.5833333333,"2PA":1.9166666667,"2P%":30.4347826087,"3PM":0.0833333333,"3PA":0.3333333333,"3P%":25.0,"FTM":0.25,"FTA":0.6666666667,"FT%":37.5,"PTS":1.6666666667,"OFF":0.6666666667,"DEF":0.8333333333,"REB":1.5,"AST":0.3333333333,"TO":0.5833333333,"STL":0.1666666667,"BLK":0.0833333333,"STK":0.25,"PF":1.3333333333,"Fls on:":1.5,"+\/-":-4.5833333333,"GW":5.0,"GP":12.0},"M. Barasi Jr":{"TEAM":"AdU","MINS":10.7416666667,"FGM":0.1666666667,"FGA":1.4166666667,"FG%":11.7647058824,"2PM":0.1666666667,"2PA":1.4166666667,"2P%":11.7647058824,"3PM":0.0,"3PA":0.0,"3P%":0.0,"FTM":0.5833333333,"FTA":0.75,"FT%":77.7777777778,"PTS":0.9166666667,"OFF":0.4166666667,"DEF":1.5,"REB":1.9166666667,"AST":0.4166666667,"TO":0.5833333333,"STL":0.0833333333,"BLK":0.0833333333,"STK":0.1666666667,"PF":1.25,"Fls on:":1.0,"+\/-":-1.4166666667,"GW":5.0,"GP":12.0},"F. Dignadice":{"TEAM":"AdU","MINS":2.05625,"FGM":0.375,"FGA":0.875,"FG%":42.8571428571,"2PM":0.25,"2PA":0.375,"2P%":66.6666666667,"3PM":0.125,"3PA":0.5,"3P%":25.0,"FTM":0.0,"FTA":0.25,"FT%":0.0,"PTS":0.875,"OFF":0.125,"DEF":0.25,"REB":0.375,"AST":0.0,"TO":0.0,"STL":0.0,"BLK":0.0,"STK":0.0,"PF":0.5,"Fls on:":0.375,"+\/-":-1.75,"GW":3.0,"GP":8.0},"C. Alexander":{"TEAM":"AdU","MINS":7.3183333333,"FGM":0.2,"FGA":0.9,"FG%":22.2222222222,"2PM":0.0,"2PA":0.1,"2P%":0.0,"3PM":0.2,"3PA":0.8,"3P%":25.0,"FTM":0.1,"FTA":0.2,"FT%":50.0,"PTS":0.7,"OFF":0.3,"DEF":0.6,"REB":0.9,"AST":0.6,"TO":1.4,"STL":0.1,"BLK":0.0,"STK":0.1,"PF":0.9,"Fls on:":0.1,"+\/-":-0.4,"GW":3.0,"GP":10.0},"J. Barcelona":{"TEAM":"AdU","MINS":3.1111111111,"FGM":0.1666666667,"FGA":0.6666666667,"FG%":25.0,"2PM":0.1666666667,"2PA":0.5,"2P%":33.3333333333,"3PM":0.0,"3PA":0.1666666667,"3P%":0.0,"FTM":0.3333333333,"FTA":0.6666666667,"FT%":50.0,"PTS":0.6666666667,"OFF":0.5,"DEF":0.1666666667,"REB":0.6666666667,"AST":0.1666666667,"TO":0.5,"STL":0.1666666667,"BLK":0.0,"STK":0.1666666667,"PF":0.1666666667,"Fls on:":0.5,"+\/-":-2.3333333333,"GW":2.0,"GP":6.0},"A. Ignacio":{"TEAM":"AdU","MINS":2.4351851852,"FGM":0.1111111111,"FGA":0.3333333333,"FG%":33.3333333333,"2PM":0.1111111111,"2PA":0.3333333333,"2P%":33.3333333333,"3PM":0.0,"3PA":0.0,"3P%":0.0,"FTM":0.2222222222,"FTA":0.2222222222,"FT%":100.0,"PTS":0.4444444444,"OFF":0.2222222222,"DEF":0.1111111111,"REB":0.3333333333,"AST":0.0,"TO":0.1111111111,"STL":0.0,"BLK":0.0,"STK":0.0,"PF":0.5555555556,"Fls on:":0.1111111111,"+\/-":-2.6666666667,"GW":4.0,"GP":9.0},"A. Ronzone":{"TEAM":"AdU","MINS":4.6270833333,"FGM":0.125,"FGA":0.75,"FG%":16.6666666667,"2PM":0.125,"2PA":0.75,"2P%":16.6666666667,"3PM":0.0,"3PA":0.0,"3P%":0.0,"FTM":0.0,"FTA":0.25,"FT%":0.0,"PTS":0.25,"OFF":0.0,"DEF":0.75,"REB":0.75,"AST":0.625,"TO":0.125,"STL":0.125,"BLK":0.0,"STK":0.125,"PF":0.5,"Fls on:":0.25,"+\/-":-1.75,"GW":3.0,"GP":8.0}}