{"J. Calisay":{"TEAM":"AdU","MINS":155.0833333333,"FGM":14.0,"FGA":51.0,"FG%":27.4509803922,"2PM":6.0,"2PA":27.0,"2P%":22.2222222222,"3PM":8.0,"3PA":24.0,"3P%":33.3333333333,"FTM":4.0,"FTA":9.0,"FT%":44.4444444444,"PTS":40.0,"OFF":6.0,"DEF":30.0,"REB":36.0,"AST":13.0,"TO":7.0,"STL":5.0,"BLK":1.0,"STK":6.0,"PF":13.0,"Fls on:":7.0,"+\/-":0.0,"GP":8.0},"J. Yerro":{"TEAM":"AdU","MINS":180.3166666667,"FGM":16.0,"FGA":51.0,"FG%":31.3725490196,"2PM":11.0,"2PA":27.0,"2P%":40.7407407407,"3PM":5.0,"3PA":24.0,"3P%":20.8333333333,"FTM":10.0,"FTA":13.0,"FT%":76.9230769231,"PTS":47.0,"OFF":5.0,"DEF":15.0,"REB":20.0,"AST":10.0,"TO":15.0,"STL":7.0,"BLK":0.0,"STK":7.0,"PF":19.0,"Fls on:":11.0,"+\/-":-27.0,"GP":8.0},"J. Barcelona":{"TEAM":"AdU","MINS":9.3333333334,"FGM":0.0,"FGA":3.0,"FG%":0.0,"2PM":0.0,"2PA":2.0,"2P%":0.0,"3PM":0.0,"3PA":1.0,"3P%":0.0,"FTM":0.0,"FTA":0.0,"FT%":0.0,"PTS":0.0,"OFF":1.0,"DEF":0.0,"REB":1.0,"AST":1.0,"TO":3.0,"STL":0.0,"BLK":0.0,"STK":0.0,"PF":1.0,"Fls on:":1.0,"+\/-":-10.0,"GP":3.0},"R. Mantua":{"TEAM":"AdU","MINS":122.35,"FGM":15.0,"FGA":38.0,"FG%":39.4736842105,"2PM":9.0,"2PA":23.0,"2P%":39.1304347826,"3PM":6.0,"3PA":15.0,"3P%":40.0,"FTM":9.0,"FTA":10.0,"FT%":90.0,"PTS":45.0,"OFF":2.0,"DEF":13.0,"REB":15.0,"AST":9.0,"TO":10.0,"STL":2.0,"BLK":1.0,"STK":3.0,"PF":15.0,"Fls on:":7.0,"+\/-":-31.0,"GP":8.0},"F. Dignadice":{"TEAM":"AdU","MINS":7.0666666667,"FGM":1.0,"FGA":3.0,"FG%":33.3333333333,"2PM":1.0,"2PA":1.0,"2P%":100.0,"3PM":0.0,"3PA":2.0,"3P%":0.0,"FTM":0.0,"FTA":0.0,"FT%":0.0,"PTS":2.0,"OFF":1.0,"DEF":1.0,"REB":2.0,"AST":0.0,"TO":0.0,"STL":0.0,"BLK":0.0,"STK":0.0,"PF":2.0,"Fls on:":1.0,"+\/-":-9.0,"GP":5.0},"M. Barasi Jr":{"TEAM":"AdU","MINS":87.6999999999,"FGM":2.0,"FGA":13.0,"FG%":15.3846153846,"2PM":2.0,"2PA":13.0,"2P%":15.3846153846,"3PM":0.0,"3PA":0.0,"3P%":0.0,"FTM":7.0,"FTA":9.0,"FT%":77.7777777778,"PTS":11.0,"OFF":4.0,"DEF":12.0,"REB":16.0,"AST":3.0,"TO":4.0,"STL":1.0,"BLK":1.0,"STK":2.0,"PF":12.0,"Fls on:":10.0,"+\/-":-7.0,"GP":8.0},"M. Erolon":{"TEAM":"AdU","MINS":135.1999999999,"FGM":20.0,"FGA":55.0,"FG%":36.3636363636,"2PM":12.0,"2PA":29.0,"2P%":41.3793103448,"3PM":8.0,"3PA":26.0,"3P%":30.7692307692,"FTM":2.0,"FTA":3.0,"FT%":66.6666666667,"PTS":50.0,"OFF":1.0,"DEF":9.0,"REB":10.0,"AST":21.0,"TO":10.0,"STL":8.0,"BLK":0.0,"STK":8.0,"PF":10.0,"Fls on:":10.0,"+\/-":6.0,"GP":8.0},"E. Ramos":{"TEAM":"AdU","MINS":73.0333333333,"FGM":5.0,"FGA":21.0,"FG%":23.8095238095,"2PM":4.0,"2PA":17.0,"2P%":23.5294117647,"3PM":1.0,"3PA":4.0,"3P%":25.0,"FTM":3.0,"FTA":6.0,"FT%":50.0,"PTS":14.0,"OFF":5.0,"DEF":9.0,"REB":14.0,"AST":2.0,"TO":4.0,"STL":1.0,"BLK":1.0,"STK":2.0,"PF":13.0,"Fls on:":14.0,"+\/-":-32.0,"GP":8.0},"A. Fransman":{"TEAM":"AdU","MINS":142.3833333333,"FGM":18.0,"FGA":58.0,"FG%":31.0344827586,"2PM":11.0,"2PA":34.0,"2P%":32.3529411765,"3PM":7.0,"3PA":24.0,"3P%":29.1666666667,"FTM":6.0,"FTA":6.0,"FT%":100.0,"PTS":49.0,"OFF":12.0,"DEF":40.0,"REB":52.0,"AST":6.0,"TO":9.0,"STL":9.0,"BLK":4.0,"STK":13.0,"PF":11.0,"Fls on:":9.0,"+\/-":-20.0,"GP":8.0},"A. Ignacio":{"TEAM":"AdU","MINS":8.1833333333,"FGM":0.0,"FGA":0.0,"FG%":0.0,"2PM":0.0,"2PA":0.0,"2P%":0.0,"3PM":0.0,"3PA":0.0,"3P%":0.0,"FTM":0.0,"FTA":0.0,"FT%":0.0,"PTS":0.0,"OFF":1.0,"DEF":0.0,"REB":1.0,"AST":0.0,"TO":0.0,"STL":0.0,"BLK":0.0,"STK":0.0,"PF":1.0,"Fls on:":0.0,"+\/-":-15.0,"GP":5.0},"C. Manzano":{"TEAM":"AdU","MINS":182.3,"FGM":23.0,"FGA":60.0,"FG%":38.3333333333,"2PM":23.0,"2PA":60.0,"2P%":38.3333333333,"3PM":0.0,"3PA":0.0,"3P%":0.0,"FTM":20.0,"FTA":27.0,"FT%":74.0740740741,"PTS":66.0,"OFF":31.0,"DEF":35.0,"REB":66.0,"AST":15.0,"TO":24.0,"STL":4.0,"BLK":9.0,"STK":13.0,"PF":24.0,"Fls on:":26.0,"+\/-":18.0,"GP":8.0},"A. Ronzone":{"TEAM":"AdU","MINS":17.5166666667,"FGM":0.0,"FGA":1.0,"FG%":0.0,"2PM":0.0,"2PA":1.0,"2P%":0.0,"3PM":0.0,"3PA":0.0,"3P%":0.0,"FTM":0.0,"FTA":0.0,"FT%":0.0,"PTS":0.0,"OFF":0.0,"DEF":1.0,"REB":1.0,"AST":2.0,"TO":1.0,"STL":0.0,"BLK":0.0,"STK":0.0,"PF":2.0,"Fls on:":0.0,"+\/-":1.0,"GP":4.0},"M. Anabo":{"TEAM":"AdU","MINS":109.9000000001,"FGM":8.0,"FGA":28.0,"FG%":28.5714285714,"2PM":3.0,"2PA":7.0,"2P%":42.8571428571,"3PM":5.0,"3PA":21.0,"3P%":23.8095238095,"FTM":6.0,"FTA":12.0,"FT%":50.0,"PTS":27.0,"OFF":1.0,"DEF":18.0,"REB":19.0,"AST":8.0,"TO":4.0,"STL":2.0,"BLK":0.0,"STK":2.0,"PF":6.0,"Fls on:":11.0,"+\/-":-4.0,"GP":8.0},"C. Alexander":{"TEAM":"AdU","MINS":43.8166666668,"FGM":2.0,"FGA":6.0,"FG%":33.3333333333,"2PM":0.0,"2PA":0.0,"2P%":0.0,"3PM":2.0,"3PA":6.0,"3P%":33.3333333333,"FTM":1.0,"FTA":2.0,"FT%":50.0,"PTS":7.0,"OFF":1.0,"DEF":3.0,"REB":4.0,"AST":4.0,"TO":7.0,"STL":1.0,"BLK":0.0,"STK":1.0,"PF":5.0,"Fls on:":1.0,"+\/-":10.0,"GP":6.0},"M. Montebon":{"TEAM":"AdU","MINS":171.1333333333,"FGM":27.0,"FGA":73.0,"FG%":36.9863013699,"2PM":15.0,"2PA":39.0,"2P%":38.4615384615,"3PM":12.0,"3PA":34.0,"3P%":35.2941176471,"FTM":24.0,"FTA":32.0,"FT%":75.0,"PTS":90.0,"OFF":3.0,"DEF":20.0,"REB":23.0,"AST":23.0,"TO":17.0,"STL":9.0,"BLK":2.0,"STK":11.0,"PF":15.0,"Fls on:":24.0,"+\/-":-7.0,"GP":8.0},"M. Ojarikre":{"TEAM":"AdU","MINS":178.8333333334,"FGM":14.0,"FGA":27.0,"FG%":51.8518518519,"2PM":14.0,"2PA":27.0,"2P%":51.8518518519,"3PM":0.0,"3PA":0.0,"3P%":0.0,"FTM":6.0,"FTA":18.0,"FT%":33.3333333333,"PTS":34.0,"OFF":26.0,"DEF":49.0,"REB":75.0,"AST":0.0,"TO":12.0,"STL":1.0,"BLK":21.0,"STK":22.0,"PF":14.0,"Fls on:":16.0,"+\/-":-18.0,"GP":8.0}}