{"R. Mantua":{"TEAM":"AdU","MINS":174.7666666666,"FGM":17.0,"FGA":52.0,"FG%":32.6923076923,"2PM":10.0,"2PA":31.0,"2P%":32.2580645161,"3PM":7.0,"3PA":21.0,"3P%":33.3333333333,"FTM":11.0,"FTA":12.0,"FT%":91.6666666667,"PTS":52.0,"OFF":4.0,"DEF":17.0,"REB":21.0,"AST":11.0,"TO":16.0,"STL":4.0,"BLK":1.0,"STK":5.0,"PF":18.0,"Fls on:":11.0,"+\/-":-34.0,"GW":4.0,"GP":11.0},"J. Barcelona":{"TEAM":"AdU","MINS":13.6500000001,"FGM":0.0,"FGA":3.0,"FG%":0.0,"2PM":0.0,"2PA":2.0,"2P%":0.0,"3PM":0.0,"3PA":1.0,"3P%":0.0,"FTM":0.0,"FTA":0.0,"FT%":0.0,"PTS":0.0,"OFF":2.0,"DEF":1.0,"REB":3.0,"AST":1.0,"TO":3.0,"STL":0.0,"BLK":0.0,"STK":0.0,"PF":1.0,"Fls on:":1.0,"+\/-":-12.0,"GW":1.0,"GP":4.0},"J. Calisay":{"TEAM":"AdU","MINS":218.25,"FGM":15.0,"FGA":66.0,"FG%":22.7272727273,"2PM":6.0,"2PA":29.0,"2P%":20.6896551724,"3PM":9.0,"3PA":37.0,"3P%":24.3243243243,"FTM":4.0,"FTA":10.0,"FT%":40.0,"PTS":43.0,"OFF":7.0,"DEF":41.0,"REB":48.0,"AST":17.0,"TO":13.0,"STL":7.0,"BLK":1.0,"STK":8.0,"PF":16.0,"Fls on:":12.0,"+\/-":0.0,"GW":4.0,"GP":11.0},"M. Ojarikre":{"TEAM":"AdU","MINS":240.1000000001,"FGM":16.0,"FGA":35.0,"FG%":45.7142857143,"2PM":16.0,"2PA":35.0,"2P%":45.7142857143,"3PM":0.0,"3PA":0.0,"3P%":0.0,"FTM":9.0,"FTA":26.0,"FT%":34.6153846154,"PTS":41.0,"OFF":38.0,"DEF":60.0,"REB":98.0,"AST":1.0,"TO":20.0,"STL":2.0,"BLK":27.0,"STK":29.0,"PF":21.0,"Fls on:":23.0,"+\/-":-29.0,"GW":4.0,"GP":11.0},"M. Erolon":{"TEAM":"AdU","MINS":171.5499999999,"FGM":27.0,"FGA":71.0,"FG%":38.0281690141,"2PM":14.0,"2PA":32.0,"2P%":43.75,"3PM":13.0,"3PA":39.0,"3P%":33.3333333333,"FTM":2.0,"FTA":3.0,"FT%":66.6666666667,"PTS":69.0,"OFF":1.0,"DEF":13.0,"REB":14.0,"AST":27.0,"TO":14.0,"STL":9.0,"BLK":0.0,"STK":9.0,"PF":14.0,"Fls on:":14.0,"+\/-":20.0,"GW":4.0,"GP":10.0},"M. Montebon":{"TEAM":"AdU","MINS":233.3833333333,"FGM":35.0,"FGA":96.0,"FG%":36.4583333333,"2PM":20.0,"2PA":49.0,"2P%":40.8163265306,"3PM":15.0,"3PA":47.0,"3P%":31.914893617,"FTM":24.0,"FTA":34.0,"FT%":70.5882352941,"PTS":109.0,"OFF":4.0,"DEF":26.0,"REB":30.0,"AST":26.0,"TO":25.0,"STL":14.0,"BLK":2.0,"STK":16.0,"PF":17.0,"Fls on:":29.0,"+\/-":-48.0,"GW":4.0,"GP":11.0},"J. Yerro":{"TEAM":"AdU","MINS":242.0666666667,"FGM":19.0,"FGA":65.0,"FG%":29.2307692308,"2PM":13.0,"2PA":33.0,"2P%":39.3939393939,"3PM":6.0,"3PA":32.0,"3P%":18.75,"FTM":11.0,"FTA":15.0,"FT%":73.3333333333,"PTS":55.0,"OFF":6.0,"DEF":21.0,"REB":27.0,"AST":15.0,"TO":22.0,"STL":7.0,"BLK":0.0,"STK":7.0,"PF":25.0,"Fls on:":14.0,"+\/-":-32.0,"GW":4.0,"GP":11.0},"E. Ramos":{"TEAM":"AdU","MINS":93.3333333333,"FGM":7.0,"FGA":25.0,"FG%":28.0,"2PM":6.0,"2PA":21.0,"2P%":28.5714285714,"3PM":1.0,"3PA":4.0,"3P%":25.0,"FTM":3.0,"FTA":8.0,"FT%":37.5,"PTS":18.0,"OFF":8.0,"DEF":9.0,"REB":17.0,"AST":3.0,"TO":6.0,"STL":2.0,"BLK":1.0,"STK":3.0,"PF":13.0,"Fls on:":15.0,"+\/-":-40.0,"GW":4.0,"GP":10.0},"F. Dignadice":{"TEAM":"AdU","MINS":11.3833333334,"FGM":1.0,"FGA":4.0,"FG%":25.0,"2PM":1.0,"2PA":2.0,"2P%":50.0,"3PM":0.0,"3PA":2.0,"3P%":0.0,"FTM":0.0,"FTA":2.0,"FT%":0.0,"PTS":2.0,"OFF":1.0,"DEF":1.0,"REB":2.0,"AST":0.0,"TO":0.0,"STL":0.0,"BLK":0.0,"STK":0.0,"PF":4.0,"Fls on:":3.0,"+\/-":-11.0,"GW":2.0,"GP":6.0},"A. Fransman":{"TEAM":"AdU","MINS":208.7166666666,"FGM":30.0,"FGA":91.0,"FG%":32.967032967,"2PM":16.0,"2PA":46.0,"2P%":34.7826086957,"3PM":14.0,"3PA":45.0,"3P%":31.1111111111,"FTM":10.0,"FTA":13.0,"FT%":76.9230769231,"PTS":84.0,"OFF":13.0,"DEF":59.0,"REB":72.0,"AST":7.0,"TO":16.0,"STL":11.0,"BLK":4.0,"STK":15.0,"PF":14.0,"Fls on:":14.0,"+\/-":-55.0,"GW":4.0,"GP":11.0},"A. Ignacio":{"TEAM":"AdU","MINS":16.85,"FGM":1.0,"FGA":3.0,"FG%":33.3333333333,"2PM":1.0,"2PA":3.0,"2P%":33.3333333333,"3PM":0.0,"3PA":0.0,"3P%":0.0,"FTM":2.0,"FTA":2.0,"FT%":100.0,"PTS":4.0,"OFF":2.0,"DEF":0.0,"REB":2.0,"AST":0.0,"TO":1.0,"STL":0.0,"BLK":0.0,"STK":0.0,"PF":5.0,"Fls on:":1.0,"+\/-":-21.0,"GW":3.0,"GP":7.0},"M. Barasi Jr":{"TEAM":"AdU","MINS":113.6999999999,"FGM":2.0,"FGA":13.0,"FG%":15.3846153846,"2PM":2.0,"2PA":13.0,"2P%":15.3846153846,"3PM":0.0,"3PA":0.0,"3P%":0.0,"FTM":7.0,"FTA":9.0,"FT%":77.7777777778,"PTS":11.0,"OFF":4.0,"DEF":17.0,"REB":21.0,"AST":4.0,"TO":6.0,"STL":1.0,"BLK":1.0,"STK":2.0,"PF":13.0,"Fls on:":11.0,"+\/-":-2.0,"GW":4.0,"GP":10.0},"C. Manzano":{"TEAM":"AdU","MINS":250.4666666667,"FGM":36.0,"FGA":86.0,"FG%":41.8604651163,"2PM":36.0,"2PA":86.0,"2P%":41.8604651163,"3PM":0.0,"3PA":0.0,"3P%":0.0,"FTM":32.0,"FTA":45.0,"FT%":71.1111111111,"PTS":104.0,"OFF":39.0,"DEF":48.0,"REB":87.0,"AST":21.0,"TO":32.0,"STL":9.0,"BLK":10.0,"STK":19.0,"PF":32.0,"Fls on:":41.0,"+\/-":3.0,"GW":4.0,"GP":11.0},"A. Ronzone":{"TEAM":"AdU","MINS":26.2666666667,"FGM":0.0,"FGA":3.0,"FG%":0.0,"2PM":0.0,"2PA":3.0,"2P%":0.0,"3PM":0.0,"3PA":0.0,"3P%":0.0,"FTM":0.0,"FTA":2.0,"FT%":0.0,"PTS":0.0,"OFF":0.0,"DEF":4.0,"REB":4.0,"AST":3.0,"TO":1.0,"STL":1.0,"BLK":0.0,"STK":1.0,"PF":3.0,"Fls on:":1.0,"+\/-":-6.0,"GW":2.0,"GP":6.0},"M. Anabo":{"TEAM":"AdU","MINS":144.0166666667,"FGM":10.0,"FGA":37.0,"FG%":27.027027027,"2PM":5.0,"2PA":11.0,"2P%":45.4545454545,"3PM":5.0,"3PA":26.0,"3P%":19.2307692308,"FTM":7.0,"FTA":14.0,"FT%":50.0,"PTS":32.0,"OFF":2.0,"DEF":21.0,"REB":23.0,"AST":10.0,"TO":4.0,"STL":5.0,"BLK":0.0,"STK":5.0,"PF":8.0,"Fls on:":12.0,"+\/-":-20.0,"GW":4.0,"GP":11.0},"C. Alexander":{"TEAM":"AdU","MINS":65.4000000001,"FGM":2.0,"FGA":8.0,"FG%":25.0,"2PM":0.0,"2PA":1.0,"2P%":0.0,"3PM":2.0,"3PA":7.0,"3P%":28.5714285714,"FTM":1.0,"FTA":2.0,"FT%":50.0,"PTS":7.0,"OFF":3.0,"DEF":5.0,"REB":8.0,"AST":6.0,"TO":12.0,"STL":1.0,"BLK":0.0,"STK":1.0,"PF":9.0,"Fls on:":1.0,"+\/-":2.0,"GW":2.0,"GP":8.0}}