{"M. Montebon":{"TEAM":"AdU","MINS":20.9194444444,"FGM":4.4217235427,"FGA":12.5481343779,"FG%":35.2380952381,"2PM":2.3901208339,"2PA":6.2143141681,"2P%":38.4615384615,"3PM":2.0316027088,"3PA":6.3338202098,"3P%":32.0754716981,"FTM":2.8681450007,"FTA":4.0632054176,"FT%":70.5882352941,"PTS":13.7431947948,"OFF":0.4780241668,"DEF":3.4656752091,"REB":3.9436993759,"AST":3.2266631257,"TO":3.3461691674,"STL":1.6730845837,"BLK":0.2390120834,"STK":1.9120966671,"PF":2.0316027088,"Fls on:":3.7046872925,"+\/-":-6.0948081264,"GW":5.0,"GP":12.0},"A. Fransman":{"TEAM":"AdU","MINS":19.2458333333,"FGM":4.8062351158,"FGA":14.0290106084,"FG%":34.2592592593,"2PM":2.5979649275,"2PA":6.8846070578,"2P%":37.7358490566,"3PM":2.2082701884,"3PA":7.1444035506,"3P%":30.9090909091,"FTM":1.4288807101,"FTA":1.8185754492,"FT%":78.5714285714,"PTS":13.2496211301,"OFF":1.8185754492,"DEF":8.9629789998,"REB":10.781554449,"AST":1.2989824637,"TO":2.5979649275,"STL":1.5587789565,"BLK":0.5195929855,"STK":2.078371942,"PF":1.9484736956,"Fls on:":1.9484736956,"+\/-":-3.8969473912,"GW":5.0,"GP":12.0},"C. Manzano":{"TEAM":"AdU","MINS":22.9263888889,"FGM":4.2527412613,"FGA":10.2501968862,"FG%":41.4893617021,"2PM":4.2527412613,"2PA":10.2501968862,"2P%":41.4893617021,"3PM":0.0,"3PA":0.0,"3P%":0.0,"FTM":3.4894287272,"FTA":4.9070091476,"FT%":71.1111111111,"PTS":11.9949112498,"OFF":4.5798752045,"DEF":5.6703216817,"REB":10.2501968862,"AST":2.5080268977,"TO":4.0346519658,"STL":0.9814018295,"BLK":1.3085357727,"STK":2.2899376022,"PF":3.7075180227,"Fls on:":4.4708305567,"+\/-":2.0718483068,"GW":5.0,"GP":12.0},"M. Erolon":{"TEAM":"AdU","MINS":17.5090909091,"FGM":4.5171339564,"FGA":11.6822429907,"FG%":38.6666666667,"2PM":2.1806853583,"2PA":4.984423676,"2P%":43.75,"3PM":2.3364485981,"3PA":6.6978193146,"3P%":34.8837209302,"FTM":0.3115264798,"FTA":0.4672897196,"FT%":66.6666666667,"PTS":11.6822429907,"OFF":0.1557632399,"DEF":2.1806853583,"REB":2.3364485981,"AST":4.6728971963,"TO":2.6479750779,"STL":1.7133956386,"BLK":0.0,"STK":1.7133956386,"PF":2.3364485981,"Fls on:":2.3364485981,"+\/-":6.3862928349,"GW":5.0,"GP":11.0},"R. Mantua":{"TEAM":"AdU","MINS":15.6305555556,"FGM":2.878976364,"FGA":8.9568153545,"FG%":32.1428571429,"2PM":1.7593744446,"2PA":5.2781233339,"2P%":33.3333333333,"3PM":1.1196019193,"3PA":3.6786920206,"3P%":30.4347826087,"FTM":1.919317576,"FTA":2.0792607073,"FT%":92.3076923077,"PTS":8.7968722232,"OFF":0.6397725253,"DEF":2.7190332326,"REB":3.358805758,"AST":1.7593744446,"TO":2.7190332326,"STL":0.6397725253,"BLK":0.1599431313,"STK":0.7997156567,"PF":3.0389194953,"Fls on:":1.919317576,"+\/-":-5.4380664653,"GW":5.0,"GP":12.0},"A. Ignacio":{"TEAM":"AdU","MINS":2.2395833333,"FGM":1.6744186046,"FGA":5.0232558139,"FG%":33.3333333333,"2PM":1.6744186046,"2PA":5.0232558139,"2P%":33.3333333333,"3PM":0.0,"3PA":0.0,"3P%":0.0,"FTM":3.3488372093,"FTA":3.3488372093,"FT%":100.0,"PTS":6.6976744186,"OFF":3.3488372093,"DEF":1.6744186046,"REB":5.0232558139,"AST":0.0,"TO":1.6744186046,"STL":0.0,"BLK":0.0,"STK":0.0,"PF":8.3720930232,"Fls on:":1.6744186046,"+\/-":-41.8604651162,"GW":4.0,"GP":8.0},"J. Yerro":{"TEAM":"AdU","MINS":22.1222222222,"FGM":2.2601707685,"FGA":7.7975891512,"FG%":28.9855072464,"2PM":1.4691109995,"2PA":3.729281768,"2P%":39.3939393939,"3PM":0.791059769,"3PA":4.0683073832,"3P%":19.4444444444,"FTM":1.2430939227,"FTA":1.6951280763,"FT%":73.3333333333,"PTS":6.5544952285,"OFF":0.6780512305,"DEF":2.4861878453,"REB":3.1642390758,"AST":1.9211451532,"TO":2.7122049221,"STL":0.791059769,"BLK":0.0,"STK":0.791059769,"PF":3.1642390758,"Fls on:":1.6951280763,"+\/-":-1.6951280763,"GW":5.0,"GP":12.0},"J. Calisay":{"TEAM":"AdU","MINS":19.5402777778,"FGM":2.1749946691,"FGA":9.0838012652,"FG%":23.9436619718,"2PM":0.8955860402,"2PA":3.8382258867,"2P%":23.3333333333,"3PM":1.2794086289,"3PA":5.2455753785,"3P%":24.3902439024,"FTM":0.7676451773,"FTA":1.5352903547,"FT%":50.0,"PTS":6.3970431445,"OFF":0.8955860402,"DEF":5.3735162414,"REB":6.2691022816,"AST":2.1749946691,"TO":1.6632312176,"STL":0.8955860402,"BLK":0.1279408629,"STK":1.0235269031,"PF":2.5588172578,"Fls on:":1.6632312176,"+\/-":0.3838225887,"GW":5.0,"GP":12.0},"M. Anabo":{"TEAM":"AdU","MINS":13.45,"FGM":2.0446096654,"FGA":8.1784386617,"FG%":25.0,"2PM":1.1152416357,"2PA":2.7881040892,"2P%":40.0,"3PM":0.9293680297,"3PA":5.3903345725,"3P%":17.2413793103,"FTM":1.3011152416,"FTA":2.6022304833,"FT%":50.0,"PTS":6.3197026022,"OFF":0.7434944238,"DEF":4.8327137546,"REB":5.5762081784,"AST":2.0446096654,"TO":0.7434944238,"STL":0.9293680297,"BLK":0.0,"STK":0.9293680297,"PF":1.6728624535,"Fls on:":2.2304832714,"+\/-":-3.1598513011,"GW":5.0,"GP":12.0},"E. Ramos":{"TEAM":"AdU","MINS":9.5227272727,"FGM":2.0047732697,"FGA":7.1599045346,"FG%":28.0,"2PM":1.7183770883,"2PA":6.0143198091,"2P%":28.5714285714,"3PM":0.2863961814,"3PA":1.1455847255,"3P%":25.0,"FTM":0.8591885442,"FTA":2.2911694511,"FT%":37.5,"PTS":5.1551312649,"OFF":2.2911694511,"DEF":2.5775656325,"REB":4.8687350835,"AST":0.8591885442,"TO":2.0047732697,"STL":0.5727923628,"BLK":0.2863961814,"STK":0.8591885442,"PF":4.0095465394,"Fls on:":4.8687350835,"+\/-":-12.8878281623,"GW":5.0,"GP":11.0},"F. Dignadice":{"TEAM":"AdU","MINS":1.7785714286,"FGM":2.4096385542,"FGA":9.6385542168,"FG%":25.0,"2PM":2.4096385542,"2PA":4.8192771084,"2P%":50.0,"3PM":0.0,"3PA":4.8192771084,"3P%":0.0,"FTM":0.0,"FTA":4.8192771084,"FT%":0.0,"PTS":4.8192771084,"OFF":2.4096385542,"DEF":2.4096385542,"REB":4.8192771084,"AST":0.0,"TO":0.0,"STL":0.0,"BLK":0.0,"STK":0.0,"PF":9.6385542168,"Fls on:":7.2289156626,"+\/-":-36.144578313,"GW":3.0,"GP":7.0},"M. Ojarikre":{"TEAM":"AdU","MINS":21.5138888889,"FGM":1.8592640413,"FGA":4.0671400904,"FG%":45.7142857143,"2PM":1.8592640413,"2PA":4.0671400904,"2P%":45.7142857143,"3PM":0.0,"3PA":0.0,"3P%":0.0,"FTM":1.0458360232,"FTA":3.0213040671,"FT%":34.6153846154,"PTS":4.7643641059,"OFF":4.6481601033,"DEF":7.2046481601,"REB":11.8528082634,"AST":0.1162040026,"TO":2.3240800516,"STL":0.2324080052,"BLK":3.1375080697,"STK":3.3699160749,"PF":2.5564880568,"Fls on:":2.9051000646,"+\/-":-2.9051000646,"GW":5.0,"GP":12.0},"C. Alexander":{"TEAM":"AdU","MINS":7.4203703704,"FGM":0.8984277514,"FGA":3.5937110057,"FG%":25.0,"2PM":0.0,"2PA":0.4492138757,"2P%":0.0,"3PM":0.8984277514,"3PA":3.14449713,"3P%":28.5714285714,"FTM":0.4492138757,"FTA":0.8984277514,"FT%":50.0,"PTS":3.14449713,"OFF":1.3476416272,"DEF":2.6952832543,"REB":4.0429248815,"AST":2.6952832543,"TO":5.8397803843,"STL":0.4492138757,"BLK":0.0,"STK":0.4492138757,"PF":4.0429248815,"Fls on:":0.4492138757,"+\/-":-0.8984277514,"GW":3.0,"GP":9.0},"M. Barasi Jr":{"TEAM":"AdU","MINS":10.7272727273,"FGM":0.5084745763,"FGA":3.5593220339,"FG%":14.2857142857,"2PM":0.5084745763,"2PA":3.5593220339,"2P%":14.2857142857,"3PM":0.0,"3PA":0.0,"3P%":0.0,"FTM":1.779661017,"FTA":2.2881355932,"FT%":77.7777777778,"PTS":2.7966101695,"OFF":1.0169491525,"DEF":4.3220338983,"REB":5.3389830509,"AST":1.2711864407,"TO":1.5254237288,"STL":0.2542372881,"BLK":0.2542372881,"STK":0.5084745763,"PF":3.3050847458,"Fls on:":2.7966101695,"+\/-":-1.5254237288,"GW":5.0,"GP":11.0},"A. Ronzone":{"TEAM":"AdU","MINS":4.630952381,"FGM":0.9254498715,"FGA":4.6272493573,"FG%":20.0,"2PM":0.9254498715,"2PA":4.6272493573,"2P%":20.0,"3PM":0.0,"3PA":0.0,"3P%":0.0,"FTM":0.0,"FTA":1.8508997429,"FT%":0.0,"PTS":1.8508997429,"OFF":0.0,"DEF":5.5526992288,"REB":5.5526992288,"AST":2.7763496144,"TO":0.9254498715,"STL":0.9254498715,"BLK":0.0,"STK":0.9254498715,"PF":3.7017994859,"Fls on:":1.8508997429,"+\/-":-7.4035989717,"GW":3.0,"GP":7.0},"J. Barcelona":{"TEAM":"AdU","MINS":2.9333333334,"FGM":0.0,"FGA":6.1363636363,"FG%":0.0,"2PM":0.0,"2PA":4.0909090909,"2P%":0.0,"3PM":0.0,"3PA":2.0454545454,"3P%":0.0,"FTM":0.0,"FTA":0.0,"FT%":0.0,"PTS":0.0,"OFF":4.0909090909,"DEF":2.0454545454,"REB":6.1363636363,"AST":2.0454545454,"TO":6.1363636363,"STL":2.0454545454,"BLK":0.0,"STK":2.0454545454,"PF":2.0454545454,"Fls on:":2.0454545454,"+\/-":-30.6818181815,"GW":2.0,"GP":5.0}}