{"J. Calisay":{"TEAM":"AdU","MINS":19.3854166667,"FGM":1.75,"FGA":6.375,"FG%":27.4509803922,"2PM":0.75,"2PA":3.375,"2P%":22.2222222222,"3PM":1.0,"3PA":3.0,"3P%":33.3333333333,"FTM":0.5,"FTA":1.125,"FT%":44.4444444444,"PTS":5.0,"OFF":0.75,"DEF":3.75,"REB":4.5,"AST":1.625,"TO":0.875,"STL":0.625,"BLK":0.125,"STK":0.75,"PF":1.625,"Fls on:":0.875,"+\/-":0.0,"GP":8.0},"J. Yerro":{"TEAM":"AdU","MINS":22.5395833333,"FGM":2.0,"FGA":6.375,"FG%":31.3725490196,"2PM":1.375,"2PA":3.375,"2P%":40.7407407407,"3PM":0.625,"3PA":3.0,"3P%":20.8333333333,"FTM":1.25,"FTA":1.625,"FT%":76.9230769231,"PTS":5.875,"OFF":0.625,"DEF":1.875,"REB":2.5,"AST":1.25,"TO":1.875,"STL":0.875,"BLK":0.0,"STK":0.875,"PF":2.375,"Fls on:":1.375,"+\/-":-3.375,"GP":8.0},"J. Barcelona":{"TEAM":"AdU","MINS":3.1111111111,"FGM":0.0,"FGA":1.0,"FG%":0.0,"2PM":0.0,"2PA":0.6666666667,"2P%":0.0,"3PM":0.0,"3PA":0.3333333333,"3P%":0.0,"FTM":0.0,"FTA":0.0,"FT%":0.0,"PTS":0.0,"OFF":0.3333333333,"DEF":0.0,"REB":0.3333333333,"AST":0.3333333333,"TO":1.0,"STL":0.0,"BLK":0.0,"STK":0.0,"PF":0.3333333333,"Fls on:":0.3333333333,"+\/-":-3.3333333333,"GP":3.0},"R. Mantua":{"TEAM":"AdU","MINS":15.29375,"FGM":1.875,"FGA":4.75,"FG%":39.4736842105,"2PM":1.125,"2PA":2.875,"2P%":39.1304347826,"3PM":0.75,"3PA":1.875,"3P%":40.0,"FTM":1.125,"FTA":1.25,"FT%":90.0,"PTS":5.625,"OFF":0.25,"DEF":1.625,"REB":1.875,"AST":1.125,"TO":1.25,"STL":0.25,"BLK":0.125,"STK":0.375,"PF":1.875,"Fls on:":0.875,"+\/-":-3.875,"GP":8.0},"F. Dignadice":{"TEAM":"AdU","MINS":1.4133333333,"FGM":0.2,"FGA":0.6,"FG%":33.3333333333,"2PM":0.2,"2PA":0.2,"2P%":100.0,"3PM":0.0,"3PA":0.4,"3P%":0.0,"FTM":0.0,"FTA":0.0,"FT%":0.0,"PTS":0.4,"OFF":0.2,"DEF":0.2,"REB":0.4,"AST":0.0,"TO":0.0,"STL":0.0,"BLK":0.0,"STK":0.0,"PF":0.4,"Fls on:":0.2,"+\/-":-1.8,"GP":5.0},"M. Barasi Jr":{"TEAM":"AdU","MINS":10.9625,"FGM":0.25,"FGA":1.625,"FG%":15.3846153846,"2PM":0.25,"2PA":1.625,"2P%":15.3846153846,"3PM":0.0,"3PA":0.0,"3P%":0.0,"FTM":0.875,"FTA":1.125,"FT%":77.7777777778,"PTS":1.375,"OFF":0.5,"DEF":1.5,"REB":2.0,"AST":0.375,"TO":0.5,"STL":0.125,"BLK":0.125,"STK":0.25,"PF":1.5,"Fls on:":1.25,"+\/-":-0.875,"GP":8.0},"M. Erolon":{"TEAM":"AdU","MINS":16.9,"FGM":2.5,"FGA":6.875,"FG%":36.3636363636,"2PM":1.5,"2PA":3.625,"2P%":41.3793103448,"3PM":1.0,"3PA":3.25,"3P%":30.7692307692,"FTM":0.25,"FTA":0.375,"FT%":66.6666666667,"PTS":6.25,"OFF":0.125,"DEF":1.125,"REB":1.25,"AST":2.625,"TO":1.25,"STL":1.0,"BLK":0.0,"STK":1.0,"PF":1.25,"Fls on:":1.25,"+\/-":0.75,"GP":8.0},"E. Ramos":{"TEAM":"AdU","MINS":9.1291666667,"FGM":0.625,"FGA":2.625,"FG%":23.8095238095,"2PM":0.5,"2PA":2.125,"2P%":23.5294117647,"3PM":0.125,"3PA":0.5,"3P%":25.0,"FTM":0.375,"FTA":0.75,"FT%":50.0,"PTS":1.75,"OFF":0.625,"DEF":1.125,"REB":1.75,"AST":0.25,"TO":0.5,"STL":0.125,"BLK":0.125,"STK":0.25,"PF":1.625,"Fls on:":1.75,"+\/-":-4.0,"GP":8.0},"A. Fransman":{"TEAM":"AdU","MINS":17.7979166667,"FGM":2.25,"FGA":7.25,"FG%":31.0344827586,"2PM":1.375,"2PA":4.25,"2P%":32.3529411765,"3PM":0.875,"3PA":3.0,"3P%":29.1666666667,"FTM":0.75,"FTA":0.75,"FT%":100.0,"PTS":6.125,"OFF":1.5,"DEF":5.0,"REB":6.5,"AST":0.75,"TO":1.125,"STL":1.125,"BLK":0.5,"STK":1.625,"PF":1.375,"Fls on:":1.125,"+\/-":-2.5,"GP":8.0},"A. Ignacio":{"TEAM":"AdU","MINS":1.6366666667,"FGM":0.0,"FGA":0.0,"FG%":0.0,"2PM":0.0,"2PA":0.0,"2P%":0.0,"3PM":0.0,"3PA":0.0,"3P%":0.0,"FTM":0.0,"FTA":0.0,"FT%":0.0,"PTS":0.0,"OFF":0.2,"DEF":0.0,"REB":0.2,"AST":0.0,"TO":0.0,"STL":0.0,"BLK":0.0,"STK":0.0,"PF":0.2,"Fls on:":0.0,"+\/-":-3.0,"GP":5.0},"C. Manzano":{"TEAM":"AdU","MINS":22.7875,"FGM":2.875,"FGA":7.5,"FG%":38.3333333333,"2PM":2.875,"2PA":7.5,"2P%":38.3333333333,"3PM":0.0,"3PA":0.0,"3P%":0.0,"FTM":2.5,"FTA":3.375,"FT%":74.0740740741,"PTS":8.25,"OFF":3.875,"DEF":4.375,"REB":8.25,"AST":1.875,"TO":3.0,"STL":0.5,"BLK":1.125,"STK":1.625,"PF":3.0,"Fls on:":3.25,"+\/-":2.25,"GP":8.0},"A. Ronzone":{"TEAM":"AdU","MINS":4.3791666667,"FGM":0.0,"FGA":0.25,"FG%":0.0,"2PM":0.0,"2PA":0.25,"2P%":0.0,"3PM":0.0,"3PA":0.0,"3P%":0.0,"FTM":0.0,"FTA":0.0,"FT%":0.0,"PTS":0.0,"OFF":0.0,"DEF":0.25,"REB":0.25,"AST":0.5,"TO":0.25,"STL":0.0,"BLK":0.0,"STK":0.0,"PF":0.5,"Fls on:":0.0,"+\/-":0.25,"GP":4.0},"M. Anabo":{"TEAM":"AdU","MINS":13.7375,"FGM":1.0,"FGA":3.5,"FG%":28.5714285714,"2PM":0.375,"2PA":0.875,"2P%":42.8571428571,"3PM":0.625,"3PA":2.625,"3P%":23.8095238095,"FTM":0.75,"FTA":1.5,"FT%":50.0,"PTS":3.375,"OFF":0.125,"DEF":2.25,"REB":2.375,"AST":1.0,"TO":0.5,"STL":0.25,"BLK":0.0,"STK":0.25,"PF":0.75,"Fls on:":1.375,"+\/-":-0.5,"GP":8.0},"C. Alexander":{"TEAM":"AdU","MINS":7.3027777778,"FGM":0.3333333333,"FGA":1.0,"FG%":33.3333333333,"2PM":0.0,"2PA":0.0,"2P%":0.0,"3PM":0.3333333333,"3PA":1.0,"3P%":33.3333333333,"FTM":0.1666666667,"FTA":0.3333333333,"FT%":50.0,"PTS":1.1666666667,"OFF":0.1666666667,"DEF":0.5,"REB":0.6666666667,"AST":0.6666666667,"TO":1.1666666667,"STL":0.1666666667,"BLK":0.0,"STK":0.1666666667,"PF":0.8333333333,"Fls on:":0.1666666667,"+\/-":1.6666666667,"GP":6.0},"M. Montebon":{"TEAM":"AdU","MINS":21.3916666667,"FGM":3.375,"FGA":9.125,"FG%":36.9863013699,"2PM":1.875,"2PA":4.875,"2P%":38.4615384615,"3PM":1.5,"3PA":4.25,"3P%":35.2941176471,"FTM":3.0,"FTA":4.0,"FT%":75.0,"PTS":11.25,"OFF":0.375,"DEF":2.5,"REB":2.875,"AST":2.875,"TO":2.125,"STL":1.125,"BLK":0.25,"STK":1.375,"PF":1.875,"Fls on:":3.0,"+\/-":-0.875,"GP":8.0},"M. Ojarikre":{"TEAM":"AdU","MINS":22.3541666667,"FGM":1.75,"FGA":3.375,"FG%":51.8518518519,"2PM":1.75,"2PA":3.375,"2P%":51.8518518519,"3PM":0.0,"3PA":0.0,"3P%":0.0,"FTM":0.75,"FTA":2.25,"FT%":33.3333333333,"PTS":4.25,"OFF":3.25,"DEF":6.125,"REB":9.375,"AST":0.0,"TO":1.5,"STL":0.125,"BLK":2.625,"STK":2.75,"PF":1.75,"Fls on:":2.0,"+\/-":-2.25,"GP":8.0}}