{"M. Montebon":{"TEAM":"AdU","MINS":20.9194444444,"FGM":3.0833333333,"FGA":8.75,"FG%":35.2380952381,"2PM":1.6666666667,"2PA":4.3333333333,"2P%":38.4615384615,"3PM":1.4166666667,"3PA":4.4166666667,"3P%":32.0754716981,"FTM":2.0,"FTA":2.8333333333,"FT%":70.5882352941,"PTS":9.5833333333,"OFF":0.3333333333,"DEF":2.4166666667,"REB":2.75,"AST":2.25,"TO":2.3333333333,"STL":1.1666666667,"BLK":0.1666666667,"STK":1.3333333333,"PF":1.4166666667,"Fls on:":2.5833333333,"+\/-":-4.25,"GW":5.0,"GP":12.0},"C. Manzano":{"TEAM":"AdU","MINS":22.9263888889,"FGM":3.25,"FGA":7.8333333333,"FG%":41.4893617021,"2PM":3.25,"2PA":7.8333333333,"2P%":41.4893617021,"3PM":0.0,"3PA":0.0,"3P%":0.0,"FTM":2.6666666667,"FTA":3.75,"FT%":71.1111111111,"PTS":9.1666666667,"OFF":3.5,"DEF":4.3333333333,"REB":7.8333333333,"AST":1.9166666667,"TO":3.0833333333,"STL":0.75,"BLK":1.0,"STK":1.75,"PF":2.8333333333,"Fls on:":3.4166666667,"+\/-":1.5833333333,"GW":5.0,"GP":12.0},"A. Fransman":{"TEAM":"AdU","MINS":19.2458333333,"FGM":3.0833333333,"FGA":9.0,"FG%":34.2592592593,"2PM":1.6666666667,"2PA":4.4166666667,"2P%":37.7358490566,"3PM":1.4166666667,"3PA":4.5833333333,"3P%":30.9090909091,"FTM":0.9166666667,"FTA":1.1666666667,"FT%":78.5714285714,"PTS":8.5,"OFF":1.1666666667,"DEF":5.75,"REB":6.9166666667,"AST":0.8333333333,"TO":1.6666666667,"STL":1.0,"BLK":0.3333333333,"STK":1.3333333333,"PF":1.25,"Fls on:":1.25,"+\/-":-2.5,"GW":5.0,"GP":12.0},"M. Erolon":{"TEAM":"AdU","MINS":17.5090909091,"FGM":2.6363636364,"FGA":6.8181818182,"FG%":38.6666666667,"2PM":1.2727272727,"2PA":2.9090909091,"2P%":43.75,"3PM":1.3636363636,"3PA":3.9090909091,"3P%":34.8837209302,"FTM":0.1818181818,"FTA":0.2727272727,"FT%":66.6666666667,"PTS":6.8181818182,"OFF":0.0909090909,"DEF":1.2727272727,"REB":1.3636363636,"AST":2.7272727273,"TO":1.5454545455,"STL":1.0,"BLK":0.0,"STK":1.0,"PF":1.3636363636,"Fls on:":1.3636363636,"+\/-":3.7272727273,"GW":5.0,"GP":11.0},"J. Yerro":{"TEAM":"AdU","MINS":22.1222222222,"FGM":1.6666666667,"FGA":5.75,"FG%":28.9855072464,"2PM":1.0833333333,"2PA":2.75,"2P%":39.3939393939,"3PM":0.5833333333,"3PA":3.0,"3P%":19.4444444444,"FTM":0.9166666667,"FTA":1.25,"FT%":73.3333333333,"PTS":4.8333333333,"OFF":0.5,"DEF":1.8333333333,"REB":2.3333333333,"AST":1.4166666667,"TO":2.0,"STL":0.5833333333,"BLK":0.0,"STK":0.5833333333,"PF":2.3333333333,"Fls on:":1.25,"+\/-":-1.25,"GW":5.0,"GP":12.0},"R. Mantua":{"TEAM":"AdU","MINS":15.6305555556,"FGM":1.5,"FGA":4.6666666667,"FG%":32.1428571429,"2PM":0.9166666667,"2PA":2.75,"2P%":33.3333333333,"3PM":0.5833333333,"3PA":1.9166666667,"3P%":30.4347826087,"FTM":1.0,"FTA":1.0833333333,"FT%":92.3076923077,"PTS":4.5833333333,"OFF":0.3333333333,"DEF":1.4166666667,"REB":1.75,"AST":0.9166666667,"TO":1.4166666667,"STL":0.3333333333,"BLK":0.0833333333,"STK":0.4166666667,"PF":1.5833333333,"Fls on:":1.0,"+\/-":-2.8333333333,"GW":5.0,"GP":12.0},"J. Calisay":{"TEAM":"AdU","MINS":19.5402777778,"FGM":1.4166666667,"FGA":5.9166666667,"FG%":23.9436619718,"2PM":0.5833333333,"2PA":2.5,"2P%":23.3333333333,"3PM":0.8333333333,"3PA":3.4166666667,"3P%":24.3902439024,"FTM":0.5,"FTA":1.0,"FT%":50.0,"PTS":4.1666666667,"OFF":0.5833333333,"DEF":3.5,"REB":4.0833333333,"AST":1.4166666667,"TO":1.0833333333,"STL":0.5833333333,"BLK":0.0833333333,"STK":0.6666666667,"PF":1.6666666667,"Fls on:":1.0833333333,"+\/-":0.25,"GW":5.0,"GP":12.0},"M. Ojarikre":{"TEAM":"AdU","MINS":21.5138888889,"FGM":1.3333333333,"FGA":2.9166666667,"FG%":45.7142857143,"2PM":1.3333333333,"2PA":2.9166666667,"2P%":45.7142857143,"3PM":0.0,"3PA":0.0,"3P%":0.0,"FTM":0.75,"FTA":2.1666666667,"FT%":34.6153846154,"PTS":3.4166666667,"OFF":3.3333333333,"DEF":5.1666666667,"REB":8.5,"AST":0.0833333333,"TO":1.6666666667,"STL":0.1666666667,"BLK":2.25,"STK":2.4166666667,"PF":1.8333333333,"Fls on:":2.0833333333,"+\/-":-2.0833333333,"GW":5.0,"GP":12.0},"M. Anabo":{"TEAM":"AdU","MINS":13.45,"FGM":0.9166666667,"FGA":3.6666666667,"FG%":25.0,"2PM":0.5,"2PA":1.25,"2P%":40.0,"3PM":0.4166666667,"3PA":2.4166666667,"3P%":17.2413793103,"FTM":0.5833333333,"FTA":1.1666666667,"FT%":50.0,"PTS":2.8333333333,"OFF":0.3333333333,"DEF":2.1666666667,"REB":2.5,"AST":0.9166666667,"TO":0.3333333333,"STL":0.4166666667,"BLK":0.0,"STK":0.4166666667,"PF":0.75,"Fls on:":1.0,"+\/-":-1.4166666667,"GW":5.0,"GP":12.0},"E. Ramos":{"TEAM":"AdU","MINS":9.5227272727,"FGM":0.6363636364,"FGA":2.2727272727,"FG%":28.0,"2PM":0.5454545455,"2PA":1.9090909091,"2P%":28.5714285714,"3PM":0.0909090909,"3PA":0.3636363636,"3P%":25.0,"FTM":0.2727272727,"FTA":0.7272727273,"FT%":37.5,"PTS":1.6363636364,"OFF":0.7272727273,"DEF":0.8181818182,"REB":1.5454545455,"AST":0.2727272727,"TO":0.6363636364,"STL":0.1818181818,"BLK":0.0909090909,"STK":0.2727272727,"PF":1.2727272727,"Fls on:":1.5454545455,"+\/-":-4.0909090909,"GW":5.0,"GP":11.0},"M. Barasi Jr":{"TEAM":"AdU","MINS":10.7272727273,"FGM":0.1818181818,"FGA":1.2727272727,"FG%":14.2857142857,"2PM":0.1818181818,"2PA":1.2727272727,"2P%":14.2857142857,"3PM":0.0,"3PA":0.0,"3P%":0.0,"FTM":0.6363636364,"FTA":0.8181818182,"FT%":77.7777777778,"PTS":1.0,"OFF":0.3636363636,"DEF":1.5454545455,"REB":1.9090909091,"AST":0.4545454545,"TO":0.5454545455,"STL":0.0909090909,"BLK":0.0909090909,"STK":0.1818181818,"PF":1.1818181818,"Fls on:":1.0,"+\/-":-0.5454545455,"GW":5.0,"GP":11.0},"C. Alexander":{"TEAM":"AdU","MINS":7.4203703704,"FGM":0.2222222222,"FGA":0.8888888889,"FG%":25.0,"2PM":0.0,"2PA":0.1111111111,"2P%":0.0,"3PM":0.2222222222,"3PA":0.7777777778,"3P%":28.5714285714,"FTM":0.1111111111,"FTA":0.2222222222,"FT%":50.0,"PTS":0.7777777778,"OFF":0.3333333333,"DEF":0.6666666667,"REB":1.0,"AST":0.6666666667,"TO":1.4444444444,"STL":0.1111111111,"BLK":0.0,"STK":0.1111111111,"PF":1.0,"Fls on:":0.1111111111,"+\/-":-0.2222222222,"GW":3.0,"GP":9.0},"A. Ignacio":{"TEAM":"AdU","MINS":2.2395833333,"FGM":0.125,"FGA":0.375,"FG%":33.3333333333,"2PM":0.125,"2PA":0.375,"2P%":33.3333333333,"3PM":0.0,"3PA":0.0,"3P%":0.0,"FTM":0.25,"FTA":0.25,"FT%":100.0,"PTS":0.5,"OFF":0.25,"DEF":0.125,"REB":0.375,"AST":0.0,"TO":0.125,"STL":0.0,"BLK":0.0,"STK":0.0,"PF":0.625,"Fls on:":0.125,"+\/-":-3.125,"GW":4.0,"GP":8.0},"A. Ronzone":{"TEAM":"AdU","MINS":4.630952381,"FGM":0.1428571429,"FGA":0.7142857143,"FG%":20.0,"2PM":0.1428571429,"2PA":0.7142857143,"2P%":20.0,"3PM":0.0,"3PA":0.0,"3P%":0.0,"FTM":0.0,"FTA":0.2857142857,"FT%":0.0,"PTS":0.2857142857,"OFF":0.0,"DEF":0.8571428571,"REB":0.8571428571,"AST":0.4285714286,"TO":0.1428571429,"STL":0.1428571429,"BLK":0.0,"STK":0.1428571429,"PF":0.5714285714,"Fls on:":0.2857142857,"+\/-":-1.1428571429,"GW":3.0,"GP":7.0},"F. Dignadice":{"TEAM":"AdU","MINS":1.7785714286,"FGM":0.1428571429,"FGA":0.5714285714,"FG%":25.0,"2PM":0.1428571429,"2PA":0.2857142857,"2P%":50.0,"3PM":0.0,"3PA":0.2857142857,"3P%":0.0,"FTM":0.0,"FTA":0.2857142857,"FT%":0.0,"PTS":0.2857142857,"OFF":0.1428571429,"DEF":0.1428571429,"REB":0.2857142857,"AST":0.0,"TO":0.0,"STL":0.0,"BLK":0.0,"STK":0.0,"PF":0.5714285714,"Fls on:":0.4285714286,"+\/-":-2.1428571429,"GW":3.0,"GP":7.0},"J. Barcelona":{"TEAM":"AdU","MINS":2.9333333334,"FGM":0.0,"FGA":0.6,"FG%":0.0,"2PM":0.0,"2PA":0.4,"2P%":0.0,"3PM":0.0,"3PA":0.2,"3P%":0.0,"FTM":0.0,"FTA":0.0,"FT%":0.0,"PTS":0.0,"OFF":0.4,"DEF":0.2,"REB":0.6,"AST":0.2,"TO":0.6,"STL":0.2,"BLK":0.0,"STK":0.2,"PF":0.2,"Fls on:":0.2,"+\/-":-3.0,"GW":2.0,"GP":5.0}}