{"C. Manzano":{"TEAM":"AdU","SP":50.0,"GP":11.0,"MPG":22.7696969697,"EWA":1.4733966308,"PER":22.6440373749,"WS":1.0096720367,"OWS":0.5468364957,"DWS":0.462835541,"EFF":12.3636363636,"GmSc":7.3272727273,"TS%":49.1493383743,"EFG%":41.8604651163,"PPWS":0.9829867675,"FTR":0.523255814,"REB%":16.6923830017,"OREB%":15.3637821373,"DREB%":17.9538545592,"AR":4.7043454001,"pAST%":24.2213068015,"hAST%":13.2241813602,"TOR":7.168526324,"hTO%":20.1511335013,"AST\/TO":0.65625,"STL\/TO":0.28125,"PPR":-7.3920865686,"USG%":26.1656751902,"STL%":null,"BLK%":18477508.6505165733,"aSP":49.4382022472,"ORtg":89.8736735576,"DRtg":82.7460298179,"Floor%":44.1815730223,"Stop%":0.6984705308,"FFI":50.8736481023,"PIE":9.4474153298,"AV":1.8964215708,"DRE\/100":4.3769138519,"DRE\/75":3.2826853889,"POS":446.3957939734},"M. Montebon":{"TEAM":"AdU","SP":43.3636363636,"GP":11.0,"MPG":21.2166666667,"EWA":1.0368923926,"PER":19.7501737165,"WS":0.8741594642,"OWS":0.5370898723,"DWS":0.3370695919,"EFF":7.7272727273,"GmSc":5.8363636364,"TS%":49.1167988464,"EFG%":44.2708333333,"PPWS":0.9823359769,"FTR":0.3541666667,"REB%":6.1773248528,"OREB%":1.6911168703,"DREB%":10.4368612741,"AR":6.2507675889,"pAST%":32.7738209781,"hAST%":16.0533465053,"TOR":6.0103534508,"hTO%":15.4359101013,"AST\/TO":1.04,"STL\/TO":0.56,"PPR":-3.3789457417,"USG%":27.7060096952,"STL%":null,"BLK%":3966007.284153962,"aSP":42.8764044944,"ORtg":90.6011729954,"DRtg":85.7128176504,"Floor%":39.5154473283,"Stop%":0.6314503103,"FFI":46.8564683447,"PIE":7.7243018419,"AV":1.333045274,"DRE\/100":4.559991398,"DRE\/75":3.4199935485,"POS":415.9489155582},"A. Fransman":{"TEAM":"AdU","SP":39.6363636364,"GP":11.0,"MPG":18.9742424242,"EWA":0.8138302695,"PER":18.6574135988,"WS":0.7060126099,"OWS":0.1679414873,"DWS":0.5380711226,"EFF":8.9090909091,"GmSc":5.0,"TS%":43.4243176179,"EFG%":40.6593406593,"PPWS":0.8684863524,"FTR":0.1428571429,"REB%":16.5777043674,"OREB%":6.1456764343,"DREB%":26.4826403628,"AR":1.8817882476,"pAST%":9.6888876908,"hAST%":5.846976278,"TOR":4.3012302801,"hTO%":13.3645172068,"AST\/TO":0.4375,"STL\/TO":0.6875,"PPR":-5.5852807374,"USG%":25.6848192759,"STL%":null,"BLK%":8869440.2299796753,"aSP":39.191011236,"ORtg":82.997406919,"DRtg":77.3794073802,"Floor%":34.8423280433,"Stop%":0.819703406,"FFI":43.5604211234,"PIE":8.972073678,"AV":1.4832018621,"DRE\/100":12.3590761892,"DRE\/75":9.2693071419,"POS":371.9865935538},"M. Erolon":{"TEAM":"AdU","SP":35.6,"GP":10.0,"MPG":17.155,"EWA":0.6415973854,"PER":18.3374045162,"WS":0.5920194582,"OWS":0.4173070223,"DWS":0.1747124359,"EFF":6.0,"GmSc":4.26,"TS%":47.7046460177,"EFG%":47.1830985915,"PPWS":0.9540929204,"FTR":0.0422535211,"REB%":3.9218080857,"OREB%":0.5751653924,"DREB%":7.0993572535,"AR":8.8308576433,"pAST%":47.3350168815,"hAST%":23.8263325097,"TOR":4.5789632224,"hTO%":12.3543946347,"AST\/TO":1.9285714286,"STL\/TO":0.6428571429,"PPR":2.3983565304,"USG%":23.9305882114,"STL%":null,"BLK%":0.0,"aSP":35.2,"ORtg":93.3378862738,"DRtg":88.8429456755,"Floor%":38.2523240549,"Stop%":0.5607402083,"FFI":43.4773345264,"PIE":5.4070112894,"AV":1.026583177,"DRE\/100":3.1906935062,"DRE\/75":2.3930201297,"POS":305.7460678311},"M. Ojarikre":{"TEAM":"AdU","SP":34.9090909091,"GP":11.0,"MPG":21.8272727273,"EWA":0.574885287,"PER":15.6326590044,"WS":0.4853994469,"OWS":-0.0580560876,"DWS":0.5434555346,"EFF":10.2727272727,"GmSc":4.9,"TS%":44.1429801895,"EFG%":45.7142857143,"PPWS":0.8828596038,"FTR":0.7428571429,"REB%":19.61475735,"OREB%":15.6161835746,"DREB%":23.4112979241,"AR":0.2336886835,"pAST%":0.9840386716,"hAST%":1.4827995255,"TOR":4.6737736705,"hTO%":29.6559905101,"AST\/TO":0.05,"STL\/TO":0.1,"PPR":-8.2824544085,"USG%":13.1604314721,"STL%":null,"BLK%":52043315.2852761224,"aSP":34.5168539326,"ORtg":75.5597862438,"DRtg":79.6914485668,"Floor%":38.9042553371,"Stop%":0.7674740189,"FFI":56.3833647259,"PIE":7.0707070707,"AV":1.6504012271,"DRE\/100":4.3282331386,"DRE\/75":3.2461748539,"POS":427.9197370231},"M. Anabo":{"TEAM":"AdU","SP":20.5454545455,"GP":11.0,"MPG":13.0924242424,"EWA":-0.0570446295,"PER":10.0238441946,"WS":0.2565108841,"OWS":0.0850174912,"DWS":0.1714933929,"EFF":2.9090909091,"GmSc":1.8,"TS%":37.0713623726,"EFG%":33.7837837838,"PPWS":0.7414272475,"FTR":0.3783783784,"REB%":7.6747476681,"OREB%":1.3702528373,"DREB%":13.6606996023,"AR":3.8959833062,"pAST%":16.5147352261,"hAST%":17.4947515745,"TOR":1.5583933225,"hTO%":6.9979006298,"AST\/TO":2.5,"STL\/TO":1.25,"PPR":1.9045854081,"USG%":15.5737681885,"STL%":null,"BLK%":0.0,"aSP":20.3146067416,"ORtg":83.9030784939,"DRtg":87.5760609432,"Floor%":37.3589449401,"Stop%":0.5893593408,"FFI":44.073641426,"PIE":2.7332144979,"AV":0.6406829831,"DRE\/100":4.7702383715,"DRE\/75":3.5776787786,"POS":256.6746111076},"R. Mantua":{"TEAM":"AdU","SP":22.9090909091,"GP":11.0,"MPG":15.8878787879,"EWA":-0.1946662791,"PER":8.581133582,"WS":0.1889095112,"OWS":0.0620479131,"DWS":0.1268615981,"EFF":3.3636363636,"GmSc":1.7363636364,"TS%":45.3910614525,"EFG%":39.4230769231,"PPWS":0.9078212291,"FTR":0.2307692308,"REB%":5.7744379115,"OREB%":2.258316759,"DREB%":9.1129024163,"AR":3.5315383296,"pAST%":16.0312393562,"hAST%":13.0517323208,"TOR":5.1367830248,"hTO%":18.9843379212,"AST\/TO":0.6875,"STL\/TO":0.25,"PPR":-5.1007961246,"USG%":19.9415780222,"STL%":null,"BLK%":2648102.2315478344,"aSP":22.6516853933,"ORtg":80.7349935973,"DRtg":90.9932784825,"Floor%":33.9508225284,"Stop%":0.5121638399,"FFI":43.3982368264,"PIE":1.9607843137,"AV":0.7143844592,"DRE\/100":-3.1405016795,"DRE\/75":-2.3553762597,"POS":311.4789922546},"J. Calisay":{"TEAM":"AdU","SP":29.7272727273,"GP":11.0,"MPG":19.8409090909,"EWA":-0.4664833475,"PER":6.5238647038,"WS":0.0448630879,"OWS":-0.2782220163,"DWS":0.3230851042,"EFF":4.1818181818,"GmSc":1.6181818182,"TS%":30.5397727273,"EFG%":29.5454545455,"PPWS":0.6107954545,"FTR":0.1515151515,"REB%":10.5690513831,"OREB%":3.1646614498,"DREB%":17.5993247724,"AR":4.3704334458,"pAST%":18.494749838,"hAST%":16.9322709163,"TOR":3.3420961645,"hTO%":12.9482071713,"AST\/TO":1.3076923077,"STL\/TO":0.5384615385,"PPR":-0.7854869469,"USG%":18.1737463626,"STL%":null,"BLK%":2120504.009163803,"aSP":29.393258427,"ORtg":67.3780892636,"DRtg":85.4476884959,"Floor%":27.972424916,"Stop%":0.6374396211,"FFI":38.8883173398,"PIE":3.0897207368,"AV":0.8411028006,"DRE\/100":2.6257649064,"DRE\/75":1.9693236798,"POS":388.9774369231},"A. Ignacio":{"TEAM":"AdU","SP":8.0,"GP":7.0,"MPG":2.4071428571,"EWA":-0.0498093982,"PER":4.8783447825,"WS":0.0286213929,"OWS":0.032808851,"DWS":-0.0041874581,"EFF":0.4285714286,"GmSc":0.1,"TS%":51.5463917526,"EFG%":33.3333333333,"PPWS":1.0309278351,"FTR":0.6666666667,"REB%":5.703994719,"OREB%":11.7115279596,"DREB%":0.0,"AR":0.0,"pAST%":0.0,"hAST%":0.0,"TOR":3.3298903807,"hTO%":20.4918032787,"AST\/TO":0.0,"STL\/TO":0.0,"PPR":-6.1044222966,"USG%":13.7737622135,"STL%":null,"BLK%":0.0,"aSP":7.9101123596,"ORtg":98.394151588,"DRtg":98.1556229824,"Floor%":44.0328114126,"Stop%":0.3503653107,"FFI":49.8431663301,"PIE":-0.3565062389,"AV":0.1085479551,"DRE\/100":-9.9303155006,"DRE\/75":-7.4477366254,"POS":30.0310186124},"M. Barasi Jr":{"TEAM":"AdU","SP":14.0,"GP":10.0,"MPG":11.37,"EWA":-0.4641977373,"PER":2.6138658571,"WS":0.0045950559,"OWS":-0.0955167134,"DWS":0.1001117693,"EFF":1.9,"GmSc":0.31,"TS%":32.429245283,"EFG%":15.3846153846,"PPWS":0.6485849057,"FTR":0.6923076923,"REB%":8.8758070858,"OREB%":3.4712268447,"DREB%":14.007313799,"AR":1.9739191879,"pAST%":7.4487584008,"hAST%":14.8367952522,"TOR":2.9608787818,"hTO%":22.2551928783,"AST\/TO":0.6666666667,"STL\/TO":0.1666666667,"PPR":-3.0155237672,"USG%":9.6038215863,"STL%":null,"BLK%":4070360.5980686634,"aSP":13.8426966292,"ORtg":65.5057606239,"DRtg":89.8569001081,"Floor%":31.4576191114,"Stop%":0.5378348125,"FFI":41.492487212,"PIE":0.4159239453,"AV":0.4333570897,"DRE\/100":-1.6125055115,"DRE\/75":-1.2093791336,"POS":202.6425410223},"F. Dignadice":{"TEAM":"AdU","SP":6.3333333333,"GP":6.0,"MPG":1.8972222222,"EWA":-0.1024125518,"PER":-7.2633876266,"WS":-0.0331588715,"OWS":-0.0376440273,"DWS":0.0044851558,"EFF":-0.1666666667,"GmSc":-0.3,