{"M. Montebon":{"TEAM":"AdU","MINS":20.758974359,"FGM":4.5578063241,"FGA":12.895256917,"FG%":35.3448275862,"2PM":2.2233201581,"2PA":6.0029644269,"2P%":37.037037037,"3PM":2.334486166,"3PA":6.8922924901,"3P%":33.8709677419,"FTM":2.8903162055,"FTA":4.0019762846,"FT%":72.2222222222,"PTS":14.3404150198,"OFF":0.4446640316,"DEF":3.557312253,"REB":4.0019762846,"AST":3.1126482213,"TO":3.1126482213,"STL":1.6674901186,"BLK":0.2223320158,"STK":1.8898221344,"PF":2.1121541502,"Fls on:":3.6684782609,"+\/-":-6.1141304348,"GW":5.0,"GP":13.0},"F. Dignadice":{"TEAM":"AdU","MINS":2.05625,"FGM":5.47112462,"FGA":12.7659574467,"FG%":42.8571428571,"2PM":3.6474164134,"2PA":5.47112462,"2P%":66.6666666667,"3PM":1.8237082067,"3PA":7.2948328267,"3P%":25.0,"FTM":0.0,"FTA":3.6474164134,"FT%":0.0,"PTS":12.7659574467,"OFF":1.8237082067,"DEF":3.6474164134,"REB":5.47112462,"AST":0.0,"TO":0.0,"STL":0.0,"BLK":0.0,"STK":0.0,"PF":7.2948328267,"Fls on:":5.47112462,"+\/-":-25.5319148935,"GW":3.0,"GP":8.0},"A. Fransman":{"TEAM":"AdU","MINS":19.2525641026,"FGM":4.5548378504,"FGA":13.7843777053,"FG%":33.0434782609,"2PM":2.3972830792,"2PA":6.5925284677,"2P%":36.3636363636,"3PM":2.1575547713,"3PA":7.1918492375,"3P%":30.0,"FTM":1.3185056935,"FTA":1.9178264633,"FT%":68.75,"PTS":12.5857361657,"OFF":2.2774189252,"DEF":8.5103549311,"REB":10.7877738563,"AST":1.4383698475,"TO":2.7568755411,"STL":1.4383698475,"BLK":0.7191849238,"STK":2.1575547713,"PF":1.9178264633,"Fls on:":1.7979623094,"+\/-":-6.4726643138,"GW":5.0,"GP":13.0},"C. Manzano":{"TEAM":"AdU","MINS":22.5269230769,"FGM":3.9952193956,"FGA":10.1417107734,"FG%":39.3939393939,"2PM":3.9952193956,"2PA":10.1417107734,"2P%":39.3939393939,"3PM":0.0,"3PA":0.0,"3P%":0.0,"FTM":3.3805702578,"FTA":4.8147515793,"FT%":70.2127659574,"PTS":11.371009049,"OFF":4.7123100563,"DEF":5.4294007171,"REB":10.1417107734,"AST":2.5610380741,"TO":4.0976609186,"STL":1.0244152296,"BLK":1.2292982756,"STK":2.2537135052,"PF":3.6878948267,"Fls on:":4.4049854875,"+\/-":1.2292982756,"GW":5.0,"GP":13.0},"M. Erolon":{"TEAM":"AdU","MINS":17.4222222222,"FGM":4.1613520408,"FGA":11.6230867347,"FG%":35.8024691358,"2PM":2.0089285714,"2PA":4.8788265306,"2P%":41.1764705882,"3PM":2.1524234694,"3PA":6.7442602041,"3P%":31.914893617,"FTM":0.2869897959,"FTA":0.4304846939,"FT%":66.6666666667,"PTS":10.7621173469,"OFF":0.143494898,"DEF":2.2959183673,"REB":2.4394132653,"AST":4.5918367347,"TO":2.4394132653,"STL":1.5784438776,"BLK":0.0,"STK":1.5784438776,"PF":2.2959183673,"Fls on:":2.2959183673,"+\/-":3.443877551,"GW":5.0,"GP":12.0},"R. Mantua":{"TEAM":"AdU","MINS":15.4371794872,"FGM":3.1392741467,"FGA":9.41782244,"FG%":33.3333333333,"2PM":1.793870941,"2PA":5.2321235778,"2P%":34.2857142857,"3PM":1.3454032057,"3PA":4.1856988622,"3P%":32.1428571429,"FTM":1.943360186,"FTA":2.3918279213,"FT%":81.25,"PTS":9.5673116851,"OFF":0.7474462254,"DEF":2.6908064114,"REB":3.4382526368,"AST":1.6443816959,"TO":2.6908064114,"STL":0.7474462254,"BLK":0.2989784902,"STK":1.0464247156,"PF":3.1392741467,"Fls on:":2.2423386762,"+\/-":-4.9331450876,"GW":5.0,"GP":13.0},"M. Anabo":{"TEAM":"AdU","MINS":13.3551282051,"FGM":2.2463281175,"FGA":8.4669290583,"FG%":26.5306122449,"2PM":1.209561294,"2PA":2.7647115292,"2P%":43.75,"3PM":1.0367668235,"3PA":5.702217529,"3P%":18.1818181818,"FTM":1.5551502352,"FTA":2.9375059998,"FT%":52.9411764706,"PTS":7.0845732937,"OFF":0.8639723529,"DEF":4.6654507056,"REB":5.5294230585,"AST":1.9007391763,"TO":1.0367668235,"STL":0.8639723529,"BLK":0.0,"STK":0.8639723529,"PF":1.7279447058,"Fls on:":2.4191225881,"+\/-":-4.492656235,"GW":5.0,"GP":13.0},"J. Yerro":{"TEAM":"AdU","MINS":22.1653846154,"FGM":2.2904737116,"FGA":8.1207704321,"FG%":28.2051282051,"2PM":1.5616866216,"2PA":3.6439354503,"2P%":42.8571428571,"3PM":0.7287870901,"3PA":4.4768349818,"3P%":16.2790697674,"FTM":1.1452368558,"FTA":1.5616866216,"FT%":73.3333333333,"PTS":6.4549713691,"OFF":0.8328995315,"DEF":2.6028110359,"REB":3.4357105674,"AST":2.0822488287,"TO":2.4986985945,"STL":0.7287870901,"BLK":0.0,"STK":0.7287870901,"PF":3.0192608017,"Fls on:":1.5616866216,"+\/-":-2.7069234774,"GW":5.0,"GP":13.0},"J. Barcelona":{"TEAM":"AdU","MINS":3.1111111111,"FGM":1.6071428571,"FGA":6.4285714285,"FG%":25.0,"2PM":1.6071428571,"2PA":4.8214285714,"2P%":33.3333333333,"3PM":0.0,"3PA":1.6071428571,"3P%":0.0,"FTM":3.2142857143,"FTA":6.4285714285,"FT%":50.0,"PTS":6.4285714285,"OFF":4.8214285714,"DEF":1.6071428571,"REB":6.4285714285,"AST":1.6071428571,"TO":4.8214285714,"STL":1.6071428571,"BLK":0.0,"STK":1.6071428571,"PF":1.6071428571,"Fls on:":4.8214285714,"+\/-":-22.4999999998,"GW":2.0,"GP":6.0},"J. Calisay":{"TEAM":"AdU","MINS":19.382051282,"FGM":2.0240772589,"FGA":9.1678793491,"FG%":22.0779220779,"2PM":0.8334435772,"2PA":3.8100277815,"2P%":21.875,"3PM":1.1906336817,"3PA":5.3578515677,"3P%":22.2222222222,"FTM":0.714380209,"FTA":1.428760418,"FT%":50.0,"PTS":5.9531684085,"OFF":0.9525069454,"DEF":5.595978304,"REB":6.5484852494,"AST":2.0240772589,"TO":1.6668871544,"STL":0.8334435772,"BLK":0.1190633682,"STK":0.9525069454,"PF":2.3812673634,"Fls on:":1.5478237862,"+\/-":-2.3812673634,"GW":5.0,"GP":13.0},"A. Ignacio":{"TEAM":"AdU","MINS":2.4351851852,"FGM":1.3688212928,"FGA":4.1064638783,"FG%":33.3333333333,"2PM":1.3688212928,"2PA":4.1064638783,"2P%":33.3333333333,"3PM":0.0,"3PA":0.0,"3P%":0.0,"FTM":2.7376425855,"FTA":2.7376425855,"FT%":100.0,"PTS":5.4752851711,"OFF":2.7376425855,"DEF":1.3688212928,"REB":4.1064638783,"AST":0.0,"TO":1.3688212928,"STL":0.0,"BLK":0.0,"STK":0.0,"PF":6.8441064639,"Fls on:":1.3688212928,"+\/-":-32.8517110266,"GW":4.0,"GP":9.0},"E. Ramos":{"TEAM":"AdU","MINS":9.4180555556,"FGM":2.1235805928,"FGA":7.1670845008,"FG%":29.6296296296,"2PM":1.8581330187,"2PA":6.1052942044,"2P%":30.4347826087,"3PM":0.2654475741,"3PA":1.0617902964,"3P%":25.0,"FTM":0.7963427223,"FTA":2.1235805928,"FT%":37.5,"PTS":5.3089514821,"OFF":2.1235805928,"DEF":2.654475741,"REB":4.7780563339,"AST":1.0617902964,"TO":1.8581330187,"STL":0.5308951482,"BLK":0.2654475741,"STK":0.7963427223,"PF":4.2471611857,"Fls on:":4.7780563339,"+\/-":-14.5996165757,"GW":5.0,"GP":12.0},"M. Ojarikre":{"TEAM":"AdU","MINS":21.3846153846,"FGM":1.726618705,"FGA":3.7769784173,"FG%":45.7142857143,"2PM":1.726618705,"2PA":3.7769784173,"2P%":45.7142857143,"3PM":0.0,"3PA":0.0,"3P%":0.0,"FTM":0.9712230216,"FTA":2.8057553957,"FT%":34.6153846154,"PTS":4.4244604317,"OFF":4.6402877698,"DEF":7.1223021583,"REB":11.7625899281,"AST":0.1079136691,"TO":2.2661870504,"STL":0.2158273381,"BLK":3.1294964029,"STK":3.345323741,"PF":2.4820143885,"Fls on:":2.6978417266,"+\/-":-3.7769784173,"GW":5.0,"GP":13.0},"C. Alexander":{"TEAM":"AdU","MINS":7.3183333333,"FGM":0.8198588021,"FGA":3.6893646094,"FG%":22.2222222222,"2PM":0.0,"2PA":0.409929401,"2P%":0.0,"3PM":0.8198588021,"3PA":3.2794352084,"3P%":25.0,"FTM":0.409929401,"FTA":0.8198588021,"FT%":50.0,"PTS":2.8695058073,"OFF":1.2297882031,"DEF":2.4595764063,"REB":3.6893646094,"AST":2.4595764063,"TO":5.7390116147,"STL":0.409929401,"BLK":0.0,"STK":0.409929401,"PF":3.6893646094,"Fls on:":0.409929401,"+\/-":-1.6397176042,"GW":3.0,"GP":10.0},"M. Barasi Jr":{"TEAM":"AdU","MINS":10.7416666667,"FGM":0.465477114,"FGA":3.9565554694,"FG%":11.7647058824,"2PM":0.465477114,"2PA":3.9565554694,"2P%":11.7647058824,"3PM":0.0,"3PA":0.0,"3P%":0.0,"FTM":1.6291698991,"FTA":2.0946470132,"FT%":77.7777777778,"PTS":2.5601241272,"OFF":1.1636927851,"DEF":4.1892940264,"REB":5.3529868115,"AST":1.1636927851,"TO":1.6291698991,"STL":0.232738557,"BLK":0.232738557,"STK":0.465477114,"PF":3.4910783553,"Fls on:":2.7928626843,"+\/-":-3.9565554694,"GW":5.0,"GP":12.0},"A. Ronzone":{"TEAM":"AdU","MINS":4.6270833333,"FGM":0.8104457452,"FGA":4.862674471,"FG%":16.6666666667,"2PM":0.8104457452,"2PA":4.862674471,"2P%":16.6666666667,"3PM":0.0,"3PA":0.0,"3P%":0.0,"FTM":0.0,"FTA":1.6208914903,"FT%":0.0,"PTS":1.6208914903,"OFF":0.0,"DEF":4.862674471,"REB":4.862674471,"AST":4.0522287258,"TO":0.8104457452,"STL":0.8104457452,"BLK":0.0,"STK":0.8104457452,"PF":3.2417829806,"Fls on:":1.6208914903,"+\/-":-11.3462404322,"GW":3.0,"GP":8.0}}