{"C. Manzano":{"TEAM":"AdU","SP":48.6666666667,"GP":9.0,"MPG":22.8611111111,"EWA":1.0833751539,"PER":21.4036406284,"WS":0.6605661619,"OWS":0.3601766246,"DWS":0.3003895374,"EFF":11.8888888889,"GmSc":7.1,"TS%":47.460844803,"EFG%":39.7058823529,"PPWS":0.9348524686,"FTR":0.5441176471,"REB%":16.0439056706,"OREB%":15.5283606911,"DREB%":16.5334786108,"AR":4.9467878485,"pAST%":23.8116811337,"TOR":6.8705386784,"AST\/TO":0.72,"PPR":-6.5293687625,"USG%":25.4479462372,"aSP":48.0,"ORtg":89.3924673489,"DRtg":86.8551995012,"Floor%":44.005138587,"Stop%":0.6661434518,"FFI":50.4321551157,"PIE":8.310626703,"AV":1.5842311141},"M. Montebon":{"TEAM":"AdU","SP":45.1111111111,"GP":9.0,"MPG":21.3351851852,"EWA":1.0550155372,"PER":21.8637352474,"WS":0.8081206158,"OWS":0.5870787615,"DWS":0.2210418543,"EFF":8.6666666667,"GmSc":6.7444444444,"TS%":49.9565595135,"EFG%":43.5897435897,"PPWS":0.9871244635,"FTR":0.4102564103,"REB%":5.6485998941,"OREB%":1.512633947,"DREB%":9.5762048363,"AR":7.0674531712,"pAST%":35.4268135684,"TOR":5.006112663,"AST\/TO":1.4117647059,"PPR":-0.5381814972,"USG%":27.2181184135,"aSP":44.4931506849,"ORtg":96.9594149609,"DRtg":89.2104205055,"Floor%":42.2581488557,"Stop%":0.6131935434,"FFI":47.6407422134,"PIE":8.242506812,"AV":1.24983205},"M. Ojarikre":{"TEAM":"AdU","SP":36.5555555556,"GP":9.0,"MPG":23.0166666667,"EWA":0.5601929812,"PER":16.2556161822,"WS":0.3935334193,"OWS":-0.0406959631,"DWS":0.4342293824,"EFF":11.2222222222,"GmSc":5.4666666667,"TS%":45.476892822,"EFG%":48.3870967742,"PPWS":0.892641737,"FTR":0.7096774194,"REB%":19.3502193233,"OREB%":14.0212854638,"DREB%":24.4106930387,"AR":0.0,"pAST%":0.0,"TOR":4.3674271454,"AST\/TO":0.0,"PPR":-7.9818347782,"USG%":13.1098221516,"aSP":36.0547945205,"ORtg":77.2633970178,"DRtg":82.0028510119,"Floor%":39.8514285759,"Stop%":0.7752335997,"FFI":56.7124003064,"PIE":7.9019073569,"AV":1.5171262948},"A. Fransman":{"TEAM":"AdU","SP":36.7777777778,"GP":9.0,"MPG":18.4462962963,"EWA":0.4924557901,"PER":16.7822696804,"WS":0.416212993,"OWS":0.0306485267,"DWS":0.3855644663,"EFF":8.4444444444,"GmSc":4.4666666667,"TS%":41.2565141865,"EFG%":38.6363636364,"PPWS":0.8222142084,"FTR":0.1060606061,"REB%":16.4751056251,"OREB%":6.9981149294,"DREB%":25.4746660591,"AR":2.0435731349,"pAST%":9.7117373071,"TOR":4.0871462697,"AST\/TO":0.5,"PPR":-4.9797321784,"USG%":23.3998970361,"aSP":36.2739726027,"ORtg":80.6634173804,"DRtg":80.2774168225,"Floor%":33.9540345855,"Stop%":0.8140246864,"FFI":42.4232909639,"PIE":7.6294277929,"AV":1.2257189472},"M. Erolon":{"TEAM":"AdU","SP":32.6666666667,"GP":9.0,"MPG":16.6907407407,"EWA":0.3957107478,"PER":16.1148758664,"WS":0.3301534615,"OWS":0.2067066127,"DWS":0.1234468488,"EFF":5.3333333333,"GmSc":3.7555555556,"TS%":45.5901856764,"EFG%":44.9152542373,"PPWS":0.9102192801,"FTR":0.0508474576,"REB%":3.7671683537,"OREB%":0.6445155406,"DREB%":6.7325086825,"AR":8.6576562728,"pAST%":43.4761593211,"TOR":4.8934578933,"AST\/TO":1.7692307692,"PPR":1.6051896594,"USG%":23.3860154218,"aSP":32.2191780822,"ORtg":88.4832005713,"DRtg":91.7224005315,"Floor%":37.2537526588,"Stop%":0.55671939,"FFI":42.6343521941,"PIE":4.9727520436,"AV":0.8683836407},"A. Ignacio":{"TEAM":"AdU","SP":8.6666666667,"GP":6.0,"MPG":2.1166666667,"EWA":-0.0401334026,"PER":4.4681780063,"WS":-0.007169063,"OWS":0.0006882477,"DWS":-0.0078573107,"EFF":0.3333333333,"GmSc":0.1,"TS%":50.0,"EFG%":50.0,"PPWS":1.0,"FTR":0.0,"REB%":7.4263972817,"OREB%":15.2467678941,"DREB%":0.0,"AR":0.0,"pAST%":0.0,"TOR":4.4523254585,"AST\/TO":0.0,"PPR":-8.136993476,"USG%":11.3179932319,"aSP":8.5479452055,"ORtg":80.0637090605,"DRtg":102.7084528412,"Floor%":38.8572248561,"Stop%":0.3097317562,"FFI":46.9362722142,"PIE":-0.136239782,"AV":0.0800853729},"M. Anabo":{"TEAM":"AdU","SP":20.5555555556,"GP":9.0,"MPG":13.1481481482,"EWA":-0.0432719267,"PER":10.0849867105,"WS":0.1695477782,"OWS":0.0900555497,"DWS":0.0794922285,"EFF":3.0,"GmSc":1.8555555556,"TS%":39.3081761006,"EFG%":35.9375,"PPWS":0.7761966365,"FTR":0.4375,"REB%":7.9703024348,"OREB%":1.6363432585,"DREB%":13.9851704686,"AR":4.3005701401,"pAST%":17.9983563145,"TOR":1.9113645067,"AST\/TO":2.25,"PPR":1.7465884588,"USG%":17.0704669075,"aSP":20.2739726027,"ORtg":86.4729584792,"DRtg":92.8666045954,"Floor%":38.3228601248,"Stop%":0.530995477,"FFI":45.786927525,"PIE":2.5885558583,"AV":0.5640317198},"R. Mantua":{"TEAM":"AdU","SP":22.8888888889,"GP":9.0,"MPG":15.3925925926,"EWA":-0.0460036949,"PER":10.1525257938,"WS":0.1648038734,"OWS":0.1162280198,"DWS":0.0485758536,"EFF":3.8888888889,"GmSc":2.0888888889,"TS%":49.5780590717,"EFG%":44.1860465116,"PPWS":0.9842931937,"FTR":0.2325581395,"REB%":5.7869075065,"OREB%":2.0966140162,"DREB%":9.2912920048,"AR":3.6734898935,"pAST%":16.9565307162,"TOR":5.3061520684,"AST\/TO":0.6923076923,"PPR":-5.2216943216,"USG%":20.8898129171,"aSP":22.5753424658,"ORtg":85.701450946,"DRtg":95.3156931396,"Floor%":36.5221499553,"Stop%":0.4759352454,"FFI":45.2555754838,"PIE":2.3160762943,"AV":0.6852226948},"F. Dignadice":{"TEAM":"AdU","SP":6.3333333333,"GP":6.0,"MPG":1.8972222222,"EWA":-0.1025757556,"PER":-7.2922051609,"WS":-0.0369560923,"OWS":-0.0383524622,"DWS":0.0013963699,"EFF":-0.1666666667,"GmSc":-0.3,"TS%":20.4918032787,"EFG%":25.0,"PPWS":0.404040404,"FTR":0.5,"REB%":8.2853802762,"OREB%":8.5051516363,"DREB%":8.0766805211,"AR":0.0,"pAST%":0.0,"TOR":0.0,"AST\/TO":null,"PPR":0.0,"USG%":20.5400863408,"aSP":6.2465753425,"ORtg":52.5136129198,"DRtg":97.0543903692,"Floor%":25.8363523492,"Stop%":0.43684598,"FFI":44.2010303273,"PIE":-0.7493188011,"AV":null},"A. Ronzone":{"TEAM":"AdU","SP":9.4,"GP":5.0,"MPG":4.5066666667,"EWA":-0.1570794464,"PER":-3.1916725136,"WS":-0.0705692169,"OWS":-0.0931620214,"DWS":0.0225928045,"EFF":0.0,"GmSc":-0.28,"TS%":0.0,"EFG%":0.0,"PPWS":0.0,"FTR":0.6666666667,"REB%":6.2783817256,"OREB%":0.0,"DREB%":12.2404721804,"AR":5.0187455612,"pAST%":17.8002470901,"TOR":2.5093727806,"AST\/TO":2.0,"PPR":1.5286955199,"USG%":10.3763897713,"aSP":9.2712328767,"ORtg":19.7680714635,"DRtg":90.3431375129,"Floor%":8.5458171172,"Stop%":0.5877278815,"FFI":34.3726568048,"PIE":-0.272479564,"AV":0.0},"J. Barcelona":{"TEAM":"AdU","SP":5.5,"GP":4.0,"MPG":3.4125,"EWA":-0.1697504122,"PER":-14.1762145417,"WS":-0.1232662664,"OWS":-0.1211869255,"DWS":-0.0020793409,"EFF":-0.5,"GmSc":-0.775,"TS%":0.0,"EFG%":0.0,"PPWS":0.0,"FTR":0.0,"REB%":10.3643126898,"OREB%":14.1856375277,"DREB%":6.7354979193,"AR":4.1424566537,"pAST%":14.6922674394,"TOR":12.4273699611,"AST\/TO":0.3333333333,"PPR":-17.6649260075,"USG%":21.0605881384,"aSP":5.4246575342,"ORtg":20.7118093652,"DRtg":99.1517297314,"Floor%":9.2686500134,"Stop%":0.389693748,"FFI":24.7302850153,"PIE":-0.5449591281,"AV":null},"J. Calisay":{"TEAM":"AdU","SP":30.0,"GP":9.0,"MPG":19.1518518518,"EWA":-0.1842409803,"PER":8.6715314031,"WS":0.1064788981,"OWS":-0.1090543999,"DWS":0.215533298,"EFF":4.7777777778,"GmSc":2.2333333333,"TS%":33.921302578,"EFG%":32.7272727273,"PPWS":0.6748207507,"FTR":0.1636363636,"REB%":10.3963817294,"OREB%":3.3701519441,"DREB%":17.0686452786,"AR":4.2646234763,"pAST%":18.0688023437,"TOR":2.9524316375,"AST\/TO":1.4444444444,"PPR":-0.1998449374,"USG%":18.8908710395,"aSP":29.5890410959,"ORtg":74.0767841939,"DRtg":88.4532812291,"Floor%":31.0173113195,"Stop%":0.6302154939,"FFI":40.4813770249,"PIE":3.4741144414,"AV":0.799617052},"C. Alexander":{"TEAM":"AdU","SP":9.5714285714,"GP":7.0,"MPG":7.0595238095,"EWA":-0.2632079009,"PER":0.1141406931,"WS":-0.1018143944,"OWS":-0.114088707,"DWS":0.0122743126,"EFF":0.5714285714,"GmSc":-0.1142857143,"TS%":44.4162436548,"EFG%":42.8571428571,"PPWS":0.8805031447,"FTR":0.2857142857,"REB%":4.7714289449,"OREB%":1.9591968188,"DREB%":7.4419869085,"AR":4.5769605388,"pAST%":17.6673456628,"TOR":8.0096809429,"AST\/TO":0.5714285714,"PPR":-9.0618389402,"USG%":14.4271776661,"aSP":9.4403131115,"ORtg":56.8776520772,"DRtg":96.0955945631,"Floor%":22.2814982092,"Stop%":0.458401558,"FFI":44.8179905566,"PIE":-0.204359673,"AV":0.1346870059},"E. Ramos":{"TEAM":"AdU","SP":13.8888888889,"GP":9.0,"MPG":8.9592592593,"EWA":-0.2748114158,"PER":3.9695955463,