{"M. Montebon":{"TEAM":"AdU","MINS":20.8273809524,"FGM":2.9285714286,"FGA":8.5,"FG%":34.4537815126,"2PM":1.4285714286,"2PA":4.0,"2P%":35.7142857143,"3PM":1.5,"3PA":4.5,"3P%":33.3333333333,"FTM":1.8571428571,"FTA":2.5714285714,"FT%":72.2222222222,"PTS":9.2142857143,"OFF":0.2857142857,"DEF":2.5,"REB":2.7857142857,"AST":2.5,"TO":2.1428571429,"STL":1.2142857143,"BLK":0.2142857143,"STK":1.4285714286,"PF":1.5,"Fls on:":2.4285714286,"+\/-":-4.2142857143,"GW":6.0,"GP":14.0},"C. Manzano":{"TEAM":"AdU","MINS":22.5071428571,"FGM":3.0,"FGA":7.4285714286,"FG%":40.3846153846,"2PM":3.0,"2PA":7.4285714286,"2P%":40.3846153846,"3PM":0.0,"3PA":0.0,"3P%":0.0,"FTM":2.3571428571,"FTA":3.3571428571,"FT%":70.2127659574,"PTS":8.3571428571,"OFF":3.4285714286,"DEF":4.0,"REB":7.4285714286,"AST":1.7857142857,"TO":3.0,"STL":0.7142857143,"BLK":0.8571428571,"STK":1.5714285714,"PF":2.7142857143,"Fls on:":3.2857142857,"+\/-":2.0,"GW":6.0,"GP":14.0},"A. Fransman":{"TEAM":"AdU","MINS":19.7380952381,"FGM":2.9285714286,"FGA":9.0,"FG%":32.5396825397,"2PM":1.5,"2PA":4.2857142857,"2P%":35.0,"3PM":1.4285714286,"3PA":4.7142857143,"3P%":30.303030303,"FTM":0.7857142857,"FTA":1.1428571429,"FT%":68.75,"PTS":8.0714285714,"OFF":1.3571428571,"DEF":5.5714285714,"REB":6.9285714286,"AST":1.0,"TO":1.8571428571,"STL":0.8571428571,"BLK":0.4285714286,"STK":1.2857142857,"PF":1.1428571429,"Fls on:":1.0714285714,"+\/-":-3.3571428571,"GW":6.0,"GP":14.0},"M. Erolon":{"TEAM":"AdU","MINS":17.5666666667,"FGM":2.5384615385,"FGA":6.9230769231,"FG%":36.6666666667,"2PM":1.1538461538,"2PA":2.7692307692,"2P%":41.6666666667,"3PM":1.3846153846,"3PA":4.1538461538,"3P%":33.3333333333,"FTM":0.1538461538,"FTA":0.2307692308,"FT%":66.6666666667,"PTS":6.6153846154,"OFF":0.0769230769,"DEF":1.4615384615,"REB":1.5384615385,"AST":2.7692307692,"TO":1.5384615385,"STL":0.9230769231,"BLK":0.0,"STK":0.9230769231,"PF":1.4615384615,"Fls on:":1.3846153846,"+\/-":3.3076923077,"GW":6.0,"GP":13.0},"R. Mantua":{"TEAM":"AdU","MINS":15.5904761905,"FGM":2.0,"FGA":5.0714285714,"FG%":39.4366197183,"2PM":1.3571428571,"2PA":3.0,"2P%":45.2380952381,"3PM":0.6428571429,"3PA":2.0714285714,"3P%":31.0344827586,"FTM":0.9285714286,"FTA":1.2142857143,"FT%":76.4705882353,"PTS":5.5714285714,"OFF":0.4285714286,"DEF":1.2857142857,"REB":1.7142857143,"AST":0.8571428571,"TO":1.5,"STL":0.5,"BLK":0.1428571429,"STK":0.6428571429,"PF":1.8571428571,"Fls on:":1.3571428571,"+\/-":-1.1428571429,"GW":6.0,"GP":14.0},"J. Yerro":{"TEAM":"AdU","MINS":22.1273809524,"FGM":1.7142857143,"FGA":6.0714285714,"FG%":28.2352941176,"2PM":1.1428571429,"2PA":2.7857142857,"2P%":41.0256410256,"3PM":0.5714285714,"3PA":3.2857142857,"3P%":17.3913043478,"FTM":0.7857142857,"FTA":1.2142857143,"FT%":64.7058823529,"PTS":4.7857142857,"OFF":0.5714285714,"DEF":2.0714285714,"REB":2.6428571429,"AST":1.5714285714,"TO":1.7142857143,"STL":0.5714285714,"BLK":0.0,"STK":0.5714285714,"PF":2.1428571429,"Fls on:":1.0714285714,"+\/-":-1.3571428571,"GW":6.0,"GP":14.0},"J. Calisay":{"TEAM":"AdU","MINS":18.7404761905,"FGM":1.3571428571,"FGA":5.7857142857,"FG%":23.4567901235,"2PM":0.5,"2PA":2.2857142857,"2P%":21.875,"3PM":0.8571428571,"3PA":3.5,"3P%":24.4897959184,"FTM":0.4285714286,"FTA":0.8571428571,"FT%":50.0,"PTS":4.0,"OFF":0.5714285714,"DEF":3.7142857143,"REB":4.2857142857,"AST":1.2142857143,"TO":1.0,"STL":0.5,"BLK":0.1428571429,"STK":0.6428571429,"PF":1.5714285714,"Fls on:":1.0,"+\/-":-1.2142857143,"GW":6.0,"GP":14.0},"M. Anabo":{"TEAM":"AdU","MINS":14.0607142857,"FGM":1.1428571429,"FGA":4.0,"FG%":28.5714285714,"2PM":0.5,"2PA":1.2142857143,"2P%":41.1764705882,"3PM":0.6428571429,"3PA":2.7857142857,"3P%":23.0769230769,"FTM":0.9285714286,"FTA":1.7142857143,"FT%":54.1666666667,"PTS":3.8571428571,"OFF":0.3571428571,"DEF":2.0714285714,"REB":2.4285714286,"AST":0.9285714286,"TO":0.6428571429,"STL":0.4285714286,"BLK":0.0,"STK":0.4285714286,"PF":0.7857142857,"Fls on:":1.2857142857,"+\/-":-1.3571428571,"GW":6.0,"GP":14.0},"M. Ojarikre":{"TEAM":"AdU","MINS":21.1095238095,"FGM":1.2142857143,"FGA":2.5714285714,"FG%":47.2222222222,"2PM":1.2142857143,"2PA":2.5714285714,"2P%":47.2222222222,"3PM":0.0,"3PA":0.0,"3P%":0.0,"FTM":0.6428571429,"FTA":1.9285714286,"FT%":33.3333333333,"PTS":3.0714285714,"OFF":3.4285714286,"DEF":4.8571428571,"REB":8.2857142857,"AST":0.1428571429,"TO":1.5714285714,"STL":0.1428571429,"BLK":2.1428571429,"STK":2.2857142857,"PF":1.8571428571,"Fls on:":1.8571428571,"+\/-":-2.3571428571,"GW":6.0,"GP":14.0},"E. Ramos":{"TEAM":"AdU","MINS":9.3858974359,"FGM":0.7692307692,"FGA":2.3846153846,"FG%":32.2580645161,"2PM":0.6923076923,"2PA":2.0769230769,"2P%":33.3333333333,"3PM":0.0769230769,"3PA":0.3076923077,"3P%":25.0,"FTM":0.2307692308,"FTA":0.6153846154,"FT%":37.5,"PTS":1.8461538462,"OFF":0.6153846154,"DEF":0.7692307692,"REB":1.3846153846,"AST":0.3076923077,"TO":0.5384615385,"STL":0.2307692308,"BLK":0.0769230769,"STK":0.3076923077,"PF":1.2307692308,"Fls on:":1.3846153846,"+\/-":-4.5384615385,"GW":6.0,"GP":13.0},"M. Barasi Jr":{"TEAM":"AdU","MINS":10.2192307692,"FGM":0.1538461538,"FGA":1.3076923077,"FG%":11.7647058824,"2PM":0.1538461538,"2PA":1.3076923077,"2P%":11.7647058824,"3PM":0.0,"3PA":0.0,"3P%":0.0,"FTM":0.5384615385,"FTA":0.6923076923,"FT%":77.7777777778,"PTS":0.8461538462,"OFF":0.3846153846,"DEF":1.3846153846,"REB":1.7692307692,"AST":0.4615384615,"TO":0.6153846154,"STL":0.0769230769,"BLK":0.0769230769,"STK":0.1538461538,"PF":1.1538461538,"Fls on:":0.9230769231,"+\/-":-1.4615384615,"GW":6.0,"GP":13.0},"F. Dignadice":{"TEAM":"AdU","MINS":1.912962963,"FGM":0.3333333333,"FGA":0.7777777778,"FG%":42.8571428571,"2PM":0.2222222222,"2PA":0.3333333333,"2P%":66.6666666667,"3PM":0.1111111111,"3PA":0.4444444444,"3P%":25.0,"FTM":0.0,"FTA":0.2222222222,"FT%":0.0,"PTS":0.7777777778,"OFF":0.1111111111,"DEF":0.2222222222,"REB":0.3333333333,"AST":0.0,"TO":0.0,"STL":0.0,"BLK":0.0,"STK":0.0,"PF":0.4444444444,"Fls on:":0.3333333333,"+\/-":-1.5555555556,"GW":4.0,"GP":9.0},"C. Alexander":{"TEAM":"AdU","MINS":6.7227272727,"FGM":0.1818181818,"FGA":0.8181818182,"FG%":22.2222222222,"2PM":0.0,"2PA":0.0909090909,"2P%":0.0,"3PM":0.1818181818,"3PA":0.7272727273,"3P%":25.0,"FTM":0.0909090909,"FTA":0.1818181818,"FT%":50.0,"PTS":0.6363636364,"OFF":0.2727272727,"DEF":0.5454545455,"REB":0.8181818182,"AST":0.5454545455,"TO":1.3636363636,"STL":0.0909090909,"BLK":0.0,"STK":0.0909090909,"PF":0.8181818182,"Fls on:":0.0909090909,"+\/-":-0.3636363636,"GW":4.0,"GP":11.0},"J. Barcelona":{"TEAM":"AdU","MINS":2.9976190476,"FGM":0.1428571429,"FGA":0.5714285714,"FG%":25.0,"2PM":0.1428571429,"2PA":0.4285714286,"2P%":33.3333333333,"3PM":0.0,"3PA":0.1428571429,"3P%":0.0,"FTM":0.2857142857,"FTA":0.5714285714,"FT%":50.0,"PTS":0.5714285714,"OFF":0.4285714286,"DEF":0.1428571429,"REB":0.5714285714,"AST":0.1428571429,"TO":0.5714285714,"STL":0.1428571429,"BLK":0.0,"STK":0.1428571429,"PF":0.2857142857,"Fls on:":0.4285714286,"+\/-":-1.4285714286,"GW":3.0,"GP":7.0},"A. Ignacio":{"TEAM":"AdU","MINS":2.4533333333,"FGM":0.1,"FGA":0.3,"FG%":33.3333333333,"2PM":0.1,"2PA":0.3,"2P%":33.3333333333,"3PM":0.0,"3PA":0.0,"3P%":0.0,"FTM":0.2,"FTA":0.2,"FT%":100.0,"PTS":0.4,"OFF":0.2,"DEF":0.1,"REB":0.3,"AST":0.0,"TO":0.1,"STL":0.0,"BLK":0.0,"STK":0.0,"PF":0.5,"Fls on:":0.1,"+\/-":-2.6,"GW":5.0,"GP":10.0},"A. Ronzone":{"TEAM":"AdU","MINS":4.1981481482,"FGM":0.1111111111,"FGA":0.6666666667,"FG%":16.6666666667,"2PM":0.1111111111,"2PA":0.6666666667,"2P%":16.6666666667,"3PM":0.0,"3PA":0.0,"3P%":0.0,"FTM":0.0,"FTA":0.2222222222,"FT%":0.0,"PTS":0.2222222222,"OFF":0.0,"DEF":0.6666666667,"REB":0.6666666667,"AST":0.5555555556,"TO":0.1111111111,"STL":0.2222222222,"BLK":0.0,"STK":0.2222222222,"PF":0.4444444444,"Fls on:":0.2222222222,"+\/-":-1.5555555556,"GW":4.0,"GP":9.0}}