{"M. Montebon":{"TEAM":"AdU","SP":48.25,"GP":8.0,"MPG":21.3916666667,"EWA":1.0531553529,"PER":23.1895496263,"WS":0.8366108935,"OWS":0.6245408141,"DWS":0.2120700794,"EFF":9.5,"GmSc":7.2625,"TS%":51.6766192007,"EFG%":45.2054794521,"PPWS":1.0204081633,"FTR":0.4383561644,"REB%":6.2310117385,"OREB%":1.7006901604,"DREB%":10.3776175545,"AR":7.6354129298,"pAST%":38.4081800432,"TOR":5.6435660786,"AST\/TO":1.3529411765,"PPR":-1.0095082039,"USG%":29.0811478368,"aSP":47.5076923077,"ORtg":98.7327896915,"DRtg":89.0238251449,"Floor%":42.8869458581,"Stop%":0.6017820898,"FFI":48.586780759,"PIE":8.843537415,"AV":1.2257189472},"C. Manzano":{"TEAM":"AdU","SP":47.375,"GP":8.0,"MPG":22.7875,"EWA":0.7220238376,"PER":18.7808771996,"WS":0.4795266038,"OWS":0.1957245571,"DWS":0.2838020467,"EFF":11.5,"GmSc":6.225,"TS%":45.9098497496,"EFG%":38.3333333333,"PPWS":0.9062821833,"FTR":0.45,"REB%":16.7850488644,"OREB%":16.4973268599,"DREB%":17.0484009724,"AR":4.6745939543,"pAST%":21.5665022451,"TOR":7.4793503268,"AST\/TO":0.625,"PPR":-7.9604401165,"USG%":25.1489713981,"aSP":46.6461538462,"ORtg":85.6490816909,"DRtg":86.6509934744,"Floor%":41.6230705543,"Stop%":0.6555823213,"FFI":48.5129611236,"PIE":7.2562358277,"AV":1.4145606597},"M. Ojarikre":{"TEAM":"AdU","SP":37.125,"GP":8.0,"MPG":22.3541666667,"EWA":0.6137875607,"PER":17.7186747267,"WS":0.4818878661,"OWS":0.0746260704,"DWS":0.4072617956,"EFF":11.75,"GmSc":5.8625,"TS%":48.6827033219,"EFG%":51.8518518519,"PPWS":0.9563994374,"FTR":0.6666666667,"REB%":19.4436652206,"OREB%":14.1046862611,"DREB%":24.3304355797,"AR":0.0,"pAST%":0.0,"TOR":3.8121684005,"AST\/TO":0.0,"PPR":-6.9555021164,"USG%":12.5455123446,"aSP":36.5538461538,"ORtg":84.2661772374,"DRtg":81.2673373248,"Floor%":43.1685773369,"Stop%":0.7776482692,"FFI":57.6086358928,"PIE":8.5411942555,"AV":1.4375620371},"A. Fransman":{"TEAM":"AdU","SP":38.25,"GP":8.0,"MPG":17.7979166667,"EWA":0.5402126319,"PER":18.4460849132,"WS":0.4667663541,"OWS":0.0773229501,"DWS":0.389443404,"EFF":8.875,"GmSc":4.825,"TS%":40.4023746702,"EFG%":37.0689655172,"PPWS":0.8052588332,"FTR":0.1034482759,"REB%":16.9320495478,"OREB%":8.1763720319,"DREB%":24.9461259626,"AR":2.3940399706,"pAST%":11.0523854732,"TOR":3.5910599559,"AST\/TO":0.6666666667,"PPR":-3.6400433937,"USG%":23.3872133064,"aSP":37.6615384615,"ORtg":83.2792948043,"DRtg":77.8464256941,"Floor%":34.9557892265,"Stop%":0.8552120677,"FFI":42.1168197622,"PIE":7.8609221466,"AV":1.164727868},"M. Erolon":{"TEAM":"AdU","SP":33.875,"GP":8.0,"MPG":16.9,"EWA":0.3650374991,"PER":16.2469628194,"WS":0.3417308157,"OWS":0.2213633419,"DWS":0.1203674738,"EFF":5.375,"GmSc":3.9,"TS%":44.3892045455,"EFG%":43.6363636364,"PPWS":0.8861320337,"FTR":0.0545454545,"REB%":3.4291671239,"OREB%":0.7175660161,"DREB%":5.9110970996,"AR":8.8243333507,"pAST%":43.1743421053,"TOR":4.2020635003,"AST\/TO":2.1,"PPR":3.0667545081,"USG%":23.455608069,"aSP":33.3538461538,"ORtg":90.2428794216,"DRtg":91.6308314818,"Floor%":38.0954347273,"Stop%":0.5426723155,"FFI":42.3657246009,"PIE":4.9130763416,"AV":0.799617052},"R. Mantua":{"TEAM":"AdU","SP":25.125,"GP":8.0,"MPG":15.29375,"EWA":0.1383190585,"PER":13.0923441568,"WS":0.3041523582,"OWS":0.2350239423,"DWS":0.0691284159,"EFF":4.75,"GmSc":2.7875,"TS%":53.0660377358,"EFG%":47.3684210526,"PPWS":1.0526315789,"FTR":0.2631578947,"REB%":5.683981142,"OREB%":1.5858590171,"DREB%":9.4349945623,"AR":4.1790526091,"pAST%":19.1017289514,"TOR":4.6433917878,"AST\/TO":0.9,"PPR":-3.3888451941,"USG%":20.4788791687,"aSP":24.7384615385,"ORtg":94.1136500213,"DRtg":94.0612729531,"Floor%":39.790545467,"Stop%":0.4875658723,"FFI":47.0510606986,"PIE":3.2501889645,"AV":0.7288168465},"J. Calisay":{"TEAM":"AdU","SP":33.0,"GP":8.0,"MPG":19.3854166667,"EWA":0.0135551518,"PER":10.9956852564,"WS":0.2482054291,"OWS":0.0246106811,"DWS":0.2235947481,"EFF":5.75,"GmSc":2.9625,"TS%":36.3901018923,"EFG%":35.2941176471,"PPWS":0.723654455,"FTR":0.1764705882,"REB%":10.7622410911,"OREB%":3.7533985099,"DREB%":17.1774385356,"AR":4.7623085276,"pAST%":20.0819915632,"TOR":2.5643199764,"AST\/TO":1.8571428571,"PPR":1.1139849798,"USG%":19.1040370738,"aSP":32.4923076923,"ORtg":80.9135181116,"DRtg":87.5103441111,"Floor%":33.848201611,"Stop%":0.6360978952,"FFI":41.8743055902,"PIE":4.4595616024,"AV":0.8411028006},"F. Dignadice":{"TEAM":"AdU","SP":10.6,"GP":5.0,"MPG":1.4133333333,"EWA":-0.0139843074,"PER":6.8423880324,"WS":0.0077019719,"OWS":0.003290835,"DWS":0.004411137,"EFF":0.4,"GmSc":0.1,"TS%":33.3333333333,"EFG%":33.3333333333,"PPWS":0.6666666667,"FTR":0.0,"REB%":13.1214168438,"OREB%":13.7285271754,"DREB%":12.5657284256,"AR":0.0,"pAST%":0.0,"TOR":0.0,"AST\/TO":null,"PPR":0.0,"USG%":20.2995083146,"aSP":10.4369230769,"ORtg":83.3864288519,"DRtg":93.6188586004,"Floor%":40.8856339274,"Stop%":0.4975969229,"FFI":41.0790387684,"PIE":-0.0755857899,"AV":0.0800853729},"A. Ignacio":{"TEAM":"AdU","SP":9.4,"GP":5.0,"MPG":1.6366666667,"EWA":-0.0305327609,"PER":3.3205071886,"WS":0.0047009374,"OWS":0.0092044488,"DWS":-0.0045035114,"EFF":0.2,"GmSc":0.06,"TS%":0.0,"EFG%":0.0,"PPWS":0.0,"FTR":0.0,"REB%":5.6654590039,"OREB%":11.8551843634,"DREB%":0.0,"AR":0.0,"pAST%":0.0,"TOR":0.0,"AST\/TO":null,"PPR":0.0,"USG%":0.0,"aSP":9.2553846154,"ORtg":221.8471923903,"DRtg":102.394697981,"Floor%":100.0,"Stop%":0.2986185478,"FFI":27.3710368727,"PIE":-0.0755857899,"AV":0.0476190476},"M. Anabo":{"TEAM":"AdU","SP":21.625,"GP":8.0,"MPG":13.7375,"EWA":-0.0490430892,"PER":9.9230335832,"WS":0.1831765441,"OWS":0.0812263351,"DWS":0.1019502089,"EFF":3.25,"GmSc":1.9375,"TS%":40.5649038462,"EFG%":37.5,"PPWS":0.8011869436,"FTR":0.4285714286,"REB%":8.0153271227,"OREB%":0.8827563728,"DREB%":14.5437730276,"AR":4.1355340145,"pAST%":16.7380178324,"TOR":2.0677670072,"AST\/TO":2.0,"PPR":1.2575832863,"USG%":16.2202327402,"aSP":21.2923076923,"ORtg":86.7085164035,"DRtg":91.3516034646,"Floor%":37.6501085105,"Stop%":0.5490033723,"FFI":46.0881809513,"PIE":2.947845805,"AV":0.5482904939},"A. Ronzone":{"TEAM":"AdU","SP":13.5,"GP":4.0,"MPG":4.3791666667,"EWA":-0.1112478888,"PER":-1.9454570757,"WS":-0.0319819158,"OWS":-0.0297267115,"DWS":-0.0022552043,"EFF":0.25,"GmSc":-0.2,"TS%":0.0,"EFG%":0.0,"PPWS":0.0,"FTR":0.0,"REB%":2.6467558239,"OREB%":0.0,"DREB%":5.0693328758,"AR":6.4866106783,"pAST%":22.4894040308,"TOR":3.2433053392,"AST\/TO":2.0,"PPR":1.9725271622,"USG%":5.459556946,"aSP":13.2923076923,"ORtg":41.3725751216,"DRtg":99.244773187,"Floor%":17.7772783726,"Stop%":0.3700381454,"FFI":24.1891736652,"PIE":-0.1511715797,"AV":0.0476190476},"J. Barcelona":{"TEAM":"AdU","SP":16.0,"GP":3.0,"MPG":3.1111111111,"EWA":-0.1779319974,"PER":-27.4989265838,"WS":-0.1380432329,"OWS":-0.132806105,"DWS":-0.0052371279,"EFF":-1.3333333333,"GmSc":-1.3666666667,"TS%":0.0,"EFG%":0.0,"PPWS":0.0,"FTR":0.0,"REB%":4.9673935194,"OREB%":10.3944562899,"DREB%":0.0,"AR":6.0869891276,"pAST%":21.1038961037,"TOR":18.2609673827,"AST\/TO":0.3333333333,"PPR":-25.9140755932,"USG%":30.7392554477,"aSP":15.7538461538,"ORtg":14.8712441526,"DRtg":102.4753443719,"Floor%":6.5375191235,"Stop%":0.2967900176,"FFI":22.5136494123,"PIE":-0.8314436886,"AV":null},"C. Alexander":{"TEAM":"AdU","SP":13.3333333333,"GP":6.0,"MPG":7.3027777778,"EWA":-0.2202035188,"PER":0.718613781,"WS":-0.0851519404,"OWS":-0.0997504154,"DWS":0.014598475,"EFF":0.6666666667,"GmSc":-0.0666666667,"TS%":50.8720930233,"EFG%":50.0,"PPWS":1.0071942446,"FTR":0.3333333333,"REB%":4.232393109,"OREB%":2.2141101264,"DREB%":6.0797286258,"AR":5.1863277466,"pAST%":19.757589574,"TOR":9.0760735565,"AST\/TO":0.5714285714,"PPR":-10.2512889376,"USG%":15.1470828417,"aSP":13.1282051282,"ORtg":59.3373020437,"DRtg":95.7934635337,"Floor%":23.2685512773,"Stop%":0.4482911714,"FFI":48.1738036362,"PIE":-0.2267573696,"AV":0.1346870059},"M. Barasi Jr":{"TEAM":"AdU","SP":14.125,"GP":8.0,"MPG":10.9625,"EWA":-0.3267677656,"PER":3.3307957947,"WS":0.0106491238,"OWS":-0.0544377416,"DWS":0.0650868654,"EFF":1.875,"GmSc":0.4125,"TS%":32.429245283,"EFG%":15.3846153846,"PPWS":0.6367583213,"FTR":0.6923076923,"REB%":8.4583515649,"OREB%":4.4248540649,"DREB%":12.1502140307,