{"C. Manzano":{"TEAM":"AdU","SP":49.8333333333,"GP":12.0,"MPG":22.9263888889,"EWA":1.4513706373,"PER":21.4237013907,"WS":1.0567611896,"OWS":0.4881167494,"DWS":0.5686444402,"EFF":11.9166666667,"GmSc":6.875,"TS%":48.3304042179,"EFG%":41.4893617021,"PPWS":0.9666080844,"FTR":0.4787234043,"REB%":16.6210146767,"OREB%":15.2662506815,"DREB%":17.9043360393,"AR":4.6893837503,"pAST%":23.956909777,"hAST%":13.2336018412,"TOR":7.5437912505,"hTO%":21.2888377445,"AST\/TO":0.6216216216,"STL\/TO":0.2432432432,"PPR":-8.0812143455,"USG%":26.1030184901,"STL%":null,"BLK%":118.579942033,"aSP":49.3195876289,"ORtg":87.0835275956,"DRtg":80.5914386808,"Floor%":42.7102434103,"Stop%":0.702074607,"FFI":49.9438980684,"PIE":9.3181818182,"AV":1.9691678355,"DRE\/100":2.8848798663,"DRE\/75":2.1636598997,"POS":40.8724636055},"A. Fransman":{"TEAM":"AdU","SP":43.4166666667,"GP":12.0,"MPG":19.2458333333,"EWA":1.1370220504,"PER":20.7157104191,"WS":0.9315780487,"OWS":0.2565573856,"DWS":0.6750206631,"EFF":9.75,"GmSc":5.525,"TS%":44.6741415557,"EFG%":42.1296296296,"PPWS":0.8934828311,"FTR":0.1296296296,"REB%":17.4826275753,"OREB%":6.0619181641,"DREB%":28.3010730137,"AR":2.428772699,"pAST%":13.1006372042,"hAST%":6.9367369589,"TOR":4.8575453979,"hTO%":13.8734739179,"AST\/TO":0.5,"STL\/TO":0.6,"PPR":-5.9240974659,"USG%":27.663770524,"STL%":null,"BLK%":47.0856872132,"aSP":42.9690721649,"ORtg":83.8193343878,"DRtg":74.3371911624,"Floor%":35.0750878888,"Stop%":0.8438604287,"FFI":43.7942935796,"PIE":10.5681818182,"AV":1.6940261168,"DRE\/100":13.5526847314,"DRE\/75":10.1645135486,"POS":34.3108819399},"M. Montebon":{"TEAM":"AdU","SP":42.5833333333,"GP":12.0,"MPG":20.9194444444,"EWA":0.9716550687,"PER":18.5999496272,"WS":0.8994217362,"OWS":0.4828821807,"DWS":0.4165395555,"EFF":7.0833333333,"GmSc":5.275,"TS%":47.9326442147,"EFG%":43.3333333333,"PPWS":0.9586528843,"FTR":0.3238095238,"REB%":6.3948318199,"OREB%":1.5934138893,"DREB%":10.9430499768,"AR":6.0330539691,"pAST%":31.3270517086,"hAST%":15.4320987654,"TOR":6.2565004124,"hTO%":16.003657979,"AST\/TO":0.9642857143,"STL\/TO":0.5,"PPR":-4.0876154521,"USG%":28.0685010264,"STL%":null,"BLK%":21.6593535956,"aSP":42.1443298969,"ORtg":87.8324600149,"DRtg":83.570089594,"Floor%":37.8751572305,"Stop%":0.6345476238,"FFI":45.9450338652,"PIE":7.3863636364,"AV":1.333045274,"DRE\/100":3.4730271595,"DRE\/75":2.6047703696,"POS":37.2945445463},"M. Erolon":{"TEAM":"AdU","SP":36.5454545455,"GP":11.0,"MPG":17.5090909091,"EWA":0.7410926075,"PER":18.5541440345,"WS":0.7251525169,"OWS":0.4675885066,"DWS":0.2575640103,"EFF":6.0909090909,"GmSc":4.3272727273,"TS%":49.1352201258,"EFG%":48.6666666667,"PPWS":0.9827044025,"FTR":0.04,"REB%":3.7886244403,"OREB%":0.5192107996,"DREB%":6.8856275961,"AR":8.7371503867,"pAST%":45.7924453481,"hAST%":24.3269542653,"TOR":4.9510518858,"hTO%":13.7852740837,"AST\/TO":1.7647058824,"STL\/TO":0.6470588235,"PPR":1.5983298011,"USG%":23.0740982595,"STL%":null,"BLK%":0.0,"aSP":36.1686972821,"ORtg":93.1135309445,"DRtg":85.923068852,"Floor%":37.6811312083,"Stop%":0.5812048201,"FFI":43.9327458551,"PIE":5.8522727273,"AV":1.1151590348,"DRE\/100":3.260967683,"DRE\/75":2.4457257623,"POS":31.2146707628},"M. Ojarikre":{"TEAM":"AdU","SP":33.9166666667,"GP":12.0,"MPG":21.5138888889,"EWA":0.5392724691,"PER":15.0185964994,"WS":0.5922092012,"OWS":-0.0283111847,"DWS":0.6205203859,"EFF":9.75,"GmSc":4.625,"TS%":44.1429801895,"EFG%":45.7142857143,"PPWS":0.8828596038,"FTR":0.7428571429,"REB%":19.2196991232,"OREB%":15.493867011,"DREB%":22.7490518076,"AR":0.2172724551,"pAST%":0.9034405251,"hAST%":1.4827995255,"TOR":4.3454491013,"hTO%":29.6559905101,"AST\/TO":0.05,"STL\/TO":0.1,"PPR":-7.6843652,"USG%":12.2556329838,"STL%":null,"BLK%":284.3220130446,"aSP":33.5670103093,"ORtg":76.3340155692,"DRtg":78.1314471874,"Floor%":39.1643999042,"Stop%":0.7578434128,"FFI":56.4409825554,"PIE":6.9886363636,"AV":1.6940261168,"DRE\/100":3.9942334388,"DRE\/75":2.9956750791,"POS":38.3543018871},"M. Anabo":{"TEAM":"AdU","SP":21.9166666667,"GP":12.0,"MPG":13.45,"EWA":-0.102879845,"PER":9.5387825989,"WS":0.2854939333,"OWS":0.0443126776,"DWS":0.2411812557,"EFF":3.0,"GmSc":1.7083333333,"TS%":33.8915470494,"EFG%":30.6818181818,"PPWS":0.677830941,"FTR":0.3181818182,"REB%":9.0419958761,"OREB%":2.478314746,"DREB%":15.2595453841,"AR":3.8229092956,"pAST%":16.1284471344,"hAST%":16.8815224064,"TOR":1.3901488348,"hTO%":6.1387354205,"AST\/TO":2.75,"STL\/TO":1.25,"PPR":2.1192229085,"USG%":15.9801707566,"STL%":null,"BLK%":0.0,"aSP":21.6907216495,"ORtg":80.1706991079,"DRtg":84.7757526472,"Floor%":35.8384732719,"Stop%":0.607214851,"FFI":42.193580286,"PIE":2.8409090909,"AV":0.6998542122,"DRE\/100":4.6213248249,"DRE\/75":3.4659936187,"POS":23.9782478679},"R. Mantua":{"TEAM":"AdU","SP":22.6666666667,"GP":12.0,"MPG":15.6305555556,"EWA":-0.2615832343,"PER":8.0168244125,"WS":0.2192836704,"OWS":0.0477823346,"DWS":0.1715013358,"EFF":3.0,"GmSc":1.525,"TS%":44.5560596241,"EFG%":38.3928571429,"PPWS":0.8911211925,"FTR":0.2321428571,"REB%":5.4464085343,"OREB%":2.1325750844,"DREB%":8.5854890483,"AR":3.2895906894,"pAST%":14.8562273629,"hAST%":12.2603655818,"TOR":5.0839128836,"hTO%":18.9478377173,"AST\/TO":0.6470588235,"STL\/TO":0.2352941176,"PPR":-5.2883782188,"USG%":19.986452482,"STL%":null,"BLK%":14.4940991584,"aSP":22.4329896907,"ORtg":79.4488806689,"DRtg":89.0137433555,"Floor%":33.5590990025,"Stop%":0.5111382258,"FFI":42.9948225103,"PIE":1.6477272727,"AV":0.6998542122,"DRE\/100":-4.0098831297,"DRE\/75":-3.0074123473,"POS":27.8656754962},"J. Calisay":{"TEAM":"AdU","SP":29.8333333333,"GP":12.0,"MPG":19.5402777778,"EWA":-0.4057777436,"PER":7.3416578375,"WS":0.2094640048,"OWS":-0.1772592877,"DWS":0.3867232925,"EFF":4.25,"GmSc":1.7333333333,"TS%":32.7739905611,"EFG%":30.985915493,"PPWS":0.6554798112,"FTR":0.1690140845,"REB%":10.1655453246,"OREB%":2.9852868008,"DREB%":16.9671574028,"AR":4.0666966801,"pAST%":17.3352555014,"hAST%":15.9954836282,"TOR":3.109826873,"hTO%":12.2318404215,"AST\/TO":1.3076923077,"STL\/TO":0.5384615385,"PPR":-0.7293537084,"USG%":18.132116164,"STL%":null,"BLK%":11.5940430683,"aSP":29.5257731959,"ORtg":71.2012949857,"DRtg":83.6434757758,"Floor%":29.7168469966,"Stop%":0.6328839352,"FFI":39.7491781067,"PIE":3.0681818182,"AV":0.908779114,"DRE\/100":2.6756526612,"DRE\/75":2.0067394959,"POS":34.8358084731},"A. Ignacio":{"TEAM":"AdU","SP":9.125,"GP":8.0,"MPG":2.2395833333,"EWA":-0.0454625007,"PER":5.7197417817,"WS":0.0409421066,"OWS":0.0338211719,"DWS":0.0071209347,"EFF":0.5,"GmSc":0.125,"TS%":51.5463917526,"EFG%":33.3333333333,"PPWS":1.0309278351,"FTR":0.6666666667,"REB%":8.1453663315,"OREB%":11.1627906977,"DREB%":5.2870639535,"AR":0.0,"pAST%":0.0,"hAST%":0.0,"TOR":3.1307444921,"hTO%":20.4918032787,"AST\/TO":0.0,"STL\/TO":0.0,"PPR":-5.7272245524,"USG%":12.9708637834,"STL%":null,"BLK%":0.0,"aSP":9.0309278351,"ORtg":98.337575383,"DRtg":92.7909456823,"Floor%":43.9590469051,"Stop%":0.4255078228,"FFI":49.7832053498,"PIE":-0.2272727273,"AV":0.1346870059,"DRE\/100":-6.1976806661,"DRE\/75":-4.6482604996,"POS":3.9926605418},"M. Barasi Jr":{"TEAM":"AdU","SP":14.4545454545,"GP":11.0,"MPG":10.7272727273,"EWA":-0.4789156702,"PER":2.662199177,"WS":0.027619477,"OWS":-0.1016391397,"DWS":0.1292586167,"EFF":1.7272727273,"GmSc":0.2818181818,"TS%":30.6236080178,"EFG%":14.2857142857,"PPWS":0.6124721604,"FTR":0.6428571429,"REB%":8.657327916,"OREB%":3.3898305085,"DREB%":13.6470471398,"AR":2.3768010798,"pAST%":8.9437191119,"hAST%":17.2651933702,"TOR":2.8521612957,"hTO%":20.7182320442,"AST\/TO":0.8333333333,"STL\/TO":0.1666666667,"PPR":-2.3189327284,"USG%":9.6696576153,"STL%":null,"BLK%":23.0390666566,"aSP":14.305529522,"ORtg":64.8580159064,"DRtg":87.6906417289,"Floor%":31.0008130972,"Stop%":0.5411333692,"FFI":40.3220686349,"PIE":0.3977272727,"AV":0.4333570897,"DRE\/100":-1.9459224994,"DRE\/75":-1.4594418746,"POS":19.1242531153},"A. Ronzone":{"TEAM":"AdU","SP":10.8571428571,"GP":7.0,"MPG":4.630952381,"EWA":-0.1390266208,"PER":2.1996347213,"WS":-0.0064007269,"OWS":-0.0615892581,"DWS":0.0551885312,"EFF":0.7142857143,"GmSc":0.0571428571,