{"C. Manzano":{"TEAM":"AdU","SP":50.0,"GP":11.0,"MPG":22.7696969697,"EWA":1.4400927394,"PER":22.3767729816,"WS":1.0041058972,"OWS":0.5177357673,"DWS":0.4863701298,"EFF":12.3636363636,"GmSc":7.3272727273,"TS%":49.1493383743,"EFG%":41.8604651163,"PPWS":0.9829867675,"FTR":0.523255814,"REB%":16.6923830017,"OREB%":15.3637821373,"DREB%":17.9538545592,"AR":4.7043454001,"pAST%":24.2213068015,"TOR":7.168526324,"AST\/TO":0.65625,"PPR":-7.3876932926,"USG%":26.1656751902,"aSP":49.4382022472,"ORtg":89.8736735576,"DRtg":82.7460298179,"Floor%":44.1815730223,"Stop%":0.6984705308,"FFI":50.8736481023,"PIE":9.4474153298,"AV":1.8964215708},"M. Montebon":{"TEAM":"AdU","SP":43.3636363636,"GP":11.0,"MPG":21.2166666667,"EWA":1.0000561385,"PER":19.4329236811,"WS":0.8693559741,"OWS":0.5100684415,"DWS":0.3592875326,"EFF":7.7272727273,"GmSc":5.8363636364,"TS%":49.1167988464,"EFG%":44.2708333333,"PPWS":0.9823359769,"FTR":0.3541666667,"REB%":6.1773248528,"OREB%":1.6911168703,"DREB%":10.4368612741,"AR":6.2507675889,"pAST%":32.7738209781,"TOR":6.0103534508,"AST\/TO":1.04,"PPR":-3.3769375616,"USG%":27.7060096952,"aSP":42.8764044944,"ORtg":90.6011729954,"DRtg":85.7128176504,"Floor%":39.5154473283,"Stop%":0.6314503103,"FFI":46.8564683447,"PIE":7.7243018419,"AV":1.333045274},"A. Fransman":{"TEAM":"AdU","SP":39.6363636364,"GP":11.0,"MPG":18.9742424242,"EWA":0.7853055247,"PER":18.3827123119,"WS":0.7045270977,"OWS":0.1473111352,"DWS":0.5572159625,"EFF":8.9090909091,"GmSc":5.0,"TS%":43.4243176179,"EFG%":40.6593406593,"PPWS":0.8684863524,"FTR":0.1428571429,"REB%":16.5777043674,"OREB%":6.1456764343,"DREB%":26.4826403628,"AR":1.8817882476,"pAST%":9.6888876908,"TOR":4.3012302801,"AST\/TO":0.4375,"PPR":-5.581961285,"USG%":25.6848192759,"aSP":39.191011236,"ORtg":82.997406919,"DRtg":77.3794073802,"Floor%":34.8423280433,"Stop%":0.819703406,"FFI":43.5604211234,"PIE":8.972073678,"AV":1.4832018621},"M. Erolon":{"TEAM":"AdU","SP":35.6,"GP":10.0,"MPG":17.155,"EWA":0.6162118653,"PER":18.0399699747,"WS":0.5911078361,"OWS":0.3998401724,"DWS":0.1912676637,"EFF":6.0,"GmSc":4.26,"TS%":47.7046460177,"EFG%":47.1830985915,"PPWS":0.9540929204,"FTR":0.0422535211,"REB%":3.9218080857,"OREB%":0.5751653924,"DREB%":7.0993572535,"AR":8.8308576433,"pAST%":47.3350168815,"TOR":4.5789632224,"AST\/TO":1.9285714286,"PPR":2.3969311355,"USG%":23.9305882114,"aSP":35.2,"ORtg":93.3378862738,"DRtg":88.8429456755,"Floor%":38.2523240549,"Stop%":0.5607402083,"FFI":43.4773345264,"PIE":5.4070112894,"AV":1.026583177},"M. Ojarikre":{"TEAM":"AdU","SP":34.9090909091,"GP":11.0,"MPG":21.8272727273,"EWA":0.5623442237,"PER":15.5276713437,"WS":0.4939686313,"OWS":-0.071741768,"DWS":0.5657103993,"EFF":10.2727272727,"GmSc":4.9,"TS%":44.1429801895,"EFG%":45.7142857143,"PPWS":0.8828596038,"FTR":0.7428571429,"REB%":19.61475735,"OREB%":15.6161835746,"DREB%":23.4112979241,"AR":0.2336886835,"pAST%":0.9840386716,"TOR":4.6737736705,"AST\/TO":0.05,"PPR":-8.2775319678,"USG%":13.1604314721,"aSP":34.5168539326,"ORtg":75.5597862438,"DRtg":79.6914485668,"Floor%":38.9042553371,"Stop%":0.7674740189,"FFI":56.3833647259,"PIE":7.0707070707,"AV":1.6504012271},"M. Anabo":{"TEAM":"AdU","SP":20.5454545455,"GP":11.0,"MPG":13.0924242424,"EWA":-0.0700594705,"PER":9.8421997289,"WS":0.2614634121,"OWS":0.0761478986,"DWS":0.1853155134,"EFF":2.9090909091,"GmSc":1.8,"TS%":37.0713623726,"EFG%":33.7837837838,"PPWS":0.7414272475,"FTR":0.3783783784,"REB%":7.6747476681,"OREB%":1.3702528373,"DREB%":13.6606996023,"AR":3.8959833062,"pAST%":16.5147352261,"TOR":1.5583933225,"AST\/TO":2.5,"PPR":1.9034534721,"USG%":15.5737681885,"aSP":20.3146067416,"ORtg":83.9030784939,"DRtg":87.5760609432,"Floor%":37.3589449401,"Stop%":0.5893593408,"FFI":44.073641426,"PIE":2.7332144979,"AV":0.6406829831},"R. Mantua":{"TEAM":"AdU","SP":22.9090909091,"GP":11.0,"MPG":15.8878787879,"EWA":-0.2126480517,"PER":8.3743243344,"WS":0.1920606389,"OWS":0.0481767777,"DWS":0.1438838612,"EFF":3.3636363636,"GmSc":1.7363636364,"TS%":45.3910614525,"EFG%":39.4230769231,"PPWS":0.9078212291,"FTR":0.2307692308,"REB%":5.7744379115,"OREB%":2.258316759,"DREB%":9.1129024163,"AR":3.5315383296,"pAST%":16.0312393562,"TOR":5.1367830248,"AST\/TO":0.6875,"PPR":-5.0977646118,"USG%":19.9415780222,"aSP":22.6516853933,"ORtg":80.7349935973,"DRtg":90.9932784825,"Floor%":33.9508225284,"Stop%":0.5121638399,"FFI":43.3982368264,"PIE":1.9607843137,"AV":0.7143844592},"J. Calisay":{"TEAM":"AdU","SP":29.7272727273,"GP":11.0,"MPG":19.8409090909,"EWA":-0.4859967052,"PER":6.3441540548,"WS":0.0509930051,"OWS":-0.2928452418,"DWS":0.3438382468,"EFF":4.1818181818,"GmSc":1.6181818182,"TS%":30.5397727273,"EFG%":29.5454545455,"PPWS":0.6107954545,"FTR":0.1515151515,"REB%":10.5690513831,"OREB%":3.1646614498,"DREB%":17.5993247724,"AR":4.3704334458,"pAST%":18.494749838,"TOR":3.3420961645,"AST\/TO":1.3076923077,"PPR":-0.7850201151,"USG%":18.1737463626,"aSP":29.393258427,"ORtg":67.3780892636,"DRtg":85.4476884959,"Floor%":27.972424916,"Stop%":0.6374396211,"FFI":38.8883173398,"PIE":3.0897207368,"AV":0.8411028006},"A. Ignacio":{"TEAM":"AdU","SP":8.0,"GP":7.0,"MPG":2.4071428571,"EWA":-0.0509875698,"PER":4.7378032406,"WS":0.0292558613,"OWS":0.0317518356,"DWS":-0.0024959742,"EFF":0.4285714286,"GmSc":0.1,"TS%":51.5463917526,"EFG%":33.3333333333,"PPWS":1.0309278351,"FTR":0.6666666667,"REB%":5.703994719,"OREB%":11.7115279596,"DREB%":0.0,"AR":0.0,"pAST%":0.0,"TOR":3.3298903807,"AST\/TO":0.0,"PPR":-6.1007943072,"USG%":13.7737622135,"aSP":7.9101123596,"ORtg":98.394151588,"DRtg":98.1556229824,"Floor%":44.0328114126,"Stop%":0.3503653107,"FFI":49.8431663301,"PIE":-0.3565062389,"AV":0.1085479551},"M. Barasi Jr":{"TEAM":"AdU","SP":14.0,"GP":10.0,"MPG":11.37,"EWA":-0.469780638,"PER":2.5151707797,"WS":0.0113886242,"OWS":-0.0997436727,"DWS":0.1111322969,"EFF":1.9,"GmSc":0.31,"TS%":32.429245283,"EFG%":15.3846153846,"PPWS":0.6485849057,"FTR":0.6923076923,"REB%":8.8758070858,"OREB%":3.4712268447,"DREB%":14.007313799,"AR":1.9739191879,"pAST%":7.4487584008,"TOR":2.9608787818,"AST\/TO":0.6666666667,"PPR":-3.0137315765,"USG%":9.6038215863,"aSP":13.8426966292,"ORtg":65.5057606239,"DRtg":89.8569001081,"Floor%":31.4576191114,"Stop%":0.5378348125,"FFI":41.492487212,"PIE":0.4159239453,"AV":0.4333570897},"F. Dignadice":{"TEAM":"AdU","SP":6.3333333333,"GP":6.0,"MPG":1.8972222222,"EWA":-0.1032052251,"PER":-7.4033530646,"WS":-0.0327909336,"OWS":-0.0383963981,"DWS":0.0056054645,"EFF":-0.1666666667,"GmSc":-0.3,"TS%":20.4918032787,"EFG%":25.0,"PPWS":0.4098360656,"FTR":0.5,"REB%":8.4432484054,"OREB%":8.6679024649,"DREB%":8.2299452878,"AR":0.0,"pAST%":0.0,"TOR":0.0,"AST\/TO":null,"PPR":0.0,"USG%":20.3883947258,"aSP":6.2621722846,"ORtg":52.3050001694,"DRtg":93.4327593324,"Floor%":25.7224112666,"Stop%":0.45705557,"FFI":44.233580493,"PIE":-0.6535947712,"AV":null},"A. Ronzone":{"TEAM":"AdU","SP":8.8333333333,"GP":6.0,"MPG":4.3777777778,"EWA":-0.1537924448,"PER":-0.9486350496,"WS":-0.0460505651,"OWS":-0.0834482372,"DWS":0.0373976721,"EFF":0.3333333333,"GmSc":-0.1333333333,"TS%":0.0,"EFG%":0.0,"PPWS":0.0,"FTR":0.6666666667,"REB%":7.3181962702,"OREB%":0.0,"DREB%":14.2666310446,"AR":6.4083486832,"pAST%":23.3141619708,"TOR":2.1361162277,"AST\/TO":3.0,"PPR":3.9136440638,"USG%":8.8358335011,"aSP":8.734082397,"ORtg":28.6232109444,"DRtg":86.5659150361,"Floor%":12.2831889486,"Stop%":0.6121787014,"FFI":34.4659709431,"PIE":-0.118835413,"AV":0.0800853729},"E. Ramos":{"TEAM":"AdU","SP":14.6,"GP":10.0,"MPG":9.3333333333,"EWA":-0.3372717432,"PER":3.556612101,"WS":-0.056188463,"OWS":-0.1355171729,"DWS":0.0793287099,"EFF":1.2,"GmSc":0.32,"TS%":31.556802244,"EFG%":30.0,"PPWS":0.6311360449,"FTR":0.32,"REB%":8.7530854675,"OREB%":8.4573962623,"DREB%":9.0338345865,"AR":1.8034924151,"pAST%":7.7473643486,"TOR":3.6069848302,"AST\/TO":0.5,"PPR":-4.4056450318,"USG%":17.5900338333,"aSP":14.4359550562,"ORtg":66.3099317179,"DRtg":90.7967181095,"Floor%":32.3998021674,"Stop%":0.5166041707,"FFI":42.5897330449,"PIE":-0.6535947712,"AV":0.3070199805},"J. Yerro":{"TEAM":"AdU","SP":26.3636363636,"GP":11.0,"MPG":22.0060606061,"EWA":-0.7936481579,