{"K. Quiambao":{"TEAM":"DLSU","SP":86.8181818182,"GP":11.0,"MPG":29.9378787879,"EWA":2.8830494873,"PER":28.4168302123,"WS":2.5080777713,"OWS":1.7903654988,"DWS":0.7177122724,"EFF":19.8181818182,"GmSc":13.8,"TS%":54.6740994854,"EFG%":50.303030303,"PPWS":1.0934819897,"FTR":0.296969697,"REB%":13.7273189553,"OREB%":5.0598701133,"DREB%":21.7416199213,"AR":7.5589349851,"pAST%":31.2192536269,"TOR":5.826679051,"AST\/TO":1.2972972973,"PPR":-1.4425996508,"USG%":28.9860697047,"aSP":85.8426966292,"ORtg":107.3111305117,"DRtg":80.9946109916,"Floor%":46.200088969,"Stop%":0.6600967855,"FFI":49.1310618357,"PIE":18.1479758027,"AV":2.7016126146},"M. Phillips":{"TEAM":"DLSU","SP":73.8181818182,"GP":11.0,"MPG":22.8651515151,"EWA":2.2422218152,"PER":28.738756273,"WS":1.7227398679,"OWS":0.8602215852,"DWS":0.8625182827,"EFF":17.2727272727,"GmSc":10.6363636364,"TS%":47.9066022544,"EFG%":44.5,"PPWS":0.9581320451,"FTR":0.55,"REB%":23.777443299,"OREB%":18.7059007951,"DREB%":28.4668125389,"AR":5.5671135417,"pAST%":21.2386032901,"TOR":6.185681713,"AST\/TO":0.9,"PPR":-4.5331908821,"USG%":26.1774022857,"aSP":72.9887640449,"ORtg":97.1902669305,"DRtg":71.7792359874,"Floor%":47.8906744673,"Stop%":0.8758150655,"FFI":53.2447597308,"PIE":12.3778501629,"AV":2.436946001},"V. David":{"TEAM":"DLSU","SP":57.0,"GP":11.0,"MPG":21.5121212121,"EWA":1.0862358955,"PER":20.0466550922,"WS":1.3173504399,"OWS":0.8029352938,"DWS":0.5144151461,"EFF":11.9090909091,"GmSc":6.7727272727,"TS%":51.9521410579,"EFG%":50.0,"PPWS":1.0390428212,"FTR":0.1333333333,"REB%":12.7359766746,"OREB%":4.9706076366,"DREB%":19.9161753369,"AR":10.7387378829,"pAST%":35.7508051651,"TOR":4.1640004036,"AST\/TO":2.5789473684,"PPR":5.4875211839,"USG%":14.8899157349,"aSP":56.3595505618,"ORtg":109.1890795762,"DRtg":81.0352164053,"Floor%":44.6362782958,"Stop%":0.6591462729,"FFI":46.9531214264,"PIE":9.9581200558,"AV":1.8438864676},"E. Gollena":{"TEAM":"DLSU","SP":35.6363636364,"GP":11.0,"MPG":16.3121212121,"EWA":0.6775178653,"PER":18.4095090616,"WS":1.0253086897,"OWS":0.7970119224,"DWS":0.2282967673,"EFF":6.4545454545,"GmSc":4.7727272727,"TS%":60.0626740947,"EFG%":52.1739130435,"PPWS":1.2012534819,"FTR":0.5652173913,"REB%":6.5609251937,"OREB%":7.1014066964,"DREB%":6.0611724396,"AR":2.6011923481,"pAST%":8.8784090246,"TOR":2.3121709761,"AST\/TO":1.125,"PPR":-1.0590498421,"USG%":15.5721689778,"aSP":35.2359550562,"ORtg":122.4168383257,"DRtg":87.6825540126,"Floor%":53.7019866974,"Stop%":0.503541945,"FFI":55.1900646822,"PIE":4.0949278734,"AV":1.164727868},"R. Gonzales":{"TEAM":"DLSU","SP":38.2727272727,"GP":11.0,"MPG":11.496969697,"EWA":1.1802414539,"PER":29.5781865231,"WS":0.9222881404,"OWS":0.5543586665,"DWS":0.3679294739,"EFF":8.2727272727,"GmSc":5.4909090909,"TS%":66.0792951542,"EFG%":63.4146341463,"PPWS":1.3215859031,"FTR":0.243902439,"REB%":12.2875718553,"OREB%":9.3005650006,"DREB%":15.0494885804,"AR":4.100690684,"pAST%":16.5172893334,"TOR":4.5107597524,"AST\/TO":0.9090909091,"PPR":-3.2556338474,"USG%":19.0419742836,"aSP":37.8426966292,"ORtg":113.7698431986,"DRtg":75.613000374,"Floor%":53.7561231632,"Stop%":0.7860723194,"FFI":54.7568133059,"PIE":6.2354583527,"AV":1.4030131757},"J. Macalalag":{"TEAM":"DLSU","SP":37.3636363636,"GP":11.0,"MPG":19.8590909091,"EWA":0.3920834907,"PER":14.4276347733,"WS":0.8436495029,"OWS":0.6139607363,"DWS":0.2296887666,"EFF":6.2727272727,"GmSc":4.5181818182,"TS%":52.6706231454,"EFG%":51.5873015873,"PPWS":1.0534124629,"FTR":0.1587301587,"REB%":5.1735350431,"OREB%":4.9356549902,"DREB%":5.3934893079,"AR":3.3236024471,"pAST%":11.6899919221,"TOR":2.1366015732,"AST\/TO":1.5555555556,"PPR":0.1449827141,"USG%":14.9331095695,"aSP":36.9438202247,"ORtg":108.3088496323,"DRtg":89.3110653571,"Floor%":47.9662527378,"Stop%":0.4654209064,"FFI":48.4688536206,"PIE":4.3275942299,"AV":1.1400332638},"V. Marasigan":{"TEAM":"DLSU","SP":31.8181818182,"GP":11.0,"MPG":11.4060606061,"EWA":0.2509450345,"PER":14.8401874545,"WS":0.5608451511,"OWS":0.3211399321,"DWS":0.239705219,"EFF":4.4545454545,"GmSc":2.5454545455,"TS%":49.6861924686,"EFG%":45.9183673469,"PPWS":0.9937238494,"FTR":0.387755102,"REB%":10.1335964779,"OREB%":7.0310195827,"DREB%":13.0023742996,"AR":2.0666870955,"pAST%":7.7081726261,"TOR":4.1333741911,"AST\/TO":0.5,"PPR":-5.0485877614,"USG%":22.9235914952,"aSP":31.4606741573,"ORtg":96.3249300429,"DRtg":82.977149872,"Floor%":44.9715141152,"Stop%":0.6136884867,"FFI":49.5565338382,"PIE":1.5821312238,"AV":0.8819171037},"D. Dungo":{"TEAM":"DLSU","SP":28.5,"GP":10.0,"MPG":10.02,"EWA":0.2666508394,"PER":16.1689839039,"WS":0.4788439874,"OWS":0.3795741657,"DWS":0.0992698217,"EFF":3.7,"GmSc":2.53,"TS%":58.1065759637,"EFG%":50.0,"PPWS":1.1621315193,"FTR":0.4,"REB%":6.1094741734,"OREB%":3.9128790876,"DREB%":8.1405417271,"AR":6.2107866089,"pAST%":21.1357915235,"TOR":5.1756555074,"AST\/TO":1.2,"PPR":-1.8964954425,"USG%":19.2951268831,"aSP":28.1797752809,"ORtg":107.5415011271,"DRtg":89.7588389037,"Floor%":42.6381150046,"Stop%":0.4549391909,"FFI":50.4886619407,"PIE":2.419730107,"AV":0.7143844592},"E. Abadam":{"TEAM":"DLSU","SP":31.4444444444,"GP":9.0,"MPG":16.7092592592,"EWA":-0.222415838,"PER":7.8472248622,"WS":0.329220451,"OWS":0.1614670253,"DWS":0.1677534258,"EFF":3.3333333333,"GmSc":1.9222222222,"TS%":41.9737919738,"EFG%":39.7727272727,"PPWS":0.8394758395,"FTR":0.25,"REB%":5.6363895442,"OREB%":4.5624959416,"DREB%":6.6293583743,"AR":3.4485249818,"pAST%":11.5313702939,"TOR":3.1036724836,"AST\/TO":1.1111111111,"PPR":-1.4742346264,"USG%":16.4224337842,"aSP":31.0911360799,"ORtg":88.7286933416,"DRtg":88.8387640762,"Floor%":40.0298171829,"Stop%":0.4764767798,"FFI":44.7956719765,"PIE":0.8375988832,"AV":0.6104100091},"L. Ramiro":{"TEAM":"DLSU","SP":31.2727272727,"GP":11.0,"MPG":15.2151515152,"EWA":-0.450318033,"PER":5.4118786314,"WS":0.2347693181,"OWS":-0.0306799058,"DWS":0.2654492239,"EFF":3.4545454545,"GmSc":1.1090909091,"TS%":32.9989440338,"EFG%":32.4324324324,"PPWS":0.6599788807,"FTR":0.0540540541,"REB%":7.3153074547,"OREB%":1.1712920272,"DREB%":12.9963319029,"AR":6.5070390273,"pAST%":20.1520877016,"TOR":3.7183080156,"AST\/TO":1.75,"PPR":1.1354043617,"USG%":12.7252528442,"aSP":30.9213483146,"ORtg":76.5561161222,"DRtg":85.3695264493,"Floor%":30.7905775881,"Stop%":0.5576864944,"FFI":38.0884651853,"PIE":1.5821312238,"AV":0.7288168465},"H. Agunanne":{"TEAM":"DLSU","SP":36.3636363636,"GP":11.0,"MPG":14.303030303,"EWA":-0.007087536,"PER":10.7294537249,"WS":0.2144780259,"OWS":-0.1348341183,"DWS":0.3493121443,"EFF":5.4545454545,"GmSc":2.3454545455,"TS%":43.8871473354,"EFG%":42.7272727273,"PPWS":0.8777429467,"FTR":0.3636363636,"REB%":17.6587301587,"OREB%":14.9518405137,"DREB%":20.161638303,"AR":1.6480953872,"pAST%":5.9936965169,"TOR":8.5700960135,"AST\/TO":0.1923076923,"PPR":-13.6885183762,"USG%":24.3705053521,"aSP":35.9550561798,"ORtg":73.5413327261,"DRtg":80.6937476487,"Floor%":36.7070660376,"Stop%":0.6671395508,"FFI":48.3932986448,"PIE":2.1870637506,"AV":1.026583177},"C. Austria":{"TEAM":"DLSU","SP":36.5714285714,"GP":7.0,"MPG":15.9142857143,"EWA":-0.1798902882,"PER":7.5742237042,"WS":0.1031219132,"OWS":0.0006443974,"DWS":0.1024775158,"EFF":3.7142857143,"GmSc":1.8142857143,"TS%":41.5129151292,"EFG%":36.2068965517,"PPWS":0.8302583026,"FTR":0.275862069,"REB%":6.7633676251,"OREB%":7.0389674072,"DREB%":6.5085360547,"AR":8.8450744659,"pAST%":29.0735659219,"TOR":7.9140139958,"AST\/TO":1.1176470588,"PPR":-3.6959529674,"USG%":18.980357461,"aSP":36.1605136437,"ORtg":78.6800222995,"DRtg":90.2809322339,"Floor%":36.5837054712,"Stop%":0.4427177593,"FFI":43.0499796377,"PIE":1.2563983248,"AV":0.5482904939},"A. Konov":{"TEAM":"DLSU","SP":19.8333333333,"GP":6.0,"MPG":5.6111111111,"EWA":-0.1232604968,"PER":3.460982222,"WS":0.0301390836,"OWS":-0.0045881171,"DWS":0.0347272007,"EFF":1.0,"GmSc":0.2166666667,"TS%":42.8571428571,"EFG%":42.8571428571,"PPWS":0.8571428571,"FTR":0.0,"REB%":8.3922677982,"OREB%":5.8228289789,"DREB%":10.7680829183,"AR":3.0807961297,"pAST%":9.6282139122,"TOR":4.6211941946,"AST\/TO":0.6666666667,"PPR":-4.7036842411,"USG%":12.6826154118,