{"K. Quiambao":{"TEAM":"DLSU","MINS":30.305952381,"FGM":5.7142857143,"FGA":15.2142857143,"FG%":37.558685446,"2PM":3.5,"2PA":8.0,"2P%":43.75,"3PM":2.2142857143,"3PA":7.2142857143,"3P%":30.6930693069,"FTM":3.0,"FTA":3.8571428571,"FT%":77.7777777778,"PTS":16.6428571429,"OFF":1.6428571429,"DEF":7.0,"REB":8.6428571429,"AST":4.0714285714,"TO":2.7857142857,"STL":1.0,"BLK":0.2142857143,"STK":1.2142857143,"PF":0.9285714286,"Fls on:":3.9285714286,"+\/-":10.5714285714,"GW":12.0,"GP":14.0},"M. Phillips":{"TEAM":"DLSU","MINS":22.8380952381,"FGM":4.5,"FGA":9.7142857143,"FG%":46.3235294118,"2PM":4.2857142857,"2PA":8.4285714286,"2P%":50.8474576271,"3PM":0.2142857143,"3PA":1.2857142857,"3P%":16.6666666667,"FTM":2.7857142857,"FTA":5.5714285714,"FT%":50.0,"PTS":12.0,"OFF":4.5714285714,"DEF":7.0,"REB":11.5714285714,"AST":2.2857142857,"TO":2.8571428571,"STL":1.7142857143,"BLK":1.0714285714,"STK":2.7857142857,"PF":2.2142857143,"Fls on:":4.5714285714,"+\/-":5.7857142857,"GW":12.0,"GP":14.0},"J. Macalalag":{"TEAM":"DLSU","MINS":20.419047619,"FGM":2.5714285714,"FGA":5.3571428571,"FG%":48.0,"2PM":1.7857142857,"2PA":3.5,"2P%":51.0204081633,"3PM":0.7857142857,"3PA":1.8571428571,"3P%":42.3076923077,"FTM":0.5714285714,"FTA":1.0,"FT%":57.1428571429,"PTS":6.5,"OFF":0.9285714286,"DEF":1.0,"REB":1.9285714286,"AST":1.3571428571,"TO":1.2142857143,"STL":0.2857142857,"BLK":0.2857142857,"STK":0.5714285714,"PF":1.3571428571,"Fls on:":1.0,"+\/-":8.5714285714,"GW":12.0,"GP":14.0},"V. David":{"TEAM":"DLSU","MINS":22.7357142857,"FGM":2.1428571429,"FGA":6.4285714286,"FG%":33.3333333333,"2PM":0.9285714286,"2PA":2.6428571429,"2P%":35.1351351351,"3PM":1.2142857143,"3PA":3.7857142857,"3P%":32.0754716981,"FTM":0.5,"FTA":0.7142857143,"FT%":70.0,"PTS":6.0,"OFF":1.0714285714,"DEF":4.7142857143,"REB":5.7857142857,"AST":4.2142857143,"TO":2.1428571429,"STL":1.0,"BLK":0.0,"STK":1.0,"PF":1.6428571429,"Fls on:":0.9285714286,"+\/-":9.5,"GW":12.0,"GP":14.0},"R. Gonzales":{"TEAM":"DLSU","MINS":11.575,"FGM":2.3571428571,"FGA":3.8571428571,"FG%":61.1111111111,"2PM":2.2142857143,"2PA":3.5714285714,"2P%":62.0,"3PM":0.1428571429,"3PA":0.2857142857,"3P%":50.0,"FTM":0.7857142857,"FTA":1.1428571429,"FT%":68.75,"PTS":5.6428571429,"OFF":1.3571428571,"DEF":2.2142857143,"REB":3.5714285714,"AST":0.7857142857,"TO":1.0714285714,"STL":0.7857142857,"BLK":0.5,"STK":1.2857142857,"PF":1.5714285714,"Fls on:":0.7857142857,"+\/-":2.7857142857,"GW":12.0,"GP":14.0},"E. Gollena":{"TEAM":"DLSU","MINS":16.0011904762,"FGM":1.5714285714,"FGA":3.8571428571,"FG%":40.7407407407,"2PM":1.0,"2PA":1.9285714286,"2P%":51.8518518519,"3PM":0.5714285714,"3PA":1.9285714286,"3P%":29.6296296296,"FTM":1.6428571429,"FTA":2.0,"FT%":82.1428571429,"PTS":5.3571428571,"OFF":1.2142857143,"DEF":0.9285714286,"REB":2.1428571429,"AST":0.7857142857,"TO":0.7142857143,"STL":0.4285714286,"BLK":0.1428571429,"STK":0.5714285714,"PF":1.7857142857,"Fls on:":1.9285714286,"+\/-":3.7142857143,"GW":12.0,"GP":14.0},"H. Agunanne":{"TEAM":"DLSU","MINS":14.4797619048,"FGM":2.2142857143,"FGA":5.1428571429,"FG%":43.0555555556,"2PM":2.1428571429,"2PA":4.7142857143,"2P%":45.4545454545,"3PM":0.0714285714,"3PA":0.4285714286,"3P%":16.6666666667,"FTM":0.6428571429,"FTA":1.6428571429,"FT%":39.1304347826,"PTS":5.1428571429,"OFF":2.5714285714,"DEF":3.1428571429,"REB":5.7142857143,"AST":0.5,"TO":2.0714285714,"STL":0.3571428571,"BLK":0.3571428571,"STK":0.7142857143,"PF":2.1428571429,"Fls on:":2.0,"+\/-":1.1428571429,"GW":12.0,"GP":14.0},"V. Marasigan":{"TEAM":"DLSU","MINS":10.9357142857,"FGM":1.5714285714,"FGA":4.1428571429,"FG%":37.9310344828,"2PM":1.2142857143,"2PA":3.0,"2P%":40.4761904762,"3PM":0.3571428571,"3PA":1.1428571429,"3P%":31.25,"FTM":1.0714285714,"FTA":1.7857142857,"FT%":60.0,"PTS":4.5714285714,"OFF":0.6428571429,"DEF":1.4285714286,"REB":2.0714285714,"AST":0.4285714286,"TO":0.8571428571,"STL":0.4285714286,"BLK":0.0714285714,"STK":0.5,"PF":2.0714285714,"Fls on:":1.6428571429,"+\/-":2.5714285714,"GW":12.0,"GP":14.0},"E. Abadam":{"TEAM":"DLSU","MINS":16.7092592592,"FGM":1.6666666667,"FGA":4.8888888889,"FG%":34.0909090909,"2PM":1.1111111111,"2PA":2.4444444444,"2P%":45.4545454545,"3PM":0.5555555556,"3PA":2.4444444444,"3P%":22.7272727273,"FTM":0.6666666667,"FTA":1.2222222222,"FT%":54.5454545455,"PTS":4.5555555556,"OFF":0.7777777778,"DEF":1.2222222222,"REB":2.0,"AST":1.1111111111,"TO":1.0,"STL":0.3333333333,"BLK":0.1111111111,"STK":0.4444444444,"PF":1.8888888889,"Fls on:":0.8888888889,"+\/-":7.5555555556,"GW":8.0,"GP":9.0},"D. Dungo":{"TEAM":"DLSU","MINS":10.2435897436,"FGM":1.2307692308,"FGA":3.3076923077,"FG%":37.2093023256,"2PM":0.6153846154,"2PA":1.5384615385,"2P%":40.0,"3PM":0.6153846154,"3PA":1.7692307692,"3P%":34.7826086957,"FTM":1.0769230769,"FTA":1.2307692308,"FT%":87.5,"PTS":4.1538461538,"OFF":0.4615384615,"DEF":1.1538461538,"REB":1.6153846154,"AST":1.3846153846,"TO":0.8461538462,"STL":0.2307692308,"BLK":0.1538461538,"STK":0.3846153846,"PF":0.7692307692,"Fls on:":0.9230769231,"+\/-":3.6923076923,"GW":11.0,"GP":13.0},"C. Austria":{"TEAM":"DLSU","MINS":15.0483333333,"FGM":1.2,"FGA":3.7,"FG%":32.4324324324,"2PM":1.1,"2PA":2.8,"2P%":39.2857142857,"3PM":0.1,"3PA":0.9,"3P%":11.1111111111,"FTM":0.6,"FTA":1.1,"FT%":54.5454545455,"PTS":3.1,"OFF":1.0,"DEF":1.0,"REB":2.0,"AST":2.5,"TO":1.9,"STL":0.3,"BLK":0.1,"STK":0.4,"PF":1.1,"Fls on:":1.2,"+\/-":-1.0,"GW":9.0,"GP":10.0},"I. Phillips":{"TEAM":"DLSU","MINS":5.0333333333,"FGM":1.0,"FGA":1.0,"FG%":100.0,"2PM":0.0,"2PA":0.0,"2P%":0.0,"3PM":1.0,"3PA":1.0,"3P%":100.0,"FTM":0.0,"FTA":0.0,"FT%":0.0,"PTS":3.0,"OFF":0.0,"DEF":1.0,"REB":1.0,"AST":0.0,"TO":0.0,"STL":0.0,"BLK":0.0,"STK":0.0,"PF":1.0,"Fls on:":0.0,"+\/-":0.0,"GW":1.0,"GP":1.0},"L. Ramiro":{"TEAM":"DLSU","MINS":15.3440476191,"FGM":0.7857142857,"FGA":3.2142857143,"FG%":24.4444444444,"2PM":0.3571428571,"2PA":1.7142857143,"2P%":20.8333333333,"3PM":0.4285714286,"3PA":1.5,"3P%":28.5714285714,"FTM":0.3571428571,"FTA":0.5714285714,"FT%":62.5,"PTS":2.3571428571,"OFF":0.2857142857,"DEF":2.1428571429,"REB":2.4285714286,"AST":1.8571428571,"TO":1.3571428571,"STL":0.2857142857,"BLK":0.2857142857,"STK":0.5714285714,"PF":1.6428571429,"Fls on:":0.8571428571,"+\/-":-0.7142857143,"GW":12.0,"GP":14.0},"A. Konov":{"TEAM":"DLSU","MINS":5.35,"FGM":0.25,"FGA":1.125,"FG%":22.2222222222,"2PM":0.0,"2PA":0.125,"2P%":0.0,"3PM":0.25,"3PA":1.0,"3P%":25.0,"FTM":0.0,"FTA":0.0,"FT%":0.0,"PTS":0.75,"OFF":0.25,"DEF":0.625,"REB":0.875,"AST":0.375,"TO":0.5,"STL":0.0,"BLK":0.0,"STK":0.0,"PF":0.5,"Fls on:":0.25,"+\/-":-1.5,"GW":7.0,"GP":8.0},"E. Alian":{"TEAM":"DLSU","MINS":5.1722222222,"FGM":0.3333333333,"FGA":0.3333333333,"FG%":100.0,"2PM":0.3333333333,"2PA":0.3333333333,"2P%":100.0,"3PM":0.0,"3PA":0.0,"3P%":0.0,"FTM":0.0,"FTA":0.0,"FT%":0.0,"PTS":0.6666666667,"OFF":0.3333333333,"DEF":0.3333333333,"REB":0.6666666667,"AST":1.3333333333,"TO":1.3333333333,"STL":0.0,"BLK":0.0,"STK":0.0,"PF":0.6666666667,"Fls on:":0.6666666667,"+\/-":1.6666666667,"GW":2.0,"GP":3.0},"M. Rubico":{"TEAM":"DLSU","MINS":3.575,"FGM":0.1666666667,"FGA":0.5,"FG%":33.3333333333,"2PM":0.0,"2PA":0.1666666667,"2P%":0.0,"3PM":0.1666666667,"3PA":0.3333333333,"3P%":50.0,"FTM":0.0,"FTA":0.0,"FT%":0.0,"PTS":0.5,"OFF":0.0,"DEF":0.5,"REB":0.5,"AST":0.5,"TO":0.8333333333,"STL":0.1666666667,"BLK":0.0,"STK":0.1666666667,"PF":0.6666666667,"Fls on:":0.1666666667,"+\/-":1.0,"GW":6.0,"GP":6.0}}