{"K. Quiambao":{"TEAM":"DLSU","SP":85.0,"GP":12.0,"MPG":29.9166666667,"EWA":2.9362172834,"PER":27.2595452359,"WS":2.6236963227,"OWS":1.8293334541,"DWS":0.7943628687,"EFF":18.75,"GmSc":12.925,"TS%":51.5163297045,"EFG%":46.7032967033,"PPWS":1.0303265941,"FTR":0.2967032967,"REB%":14.091508843,"OREB%":5.3292896661,"DREB%":22.3488417848,"AR":7.1141148016,"pAST%":28.8971303502,"hAST%":16.7946257198,"TOR":5.3718826053,"hTO%":12.6816561557,"AST\/TO":1.3243243243,"STL\/TO":0.3243243243,"PPR":-1.1519594245,"USG%":28.8131390651,"STL%":null,"BLK%":19.9063103688,"aSP":84.1237113402,"ORtg":104.8579818461,"DRtg":79.8479760404,"Floor%":45.4178964014,"Stop%":0.6721614873,"FFI":47.8547554138,"PIE":17.7276746242,"AV":2.7664166759,"DRE\/100":12.638603702,"DRE\/75":9.4789527765,"POS":57.3976305867},"M. Phillips":{"TEAM":"DLSU","SP":76.5833333333,"GP":12.0,"MPG":22.8625,"EWA":2.7703789186,"PER":31.1169259209,"WS":1.9888448465,"OWS":0.9713768909,"DWS":1.0174679556,"EFF":18.1666666667,"GmSc":11.3,"TS%":48.7804878049,"EFG%":46.4601769912,"PPWS":0.9756097561,"FTR":0.5309734513,"REB%":24.0219814908,"OREB%":18.4801156328,"DREB%":29.2445205057,"AR":5.5095010618,"pAST%":21.8303164348,"hAST%":14.3280632411,"TOR":6.459415038,"hTO%":16.7984189723,"AST\/TO":0.8529411765,"STL\/TO":0.6470588235,"PPR":-5.10194756,"USG%":26.9309717107,"STL%":null,"BLK%":121.5589768709,"aSP":75.793814433,"ORtg":96.4786604448,"DRtg":68.8704316802,"Floor%":47.9005386323,"Stop%":0.9293729907,"FFI":53.6298419334,"PIE":13.6604774536,"AV":2.7016126146,"DRE\/100":17.5606621722,"DRE\/75":13.1704966292,"POS":43.8636210347},"V. David":{"TEAM":"DLSU","SP":56.3333333333,"GP":12.0,"MPG":22.1277777778,"EWA":0.9693105081,"PER":18.1573617421,"WS":1.3046434137,"OWS":0.7612846356,"DWS":0.5433587781,"EFF":11.0833333333,"GmSc":6.125,"TS%":46.9260065288,"EFG%":45.0,"PPWS":0.9385201306,"FTR":0.1142857143,"REB%":12.0602272577,"OREB%":4.6833658433,"DREB%":19.0120278843,"AR":10.5997091883,"pAST%":35.0798080143,"hAST%":36.3587395637,"TOR":4.1221091288,"hTO%":14.1395098303,"AST\/TO":2.5714285714,"STL\/TO":0.4761904762,"PPR":5.3911540886,"USG%":15.1674496071,"STL%":null,"BLK%":0.0,"aSP":55.7525773196,"ORtg":103.3653173155,"DRtg":81.0691876298,"Floor%":42.1920947549,"Stop%":0.6435476499,"FFI":44.6204316007,"PIE":9.4164456233,"AV":1.8649596332,"DRE\/100":10.1000231215,"DRE\/75":7.5750173411,"POS":42.4539949167},"E. Gollena":{"TEAM":"DLSU","SP":34.4166666667,"GP":12.0,"MPG":16.0583333333,"EWA":0.6360749514,"PER":17.4547205622,"WS":1.0463317059,"OWS":0.8184763659,"DWS":0.22785534,"EFF":6.0,"GmSc":4.3333333333,"TS%":58.0417227456,"EFG%":50.0,"PPWS":1.1608344549,"FTR":0.5416666667,"REB%":6.7437547021,"OREB%":7.9427711059,"DREB%":5.6138266041,"AR":2.4343332582,"pAST%":8.2471305087,"hAST%":11.7739403454,"TOR":2.1638517851,"hTO%":10.4657247514,"AST\/TO":1.125,"STL\/TO":0.75,"PPR":-0.9905076047,"USG%":14.9122694398,"STL%":null,"BLK%":12.3618152956,"aSP":34.0618556701,"ORtg":120.9790105652,"DRtg":87.4083638709,"Floor%":53.1395797457,"Stop%":0.4950163393,"FFI":54.1725912749,"PIE":3.5809018568,"AV":1.1770097965,"DRE\/100":2.3420462829,"DRE\/75":1.7565347122,"POS":30.8092574207},"J. Macalalag":{"TEAM":"DLSU","SP":37.9166666667,"GP":12.0,"MPG":20.0402777778,"EWA":0.5783150722,"PER":15.6536542873,"WS":0.9862591005,"OWS":0.7586961828,"DWS":0.2275629177,"EFF":6.6666666667,"GmSc":4.85,"TS%":55.2486187845,"EFG%":54.4117647059,"PPWS":1.1049723757,"FTR":0.1470588235,"REB%":5.0178053833,"OREB%":5.1712096899,"DREB%":4.8732403583,"AR":3.4678015578,"pAST%":12.3888271724,"hAST%":16.2601626016,"TOR":2.1673759736,"hTO%":10.162601626,"AST\/TO":1.6,"STL\/TO":0.4,"PPR":0.2645655491,"USG%":14.5999081559,"STL%":null,"BLK%":39.6222353449,"aSP":37.5257731959,"ORtg":111.5258380028,"DRtg":89.1413778398,"Floor%":49.4698314338,"Stop%":0.454410616,"FFI":49.4629861799,"PIE":4.9071618037,"AV":1.2737910571,"DRE\/100":-0.712575336,"DRE\/75":-0.534431502,"POS":38.448951334},"R. Gonzales":{"TEAM":"DLSU","SP":37.6666666667,"GP":12.0,"MPG":11.8944444444,"EWA":1.0925305375,"PER":26.2052385364,"WS":0.9247666564,"OWS":0.5216791582,"DWS":0.4030874982,"EFF":7.75,"GmSc":4.9083333333,"TS%":61.4274570983,"EFG%":58.6956521739,"PPWS":1.228549142,"FTR":0.2608695652,"REB%":12.3561632202,"OREB%":8.7126791938,"DREB%":15.7897067173,"AR":3.6516893886,"pAST%":14.3583164751,"hAST%":13.4625740442,"TOR":4.7471962052,"hTO%":17.5013462574,"AST\/TO":0.7692307692,"STL\/TO":0.8461538462,"PPR":-4.234639763,"USG%":19.1892656421,"STL%":null,"BLK%":116.8252170873,"aSP":37.2783505155,"ORtg":106.5144742796,"DRtg":75.3617499808,"Floor%":50.8284038342,"Stop%":0.7772768857,"FFI":52.9470411353,"PIE":5.658709107,"AV":1.4260768066,"DRE\/100":10.7306094398,"DRE\/75":8.0479570799,"POS":22.8204878526},"D. Dungo":{"TEAM":"DLSU","SP":30.9090909091,"GP":11.0,"MPG":10.7227272727,"EWA":0.4725394252,"PER":18.8726006334,"WS":0.6297416524,"OWS":0.4901745424,"DWS":0.1395671099,"EFF":4.5454545455,"GmSc":3.1181818182,"TS%":56.6081330869,"EFG%":50.0,"PPWS":1.1321626617,"FTR":0.3157894737,"REB%":7.0827189365,"OREB%":4.8661678427,"DREB%":9.1715505436,"AR":6.1865614093,"pAST%":21.8617941804,"hAST%":20.8085612366,"TOR":4.4189724352,"hTO%":14.8632580262,"AST\/TO":1.4,"STL\/TO":0.2,"PPR":-0.5394116587,"USG%":19.2474928086,"STL%":null,"BLK%":20.1960305847,"aSP":30.5904404873,"ORtg":109.7693292464,"DRtg":87.4022151289,"Floor%":45.154644921,"Stop%":0.4951604086,"FFI":49.605332565,"PIE":3.2272325376,"AV":0.8953816888,"DRE\/100":2.7514331068,"DRE\/75":2.0635748301,"POS":20.5724503247},"V. Marasigan":{"TEAM":"DLSU","SP":31.5,"GP":12.0,"MPG":11.175,"EWA":0.2801263217,"PER":15.0187614219,"WS":0.5929295286,"OWS":0.349083233,"DWS":0.2438462955,"EFF":4.1666666667,"GmSc":2.4583333333,"TS%":49.0985189955,"EFG%":45.1923076923,"PPWS":0.9819703799,"FTR":0.4423076923,"REB%":9.6906900157,"OREB%":6.4201845307,"DREB%":12.7727462999,"AR":2.3320706878,"pAST%":8.713227038,"hAST%":7.5834175935,"TOR":4.2754629277,"hTO%":13.9029322548,"AST\/TO":0.5454545455,"STL\/TO":0.4545454545,"PPR":-4.981714049,"USG%":23.2335353696,"STL%":null,"BLK%":17.7637718678,"aSP":31.175257732,"ORtg":95.3485909501,"DRtg":82.741574844,"Floor%":45.0756026805,"Stop%":0.6043624537,"FFI":49.9267096358,"PIE":1.5915119363,"AV":0.8953816888,"DRE\/100":2.974438664,"DRE\/75":2.230828998,"POS":21.4401734308},"E. Abadam":{"TEAM":"DLSU","SP":31.4444444444,"GP":9.0,"MPG":16.7092592592,"EWA":-0.2003262424,"PER":8.1424709259,"WS":0.3344978465,"OWS":0.1720415697,"DWS":0.1624562768,"EFF":3.3333333333,"GmSc":1.9222222222,"TS%":41.9737919738,"EFG%":39.7727272727,"PPWS":0.8394758395,"FTR":0.25,"REB%":5.5551814157,"OREB%":4.4527889608,"DREB%":6.5940531158,"AR":3.4659279534,"pAST%":11.6587706207,"hAST%":14.7405660377,"TOR":3.1193351581,"hTO%":13.266509434,"AST\/TO":1.1111111111,"STL\/TO":0.3333333333,"PPR":-1.4807666053,"USG%":16.3883968658,"STL%":null,"BLK%":15.8403312034,"aSP":31.1202749141,"ORtg":88.547406826,"DRtg":88.1579966637,"Floor%":40.0116123181,"Stop%":0.4774519213,"FFI":44.7698149117,"PIE":0.7957559682,"AV":0.6104100091,"DRE\/100":-3.3800237217,"DRE\/75":-2.5350177913,"POS":32.0581133261},"L. Ramiro":{"TEAM":"DLSU","SP":30.8333333333,"GP":12.0,"MPG":15.1263888889,"EWA":-0.5007451489,"PER":5.2750670313,"WS":0.2408268098,"OWS":-0.0319623438,"DWS":0.2727891536,"EFF":3.3333333333,"GmSc":1.0,"TS%":33.0234833659,"EFG%":32.5,"PPWS":0.6604696673,"FTR":0.05,"REB%":7.1592408288,"OREB%":1.581024232,"DREB%":12.4160360231,"AR":6.3172114069,"pAST%":19.7071023449,"hAST%":28.9931470743,"TOR":3.7328976495,"hTO%":17.1323141803,"AST\/TO":1.6923076923,"STL\/TO":0.2307692308,"PPR":0.8762777313,"USG%":12.6479160548,"STL%":null,"BLK%":52.4937318696,"aSP":30.5154639175,"ORtg":75.8461835468,"DRtg":85.0572181159,"Floor%":30.9879717943,"Stop%":0.5501053204,"FFI":38.132980434,"PIE":1.3704686118,"AV":0.7574006941,"DRE\/100":-1.4648233138,"DRE\/75":-1.0986174853,"POS":29.0212439517},"H. Agunanne":{"TEAM":"DLSU","SP":35.1666666667,"GP":12.0,"MPG":13.6388888889,"EWA":0.00822377,"PER":10.9209966053,"WS":0.2163017499,