{"K. Quiambao":{"TEAM":"DLSU","SP":83.7692307692,"GP":13.0,"MPG":30.2384615385,"EWA":3.1460457641,"PER":26.9063698446,"WS":2.793982279,"OWS":1.9690006665,"DWS":0.8249816125,"EFF":18.3846153846,"GmSc":12.7461538462,"TS%":51.6472515471,"EFG%":47.193877551,"PPWS":1.0329450309,"FTR":0.2755102041,"REB%":13.5454924856,"OREB%":5.1650642084,"DREB%":21.3778032506,"AR":6.8729296224,"pAST%":27.4320579269,"hAST%":16.7331702922,"TOR":5.1546972168,"hTO%":12.5498777191,"AST\/TO":1.3333333333,"STL\/TO":0.3333333333,"PPR":-1.050206916,"USG%":28.0624793672,"STL%":null,"BLK%":17.950779987,"aSP":82.9714285714,"ORtg":104.5921861608,"DRtg":80.3285437315,"Floor%":45.1648238554,"Stop%":0.6606734353,"FFI":47.7545426191,"PIE":17.4409127954,"AV":2.8945371705,"DRE\/100":11.8781357814,"DRE\/75":8.9086018361,"POS":58.1993446719},"M. Phillips":{"TEAM":"DLSU","SP":75.8461538462,"GP":13.0,"MPG":22.7961538461,"EWA":2.9032745149,"PER":30.5115194025,"WS":2.0430011612,"OWS":0.9911951918,"DWS":1.0518059694,"EFF":17.3846153846,"GmSc":10.9615384615,"TS%":47.795054805,"EFG%":46.062992126,"PPWS":0.9559010961,"FTR":0.5354330709,"REB%":23.956956734,"OREB%":19.2489282588,"DREB%":28.3570590782,"AR":5.2596630178,"pAST%":20.8400594901,"hAST%":13.3380757603,"TOR":6.6622398226,"hTO%":16.894895963,"AST\/TO":0.7894736842,"STL\/TO":0.6052631579,"PPR":-5.7865990806,"USG%":28.0403487941,"STL%":null,"BLK%":111.1189725895,"aSP":75.1238095238,"ORtg":94.304335024,"DRtg":69.756505866,"Floor%":47.1358424225,"Stop%":0.9088085388,"FFI":53.6409186095,"PIE":12.9176854116,"AV":2.7756329513,"DRE\/100":15.9028155018,"DRE\/75":11.9271116263,"POS":43.8752882053},"V. David":{"TEAM":"DLSU","SP":57.8461538462,"GP":13.0,"MPG":22.4717948718,"EWA":1.0667657813,"PER":18.1597965097,"WS":1.3804416812,"OWS":0.7566691902,"DWS":0.623772491,"EFF":11.1538461538,"GmSc":6.1615384615,"TS%":46.3386727689,"EFG%":44.578313253,"PPWS":0.9267734554,"FTR":0.1204819277,"REB%":12.1513763033,"OREB%":4.302508252,"DREB%":19.4868932599,"AR":10.31545708,"pAST%":34.300403194,"hAST%":33.8389731622,"TOR":4.6241704152,"hTO%":15.1691948658,"AST\/TO":2.2307692308,"STL\/TO":0.5,"PPR":4.130827389,"USG%":16.5486999149,"STL%":null,"BLK%":0.0,"aSP":57.2952380952,"ORtg":98.7360980142,"DRtg":80.0619639163,"Floor%":41.0398501317,"Stop%":0.6669303,"FFI":44.3430132635,"PIE":9.4947025265,"AV":1.9897875398,"DRE\/100":9.9686250471,"DRE\/75":7.4764687853,"POS":43.2510011621},"E. Gollena":{"TEAM":"DLSU","SP":34.2307692308,"GP":13.0,"MPG":16.4115384615,"EWA":0.6338085824,"PER":16.7911987371,"WS":1.1094300164,"OWS":0.8857633791,"DWS":0.2236666373,"EFF":5.9230769231,"GmSc":4.2230769231,"TS%":58.568677792,"EFG%":50.0,"PPWS":1.1713735558,"FTR":0.56,"REB%":6.348897898,"OREB%":7.2508147456,"DREB%":5.5059704485,"AR":2.6788082944,"pAST%":8.8945225143,"hAST%":13.3624878523,"TOR":2.1917522409,"hTO%":10.9329446064,"AST\/TO":1.2222222222,"STL\/TO":0.6666666667,"PPR":-0.7442381401,"USG%":14.2511735095,"STL%":null,"BLK%":11.0248443292,"aSP":33.9047619048,"ORtg":120.8526288795,"DRtg":87.9834649599,"Floor%":53.1934165242,"Stop%":0.4810056461,"FFI":54.3022248889,"PIE":3.5452322738,"AV":1.2377950715,"DRE\/100":1.8655944711,"DRE\/75":1.3991958533,"POS":31.586950358},"R. Gonzales":{"TEAM":"DLSU","SP":37.7692307692,"GP":13.0,"MPG":11.3102564103,"EWA":1.3208668743,"PER":28.8767382725,"WS":1.0425398135,"OWS":0.6407276801,"DWS":0.4018121335,"EFF":7.9230769231,"GmSc":5.1230769231,"TS%":63.4517766497,"EFG%":61.2244897959,"PPWS":1.269035533,"FTR":0.2857142857,"REB%":13.0244995728,"OREB%":9.8635881417,"DREB%":15.9786732512,"AR":3.8870352502,"pAST%":15.5581258767,"hAST%":13.8959070237,"TOR":4.593768932,"hTO%":16.4224355735,"AST\/TO":0.8461538462,"STL\/TO":0.8461538462,"PPR":-3.6717041787,"USG%":19.7626745639,"STL%":null,"BLK%":111.9817757659,"aSP":37.4095238095,"ORtg":110.5091710025,"DRtg":75.7067284124,"Floor%":53.1433074539,"Stop%":0.7691515393,"FFI":54.5997855994,"PIE":5.8679706601,"AV":1.5396025573,"DRE\/100":11.8908719663,"DRE\/75":8.9181539747,"POS":21.7686177688},"J. Macalalag":{"TEAM":"DLSU","SP":38.0769230769,"GP":13.0,"MPG":20.1897435897,"EWA":0.6442650912,"PER":15.7538563623,"WS":1.038884696,"OWS":0.8194896928,"DWS":0.2193950032,"EFF":6.7692307692,"GmSc":4.8615384615,"TS%":57.4935400517,"EFG%":56.8493150685,"PPWS":1.149870801,"FTR":0.1369863014,"REB%":4.8048806062,"OREB%":4.7888217323,"DREB%":4.8198891578,"AR":3.5631979218,"pAST%":12.6780743995,"hAST%":16.6051660517,"TOR":2.5734207213,"hTO%":11.9926199262,"AST\/TO":1.3846153846,"STL\/TO":0.3076923077,"PPR":-0.3629791376,"USG%":14.6833859783,"STL%":null,"BLK%":35.8468458872,"aSP":37.7142857143,"ORtg":110.1758051032,"DRtg":89.5319320452,"Floor%":48.918454647,"Stop%":0.4446617505,"FFI":50.1089297141,"PIE":5.0122249389,"AV":1.3681783358,"DRE\/100":-1.0143705835,"DRE\/75":-0.7607779376,"POS":38.8587840199},"D. Dungo":{"TEAM":"DLSU","SP":31.25,"GP":12.0,"MPG":10.3402777778,"EWA":0.5741296135,"PER":20.1202056929,"WS":0.7046484653,"OWS":0.5571687197,"DWS":0.1474797456,"EFF":4.5,"GmSc":3.1916666667,"TS%":55.0249169435,"EFG%":47.619047619,"PPWS":1.1004983389,"FTR":0.3333333333,"REB%":6.7756668714,"OREB%":4.6751685473,"DREB%":8.7387832054,"AR":6.699588493,"pAST%":23.4809589922,"hAST%":21.5749730313,"TOR":4.1872428081,"hTO%":13.4843581446,"AST\/TO":1.6,"STL\/TO":0.3,"PPR":0.5118599023,"USG%":19.9821809084,"STL%":null,"BLK%":18.9562165558,"aSP":30.9523809524,"ORtg":110.4777250918,"DRtg":86.9616534768,"Floor%":45.7807852046,"Stop%":0.5049884677,"FFI":48.935842055,"PIE":3.3007334963,"AV":0.9485845026,"DRE\/100":3.3131262208,"DRE\/75":2.4848446656,"POS":19.9017198552},"V. Marasigan":{"TEAM":"DLSU","SP":30.8461538462,"GP":13.0,"MPG":10.8615384615,"EWA":0.3262434423,"PER":15.4641169897,"WS":0.6327634622,"OWS":0.3805353642,"DWS":0.252228098,"EFF":4.0769230769,"GmSc":2.4461538462,"TS%":49.9049429658,"EFG%":46.2264150943,"PPWS":0.9980988593,"FTR":0.4339622642,"REB%":9.2622463279,"OREB%":6.1626469253,"DREB%":12.1591180586,"AR":2.2077919764,"pAST%":8.1359189198,"hAST%":7.4887668497,"TOR":4.0476186234,"hTO%":13.7294058912,"AST\/TO":0.5454545455,"STL\/TO":0.5454545455,"PPR":-4.7230132447,"USG%":22.3785866354,"STL%":null,"BLK%":16.6582899266,"aSP":30.5523809524,"ORtg":96.1761056441,"DRtg":82.604960866,"Floor%":45.5715553948,"Stop%":0.6072439065,"FFI":50.2206247292,"PIE":1.62999185,"AV":0.9353789829,"DRE\/100":3.2995977756,"DRE\/75":2.4746983317,"POS":20.9049795667},"E. Abadam":{"TEAM":"DLSU","SP":31.4444444444,"GP":9.0,"MPG":16.7092592592,"EWA":-0.1914764144,"PER":8.2607563362,"WS":0.3259827261,"OWS":0.174630606,"DWS":0.15135212,"EFF":3.3333333333,"GmSc":1.9222222222,"TS%":41.9737919738,"EFG%":39.7727272727,"PPWS":0.8394758395,"FTR":0.25,"REB%":5.5906948751,"OREB%":4.5004693347,"DREB%":6.6096147863,"AR":3.4549509816,"pAST%":11.4976595875,"hAST%":14.7405660377,"TOR":3.1094558834,"hTO%":13.266509434,"AST\/TO":1.1111111111,"STL\/TO":0.3333333333,"PPR":-1.4781989807,"USG%":16.3968535479,"STL%":null,"BLK%":15.6410320579,"aSP":31.144973545,"ORtg":88.2310810398,"DRtg":88.2889426681,"Floor%":39.9113332083,"Stop%":0.4738358134,"FFI":44.7818208052,"PIE":0.7334963325,"AV":0.6104100091,"DRE\/100":-3.3959974046,"DRE\/75":-2.5469980535,"POS":32.1599674508},"H. Agunanne":{"TEAM":"DLSU","SP":35.7692307692,"GP":13.0,"MPG":13.9461538461,"EWA":0.0614834355,"PER":11.5016420593,"WS":0.3157424763,"OWS":-0.0538354399,"DWS":0.3695779161,"EFF":5.3846153846,"GmSc":2.3461538462,"TS%":43.956043956,"EFG%":42.96875,"PPWS":0.8791208791,"FTR":0.3125,"REB%":16.7459019772,"OREB%":13.8654834788,"DREB%":19.4379282159,"AR":2.0060503672,"pAST%":7.2963282097,"hAST%":6.5543071161,"TOR":7.737622845,"hTO%":25.2808988764,"AST\/TO":0.2592592593,"STL\/TO":0.1481481481,"PPR":-11.7357693117,"USG%":23.4673838793,"STL%":null,"BLK%":64.869016482,"aSP":35.4285714286,"ORtg":75.654404128,"DRtg":80.7670643264,"Floor%":37.7479327976,"Stop%":0.6503809681,"FFI":47.7136909845,"PIE":2.3227383863,"AV":1.1524026155,"DRE\/100":-1.291370938,"DRE\/75":-0.9685282035,"POS":26.8418753218},"L. Ramiro":{"TEAM":"DLSU",