{"I. Phillips":{"TEAM":"DLSU","MINS":5.0333333333,"FGM":1.0,"FGA":1.0,"FG%":100.0,"2PM":0.0,"2PA":0.0,"2P%":0.0,"3PM":1.0,"3PA":1.0,"3P%":100.0,"FTM":0.0,"FTA":0.0,"FT%":0.0,"PTS":3.0,"OFF":0.0,"DEF":1.0,"REB":1.0,"AST":0.0,"TO":0.0,"STL":0.0,"BLK":0.0,"STK":0.0,"PF":1.0,"Fls on:":0.0,"+\/-":0.0,"GW":1.0,"GP":1.0},"L. Ramiro":{"TEAM":"DLSU","MINS":181.5166666668,"FGM":10.0,"FGA":40.0,"FG%":25.0,"2PM":4.0,"2PA":20.0,"2P%":20.0,"3PM":6.0,"3PA":20.0,"3P%":30.0,"FTM":1.0,"FTA":2.0,"FT%":50.0,"PTS":27.0,"OFF":3.0,"DEF":25.0,"REB":28.0,"AST":22.0,"TO":13.0,"STL":3.0,"BLK":4.0,"STK":7.0,"PF":21.0,"Fls on:":10.0,"+\/-":-12.0,"GW":11.0,"GP":12.0},"V. Marasigan":{"TEAM":"DLSU","MINS":134.0999999999,"FGM":21.0,"FGA":52.0,"FG%":40.3846153846,"2PM":16.0,"2PA":38.0,"2P%":42.1052631579,"3PM":5.0,"3PA":14.0,"3P%":35.7142857143,"FTM":14.0,"FTA":23.0,"FT%":60.8695652174,"PTS":61.0,"OFF":9.0,"DEF":19.0,"REB":28.0,"AST":6.0,"TO":11.0,"STL":5.0,"BLK":1.0,"STK":6.0,"PF":27.0,"Fls on:":21.0,"+\/-":39.0,"GW":11.0,"GP":12.0},"V. David":{"TEAM":"DLSU","MINS":265.5333333333,"FGM":24.0,"FGA":70.0,"FG%":34.2857142857,"2PM":9.0,"2PA":28.0,"2P%":32.1428571429,"3PM":15.0,"3PA":42.0,"3P%":35.7142857143,"FTM":6.0,"FTA":8.0,"FT%":75.0,"PTS":69.0,"OFF":13.0,"DEF":56.0,"REB":69.0,"AST":54.0,"TO":21.0,"STL":10.0,"BLK":0.0,"STK":10.0,"PF":20.0,"Fls on:":9.0,"+\/-":144.0,"GW":11.0,"GP":12.0},"A. Konov":{"TEAM":"DLSU","MINS":37.8166666667,"FGM":2.0,"FGA":8.0,"FG%":25.0,"2PM":0.0,"2PA":1.0,"2P%":0.0,"3PM":2.0,"3PA":7.0,"3P%":28.5714285714,"FTM":0.0,"FTA":0.0,"FT%":0.0,"PTS":6.0,"OFF":2.0,"DEF":4.0,"REB":6.0,"AST":2.0,"TO":3.0,"STL":0.0,"BLK":0.0,"STK":0.0,"PF":4.0,"Fls on:":2.0,"+\/-":-13.0,"GW":7.0,"GP":7.0},"R. Gonzales":{"TEAM":"DLSU","MINS":142.7333333333,"FGM":26.0,"FGA":46.0,"FG%":56.5217391304,"2PM":24.0,"2PA":42.0,"2P%":57.1428571429,"3PM":2.0,"3PA":4.0,"3P%":50.0,"FTM":9.0,"FTA":12.0,"FT%":75.0,"PTS":63.0,"OFF":13.0,"DEF":25.0,"REB":38.0,"AST":10.0,"TO":13.0,"STL":11.0,"BLK":7.0,"STK":18.0,"PF":19.0,"Fls on:":7.0,"+\/-":41.0,"GW":11.0,"GP":12.0},"E. Gollena":{"TEAM":"DLSU","MINS":192.7,"FGM":20.0,"FGA":48.0,"FG%":41.6666666667,"2PM":12.0,"2PA":25.0,"2P%":48.0,"3PM":8.0,"3PA":23.0,"3P%":34.7826086957,"FTM":21.0,"FTA":26.0,"FT%":80.7692307692,"PTS":69.0,"OFF":16.0,"DEF":12.0,"REB":28.0,"AST":9.0,"TO":8.0,"STL":6.0,"BLK":1.0,"STK":7.0,"PF":23.0,"Fls on:":23.0,"+\/-":49.0,"GW":11.0,"GP":12.0},"D. Dungo":{"TEAM":"DLSU","MINS":117.9499999999,"FGM":15.0,"FGA":38.0,"FG%":39.4736842105,"2PM":7.0,"2PA":16.0,"2P%":43.75,"3PM":8.0,"3PA":22.0,"3P%":36.3636363636,"FTM":11.0,"FTA":12.0,"FT%":91.6666666667,"PTS":49.0,"OFF":6.0,"DEF":12.0,"REB":18.0,"AST":14.0,"TO":10.0,"STL":2.0,"BLK":1.0,"STK":3.0,"PF":10.0,"Fls on:":10.0,"+\/-":29.0,"GW":10.0,"GP":11.0},"K. Quiambao":{"TEAM":"DLSU","MINS":359.0000000001,"FGM":71.0,"FGA":182.0,"FG%":39.010989011,"2PM":43.0,"2PA":98.0,"2P%":43.8775510204,"3PM":28.0,"3PA":84.0,"3P%":33.3333333333,"FTM":42.0,"FTA":54.0,"FT%":77.7777777778,"PTS":212.0,"OFF":20.0,"DEF":89.0,"REB":109.0,"AST":49.0,"TO":37.0,"STL":12.0,"BLK":3.0,"STK":15.0,"PF":13.0,"Fls on:":51.0,"+\/-":148.0,"GW":11.0,"GP":12.0},"M. Rubico":{"TEAM":"DLSU","MINS":18.6333333332,"FGM":1.0,"FGA":3.0,"FG%":33.3333333333,"2PM":0.0,"2PA":1.0,"2P%":0.0,"3PM":1.0,"3PA":2.0,"3P%":50.0,"FTM":0.0,"FTA":0.0,"FT%":0.0,"PTS":3.0,"OFF":0.0,"DEF":2.0,"REB":2.0,"AST":2.0,"TO":5.0,"STL":1.0,"BLK":0.0,"STK":1.0,"PF":4.0,"Fls on:":1.0,"+\/-":-2.0,"GW":5.0,"GP":5.0},"C. Austria":{"TEAM":"DLSU","MINS":127.2999999998,"FGM":11.0,"FGA":34.0,"FG%":32.3529411765,"2PM":10.0,"2PA":25.0,"2P%":40.0,"3PM":1.0,"3PA":9.0,"3P%":11.1111111111,"FTM":6.0,"FTA":8.0,"FT%":75.0,"PTS":29.0,"OFF":10.0,"DEF":9.0,"REB":19.0,"AST":21.0,"TO":19.0,"STL":1.0,"BLK":1.0,"STK":2.0,"PF":9.0,"Fls on:":9.0,"+\/-":-10.0,"GW":8.0,"GP":8.0},"H. Agunanne":{"TEAM":"DLSU","MINS":163.6666666666,"FGM":24.0,"FGA":58.0,"FG%":41.3793103448,"2PM":23.0,"2PA":52.0,"2P%":44.2307692308,"3PM":1.0,"3PA":6.0,"3P%":16.6666666667,"FTM":9.0,"FTA":20.0,"FT%":45.0,"PTS":58.0,"OFF":26.0,"DEF":35.0,"REB":61.0,"AST":5.0,"TO":27.0,"STL":4.0,"BLK":5.0,"STK":9.0,"PF":22.0,"Fls on:":21.0,"+\/-":28.0,"GW":11.0,"GP":12.0},"E. Alian":{"TEAM":"DLSU","MINS":12.6666666667,"FGM":1.0,"FGA":1.0,"FG%":100.0,"2PM":1.0,"2PA":1.0,"2P%":100.0,"3PM":0.0,"3PA":0.0,"3P%":0.0,"FTM":0.0,"FTA":0.0,"FT%":0.0,"PTS":2.0,"OFF":1.0,"DEF":1.0,"REB":2.0,"AST":4.0,"TO":4.0,"STL":0.0,"BLK":0.0,"STK":0.0,"PF":2.0,"Fls on:":2.0,"+\/-":9.0,"GW":2.0,"GP":2.0},"M. Phillips":{"TEAM":"DLSU","MINS":274.3499999999,"FGM":51.0,"FGA":113.0,"FG%":45.1327433628,"2PM":48.0,"2PA":95.0,"2P%":50.5263157895,"3PM":3.0,"3PA":18.0,"3P%":16.6666666667,"FTM":31.0,"FTA":60.0,"FT%":51.6666666667,"PTS":136.0,"OFF":53.0,"DEF":89.0,"REB":142.0,"AST":29.0,"TO":34.0,"STL":22.0,"BLK":14.0,"STK":36.0,"PF":30.0,"Fls on:":51.0,"+\/-":69.0,"GW":11.0,"GP":12.0},"J. Macalalag":{"TEAM":"DLSU","MINS":240.4833333334,"FGM":32.0,"FGA":68.0,"FG%":47.0588235294,"2PM":22.0,"2PA":43.0,"2P%":51.1627906977,"3PM":10.0,"3PA":25.0,"3P%":40.0,"FTM":6.0,"FTA":10.0,"FT%":60.0,"PTS":80.0,"OFF":13.0,"DEF":13.0,"REB":26.0,"AST":16.0,"TO":10.0,"STL":4.0,"BLK":4.0,"STK":8.0,"PF":16.0,"Fls on:":12.0,"+\/-":123.0,"GW":11.0,"GP":12.0},"E. Abadam":{"TEAM":"DLSU","MINS":150.3833333332,"FGM":15.0,"FGA":44.0,"FG%":34.0909090909,"2PM":10.0,"2PA":22.0,"2P%":45.4545454545,"3PM":5.0,"3PA":22.0,"3P%":22.7272727273,"FTM":6.0,"FTA":11.0,"FT%":54.5454545455,"PTS":41.0,"OFF":7.0,"DEF":11.0,"REB":18.0,"AST":10.0,"TO":9.0,"STL":3.0,"BLK":1.0,"STK":4.0,"PF":17.0,"Fls on:":8.0,"+\/-":68.0,"GW":8.0,"GP":9.0}}