{"R. Gonzales":{"TEAM":"DLSU","MINS":11.0611111111,"FGM":2.3333333333,"FGA":3.6666666667,"FG%":63.6363636364,"2PM":2.1111111111,"2PA":3.4444444444,"2P%":61.2903225806,"3PM":0.2222222222,"3PA":0.2222222222,"3P%":100.0,"FTM":0.6666666667,"FTA":0.8888888889,"FT%":75.0,"PTS":5.5555555556,"OFF":1.1111111111,"DEF":1.6666666667,"REB":2.7777777778,"AST":0.8888888889,"TO":1.0,"STL":0.8888888889,"BLK":0.4444444444,"STK":1.3333333333,"PF":1.5555555556,"Fls on:":0.5555555556,"+\/-":2.4444444444,"GP":9.0},"M. Rubico":{"TEAM":"DLSU","MINS":3.4,"FGM":0.25,"FGA":0.5,"FG%":50.0,"2PM":0.0,"2PA":0.25,"2P%":0.0,"3PM":0.25,"3PA":0.25,"3P%":100.0,"FTM":0.0,"FTA":0.0,"FT%":0.0,"PTS":0.75,"OFF":0.0,"DEF":0.5,"REB":0.5,"AST":0.25,"TO":1.0,"STL":0.25,"BLK":0.0,"STK":0.25,"PF":0.75,"Fls on:":0.0,"+\/-":-0.5,"GP":4.0},"H. Agunanne":{"TEAM":"DLSU","MINS":15.112962963,"FGM":2.2222222222,"FGA":5.4444444444,"FG%":40.8163265306,"2PM":2.1111111111,"2PA":4.8888888889,"2P%":43.1818181818,"3PM":0.1111111111,"3PA":0.5555555556,"3P%":20.0,"FTM":0.7777777778,"FTA":1.8888888889,"FT%":41.1764705882,"PTS":5.3333333333,"OFF":2.3333333333,"DEF":3.4444444444,"REB":5.7777777778,"AST":0.5555555556,"TO":2.4444444444,"STL":0.4444444444,"BLK":0.5555555556,"STK":1.0,"PF":1.7777777778,"Fls on:":1.8888888889,"+\/-":2.0,"GP":9.0},"A. Konov":{"TEAM":"DLSU","MINS":5.04,"FGM":0.2,"FGA":1.2,"FG%":16.6666666667,"2PM":0.0,"2PA":0.2,"2P%":0.0,"3PM":0.2,"3PA":1.0,"3P%":20.0,"FTM":0.0,"FTA":0.0,"FT%":0.0,"PTS":0.6,"OFF":0.4,"DEF":0.4,"REB":0.8,"AST":0.4,"TO":0.4,"STL":0.0,"BLK":0.0,"STK":0.0,"PF":0.4,"Fls on:":0.4,"+\/-":-2.0,"GP":5.0},"J. Macalalag":{"TEAM":"DLSU","MINS":20.4703703704,"FGM":2.8888888889,"FGA":6.1111111111,"FG%":47.2727272727,"2PM":1.8888888889,"2PA":3.7777777778,"2P%":50.0,"3PM":1.0,"3PA":2.3333333333,"3P%":42.8571428571,"FTM":0.3333333333,"FTA":0.7777777778,"FT%":42.8571428571,"PTS":7.1111111111,"OFF":1.2222222222,"DEF":1.3333333333,"REB":2.5555555556,"AST":1.1111111111,"TO":0.7777777778,"STL":0.4444444444,"BLK":0.4444444444,"STK":0.8888888889,"PF":1.3333333333,"Fls on:":1.0,"+\/-":9.4444444444,"GP":9.0},"V. David":{"TEAM":"DLSU","MINS":20.9555555556,"FGM":1.7777777778,"FGA":5.3333333333,"FG%":33.3333333333,"2PM":0.8888888889,"2PA":2.5555555556,"2P%":34.7826086957,"3PM":0.8888888889,"3PA":2.7777777778,"3P%":32.0,"FTM":0.6666666667,"FTA":0.8888888889,"FT%":75.0,"PTS":5.1111111111,"OFF":1.1111111111,"DEF":5.1111111111,"REB":6.2222222222,"AST":4.8888888889,"TO":1.5555555556,"STL":1.0,"BLK":0.0,"STK":1.0,"PF":1.8888888889,"Fls on:":1.0,"+\/-":9.0,"GP":9.0},"C. Austria":{"TEAM":"DLSU","MINS":14.9866666666,"FGM":1.0,"FGA":4.0,"FG%":25.0,"2PM":1.0,"2PA":3.0,"2P%":33.3333333333,"3PM":0.0,"3PA":1.0,"3P%":0.0,"FTM":0.8,"FTA":0.8,"FT%":100.0,"PTS":2.8,"OFF":1.2,"DEF":1.2,"REB":2.4,"AST":2.4,"TO":2.8,"STL":0.0,"BLK":0.2,"STK":0.2,"PF":0.8,"Fls on:":1.0,"+\/-":-1.8,"GP":5.0},"L. Ramiro":{"TEAM":"DLSU","MINS":14.3796296296,"FGM":0.8888888889,"FGA":3.2222222222,"FG%":27.5862068966,"2PM":0.3333333333,"2PA":1.5555555556,"2P%":21.4285714286,"3PM":0.5555555556,"3PA":1.6666666667,"3P%":33.3333333333,"FTM":0.1111111111,"FTA":0.2222222222,"FT%":50.0,"PTS":2.4444444444,"OFF":0.2222222222,"DEF":1.7777777778,"REB":2.0,"AST":1.5555555556,"TO":1.0,"STL":0.3333333333,"BLK":0.3333333333,"STK":0.6666666667,"PF":1.4444444444,"Fls on:":0.7777777778,"+\/-":-0.2222222222,"GP":9.0},"M. Phillips":{"TEAM":"DLSU","MINS":23.9037037037,"FGM":4.5555555556,"FGA":10.1111111111,"FG%":45.0549450549,"2PM":4.2222222222,"2PA":8.6666666667,"2P%":48.7179487179,"3PM":0.3333333333,"3PA":1.4444444444,"3P%":23.0769230769,"FTM":3.1111111111,"FTA":5.6666666667,"FT%":54.9019607843,"PTS":12.5555555556,"OFF":4.7777777778,"DEF":7.5555555556,"REB":12.3333333333,"AST":2.5555555556,"TO":2.6666666667,"STL":1.5555555556,"BLK":1.0,"STK":2.5555555556,"PF":2.5555555556,"Fls on:":4.6666666667,"+\/-":5.0,"GP":9.0},"V. Marasigan":{"TEAM":"DLSU","MINS":11.6962962963,"FGM":1.8888888889,"FGA":4.6666666667,"FG%":40.4761904762,"2PM":1.3333333333,"2PA":3.3333333333,"2P%":40.0,"3PM":0.5555555556,"3PA":1.3333333333,"3P%":41.6666666667,"FTM":1.2222222222,"FTA":1.8888888889,"FT%":64.7058823529,"PTS":5.5555555556,"OFF":0.8888888889,"DEF":1.7777777778,"REB":2.6666666667,"AST":0.3333333333,"TO":0.8888888889,"STL":0.4444444444,"BLK":0.1111111111,"STK":0.5555555556,"PF":2.3333333333,"Fls on:":1.7777777778,"+\/-":4.1111111111,"GP":9.0},"E. Gollena":{"TEAM":"DLSU","MINS":16.5407407407,"FGM":1.7777777778,"FGA":4.3333333333,"FG%":41.0256410256,"2PM":1.1111111111,"2PA":2.5555555556,"2P%":43.4782608696,"3PM":0.6666666667,"3PA":1.7777777778,"3P%":37.5,"FTM":1.8888888889,"FTA":2.4444444444,"FT%":77.2727272727,"PTS":6.1111111111,"OFF":1.4444444444,"DEF":1.0,"REB":2.4444444444,"AST":0.7777777778,"TO":0.7777777778,"STL":0.5555555556,"BLK":0.1111111111,"STK":0.6666666667,"PF":1.6666666667,"Fls on:":2.2222222222,"+\/-":4.2222222222,"GP":9.0},"E. Alian":{"TEAM":"DLSU","MINS":4.7166666667,"FGM":0.0,"FGA":0.0,"FG%":0.0,"2PM":0.0,"2PA":0.0,"2P%":0.0,"3PM":0.0,"3PA":0.0,"3P%":0.0,"FTM":0.0,"FTA":0.0,"FT%":0.0,"PTS":0.0,"OFF":1.0,"DEF":0.0,"REB":1.0,"AST":2.0,"TO":2.0,"STL":0.0,"BLK":0.0,"STK":0.0,"PF":1.0,"Fls on:":0.0,"+\/-":6.0,"GP":1.0},"E. Abadam":{"TEAM":"DLSU","MINS":16.7092592592,"FGM":1.6666666667,"FGA":4.8888888889,"FG%":34.0909090909,"2PM":1.1111111111,"2PA":2.4444444444,"2P%":45.4545454545,"3PM":0.5555555556,"3PA":2.4444444444,"3P%":22.7272727273,"FTM":0.6666666667,"FTA":1.2222222222,"FT%":54.5454545455,"PTS":4.5555555556,"OFF":0.7777777778,"DEF":1.2222222222,"REB":2.0,"AST":1.1111111111,"TO":1.0,"STL":0.3333333333,"BLK":0.1111111111,"STK":0.4444444444,"PF":1.8888888889,"Fls on:":0.8888888889,"+\/-":7.5555555556,"GP":9.0},"D. Dungo":{"TEAM":"DLSU","MINS":10.0583333333,"FGM":1.25,"FGA":3.125,"FG%":40.0,"2PM":0.375,"2PA":1.0,"2P%":37.5,"3PM":0.875,"3PA":2.125,"3P%":41.1764705882,"FTM":1.25,"FTA":1.25,"FT%":100.0,"PTS":4.625,"OFF":0.5,"DEF":0.875,"REB":1.375,"AST":1.125,"TO":1.125,"STL":0.125,"BLK":0.0,"STK":0.125,"PF":1.0,"Fls on:":1.125,"+\/-":1.0,"GP":8.0},"K. Quiambao":{"TEAM":"DLSU","MINS":29.7537037037,"FGM":5.8888888889,"FGA":14.6666666667,"FG%":40.1515151515,"2PM":3.5555555556,"2PA":7.8888888889,"2P%":45.0704225352,"3PM":2.3333333333,"3PA":6.7777777778,"3P%":34.4262295082,"FTM":3.0,"FTA":4.2222222222,"FT%":71.0526315789,"PTS":17.1111111111,"OFF":1.6666666667,"DEF":6.8888888889,"REB":8.5555555556,"AST":4.7777777778,"TO":3.3333333333,"STL":1.1111111111,"BLK":0.3333333333,"STK":1.4444444444,"PF":1.1111111111,"Fls on:":4.2222222222,"+\/-":11.1111111111,"GP":9.0}}