{"M. Rubico":{"TEAM":"DLSU","MINS":18.6333333332,"FGM":1.0,"FGA":3.0,"FG%":33.3333333333,"2PM":0.0,"2PA":1.0,"2P%":0.0,"3PM":1.0,"3PA":2.0,"3P%":50.0,"FTM":0.0,"FTA":0.0,"FT%":0.0,"PTS":3.0,"OFF":0.0,"DEF":2.0,"REB":2.0,"AST":2.0,"TO":5.0,"STL":1.0,"BLK":0.0,"STK":1.0,"PF":4.0,"Fls on:":1.0,"+\/-":-2.0,"GW":5.0,"GP":5.0},"V. David":{"TEAM":"DLSU","MINS":210.5833333333,"FGM":20.0,"FGA":53.0,"FG%":37.7358490566,"2PM":9.0,"2PA":24.0,"2P%":37.5,"3PM":11.0,"3PA":29.0,"3P%":37.9310344828,"FTM":6.0,"FTA":8.0,"FT%":75.0,"PTS":57.0,"OFF":10.0,"DEF":49.0,"REB":59.0,"AST":48.0,"TO":16.0,"STL":10.0,"BLK":0.0,"STK":10.0,"PF":18.0,"Fls on:":9.0,"+\/-":107.0,"GW":9.0,"GP":10.0},"H. Agunanne":{"TEAM":"DLSU","MINS":150.5166666666,"FGM":23.0,"FGA":55.0,"FG%":41.8181818182,"2PM":22.0,"2PA":50.0,"2P%":44.0,"3PM":1.0,"3PA":5.0,"3P%":20.0,"FTM":9.0,"FTA":20.0,"FT%":45.0,"PTS":56.0,"OFF":24.0,"DEF":34.0,"REB":58.0,"AST":5.0,"TO":25.0,"STL":4.0,"BLK":5.0,"STK":9.0,"PF":20.0,"Fls on:":21.0,"+\/-":30.0,"GW":9.0,"GP":10.0},"E. Abadam":{"TEAM":"DLSU","MINS":150.3833333332,"FGM":15.0,"FGA":44.0,"FG%":34.0909090909,"2PM":10.0,"2PA":22.0,"2P%":45.4545454545,"3PM":5.0,"3PA":22.0,"3P%":22.7272727273,"FTM":6.0,"FTA":11.0,"FT%":54.5454545455,"PTS":41.0,"OFF":7.0,"DEF":11.0,"REB":18.0,"AST":10.0,"TO":9.0,"STL":3.0,"BLK":1.0,"STK":4.0,"PF":17.0,"Fls on:":8.0,"+\/-":68.0,"GW":8.0,"GP":9.0},"V. Marasigan":{"TEAM":"DLSU","MINS":114.0666666666,"FGM":17.0,"FGA":45.0,"FG%":37.7777777778,"2PM":12.0,"2PA":32.0,"2P%":37.5,"3PM":5.0,"3PA":13.0,"3P%":38.4615384615,"FTM":11.0,"FTA":17.0,"FT%":64.7058823529,"PTS":50.0,"OFF":9.0,"DEF":17.0,"REB":26.0,"AST":4.0,"TO":9.0,"STL":4.0,"BLK":1.0,"STK":5.0,"PF":24.0,"Fls on:":17.0,"+\/-":31.0,"GW":9.0,"GP":10.0},"E. Gollena":{"TEAM":"DLSU","MINS":163.6833333333,"FGM":17.0,"FGA":42.0,"FG%":40.4761904762,"2PM":10.0,"2PA":23.0,"2P%":43.4782608696,"3PM":7.0,"3PA":19.0,"3P%":36.8421052632,"FTM":19.0,"FTA":24.0,"FT%":79.1666666667,"PTS":60.0,"OFF":13.0,"DEF":9.0,"REB":22.0,"AST":8.0,"TO":7.0,"STL":6.0,"BLK":1.0,"STK":7.0,"PF":16.0,"Fls on:":21.0,"+\/-":51.0,"GW":9.0,"GP":10.0},"E. Alian":{"TEAM":"DLSU","MINS":12.6666666667,"FGM":1.0,"FGA":1.0,"FG%":100.0,"2PM":1.0,"2PA":1.0,"2P%":100.0,"3PM":0.0,"3PA":0.0,"3P%":0.0,"FTM":0.0,"FTA":0.0,"FT%":0.0,"PTS":2.0,"OFF":1.0,"DEF":1.0,"REB":2.0,"AST":4.0,"TO":4.0,"STL":0.0,"BLK":0.0,"STK":0.0,"PF":2.0,"Fls on:":2.0,"+\/-":9.0,"GW":2.0,"GP":2.0},"K. Quiambao":{"TEAM":"DLSU","MINS":292.5000000001,"FGM":59.0,"FGA":143.0,"FG%":41.2587412587,"2PM":36.0,"2PA":78.0,"2P%":46.1538461538,"3PM":23.0,"3PA":65.0,"3P%":35.3846153846,"FTM":30.0,"FTA":41.0,"FT%":73.1707317073,"PTS":171.0,"OFF":15.0,"DEF":68.0,"REB":83.0,"AST":46.0,"TO":32.0,"STL":10.0,"BLK":3.0,"STK":13.0,"PF":11.0,"Fls on:":40.0,"+\/-":124.0,"GW":9.0,"GP":10.0},"R. Gonzales":{"TEAM":"DLSU","MINS":112.1499999999,"FGM":24.0,"FGA":39.0,"FG%":61.5384615385,"2PM":22.0,"2PA":36.0,"2P%":61.1111111111,"3PM":2.0,"3PA":3.0,"3P%":66.6666666667,"FTM":8.0,"FTA":10.0,"FT%":80.0,"PTS":58.0,"OFF":11.0,"DEF":19.0,"REB":30.0,"AST":8.0,"TO":11.0,"STL":10.0,"BLK":5.0,"STK":15.0,"PF":15.0,"Fls on:":6.0,"+\/-":26.0,"GW":9.0,"GP":10.0},"D. Dungo":{"TEAM":"DLSU","MINS":91.6333333332,"FGM":11.0,"FGA":28.0,"FG%":39.2857142857,"2PM":3.0,"2PA":8.0,"2P%":37.5,"3PM":8.0,"3PA":20.0,"3P%":40.0,"FTM":10.0,"FTA":10.0,"FT%":100.0,"PTS":40.0,"OFF":4.0,"DEF":8.0,"REB":12.0,"AST":9.0,"TO":10.0,"STL":1.0,"BLK":0.0,"STK":1.0,"PF":8.0,"Fls on:":9.0,"+\/-":9.0,"GW":8.0,"GP":9.0},"L. Ramiro":{"TEAM":"DLSU","MINS":146.4000000001,"FGM":8.0,"FGA":32.0,"FG%":25.0,"2PM":3.0,"2PA":16.0,"2P%":18.75,"3PM":5.0,"3PA":16.0,"3P%":31.25,"FTM":1.0,"FTA":2.0,"FT%":50.0,"PTS":22.0,"OFF":2.0,"DEF":21.0,"REB":23.0,"AST":18.0,"TO":10.0,"STL":3.0,"BLK":3.0,"STK":6.0,"PF":16.0,"Fls on:":8.0,"+\/-":6.0,"GW":9.0,"GP":10.0},"C. Austria":{"TEAM":"DLSU","MINS":91.0166666665,"FGM":7.0,"FGA":25.0,"FG%":28.0,"2PM":6.0,"2PA":17.0,"2P%":35.2941176471,"3PM":1.0,"3PA":8.0,"3P%":12.5,"FTM":5.0,"FTA":5.0,"FT%":100.0,"PTS":20.0,"OFF":7.0,"DEF":6.0,"REB":13.0,"AST":17.0,"TO":15.0,"STL":1.0,"BLK":1.0,"STK":2.0,"PF":6.0,"Fls on:":6.0,"+\/-":14.0,"GW":6.0,"GP":6.0},"J. Macalalag":{"TEAM":"DLSU","MINS":197.8333333334,"FGM":26.0,"FGA":57.0,"FG%":45.6140350877,"2PM":17.0,"2PA":35.0,"2P%":48.5714285714,"3PM":9.0,"3PA":22.0,"3P%":40.9090909091,"FTM":5.0,"FTA":9.0,"FT%":55.5555555556,"PTS":66.0,"OFF":11.0,"DEF":13.0,"REB":24.0,"AST":11.0,"TO":8.0,"STL":4.0,"BLK":4.0,"STK":8.0,"PF":12.0,"Fls on:":10.0,"+\/-":87.0,"GW":9.0,"GP":10.0},"A. Konov":{"TEAM":"DLSU","MINS":33.6666666667,"FGM":2.0,"FGA":7.0,"FG%":28.5714285714,"2PM":0.0,"2PA":1.0,"2P%":0.0,"3PM":2.0,"3PA":6.0,"3P%":33.3333333333,"FTM":0.0,"FTA":0.0,"FT%":0.0,"PTS":6.0,"OFF":2.0,"DEF":4.0,"REB":6.0,"AST":2.0,"TO":3.0,"STL":0.0,"BLK":0.0,"STK":0.0,"PF":4.0,"Fls on:":2.0,"+\/-":-7.0,"GW":6.0,"GP":6.0},"M. Phillips":{"TEAM":"DLSU","MINS":233.2666666666,"FGM":42.0,"FGA":97.0,"FG%":43.2989690722,"2PM":39.0,"2PA":81.0,"2P%":48.1481481481,"3PM":3.0,"3PA":16.0,"3P%":18.75,"FTM":28.0,"FTA":51.0,"FT%":54.9019607843,"PTS":115.0,"OFF":43.0,"DEF":71.0,"REB":114.0,"AST":25.0,"TO":27.0,"STL":17.0,"BLK":11.0,"STK":28.0,"PF":23.0,"Fls on:":42.0,"+\/-":57.0,"GW":9.0,"GP":10.0},"I. Phillips":{"TEAM":"DLSU","MINS":5.0333333333,"FGM":1.0,"FGA":1.0,"FG%":100.0,"2PM":0.0,"2PA":0.0,"2P%":0.0,"3PM":1.0,"3PA":1.0,"3P%":100.0,"FTM":0.0,"FTA":0.0,"FT%":0.0,"PTS":3.0,"OFF":0.0,"DEF":1.0,"REB":1.0,"AST":0.0,"TO":0.0,"STL":0.0,"BLK":0.0,"STK":0.0,"PF":1.0,"Fls on:":0.0,"+\/-":0.0,"GW":1.0,"GP":1.0}}