{"K. Quiambao":{"TEAM":"DLSU","SP":86.8181818182,"GP":11.0,"MPG":29.9378787879,"EWA":2.7955267923,"PER":27.8826312643,"WS":2.4254105742,"OWS":1.689726769,"DWS":0.7356838052,"EFF":19.8181818182,"GmSc":13.8,"TS%":54.6740994854,"EFG%":50.303030303,"PPWS":1.0835214447,"FTR":0.296969697,"REB%":13.7273189553,"OREB%":5.0598701133,"DREB%":21.7416199213,"AR":7.5589349851,"pAST%":31.2192536269,"TOR":5.826679051,"AST\/TO":1.2972972973,"PPR":-1.4426117686,"USG%":28.9860697047,"aSP":85.8426966292,"ORtg":107.3111305117,"DRtg":80.9946109916,"Floor%":46.200088969,"Stop%":0.6600967855,"FFI":49.1310618357,"PIE":18.1479758027,"AV":2.7016126146},"M. Phillips":{"TEAM":"DLSU","SP":73.8181818182,"GP":11.0,"MPG":22.8651515151,"EWA":2.1885746761,"PER":28.3100341881,"WS":1.6665093037,"OWS":0.7999598002,"DWS":0.8665495035,"EFF":17.2727272727,"GmSc":10.6363636364,"TS%":47.9066022544,"EFG%":44.5,"PPWS":0.9435084242,"FTR":0.55,"REB%":23.777443299,"OREB%":18.7059007951,"DREB%":28.4668125389,"AR":5.5671135417,"pAST%":21.2386032901,"TOR":6.185681713,"AST\/TO":0.9,"PPR":-4.5332289608,"USG%":26.1774022857,"aSP":72.9887640449,"ORtg":97.1902669305,"DRtg":71.7792359874,"Floor%":47.8906744673,"Stop%":0.8758150655,"FFI":53.2447597308,"PIE":12.3778501629,"AV":2.436946001},"R. Gonzales":{"TEAM":"DLSU","SP":38.2727272727,"GP":11.0,"MPG":11.496969697,"EWA":1.1532127139,"PER":29.1486048096,"WS":0.8977677386,"OWS":0.5257833786,"DWS":0.3719843599,"EFF":8.2727272727,"GmSc":5.4909090909,"TS%":66.0792951542,"EFG%":63.4146341463,"PPWS":1.3114754098,"FTR":0.243902439,"REB%":12.2875718553,"OREB%":9.3005650006,"DREB%":15.0494885804,"AR":4.100690684,"pAST%":16.5172893334,"TOR":4.5107597524,"AST\/TO":0.9090909091,"PPR":-3.2556611946,"USG%":19.0419742836,"aSP":37.8426966292,"ORtg":113.7698431986,"DRtg":75.613000374,"Floor%":53.7561231632,"Stop%":0.7860723194,"FFI":54.7568133059,"PIE":6.2354583527,"AV":1.4030131757},"V. David":{"TEAM":"DLSU","SP":57.0,"GP":11.0,"MPG":21.5121212121,"EWA":1.04742087,"PER":19.716954284,"WS":1.2864225439,"OWS":0.7590536085,"DWS":0.5273689353,"EFF":11.9090909091,"GmSc":6.7727272727,"TS%":51.9521410579,"EFG%":50.0,"PPWS":1.0344827586,"FTR":0.1333333333,"REB%":12.7359766746,"OREB%":4.9706076366,"DREB%":19.9161753369,"AR":10.7387378829,"pAST%":35.7508051651,"TOR":4.1640004036,"AST\/TO":2.5789473684,"PPR":5.4875672789,"USG%":14.8899157349,"aSP":56.3595505618,"ORtg":109.1890795762,"DRtg":81.0352164053,"Floor%":44.6362782958,"Stop%":0.6591462729,"FFI":46.9531214264,"PIE":9.9581200558,"AV":1.8438864676},"E. Gollena":{"TEAM":"DLSU","SP":35.6363636364,"GP":11.0,"MPG":16.3121212121,"EWA":0.6496657119,"PER":18.097511133,"WS":1.0022968159,"OWS":0.7591886499,"DWS":0.243108166,"EFF":6.4545454545,"GmSc":4.7727272727,"TS%":60.0626740947,"EFG%":52.1739130435,"PPWS":1.1825192802,"FTR":0.5652173913,"REB%":6.5609251937,"OREB%":7.1014066964,"DREB%":6.0611724396,"AR":2.6011923481,"pAST%":8.8784090246,"TOR":2.3121709761,"AST\/TO":1.125,"PPR":-1.0590587381,"USG%":15.5721689778,"aSP":35.2359550562,"ORtg":122.4168383257,"DRtg":87.6825540126,"Floor%":53.7019866974,"Stop%":0.503541945,"FFI":55.1900646822,"PIE":4.0949278734,"AV":1.164727868},"J. Macalalag":{"TEAM":"DLSU","SP":37.3636363636,"GP":11.0,"MPG":19.8590909091,"EWA":0.3637549507,"PER":14.1669784892,"WS":0.8291818401,"OWS":0.5799730629,"DWS":0.2492087773,"EFF":6.2727272727,"GmSc":4.5181818182,"TS%":52.6706231454,"EFG%":51.5873015873,"PPWS":1.0479704797,"FTR":0.1587301587,"REB%":5.1735350431,"OREB%":4.9356549902,"DREB%":5.3934893079,"AR":3.3236024471,"pAST%":11.6899919221,"TOR":2.1366015732,"AST\/TO":1.5555555556,"PPR":0.1449839319,"USG%":14.9331095695,"aSP":36.9438202247,"ORtg":108.3088496323,"DRtg":89.3110653571,"Floor%":47.9662527378,"Stop%":0.4654209064,"FFI":48.4688536206,"PIE":4.3275942299,"AV":1.1400332638},"D. Dungo":{"TEAM":"DLSU","SP":28.5,"GP":10.0,"MPG":10.02,"EWA":0.249542847,"PER":15.8257996253,"WS":0.4667256242,"OWS":0.3583145811,"DWS":0.108411043,"EFF":3.7,"GmSc":2.53,"TS%":58.1065759637,"EFG%":50.0,"PPWS":1.1484593838,"FTR":0.4,"REB%":6.1094741734,"OREB%":3.9128790876,"DREB%":8.1405417271,"AR":6.2107866089,"pAST%":21.1357915235,"TOR":5.1756555074,"AST\/TO":1.2,"PPR":-1.896511373,"USG%":19.2951268831,"aSP":28.1797752809,"ORtg":107.5415011271,"DRtg":89.7588389037,"Floor%":42.6381150046,"Stop%":0.4549391909,"FFI":50.4886619407,"PIE":2.419730107,"AV":0.7143844592},"V. Marasigan":{"TEAM":"DLSU","SP":31.8181818182,"GP":11.0,"MPG":11.4060606061,"EWA":0.2346805507,"PER":14.5796273134,"WS":0.5456192839,"OWS":0.2980266746,"DWS":0.2475926093,"EFF":4.4545454545,"GmSc":2.5454545455,"TS%":49.6861924686,"EFG%":45.9183673469,"PPWS":0.9823352003,"FTR":0.387755102,"REB%":10.1335964779,"OREB%":7.0310195827,"DREB%":13.0023742996,"AR":2.0666870955,"pAST%":7.7081726261,"TOR":4.1333741911,"AST\/TO":0.5,"PPR":-5.0486301694,"USG%":22.9235914952,"aSP":31.4606741573,"ORtg":96.3249300429,"DRtg":82.977149872,"Floor%":44.9715141152,"Stop%":0.6136884867,"FFI":49.5565338382,"PIE":1.5821312238,"AV":0.8819171037},"I. Phillips":{"TEAM":"DLSU","SP":23.0,"GP":1.0,"MPG":5.0333333333,"EWA":0.0555745803,"PER":33.0130277576,"WS":0.0196290622,"OWS":0.0114440498,"DWS":0.0081850124,"EFF":4.0,"GmSc":2.6,"TS%":150.0,"EFG%":150.0,"PPWS":3.0,"FTR":0.0,"REB%":9.3556186272,"OREB%":0.0,"DREB%":18.0062313701,"AR":0.0,"pAST%":0.0,"TOR":0.0,"AST\/TO":null,"PPR":0.0,"USG%":8.4830738848,"aSP":22.7415730337,"ORtg":300.0,"DRtg":85.6186281697,"Floor%":100.0,"Stop%":0.551855392,"FFI":85.0,"PIE":0.2791996277,"AV":0.1346870059},"H. Agunanne":{"TEAM":"DLSU","SP":36.3636363636,"GP":11.0,"MPG":14.303030303,"EWA":-0.022502527,"PER":10.5325206822,"WS":0.2077838448,"OWS":-0.149916336,"DWS":0.3577001808,"EFF":5.4545454545,"GmSc":2.3454545455,"TS%":43.8871473354,"EFG%":42.7272727273,"PPWS":0.8682170543,"FTR":0.3636363636,"REB%":17.6587301587,"OREB%":14.9518405137,"DREB%":20.161638303,"AR":1.6480953872,"pAST%":5.9936965169,"TOR":8.5700960135,"AST\/TO":0.1923076923,"PPR":-13.6886333593,"USG%":24.3705053521,"aSP":35.9550561798,"ORtg":73.5413327261,"DRtg":80.6937476487,"Floor%":36.7070660376,"Stop%":0.6671395508,"FFI":48.3932986448,"PIE":2.1870637506,"AV":1.026583177},"E. Alian":{"TEAM":"DLSU","SP":25.0,"GP":2.0,"MPG":6.3333333333,"EWA":-0.0378795363,"PER":4.8091156877,"WS":-0.0114794713,"OWS":-0.0234619852,"DWS":0.0119825139,"EFF":2.0,"GmSc":0.35,"TS%":100.0,"EFG%":100.0,"PPWS":2.0,"FTR":0.0,"REB%":7.4352548037,"OREB%":7.7382332483,"DREB%":7.1551077286,"AR":16.376863637,"pAST%":52.8555874491,"TOR":16.376863637,"AST\/TO":1.0,"PPR":-10.0016020829,"USG%":16.8545283762,"aSP":24.7191011236,"ORtg":67.5257067874,"DRtg":90.7931679822,"Floor%":31.057343893,"Stop%":0.4307270791,"FFI":62.4534307404,"PIE":0.1395998139,"AV":0.1346870059},"A. Konov":{"TEAM":"DLSU","SP":19.8333333333,"GP":6.0,"MPG":5.6111111111,"EWA":-0.1247830311,"PER":3.3700823997,"WS":0.0311776229,"OWS":-0.0065786357,"DWS":0.0377562586,"EFF":1.0,"GmSc":0.2166666667,"TS%":42.8571428571,"EFG%":42.8571428571,"PPWS":0.8571428571,"FTR":0.0,"REB%":8.3922677982,"OREB%":5.8228289789,"DREB%":10.7680829183,"AR":3.0807961297,"pAST%":9.6282139122,"TOR":4.6211941946,"AST\/TO":0.6666666667,"PPR":-4.7037237519,"USG%":12.6826154118,"aSP":19.6104868914,"ORtg":77.0738448018,"DRtg":89.4581341467,"Floor%":28.0394925054,"Stop%":0.4619782438,"FFI":42.15212439,"PIE":0.0930665426,"AV":0.1825551726},"M. Rubico":{"TEAM":"DLSU","SP":18.4,"GP":5.0,"MPG":3.7266666666,"EWA":-0.1526199425,"PER":-5.6432961236,"WS":-0.0520999688,"OWS":-0.0879785282,"DWS":0.0358785594,"EFF":0.2,"GmSc":-0.46,"TS%":50.0,"EFG%":50.0,"PPWS":1.0,"FTR":0.0,"REB%":5.0543771474,"OREB%":0.0,"DREB%":9.7278745506,"AR":5.5663758338,"pAST%":17.2359256081,"TOR":13.9159395844,"AST\/TO":0.4,"PPR":-18.6970915506,"USG%":18.3319378404,"aSP":18.193258427,"ORtg":44.4868287569,"DRtg":83.341325791,"Floor%":16.1818070638,"Stop%":0.6051636678,"FFI":41.5210151039,"PIE":-0.2791996277,"AV":0.0476190476},"C. Austria":{"TEAM":"DLSU","SP":36.5714285714,"GP":7.0,"MPG":15.9142857143,"EWA":-0.191901113,"PER":7.3575113361,