{"I. Phillips":{"TEAM":"DLSU","MINS":5.0333333333,"FGM":1.0,"FGA":1.0,"FG%":100.0,"2PM":0.0,"2PA":0.0,"2P%":0.0,"3PM":1.0,"3PA":1.0,"3P%":100.0,"FTM":0.0,"FTA":0.0,"FT%":0.0,"PTS":3.0,"OFF":0.0,"DEF":1.0,"REB":1.0,"AST":0.0,"TO":0.0,"STL":0.0,"BLK":0.0,"STK":0.0,"PF":1.0,"Fls on:":0.0,"+\/-":0.0,"GW":1.0,"GP":1.0},"L. Ramiro":{"TEAM":"DLSU","MINS":200.1000000001,"FGM":10.0,"FGA":42.0,"FG%":23.8095238095,"2PM":4.0,"2PA":22.0,"2P%":18.1818181818,"3PM":6.0,"3PA":20.0,"3P%":30.0,"FTM":3.0,"FTA":4.0,"FT%":75.0,"PTS":29.0,"OFF":4.0,"DEF":28.0,"REB":32.0,"AST":25.0,"TO":15.0,"STL":4.0,"BLK":4.0,"STK":8.0,"PF":22.0,"Fls on:":11.0,"+\/-":-12.0,"GW":12.0,"GP":13.0},"V. Marasigan":{"TEAM":"DLSU","MINS":141.1999999999,"FGM":22.0,"FGA":53.0,"FG%":41.5094339623,"2PM":17.0,"2PA":39.0,"2P%":43.5897435897,"3PM":5.0,"3PA":14.0,"3P%":35.7142857143,"FTM":14.0,"FTA":23.0,"FT%":60.8695652174,"PTS":63.0,"OFF":9.0,"DEF":19.0,"REB":28.0,"AST":6.0,"TO":11.0,"STL":6.0,"BLK":1.0,"STK":7.0,"PF":28.0,"Fls on:":22.0,"+\/-":41.0,"GW":12.0,"GP":13.0},"V. David":{"TEAM":"DLSU","MINS":292.1333333333,"FGM":29.0,"FGA":83.0,"FG%":34.9397590361,"2PM":13.0,"2PA":37.0,"2P%":35.1351351351,"3PM":16.0,"3PA":46.0,"3P%":34.7826086957,"FTM":7.0,"FTA":10.0,"FT%":70.0,"PTS":81.0,"OFF":13.0,"DEF":63.0,"REB":76.0,"AST":58.0,"TO":26.0,"STL":13.0,"BLK":0.0,"STK":13.0,"PF":22.0,"Fls on:":12.0,"+\/-":146.0,"GW":12.0,"GP":13.0},"A. Konov":{"TEAM":"DLSU","MINS":37.8166666667,"FGM":2.0,"FGA":8.0,"FG%":25.0,"2PM":0.0,"2PA":1.0,"2P%":0.0,"3PM":2.0,"3PA":7.0,"3P%":28.5714285714,"FTM":0.0,"FTA":0.0,"FT%":0.0,"PTS":6.0,"OFF":2.0,"DEF":4.0,"REB":6.0,"AST":2.0,"TO":3.0,"STL":0.0,"BLK":0.0,"STK":0.0,"PF":4.0,"Fls on:":2.0,"+\/-":-13.0,"GW":7.0,"GP":7.0},"R. Gonzales":{"TEAM":"DLSU","MINS":147.0333333333,"FGM":29.0,"FGA":49.0,"FG%":59.1836734694,"2PM":27.0,"2PA":45.0,"2P%":60.0,"3PM":2.0,"3PA":4.0,"3P%":50.0,"FTM":10.0,"FTA":14.0,"FT%":71.4285714286,"PTS":70.0,"OFF":15.0,"DEF":26.0,"REB":41.0,"AST":11.0,"TO":13.0,"STL":11.0,"BLK":7.0,"STK":18.0,"PF":20.0,"Fls on:":8.0,"+\/-":39.0,"GW":12.0,"GP":13.0},"E. Gollena":{"TEAM":"DLSU","MINS":213.35,"FGM":21.0,"FGA":50.0,"FG%":42.0,"2PM":13.0,"2PA":26.0,"2P%":50.0,"3PM":8.0,"3PA":24.0,"3P%":33.3333333333,"FTM":23.0,"FTA":28.0,"FT%":82.1428571429,"PTS":73.0,"OFF":16.0,"DEF":13.0,"REB":29.0,"AST":11.0,"TO":9.0,"STL":6.0,"BLK":1.0,"STK":7.0,"PF":25.0,"Fls on:":26.0,"+\/-":53.0,"GW":12.0,"GP":13.0},"D. Dungo":{"TEAM":"DLSU","MINS":124.0833333332,"FGM":16.0,"FGA":42.0,"FG%":38.0952380952,"2PM":8.0,"2PA":20.0,"2P%":40.0,"3PM":8.0,"3PA":22.0,"3P%":36.3636363636,"FTM":13.0,"FTA":14.0,"FT%":92.8571428571,"PTS":53.0,"OFF":6.0,"DEF":12.0,"REB":18.0,"AST":16.0,"TO":10.0,"STL":3.0,"BLK":1.0,"STK":4.0,"PF":10.0,"Fls on:":11.0,"+\/-":42.0,"GW":11.0,"GP":12.0},"K. Quiambao":{"TEAM":"DLSU","MINS":393.1000000001,"FGM":77.0,"FGA":196.0,"FG%":39.2857142857,"2PM":46.0,"2PA":104.0,"2P%":44.2307692308,"3PM":31.0,"3PA":92.0,"3P%":33.6956521739,"FTM":42.0,"FTA":54.0,"FT%":77.7777777778,"PTS":227.0,"OFF":21.0,"DEF":93.0,"REB":114.0,"AST":52.0,"TO":39.0,"STL":13.0,"BLK":3.0,"STK":16.0,"PF":13.0,"Fls on:":53.0,"+\/-":152.0,"GW":12.0,"GP":13.0},"M. Rubico":{"TEAM":"DLSU","MINS":21.4499999999,"FGM":1.0,"FGA":3.0,"FG%":33.3333333333,"2PM":0.0,"2PA":1.0,"2P%":0.0,"3PM":1.0,"3PA":2.0,"3P%":50.0,"FTM":0.0,"FTA":0.0,"FT%":0.0,"PTS":3.0,"OFF":0.0,"DEF":3.0,"REB":3.0,"AST":3.0,"TO":5.0,"STL":1.0,"BLK":0.0,"STK":1.0,"PF":4.0,"Fls on:":1.0,"+\/-":6.0,"GW":6.0,"GP":6.0},"C. Austria":{"TEAM":"DLSU","MINS":145.3166666665,"FGM":12.0,"FGA":37.0,"FG%":32.4324324324,"2PM":11.0,"2PA":28.0,"2P%":39.2857142857,"3PM":1.0,"3PA":9.0,"3P%":11.1111111111,"FTM":6.0,"FTA":11.0,"FT%":54.5454545455,"PTS":31.0,"OFF":10.0,"DEF":10.0,"REB":20.0,"AST":24.0,"TO":19.0,"STL":3.0,"BLK":1.0,"STK":4.0,"PF":11.0,"Fls on:":12.0,"+\/-":-6.0,"GW":9.0,"GP":9.0},"H. Agunanne":{"TEAM":"DLSU","MINS":181.2999999999,"FGM":27.0,"FGA":64.0,"FG%":42.1875,"2PM":26.0,"2PA":58.0,"2P%":44.8275862069,"3PM":1.0,"3PA":6.0,"3P%":16.6666666667,"FTM":9.0,"FTA":20.0,"FT%":45.0,"PTS":64.0,"OFF":26.0,"DEF":39.0,"REB":65.0,"AST":7.0,"TO":27.0,"STL":4.0,"BLK":5.0,"STK":9.0,"PF":26.0,"Fls on:":23.0,"+\/-":25.0,"GW":12.0,"GP":13.0},"E. Alian":{"TEAM":"DLSU","MINS":12.6666666667,"FGM":1.0,"FGA":1.0,"FG%":100.0,"2PM":1.0,"2PA":1.0,"2P%":100.0,"3PM":0.0,"3PA":0.0,"3P%":0.0,"FTM":0.0,"FTA":0.0,"FT%":0.0,"PTS":2.0,"OFF":1.0,"DEF":1.0,"REB":2.0,"AST":4.0,"TO":4.0,"STL":0.0,"BLK":0.0,"STK":0.0,"PF":2.0,"Fls on:":2.0,"+\/-":9.0,"GW":2.0,"GP":2.0},"M. Phillips":{"TEAM":"DLSU","MINS":296.3499999999,"FGM":57.0,"FGA":127.0,"FG%":44.8818897638,"2PM":54.0,"2PA":109.0,"2P%":49.5412844037,"3PM":3.0,"3PA":18.0,"3P%":16.6666666667,"FTM":33.0,"FTA":68.0,"FT%":48.5294117647,"PTS":150.0,"OFF":59.0,"DEF":93.0,"REB":152.0,"AST":30.0,"TO":38.0,"STL":23.0,"BLK":14.0,"STK":37.0,"PF":31.0,"Fls on:":57.0,"+\/-":82.0,"GW":12.0,"GP":13.0},"J. Macalalag":{"TEAM":"DLSU","MINS":262.4666666667,"FGM":36.0,"FGA":73.0,"FG%":49.3150684932,"2PM":25.0,"2PA":47.0,"2P%":53.1914893617,"3PM":11.0,"3PA":26.0,"3P%":42.3076923077,"FTM":6.0,"FTA":10.0,"FT%":60.0,"PTS":89.0,"OFF":13.0,"DEF":14.0,"REB":27.0,"AST":18.0,"TO":13.0,"STL":4.0,"BLK":4.0,"STK":8.0,"PF":18.0,"Fls on:":12.0,"+\/-":133.0,"GW":12.0,"GP":13.0},"E. Abadam":{"TEAM":"DLSU","MINS":150.3833333332,"FGM":15.0,"FGA":44.0,"FG%":34.0909090909,"2PM":10.0,"2PA":22.0,"2P%":45.4545454545,"3PM":5.0,"3PA":22.0,"3P%":22.7272727273,"FTM":6.0,"FTA":11.0,"FT%":54.5454545455,"PTS":41.0,"OFF":7.0,"DEF":11.0,"REB":18.0,"AST":10.0,"TO":9.0,"STL":3.0,"BLK":1.0,"STK":4.0,"PF":17.0,"Fls on:":8.0,"+\/-":68.0,"GW":8.0,"GP":9.0}}