{"I. Phillips":{"TEAM":"DLSU","MINS":5.0333333333,"FGM":5.9602649007,"FGA":5.9602649007,"FG%":100.0,"2PM":0.0,"2PA":0.0,"2P%":0.0,"3PM":5.9602649007,"3PA":5.9602649007,"3P%":100.0,"FTM":0.0,"FTA":0.0,"FT%":0.0,"PTS":17.8807947021,"OFF":0.0,"DEF":5.9602649007,"REB":5.9602649007,"AST":0.0,"TO":0.0,"STL":0.0,"BLK":0.0,"STK":0.0,"PF":5.9602649007,"Fls on:":0.0,"+\/-":0.0,"GW":1.0,"GP":1.0},"K. Quiambao":{"TEAM":"DLSU","MINS":30.2384615385,"FGM":5.8763673366,"FGA":14.9580259476,"FG%":39.2857142857,"2PM":3.5105571101,"2PA":7.9369117273,"2P%":44.2307692308,"3PM":2.3658102264,"3PA":7.0211142203,"3P%":33.6956521739,"FTM":3.2052912745,"FTA":4.1210887815,"FT%":77.7777777778,"PTS":17.323836174,"OFF":1.6026456372,"DEF":7.0974306792,"REB":8.7000763165,"AST":3.9684558636,"TO":2.9763418977,"STL":0.9921139659,"BLK":0.2289493767,"STK":1.2210633427,"PF":0.9921139659,"Fls on:":4.0447723226,"+\/-":11.6001017553,"GW":12.0,"GP":13.0},"M. Phillips":{"TEAM":"DLSU","MINS":22.7961538461,"FGM":5.7702041505,"FGA":12.8564197739,"FG%":44.8818897638,"2PM":5.4665091952,"2PA":11.0342500422,"2P%":49.5412844037,"3PM":0.3036949553,"3PA":1.8221697317,"3P%":16.6666666667,"FTM":3.3406445082,"FTA":6.8837523199,"FT%":48.5294117647,"PTS":15.1847477645,"OFF":5.972667454,"DEF":9.414543614,"REB":15.387211068,"AST":3.0369495529,"TO":3.846802767,"STL":2.3283279906,"BLK":1.4172431247,"STK":3.7455711152,"PF":3.1381812047,"Fls on:":5.7702041505,"+\/-":8.3009954446,"GW":12.0,"GP":13.0},"R. Gonzales":{"TEAM":"DLSU","MINS":11.3102564103,"FGM":5.9170256178,"FGA":9.9977329404,"FG%":59.1836734694,"2PM":5.5089548855,"2PA":9.1815914759,"2P%":60.0,"3PM":0.4080707323,"3PA":0.8161414645,"3P%":50.0,"FTM":2.0403536613,"FTA":2.8564951258,"FT%":71.4285714286,"PTS":14.2824756291,"OFF":3.060530492,"DEF":5.3049195194,"REB":8.3654500113,"AST":2.2443890274,"TO":2.6524597597,"STL":2.2443890274,"BLK":1.4282475629,"STK":3.6726365903,"PF":4.0807073226,"Fls on:":1.632282929,"+\/-":7.9573792791,"GW":12.0,"GP":13.0},"V. Marasigan":{"TEAM":"DLSU","MINS":10.8615384615,"FGM":4.6742209632,"FGA":11.2606232295,"FG%":41.5094339623,"2PM":3.611898017,"2PA":8.2861189802,"2P%":43.5897435897,"3PM":1.0623229462,"3PA":2.9745042493,"3P%":35.7142857143,"FTM":2.9745042493,"FTA":4.8866855524,"FT%":60.8695652174,"PTS":13.3852691218,"OFF":1.9121813031,"DEF":4.0368271955,"REB":5.9490084986,"AST":1.2747875354,"TO":2.3371104816,"STL":1.2747875354,"BLK":0.2124645892,"STK":1.4872521246,"PF":5.9490084986,"Fls on:":4.6742209632,"+\/-":8.7110481586,"GW":12.0,"GP":13.0},"D. Dungo":{"TEAM":"DLSU","MINS":10.3402777778,"FGM":3.8683680322,"FGA":10.1544660846,"FG%":38.0952380952,"2PM":1.9341840161,"2PA":4.8354600403,"2P%":40.0,"3PM":1.9341840161,"3PA":5.3190060443,"3P%":36.3636363636,"FTM":3.1430490262,"FTA":3.3848220282,"FT%":92.8571428571,"PTS":12.8139691068,"OFF":1.4506380121,"DEF":2.9012760242,"REB":4.3519140363,"AST":3.8683680322,"TO":2.4177300202,"STL":0.725319006,"BLK":0.241773002,"STK":0.9670920081,"PF":2.4177300202,"Fls on:":2.6595030222,"+\/-":10.1544660846,"GW":11.0,"GP":12.0},"H. Agunanne":{"TEAM":"DLSU","MINS":13.9461538461,"FGM":4.4677330392,"FGA":10.5901820188,"FG%":42.1875,"2PM":4.3022614451,"2PA":9.5973524545,"2P%":44.8275862069,"3PM":0.165471594,"3PA":0.9928295643,"3P%":16.6666666667,"FTM":1.4892443464,"FTA":3.3094318809,"FT%":45.0,"PTS":10.5901820188,"OFF":4.3022614451,"DEF":6.4533921677,"REB":10.7556536128,"AST":1.1583011583,"TO":4.4677330392,"STL":0.6618863762,"BLK":0.8273579702,"STK":1.4892443464,"PF":4.3022614451,"Fls on:":3.805846663,"+\/-":4.1367898511,"GW":12.0,"GP":13.0},"E. Gollena":{"TEAM":"DLSU","MINS":16.4115384615,"FGM":2.9528943051,"FGA":7.0307007265,"FG%":42.0,"2PM":1.8279821889,"2PA":3.6559643778,"2P%":50.0,"3PM":1.1249121162,"3PA":3.3747363487,"3P%":33.3333333333,"FTM":3.2341223342,"FTA":3.9371924068,"FT%":82.1428571429,"PTS":10.2648230607,"OFF":2.2498242325,"DEF":1.8279821889,"REB":4.0778064214,"AST":1.5467541598,"TO":1.2655261308,"STL":0.8436840872,"BLK":0.1406140145,"STK":0.9842981017,"PF":3.5153503633,"Fls on:":3.6559643778,"+\/-":7.4525427701,"GW":12.0,"GP":13.0},"J. Macalalag":{"TEAM":"DLSU","MINS":20.1897435897,"FGM":4.1148082296,"FGA":8.3439166878,"FG%":49.3150684932,"2PM":2.857505715,"2PA":5.3721107442,"2P%":53.1914893617,"3PM":1.2573025146,"3PA":2.9718059436,"3P%":42.3076923077,"FTM":0.6858013716,"FTA":1.143002286,"FT%":60.0,"PTS":10.1727203454,"OFF":1.4859029718,"DEF":1.6002032004,"REB":3.0861061722,"AST":2.0574041148,"TO":1.4859029718,"STL":0.4572009144,"BLK":0.4572009144,"STK":0.9144018288,"PF":2.0574041148,"Fls on:":1.3716027432,"+\/-":15.2019304039,"GW":12.0,"GP":13.0},"V. David":{"TEAM":"DLSU","MINS":22.4717948718,"FGM":2.9780921953,"FGA":8.5235052487,"FG%":34.9397590361,"2PM":1.3350068462,"2PA":3.7996348699,"2P%":35.1351351351,"3PM":1.6430853492,"3PA":4.7238703788,"3P%":34.7826086957,"FTM":0.7188498403,"FTA":1.0269283432,"FT%":70.0,"PTS":8.3181195801,"OFF":1.3350068462,"DEF":6.4696485623,"REB":7.8046554085,"AST":5.9561843907,"TO":2.6700136924,"STL":1.3350068462,"BLK":0.0,"STK":1.3350068462,"PF":2.2592423551,"Fls on:":1.2323140119,"+\/-":14.993153811,"GW":12.0,"GP":13.0},"E. Abadam":{"TEAM":"DLSU","MINS":16.7092592592,"FGM":2.992352876,"FGA":8.7775684362,"FG%":34.0909090909,"2PM":1.9949019173,"2PA":4.3887842181,"2P%":45.4545454545,"3PM":0.9974509587,"3PA":4.3887842181,"3P%":22.7272727273,"FTM":1.1969411504,"FTA":2.1943921091,"FT%":54.5454545455,"PTS":8.179097861,"OFF":1.3964313421,"DEF":2.1943921091,"REB":3.5908234512,"AST":1.9949019173,"TO":1.7954117256,"STL":0.5984705752,"BLK":0.1994901917,"STK":0.7979607669,"PF":3.3913332595,"Fls on:":1.5959215339,"+\/-":13.5653330378,"GW":8.0,"GP":9.0},"C. Austria":{"TEAM":"DLSU","MINS":16.1462962963,"FGM":2.4773483198,"FGA":7.6384906526,"FG%":32.4324324324,"2PM":2.2709026265,"2PA":5.7804794128,"2P%":39.2857142857,"3PM":0.2064456933,"3PA":1.8580112398,"3P%":11.1111111111,"FTM":1.2386741599,"FTA":2.2709026265,"FT%":54.5454545455,"PTS":6.3998164927,"OFF":2.0644569331,"DEF":2.0644569331,"REB":4.1289138663,"AST":4.9546966395,"TO":3.922468173,"STL":0.6193370799,"BLK":0.2064456933,"STK":0.8257827733,"PF":2.2709026265,"Fls on:":2.4773483198,"+\/-":-1.2386741599,"GW":9.0,"GP":9.0},"A. Konov":{"TEAM":"DLSU","MINS":5.4023809524,"FGM":1.5866020273,"FGA":6.3464081093,"FG%":25.0,"2PM":0.0,"2PA":0.7933010137,"2P%":0.0,"3PM":1.5866020273,"3PA":5.5531070956,"3P%":28.5714285714,"FTM":0.0,"FTA":0.0,"FT%":0.0,"PTS":4.759806082,"OFF":1.5866020273,"DEF":3.1732040546,"REB":4.759806082,"AST":1.5866020273,"TO":2.379903041,"STL":0.0,"BLK":0.0,"STK":0.0,"PF":3.1732040546,"Fls on:":1.5866020273,"+\/-":-10.3129131776,"GW":7.0,"GP":7.0},"E. Alian":{"TEAM":"DLSU","MINS":6.3333333333,"FGM":2.3684210526,"FGA":2.3684210526,"FG%":100.0,"2PM":2.3684210526,"2PA":2.3684210526,"2P%":100.0,"3PM":0.0,"3PA":0.0,"3P%":0.0,"FTM":0.0,"FTA":0.0,"FT%":0.0,"PTS":4.7368421053,"OFF":2.3684210526,"DEF":2.3684210526,"REB":4.7368421053,"AST":9.4736842105,"TO":9.4736842105,"STL":0.0,"BLK":0.0,"STK":0.0,"PF":4.7368421053,"Fls on:":4.7368421053,"+\/-":21.3157894736,"GW":2.0,"GP":2.0},"L. Ramiro":{"TEAM":"DLSU","MINS":15.3923076923,"FGM":1.4992503748,"FGA":6.2968515742,"FG%":23.8095238095,"2PM":0.5997001499,"2PA":3.2983508246,"2P%":18.1818181818,"3PM":0.8995502249,"3PA":2.9985007496,"3P%":30.0,"FTM":0.4497751124,"FTA":0.5997001499,"FT%":75.0,"PTS":4.347826087,"OFF":0.5997001499,"DEF":4.1979010495,"REB":4.7976011994,"AST":3.748125937,"TO":2.2488755622,"STL":0.5997001499,"BLK":0.5997001499,"STK":1.1994002998,"PF":3.2983508246,"Fls on:":1.6491754123,"+\/-":-1.7991004498,"GW":12.0,"GP":13.0},"M. Rubico":{"TEAM":"DLSU","MINS":3.575,"FGM":1.3986013986,"FGA":4.1958041958,"FG%":33.3333333333,"2PM":0.0,"2PA":1.3986013986,"2P%":0.0,"3PM":1.3986013986,"3PA":2.7972027972,"3P%":50.0,"FTM":0.0,"FTA":0.0,"FT%":0.0,"PTS":4.1958041958,"OFF":0.0,"DEF":4.1958041958,"REB":4.1958041958,"AST":4.1958041958,"TO":6.993006993,"STL":1.3986013986,"BLK":0.0,"STK":1.3986013986,"PF":5.5944055944,"Fls on:":1.3986013986,"+\/-":8.3916083916,"GW":6.0,