{"I. Phillips":{"TEAM":"DLSU","MINS":5.0333333333,"FGM":5.9602649007,"FGA":5.9602649007,"FG%":100.0,"2PM":0.0,"2PA":0.0,"2P%":0.0,"3PM":5.9602649007,"3PA":5.9602649007,"3P%":100.0,"FTM":0.0,"FTA":0.0,"FT%":0.0,"PTS":17.8807947021,"OFF":0.0,"DEF":5.9602649007,"REB":5.9602649007,"AST":0.0,"TO":0.0,"STL":0.0,"BLK":0.0,"STK":0.0,"PF":5.9602649007,"Fls on:":0.0,"+\/-":0.0,"GW":1.0,"GP":1.0},"K. Quiambao":{"TEAM":"DLSU","MINS":29.9166666667,"FGM":5.9331476323,"FGA":15.208913649,"FG%":39.010989011,"2PM":3.5933147632,"2PA":8.1894150418,"2P%":43.8775510204,"3PM":2.3398328691,"3PA":7.0194986072,"3P%":33.3333333333,"FTM":3.5097493036,"FTA":4.5125348189,"FT%":77.7777777778,"PTS":17.7158774373,"OFF":1.6713091922,"DEF":7.4373259053,"REB":9.1086350975,"AST":4.0947075209,"TO":3.0919220056,"STL":1.0027855153,"BLK":0.2506963788,"STK":1.2534818942,"PF":1.0863509749,"Fls on:":4.2618384401,"+\/-":12.3676880223,"GW":11.0,"GP":12.0},"M. Phillips":{"TEAM":"DLSU","MINS":22.8625,"FGM":5.5768179333,"FGA":12.3564789503,"FG%":45.1327433628,"2PM":5.2487698196,"2PA":10.3881902679,"2P%":50.5263157895,"3PM":0.3280481137,"3PA":1.9682886823,"3P%":16.6666666667,"FTM":3.3898305085,"FTA":6.5609622745,"FT%":51.6666666667,"PTS":14.8715144888,"OFF":5.7955166758,"DEF":9.7320940405,"REB":15.5276107162,"AST":3.171131766,"TO":3.7178786222,"STL":2.4056861673,"BLK":1.5308911974,"STK":3.9365773647,"PF":3.2804811372,"Fls on:":5.5768179333,"+\/-":7.5451066156,"GW":11.0,"GP":12.0},"V. Marasigan":{"TEAM":"DLSU","MINS":11.175,"FGM":4.6979865772,"FGA":11.6331096197,"FG%":40.3846153846,"2PM":3.5794183445,"2PA":8.5011185682,"2P%":42.1052631579,"3PM":1.1185682327,"3PA":3.1319910515,"3P%":35.7142857143,"FTM":3.1319910515,"FTA":5.1454138702,"FT%":60.8695652174,"PTS":13.6465324385,"OFF":2.0134228188,"DEF":4.2505592841,"REB":6.2639821029,"AST":1.3422818792,"TO":2.4608501119,"STL":1.1185682327,"BLK":0.2237136465,"STK":1.3422818792,"PF":6.0402684564,"Fls on:":4.6979865772,"+\/-":8.7248322148,"GW":11.0,"GP":12.0},"R. Gonzales":{"TEAM":"DLSU","MINS":11.8944444444,"FGM":5.4647361046,"FGA":9.668379262,"FG%":56.5217391304,"2PM":5.0443717889,"2PA":8.8276506305,"2P%":57.1428571429,"3PM":0.4203643157,"3PA":0.8407286315,"3P%":50.0,"FTM":1.8916394208,"FTA":2.5221858944,"FT%":75.0,"PTS":13.2414759458,"OFF":2.7323680523,"DEF":5.2545539468,"REB":7.9869219991,"AST":2.1018215787,"TO":2.7323680523,"STL":2.3120037366,"BLK":1.4712751051,"STK":3.7832788417,"PF":3.9934609995,"Fls on:":1.4712751051,"+\/-":8.6174684727,"GW":11.0,"GP":12.0},"D. Dungo":{"TEAM":"DLSU","MINS":10.7227272727,"FGM":3.815175922,"FGA":9.6651123357,"FG%":39.4736842105,"2PM":1.7804154303,"2PA":4.0695209835,"2P%":43.75,"3PM":2.0347604917,"3PA":5.5955913523,"3P%":36.3636363636,"FTM":2.7977956761,"FTA":3.0521407376,"FT%":91.6666666667,"PTS":12.4629080119,"OFF":1.5260703688,"DEF":3.0521407376,"REB":4.5782111064,"AST":3.5608308605,"TO":2.5434506147,"STL":0.5086901229,"BLK":0.2543450615,"STK":0.7630351844,"PF":2.5434506147,"Fls on:":2.5434506147,"+\/-":7.3760067825,"GW":10.0,"GP":11.0},"E. Gollena":{"TEAM":"DLSU","MINS":16.0583333333,"FGM":3.1136481578,"FGA":7.4727555786,"FG%":41.6666666667,"2PM":1.8681888947,"2PA":3.8920601972,"2P%":48.0,"3PM":1.2454592631,"3PA":3.5806953814,"3P%":34.7826086957,"FTM":3.2693305656,"FTA":4.0477426051,"FT%":80.7692307692,"PTS":10.7420861443,"OFF":2.4909185262,"DEF":1.8681888947,"REB":4.3591074209,"AST":1.401141671,"TO":1.2454592631,"STL":0.9340944473,"BLK":0.1556824079,"STK":1.0897768552,"PF":3.5806953814,"Fls on:":3.5806953814,"+\/-":7.6284379865,"GW":11.0,"GP":12.0},"H. Agunanne":{"TEAM":"DLSU","MINS":13.6388888889,"FGM":4.3991853361,"FGA":10.6313645621,"FG%":41.3793103448,"2PM":4.215885947,"2PA":9.5315682281,"2P%":44.2307692308,"3PM":0.183299389,"3PA":1.099796334,"3P%":16.6666666667,"FTM":1.649694501,"FTA":3.66598778,"FT%":45.0,"PTS":10.6313645621,"OFF":4.7657841141,"DEF":6.4154786151,"REB":11.1812627291,"AST":0.916496945,"TO":4.9490835031,"STL":0.733197556,"BLK":0.916496945,"STK":1.649694501,"PF":4.032586558,"Fls on:":3.849287169,"+\/-":5.1323828921,"GW":11.0,"GP":12.0},"J. Macalalag":{"TEAM":"DLSU","MINS":20.0402777778,"FGM":3.9919606348,"FGA":8.482916349,"FG%":47.0588235294,"2PM":2.7444729364,"2PA":5.3641971031,"2P%":51.1627906977,"3PM":1.2474876984,"3PA":3.118719246,"3P%":40.0,"FTM":0.748492619,"FTA":1.2474876984,"FT%":60.0,"PTS":9.9799015871,"OFF":1.6217340079,"DEF":1.6217340079,"REB":3.2434680158,"AST":1.9959803174,"TO":1.2474876984,"STL":0.4989950794,"BLK":0.4989950794,"STK":0.9979901587,"PF":1.9959803174,"Fls on:":1.4969852381,"+\/-":15.3440986901,"GW":11.0,"GP":12.0},"E. Abadam":{"TEAM":"DLSU","MINS":16.7092592592,"FGM":2.992352876,"FGA":8.7775684362,"FG%":34.0909090909,"2PM":1.9949019173,"2PA":4.3887842181,"2P%":45.4545454545,"3PM":0.9974509587,"3PA":4.3887842181,"3P%":22.7272727273,"FTM":1.1969411504,"FTA":2.1943921091,"FT%":54.5454545455,"PTS":8.179097861,"OFF":1.3964313421,"DEF":2.1943921091,"REB":3.5908234512,"AST":1.9949019173,"TO":1.7954117256,"STL":0.5984705752,"BLK":0.1994901917,"STK":0.7979607669,"PF":3.3913332595,"Fls on:":1.5959215339,"+\/-":13.5653330378,"GW":8.0,"GP":9.0},"V. David":{"TEAM":"DLSU","MINS":22.1277777778,"FGM":2.7115239769,"FGA":7.9086115993,"FG%":34.2857142857,"2PM":1.0168214913,"2PA":3.1634446397,"2P%":32.1428571429,"3PM":1.6947024856,"3PA":4.7451669596,"3P%":35.7142857143,"FTM":0.6778809942,"FTA":0.9038413256,"FT%":75.0,"PTS":7.7956314336,"OFF":1.4687421542,"DEF":6.3268892794,"REB":7.7956314336,"AST":6.100928948,"TO":2.3725834798,"STL":1.129801657,"BLK":0.0,"STK":1.129801657,"PF":2.2596033141,"Fls on:":1.0168214913,"+\/-":16.2691438614,"GW":11.0,"GP":12.0},"C. Austria":{"TEAM":"DLSU","MINS":15.9125,"FGM":2.5923016497,"FGA":8.0125687353,"FG%":32.3529411765,"2PM":2.3566378633,"2PA":5.8915946583,"2P%":40.0,"3PM":0.2356637863,"3PA":2.120974077,"3P%":11.1111111111,"FTM":1.413982718,"FTA":1.8853102907,"FT%":75.0,"PTS":6.8342498036,"OFF":2.3566378633,"DEF":2.120974077,"REB":4.4776119403,"AST":4.948939513,"TO":4.4776119403,"STL":0.2356637863,"BLK":0.2356637863,"STK":0.4713275727,"PF":2.120974077,"Fls on:":2.120974077,"+\/-":-2.3566378633,"GW":8.0,"GP":8.0},"M. Rubico":{"TEAM":"DLSU","MINS":3.7266666666,"FGM":1.6100178891,"FGA":4.8300536673,"FG%":33.3333333333,"2PM":0.0,"2PA":1.6100178891,"2P%":0.0,"3PM":1.6100178891,"3PA":3.2200357782,"3P%":50.0,"FTM":0.0,"FTA":0.0,"FT%":0.0,"PTS":4.8300536673,"OFF":0.0,"DEF":3.2200357782,"REB":3.2200357782,"AST":3.2200357782,"TO":8.0500894455,"STL":1.6100178891,"BLK":0.0,"STK":1.6100178891,"PF":6.4400715564,"Fls on:":1.6100178891,"+\/-":-3.2200357782,"GW":5.0,"GP":5.0},"A. Konov":{"TEAM":"DLSU","MINS":5.4023809524,"FGM":1.5866020273,"FGA":6.3464081093,"FG%":25.0,"2PM":0.0,"2PA":0.7933010137,"2P%":0.0,"3PM":1.5866020273,"3PA":5.5531070956,"3P%":28.5714285714,"FTM":0.0,"FTA":0.0,"FT%":0.0,"PTS":4.759806082,"OFF":1.5866020273,"DEF":3.1732040546,"REB":4.759806082,"AST":1.5866020273,"TO":2.379903041,"STL":0.0,"BLK":0.0,"STK":0.0,"PF":3.1732040546,"Fls on:":1.5866020273,"+\/-":-10.3129131776,"GW":7.0,"GP":7.0},"E. Alian":{"TEAM":"DLSU","MINS":6.3333333333,"FGM":2.3684210526,"FGA":2.3684210526,"FG%":100.0,"2PM":2.3684210526,"2PA":2.3684210526,"2P%":100.0,"3PM":0.0,"3PA":0.0,"3P%":0.0,"FTM":0.0,"FTA":0.0,"FT%":0.0,"PTS":4.7368421053,"OFF":2.3684210526,"DEF":2.3684210526,"REB":4.7368421053,"AST":9.4736842105,"TO":9.4736842105,"STL":0.0,"BLK":0.0,"STK":0.0,"PF":4.7368421053,"Fls on:":4.7368421053,"+\/-":21.3157894736,"GW":2.0,"GP":2.0},"L. Ramiro":{"TEAM":"DLSU","MINS":15.1263888889,"FGM":1.6527407952,"FGA":6.6109631806,"FG%":25.0,"2PM":0.6610963181,"2PA":3.3054815903,"2P%":20.0,"3PM":0.9916444771,"3PA":3.3054815903,"3P%":30.0,"FTM":0.1652740795,"FTA":0.330548159,"FT%":50.0,"PTS":4.4624001469,"OFF":0.4958222385,"DEF":4.1318519879,"REB":4.6276742264,"AST":3.6360297493,"TO":2.1485630337,"STL":0.4958222385,"BLK":0.6610963181,"STK":1.1569185566,"PF":3.4707556698,"Fls on:":1.6527407952,"+\/-":-1.9832889542,"GW":11.0,"GP":12.0}}