{"M. Rubico":{"TEAM":"DLSU","MINS":3.7266666666,"FGM":0.2,"FGA":0.6,"FG%":33.3333333333,"2PM":0.0,"2PA":0.2,"2P%":0.0,"3PM":0.2,"3PA":0.4,"3P%":50.0,"FTM":0.0,"FTA":0.0,"FT%":0.0,"PTS":0.6,"OFF":0.0,"DEF":0.4,"REB":0.4,"AST":0.4,"TO":1.0,"STL":0.2,"BLK":0.0,"STK":0.2,"PF":0.8,"Fls on:":0.2,"+\/-":-0.4,"GP":5.0},"V. David":{"TEAM":"DLSU","MINS":21.0583333333,"FGM":2.0,"FGA":5.3,"FG%":37.7358490566,"2PM":0.9,"2PA":2.4,"2P%":37.5,"3PM":1.1,"3PA":2.9,"3P%":37.9310344828,"FTM":0.6,"FTA":0.8,"FT%":75.0,"PTS":5.7,"OFF":1.0,"DEF":4.9,"REB":5.9,"AST":4.8,"TO":1.6,"STL":1.0,"BLK":0.0,"STK":1.0,"PF":1.8,"Fls on:":0.9,"+\/-":10.7,"GP":10.0},"H. Agunanne":{"TEAM":"DLSU","MINS":15.0516666667,"FGM":2.3,"FGA":5.5,"FG%":41.8181818182,"2PM":2.2,"2PA":5.0,"2P%":44.0,"3PM":0.1,"3PA":0.5,"3P%":20.0,"FTM":0.9,"FTA":2.0,"FT%":45.0,"PTS":5.6,"OFF":2.4,"DEF":3.4,"REB":5.8,"AST":0.5,"TO":2.5,"STL":0.4,"BLK":0.5,"STK":0.9,"PF":2.0,"Fls on:":2.1,"+\/-":3.0,"GP":10.0},"E. Abadam":{"TEAM":"DLSU","MINS":16.7092592592,"FGM":1.6666666667,"FGA":4.8888888889,"FG%":34.0909090909,"2PM":1.1111111111,"2PA":2.4444444444,"2P%":45.4545454545,"3PM":0.5555555556,"3PA":2.4444444444,"3P%":22.7272727273,"FTM":0.6666666667,"FTA":1.2222222222,"FT%":54.5454545455,"PTS":4.5555555556,"OFF":0.7777777778,"DEF":1.2222222222,"REB":2.0,"AST":1.1111111111,"TO":1.0,"STL":0.3333333333,"BLK":0.1111111111,"STK":0.4444444444,"PF":1.8888888889,"Fls on:":0.8888888889,"+\/-":7.5555555556,"GP":9.0},"V. Marasigan":{"TEAM":"DLSU","MINS":11.4066666667,"FGM":1.7,"FGA":4.5,"FG%":37.7777777778,"2PM":1.2,"2PA":3.2,"2P%":37.5,"3PM":0.5,"3PA":1.3,"3P%":38.4615384615,"FTM":1.1,"FTA":1.7,"FT%":64.7058823529,"PTS":5.0,"OFF":0.9,"DEF":1.7,"REB":2.6,"AST":0.4,"TO":0.9,"STL":0.4,"BLK":0.1,"STK":0.5,"PF":2.4,"Fls on:":1.7,"+\/-":3.1,"GP":10.0},"E. Gollena":{"TEAM":"DLSU","MINS":16.3683333333,"FGM":1.7,"FGA":4.2,"FG%":40.4761904762,"2PM":1.0,"2PA":2.3,"2P%":43.4782608696,"3PM":0.7,"3PA":1.9,"3P%":36.8421052632,"FTM":1.9,"FTA":2.4,"FT%":79.1666666667,"PTS":6.0,"OFF":1.3,"DEF":0.9,"REB":2.2,"AST":0.8,"TO":0.7,"STL":0.6,"BLK":0.1,"STK":0.7,"PF":1.6,"Fls on:":2.1,"+\/-":5.1,"GP":10.0},"E. Alian":{"TEAM":"DLSU","MINS":6.3333333333,"FGM":0.5,"FGA":0.5,"FG%":100.0,"2PM":0.5,"2PA":0.5,"2P%":100.0,"3PM":0.0,"3PA":0.0,"3P%":0.0,"FTM":0.0,"FTA":0.0,"FT%":0.0,"PTS":1.0,"OFF":0.5,"DEF":0.5,"REB":1.0,"AST":2.0,"TO":2.0,"STL":0.0,"BLK":0.0,"STK":0.0,"PF":1.0,"Fls on:":1.0,"+\/-":4.5,"GP":2.0},"K. Quiambao":{"TEAM":"DLSU","MINS":29.25,"FGM":5.9,"FGA":14.3,"FG%":41.2587412587,"2PM":3.6,"2PA":7.8,"2P%":46.1538461538,"3PM":2.3,"3PA":6.5,"3P%":35.3846153846,"FTM":3.0,"FTA":4.1,"FT%":73.1707317073,"PTS":17.1,"OFF":1.5,"DEF":6.8,"REB":8.3,"AST":4.6,"TO":3.2,"STL":1.0,"BLK":0.3,"STK":1.3,"PF":1.1,"Fls on:":4.0,"+\/-":12.4,"GP":10.0},"R. Gonzales":{"TEAM":"DLSU","MINS":11.215,"FGM":2.4,"FGA":3.9,"FG%":61.5384615385,"2PM":2.2,"2PA":3.6,"2P%":61.1111111111,"3PM":0.2,"3PA":0.3,"3P%":66.6666666667,"FTM":0.8,"FTA":1.0,"FT%":80.0,"PTS":5.8,"OFF":1.1,"DEF":1.9,"REB":3.0,"AST":0.8,"TO":1.1,"STL":1.0,"BLK":0.5,"STK":1.5,"PF":1.5,"Fls on:":0.6,"+\/-":2.6,"GP":10.0},"D. Dungo":{"TEAM":"DLSU","MINS":10.1814814815,"FGM":1.2222222222,"FGA":3.1111111111,"FG%":39.2857142857,"2PM":0.3333333333,"2PA":0.8888888889,"2P%":37.5,"3PM":0.8888888889,"3PA":2.2222222222,"3P%":40.0,"FTM":1.1111111111,"FTA":1.1111111111,"FT%":100.0,"PTS":4.4444444444,"OFF":0.4444444444,"DEF":0.8888888889,"REB":1.3333333333,"AST":1.0,"TO":1.1111111111,"STL":0.1111111111,"BLK":0.0,"STK":0.1111111111,"PF":0.8888888889,"Fls on:":1.0,"+\/-":1.0,"GP":9.0},"L. Ramiro":{"TEAM":"DLSU","MINS":14.64,"FGM":0.8,"FGA":3.2,"FG%":25.0,"2PM":0.3,"2PA":1.6,"2P%":18.75,"3PM":0.5,"3PA":1.6,"3P%":31.25,"FTM":0.1,"FTA":0.2,"FT%":50.0,"PTS":2.2,"OFF":0.2,"DEF":2.1,"REB":2.3,"AST":1.8,"TO":1.0,"STL":0.3,"BLK":0.3,"STK":0.6,"PF":1.6,"Fls on:":0.8,"+\/-":0.6,"GP":10.0},"C. Austria":{"TEAM":"DLSU","MINS":15.1694444444,"FGM":1.1666666667,"FGA":4.1666666667,"FG%":28.0,"2PM":1.0,"2PA":2.8333333333,"2P%":35.2941176471,"3PM":0.1666666667,"3PA":1.3333333333,"3P%":12.5,"FTM":0.8333333333,"FTA":0.8333333333,"FT%":100.0,"PTS":3.3333333333,"OFF":1.1666666667,"DEF":1.0,"REB":2.1666666667,"AST":2.8333333333,"TO":2.5,"STL":0.1666666667,"BLK":0.1666666667,"STK":0.3333333333,"PF":1.0,"Fls on:":1.0,"+\/-":2.3333333333,"GP":6.0},"J. Macalalag":{"TEAM":"DLSU","MINS":19.7833333333,"FGM":2.6,"FGA":5.7,"FG%":45.6140350877,"2PM":1.7,"2PA":3.5,"2P%":48.5714285714,"3PM":0.9,"3PA":2.2,"3P%":40.9090909091,"FTM":0.5,"FTA":0.9,"FT%":55.5555555556,"PTS":6.6,"OFF":1.1,"DEF":1.3,"REB":2.4,"AST":1.1,"TO":0.8,"STL":0.4,"BLK":0.4,"STK":0.8,"PF":1.2,"Fls on:":1.0,"+\/-":8.7,"GP":10.0},"A. Konov":{"TEAM":"DLSU","MINS":5.6111111111,"FGM":0.3333333333,"FGA":1.1666666667,"FG%":28.5714285714,"2PM":0.0,"2PA":0.1666666667,"2P%":0.0,"3PM":0.3333333333,"3PA":1.0,"3P%":33.3333333333,"FTM":0.0,"FTA":0.0,"FT%":0.0,"PTS":1.0,"OFF":0.3333333333,"DEF":0.6666666667,"REB":1.0,"AST":0.3333333333,"TO":0.5,"STL":0.0,"BLK":0.0,"STK":0.0,"PF":0.6666666667,"Fls on:":0.3333333333,"+\/-":-1.1666666667,"GP":6.0},"M. Phillips":{"TEAM":"DLSU","MINS":23.3266666667,"FGM":4.2,"FGA":9.7,"FG%":43.2989690722,"2PM":3.9,"2PA":8.1,"2P%":48.1481481481,"3PM":0.3,"3PA":1.6,"3P%":18.75,"FTM":2.8,"FTA":5.1,"FT%":54.9019607843,"PTS":11.5,"OFF":4.3,"DEF":7.1,"REB":11.4,"AST":2.5,"TO":2.7,"STL":1.7,"BLK":1.1,"STK":2.8,"PF":2.3,"Fls on:":4.2,"+\/-":5.7,"GP":10.0},"I. Phillips":{"TEAM":"DLSU","MINS":5.0333333333,"FGM":1.0,"FGA":1.0,"FG%":100.0,"2PM":0.0,"2PA":0.0,"2P%":0.0,"3PM":1.0,"3PA":1.0,"3P%":100.0,"FTM":0.0,"FTA":0.0,"FT%":0.0,"PTS":3.0,"OFF":0.0,"DEF":1.0,"REB":1.0,"AST":0.0,"TO":0.0,"STL":0.0,"BLK":0.0,"STK":0.0,"PF":1.0,"Fls on:":0.0,"+\/-":0.0,"GP":1.0}}