{"K. Quiambao":{"TEAM":"DLSU","SP":81.3571428571,"GP":14.0,"MPG":30.305952381,"EWA":3.0369251381,"PER":25.2071301275,"WS":2.8267673724,"OWS":1.9386051737,"DWS":0.8881621986,"EFF":17.4285714286,"GmSc":12.0285714286,"TS%":49.2059469505,"EFG%":44.8356807512,"PPWS":0.984118939,"FTR":0.2535211268,"REB%":13.3165730447,"OREB%":5.1912064412,"DREB%":21.0487767481,"AR":7.0114397165,"pAST%":28.1683283206,"hAST%":17.1294626758,"TOR":4.7973008586,"hTO%":11.7201586729,"AST\/TO":1.4615384615,"STL\/TO":0.358974359,"PPR":-0.225243082,"USG%":27.6652768112,"STL%":null,"BLK%":16.426693723,"aSP":80.6371681416,"ORtg":103.3344324317,"DRtg":80.8034800476,"Floor%":44.8034983793,"Stop%":0.6554062578,"FFI":46.5760052755,"PIE":16.9583819525,"AV":2.9398358053,"DRE\/100":11.0259247609,"DRE\/75":8.2694435707,"POS":58.068367355},"M. Phillips":{"TEAM":"DLSU","SP":75.2857142857,"GP":14.0,"MPG":22.8380952381,"EWA":3.3065285667,"PER":31.6064546053,"WS":2.2865767425,"OWS":1.1719379628,"DWS":1.1146387798,"EFF":17.7857142857,"GmSc":11.5071428571,"TS%":49.3189290747,"EFG%":47.4264705882,"PPWS":0.9863785815,"FTR":0.5735294118,"REB%":23.6586618325,"OREB%":19.1685161363,"DREB%":27.9315424144,"AR":5.2233651102,"pAST%":21.3649122282,"hAST%":13.2056784417,"TOR":6.5292063877,"hTO%":16.5070980522,"AST\/TO":0.8,"STL\/TO":0.6,"PPR":-5.5793844823,"USG%":27.9996356153,"STL%":null,"BLK%":108.9903935846,"aSP":74.6194690265,"ORtg":96.6084189174,"DRtg":70.5712968623,"Floor%":48.5356345647,"Stop%":0.8958357265,"FFI":54.7749310421,"PIE":13.8856476079,"AV":2.9849029526,"DRE\/100":16.3032843321,"DRE\/75":12.2274632491,"POS":43.7594201727},"V. David":{"TEAM":"DLSU","SP":55.1428571429,"GP":14.0,"MPG":22.7357142857,"EWA":0.8654083101,"PER":16.2848781128,"WS":1.2929128261,"OWS":0.6204414911,"DWS":0.672471335,"EFF":10.3571428571,"GmSc":5.5857142857,"TS%":44.4915254237,"EFG%":42.7777777778,"PPWS":0.8898305085,"FTR":0.1111111111,"REB%":11.8825994501,"OREB%":4.512851643,"DREB%":18.8957465568,"AR":9.6739467813,"pAST%":32.4488858259,"hAST%":32.1701199564,"TOR":4.9189559905,"hTO%":16.3576881134,"AST\/TO":1.9666666667,"STL\/TO":0.4666666667,"PPR":2.8022544745,"USG%":16.6357913045,"STL%":null,"BLK%":0.0,"aSP":54.6548672566,"ORtg":94.116259851,"DRtg":80.6611572914,"Floor%":39.0347536262,"Stop%":0.6587504693,"FFI":43.4506091088,"PIE":8.9070400622,"AV":1.9897875398,"DRE\/100":8.3757909976,"DRE\/75":6.2818432482,"POS":43.5632509622},"R. Gonzales":{"TEAM":"DLSU","SP":37.5,"GP":14.0,"MPG":11.575,"EWA":1.4761812661,"PER":29.1299311627,"WS":1.1362249327,"OWS":0.6947160389,"DWS":0.4415088938,"EFF":8.3571428571,"GmSc":5.3428571429,"TS%":64.7116644823,"EFG%":62.962962963,"PPWS":1.2942332896,"FTR":0.2962962963,"REB%":14.4073480025,"OREB%":11.2279637484,"DREB%":17.432891083,"AR":3.5426803681,"pAST%":14.6976053427,"hAST%":12.6378676471,"TOR":4.8309277747,"hTO%":17.2334558824,"AST\/TO":0.7333333333,"STL\/TO":0.7333333333,"PPR":-4.5213172262,"USG%":19.9734365651,"STL%":null,"BLK%":100.3538138002,"aSP":37.1681415929,"ORtg":110.3855306712,"DRtg":76.1664774397,"Floor%":53.4981420698,"Stop%":0.7643636575,"FFI":55.6674904356,"PIE":6.3788409179,"AV":1.6940261168,"DRE\/100":12.2907966541,"DRE\/75":9.2180974906,"POS":22.1785259768},"E. Gollena":{"TEAM":"DLSU","SP":32.2857142857,"GP":14.0,"MPG":16.0011904762,"EWA":0.5625274455,"PER":15.8673037669,"WS":1.0872145796,"OWS":0.8432821083,"DWS":0.2439324713,"EFF":5.5,"GmSc":3.9214285714,"TS%":56.5440289505,"EFG%":48.1481481481,"PPWS":1.130880579,"FTR":0.5185185185,"REB%":6.2532242227,"OREB%":7.2671650994,"DREB%":5.2883450012,"AR":2.5627171504,"pAST%":8.6559567095,"hAST%":12.5973431058,"TOR":2.329742864,"hTO%":11.4521300962,"AST\/TO":1.1,"STL\/TO":0.6,"PPR":-1.1376163754,"USG%":14.5016611403,"STL%":null,"BLK%":20.7412316596,"aSP":32.0,"ORtg":117.1077322946,"DRtg":88.1822881614,"Floor%":51.7376460615,"Stop%":0.4820236196,"FFI":52.9080343409,"PIE":3.3061065733,"AV":1.2377950715,"DRE\/100":0.9498008443,"DRE\/75":0.7123506332,"POS":30.6594227764},"J. Macalalag":{"TEAM":"DLSU","SP":35.6428571429,"GP":14.0,"MPG":20.419047619,"EWA":0.3898598344,"PER":13.5612019607,"WS":0.9520654481,"OWS":0.7127215173,"DWS":0.2393439307,"EFF":5.9285714286,"GmSc":4.2357142857,"TS%":56.0620995564,"EFG%":55.3333333333,"PPWS":1.1212419911,"FTR":0.1866666667,"REB%":4.4102511718,"OREB%":4.3548807867,"DREB%":4.4629423447,"AR":3.4687931604,"pAST%":12.3184270357,"hAST%":16.2171389553,"TOR":3.1036570383,"hTO%":14.5100716968,"AST\/TO":1.1176470588,"STL\/TO":0.2352941176,"PPR":-1.4486584809,"USG%":14.6160746975,"STL%":null,"BLK%":32.5073338079,"aSP":35.3274336283,"ORtg":104.0246496802,"DRtg":90.030964427,"Floor%":46.6111966067,"Stop%":0.4385845759,"FFI":50.0283952311,"PIE":4.317386231,"AV":1.309451069,"DRE\/100":-2.5758630483,"DRE\/75":-1.9318972862,"POS":39.1243523146},"D. Dungo":{"TEAM":"DLSU","SP":30.1538461538,"GP":13.0,"MPG":10.2435897436,"EWA":0.575520027,"PER":19.5068229354,"WS":0.7262974623,"OWS":0.546872848,"DWS":0.1794246143,"EFF":4.4615384615,"GmSc":3.0923076923,"TS%":53.9568345324,"EFG%":46.511627907,"PPWS":1.0791366906,"FTR":0.3720930233,"REB%":7.3635432721,"OREB%":4.3147154282,"DREB%":10.264847188,"AR":7.0544847189,"pAST%":24.7863386736,"hAST%":22.7732793522,"TOR":4.3110739949,"hTO%":13.9170040486,"AST\/TO":1.6363636364,"STL\/TO":0.2727272727,"PPR":0.7176487031,"USG%":19.5109635598,"STL%":null,"BLK%":34.8914761874,"aSP":29.8869979578,"ORtg":108.8232366506,"DRtg":86.2835129363,"Floor%":45.745041805,"Stop%":0.5266398574,"FFI":48.9712210985,"PIE":3.4227926877,"AV":1.0008101482,"DRE\/100":3.7922702209,"DRE\/75":2.8442026657,"POS":19.6274489178},"V. Marasigan":{"TEAM":"DLSU","SP":28.8571428571,"GP":14.0,"MPG":10.9357142857,"EWA":0.1437580823,"PER":12.7073530069,"WS":0.5655983476,"OWS":0.2977710942,"DWS":0.2678272534,"EFF":3.4285714286,"GmSc":1.9857142857,"TS%":46.3768115942,"EFG%":42.2413793103,"PPWS":0.9275362319,"FTR":0.4310344828,"REB%":8.8447565735,"OREB%":5.6294213376,"DREB%":11.9045110723,"AR":2.0453346725,"pAST%":7.5107010874,"hAST%":6.8965517241,"TOR":4.0906693449,"hTO%":13.7931034483,"AST\/TO":0.5,"STL\/TO":0.5,"PPR":-4.9936974857,"USG%":22.5200603472,"STL%":null,"BLK%":15.1743356595,"aSP":28.6017699115,"ORtg":91.5030660385,"DRtg":83.3303390233,"Floor%":43.5607460414,"Stop%":0.5960316991,"FFI":48.4652858968,"PIE":1.0890704006,"AV":0.8683836407,"DRE\/100":1.4153769912,"DRE\/75":1.0615327434,"POS":20.9536089297},"H. Agunanne":{"TEAM":"DLSU","SP":36.6428571429,"GP":14.0,"MPG":14.4797619048,"EWA":0.2227601341,"PER":13.0287373321,"WS":0.4116247023,"OWS":-0.0167785587,"DWS":0.4284032611,"EFF":6.0714285714,"GmSc":2.8,"TS%":43.8382854359,"EFG%":43.75,"PPWS":0.8767657087,"FTR":0.3194444444,"REB%":18.427380696,"OREB%":17.006286083,"DREB%":19.7797126664,"AR":1.8021747665,"pAST%":6.7369068938,"hAST%":5.9261767694,"TOR":7.466152604,"hTO%":24.5513037589,"AST\/TO":0.2413793103,"STL\/TO":0.1724137931,"PPR":-11.4714834353,"USG%":23.3325657409,"STL%":null,"BLK%":57.3014253755,"aSP":36.3185840708,"ORtg":77.4139832509,"DRtg":80.6566475108,"Floor%":38.7602745603,"Stop%":0.6588564373,"FFI":48.8263857323,"PIE":2.6837806301,"AV":1.333045274,"DRE\/100":-0.4234103294,"DRE\/75":-0.317557747,"POS":27.7442570664},"E. Abadam":{"TEAM":"DLSU","SP":31.4444444444,"GP":9.0,"MPG":16.7092592592,"EWA":-0.1921117691,"PER":8.2522642853,"WS":0.3290323101,"OWS":0.169645865,"DWS":0.159386445,"EFF":3.3333333333,"GmSc":1.9222222222,"TS%":41.9737919738,"EFG%":39.7727272727,"PPWS":0.8394758395,"FTR":0.25,"REB%":5.589022727,"OREB%":4.4575350752,"DREB%":6.6657609764,"AR":3.4704725519,"pAST%":11.753904446,"hAST%":14.7405660377,"TOR":3.1234252967,"hTO%":13.266509434,"AST\/TO":1.1111111111,"STL\/TO":0.3333333333,"PPR":-1.4828066041,"USG%":16.3714934651,"STL%":null,"BLK%":15.4484592008,"aSP":31.1661750246,"ORtg":88.5134515358,"DRtg":88.3955925567,"Floor%":40.0885500985,"Stop%":0.4770115257,"FFI":44.7697416,"PIE":0.7001166861,"AV":0.6104100091,"DRE\/100":-3.3734104248,"DRE\/75":-2.5300578186,"POS":32.0161330916},"L. Ramiro":{"TEAM":"DLSU","SP":30.2142857143,"GP":14.0,