{"K. Quiambao":{"TEAM":"DLSU","MINS":30.2384615385,"FGM":5.9230769231,"FGA":15.0769230769,"FG%":39.2857142857,"2PM":3.5384615385,"2PA":8.0,"2P%":44.2307692308,"3PM":2.3846153846,"3PA":7.0769230769,"3P%":33.6956521739,"FTM":3.2307692308,"FTA":4.1538461538,"FT%":77.7777777778,"PTS":17.4615384615,"OFF":1.6153846154,"DEF":7.1538461538,"REB":8.7692307692,"AST":4.0,"TO":3.0,"STL":1.0,"BLK":0.2307692308,"STK":1.2307692308,"PF":1.0,"Fls on:":4.0769230769,"+\/-":11.6923076923,"GW":12.0,"GP":13.0},"M. Phillips":{"TEAM":"DLSU","MINS":22.7961538461,"FGM":4.3846153846,"FGA":9.7692307692,"FG%":44.8818897638,"2PM":4.1538461538,"2PA":8.3846153846,"2P%":49.5412844037,"3PM":0.2307692308,"3PA":1.3846153846,"3P%":16.6666666667,"FTM":2.5384615385,"FTA":5.2307692308,"FT%":48.5294117647,"PTS":11.5384615385,"OFF":4.5384615385,"DEF":7.1538461538,"REB":11.6923076923,"AST":2.3076923077,"TO":2.9230769231,"STL":1.7692307692,"BLK":1.0769230769,"STK":2.8461538462,"PF":2.3846153846,"Fls on:":4.3846153846,"+\/-":6.3076923077,"GW":12.0,"GP":13.0},"J. Macalalag":{"TEAM":"DLSU","MINS":20.1897435897,"FGM":2.7692307692,"FGA":5.6153846154,"FG%":49.3150684932,"2PM":1.9230769231,"2PA":3.6153846154,"2P%":53.1914893617,"3PM":0.8461538462,"3PA":2.0,"3P%":42.3076923077,"FTM":0.4615384615,"FTA":0.7692307692,"FT%":60.0,"PTS":6.8461538462,"OFF":1.0,"DEF":1.0769230769,"REB":2.0769230769,"AST":1.3846153846,"TO":1.0,"STL":0.3076923077,"BLK":0.3076923077,"STK":0.6153846154,"PF":1.3846153846,"Fls on:":0.9230769231,"+\/-":10.2307692308,"GW":12.0,"GP":13.0},"V. David":{"TEAM":"DLSU","MINS":22.4717948718,"FGM":2.2307692308,"FGA":6.3846153846,"FG%":34.9397590361,"2PM":1.0,"2PA":2.8461538462,"2P%":35.1351351351,"3PM":1.2307692308,"3PA":3.5384615385,"3P%":34.7826086957,"FTM":0.5384615385,"FTA":0.7692307692,"FT%":70.0,"PTS":6.2307692308,"OFF":1.0,"DEF":4.8461538462,"REB":5.8461538462,"AST":4.4615384615,"TO":2.0,"STL":1.0,"BLK":0.0,"STK":1.0,"PF":1.6923076923,"Fls on:":0.9230769231,"+\/-":11.2307692308,"GW":12.0,"GP":13.0},"E. Gollena":{"TEAM":"DLSU","MINS":16.4115384615,"FGM":1.6153846154,"FGA":3.8461538462,"FG%":42.0,"2PM":1.0,"2PA":2.0,"2P%":50.0,"3PM":0.6153846154,"3PA":1.8461538462,"3P%":33.3333333333,"FTM":1.7692307692,"FTA":2.1538461538,"FT%":82.1428571429,"PTS":5.6153846154,"OFF":1.2307692308,"DEF":1.0,"REB":2.2307692308,"AST":0.8461538462,"TO":0.6923076923,"STL":0.4615384615,"BLK":0.0769230769,"STK":0.5384615385,"PF":1.9230769231,"Fls on:":2.0,"+\/-":4.0769230769,"GW":12.0,"GP":13.0},"R. Gonzales":{"TEAM":"DLSU","MINS":11.3102564103,"FGM":2.2307692308,"FGA":3.7692307692,"FG%":59.1836734694,"2PM":2.0769230769,"2PA":3.4615384615,"2P%":60.0,"3PM":0.1538461538,"3PA":0.3076923077,"3P%":50.0,"FTM":0.7692307692,"FTA":1.0769230769,"FT%":71.4285714286,"PTS":5.3846153846,"OFF":1.1538461538,"DEF":2.0,"REB":3.1538461538,"AST":0.8461538462,"TO":1.0,"STL":0.8461538462,"BLK":0.5384615385,"STK":1.3846153846,"PF":1.5384615385,"Fls on:":0.6153846154,"+\/-":3.0,"GW":12.0,"GP":13.0},"H. Agunanne":{"TEAM":"DLSU","MINS":13.9461538461,"FGM":2.0769230769,"FGA":4.9230769231,"FG%":42.1875,"2PM":2.0,"2PA":4.4615384615,"2P%":44.8275862069,"3PM":0.0769230769,"3PA":0.4615384615,"3P%":16.6666666667,"FTM":0.6923076923,"FTA":1.5384615385,"FT%":45.0,"PTS":4.9230769231,"OFF":2.0,"DEF":3.0,"REB":5.0,"AST":0.5384615385,"TO":2.0769230769,"STL":0.3076923077,"BLK":0.3846153846,"STK":0.6923076923,"PF":2.0,"Fls on:":1.7692307692,"+\/-":1.9230769231,"GW":12.0,"GP":13.0},"V. Marasigan":{"TEAM":"DLSU","MINS":10.8615384615,"FGM":1.6923076923,"FGA":4.0769230769,"FG%":41.5094339623,"2PM":1.3076923077,"2PA":3.0,"2P%":43.5897435897,"3PM":0.3846153846,"3PA":1.0769230769,"3P%":35.7142857143,"FTM":1.0769230769,"FTA":1.7692307692,"FT%":60.8695652174,"PTS":4.8461538462,"OFF":0.6923076923,"DEF":1.4615384615,"REB":2.1538461538,"AST":0.4615384615,"TO":0.8461538462,"STL":0.4615384615,"BLK":0.0769230769,"STK":0.5384615385,"PF":2.1538461538,"Fls on:":1.6923076923,"+\/-":3.1538461538,"GW":12.0,"GP":13.0},"E. Abadam":{"TEAM":"DLSU","MINS":16.7092592592,"FGM":1.6666666667,"FGA":4.8888888889,"FG%":34.0909090909,"2PM":1.1111111111,"2PA":2.4444444444,"2P%":45.4545454545,"3PM":0.5555555556,"3PA":2.4444444444,"3P%":22.7272727273,"FTM":0.6666666667,"FTA":1.2222222222,"FT%":54.5454545455,"PTS":4.5555555556,"OFF":0.7777777778,"DEF":1.2222222222,"REB":2.0,"AST":1.1111111111,"TO":1.0,"STL":0.3333333333,"BLK":0.1111111111,"STK":0.4444444444,"PF":1.8888888889,"Fls on:":0.8888888889,"+\/-":7.5555555556,"GW":8.0,"GP":9.0},"D. Dungo":{"TEAM":"DLSU","MINS":10.3402777778,"FGM":1.3333333333,"FGA":3.5,"FG%":38.0952380952,"2PM":0.6666666667,"2PA":1.6666666667,"2P%":40.0,"3PM":0.6666666667,"3PA":1.8333333333,"3P%":36.3636363636,"FTM":1.0833333333,"FTA":1.1666666667,"FT%":92.8571428571,"PTS":4.4166666667,"OFF":0.5,"DEF":1.0,"REB":1.5,"AST":1.3333333333,"TO":0.8333333333,"STL":0.25,"BLK":0.0833333333,"STK":0.3333333333,"PF":0.8333333333,"Fls on:":0.9166666667,"+\/-":3.5,"GW":11.0,"GP":12.0},"C. Austria":{"TEAM":"DLSU","MINS":16.1462962963,"FGM":1.3333333333,"FGA":4.1111111111,"FG%":32.4324324324,"2PM":1.2222222222,"2PA":3.1111111111,"2P%":39.2857142857,"3PM":0.1111111111,"3PA":1.0,"3P%":11.1111111111,"FTM":0.6666666667,"FTA":1.2222222222,"FT%":54.5454545455,"PTS":3.4444444444,"OFF":1.1111111111,"DEF":1.1111111111,"REB":2.2222222222,"AST":2.6666666667,"TO":2.1111111111,"STL":0.3333333333,"BLK":0.1111111111,"STK":0.4444444444,"PF":1.2222222222,"Fls on:":1.3333333333,"+\/-":-0.6666666667,"GW":9.0,"GP":9.0},"I. Phillips":{"TEAM":"DLSU","MINS":5.0333333333,"FGM":1.0,"FGA":1.0,"FG%":100.0,"2PM":0.0,"2PA":0.0,"2P%":0.0,"3PM":1.0,"3PA":1.0,"3P%":100.0,"FTM":0.0,"FTA":0.0,"FT%":0.0,"PTS":3.0,"OFF":0.0,"DEF":1.0,"REB":1.0,"AST":0.0,"TO":0.0,"STL":0.0,"BLK":0.0,"STK":0.0,"PF":1.0,"Fls on:":0.0,"+\/-":0.0,"GW":1.0,"GP":1.0},"L. Ramiro":{"TEAM":"DLSU","MINS":15.3923076923,"FGM":0.7692307692,"FGA":3.2307692308,"FG%":23.8095238095,"2PM":0.3076923077,"2PA":1.6923076923,"2P%":18.1818181818,"3PM":0.4615384615,"3PA":1.5384615385,"3P%":30.0,"FTM":0.2307692308,"FTA":0.3076923077,"FT%":75.0,"PTS":2.2307692308,"OFF":0.3076923077,"DEF":2.1538461538,"REB":2.4615384615,"AST":1.9230769231,"TO":1.1538461538,"STL":0.3076923077,"BLK":0.3076923077,"STK":0.6153846154,"PF":1.6923076923,"Fls on:":0.8461538462,"+\/-":-0.9230769231,"GW":12.0,"GP":13.0},"E. Alian":{"TEAM":"DLSU","MINS":6.3333333333,"FGM":0.5,"FGA":0.5,"FG%":100.0,"2PM":0.5,"2PA":0.5,"2P%":100.0,"3PM":0.0,"3PA":0.0,"3P%":0.0,"FTM":0.0,"FTA":0.0,"FT%":0.0,"PTS":1.0,"OFF":0.5,"DEF":0.5,"REB":1.0,"AST":2.0,"TO":2.0,"STL":0.0,"BLK":0.0,"STK":0.0,"PF":1.0,"Fls on:":1.0,"+\/-":4.5,"GW":2.0,"GP":2.0},"A. Konov":{"TEAM":"DLSU","MINS":5.4023809524,"FGM":0.2857142857,"FGA":1.1428571429,"FG%":25.0,"2PM":0.0,"2PA":0.1428571429,"2P%":0.0,"3PM":0.2857142857,"3PA":1.0,"3P%":28.5714285714,"FTM":0.0,"FTA":0.0,"FT%":0.0,"PTS":0.8571428571,"OFF":0.2857142857,"DEF":0.5714285714,"REB":0.8571428571,"AST":0.2857142857,"TO":0.4285714286,"STL":0.0,"BLK":0.0,"STK":0.0,"PF":0.5714285714,"Fls on:":0.2857142857,"+\/-":-1.8571428571,"GW":7.0,"GP":7.0},"M. Rubico":{"TEAM":"DLSU","MINS":3.575,"FGM":0.1666666667,"FGA":0.5,"FG%":33.3333333333,"2PM":0.0,"2PA":0.1666666667,"2P%":0.0,"3PM":0.1666666667,"3PA":0.3333333333,"3P%":50.0,"FTM":0.0,"FTA":0.0,"FT%":0.0,"PTS":0.5,"OFF":0.0,"DEF":0.5,"REB":0.5,"AST":0.5,"TO":0.8333333333,"STL":0.1666666667,"BLK":0.0,"STK":0.1666666667,"PF":0.6666666667,"Fls on:":0.1666666667,"+\/-":1.0,"GW":6.0,"GP":6.0}}