{"I. Phillips":{"TEAM":"DLSU","MINS":5.0333333333,"FGM":1.0,"FGA":1.0,"FG%":100.0,"2PM":0.0,"2PA":0.0,"2P%":0.0,"3PM":1.0,"3PA":1.0,"3P%":100.0,"FTM":0.0,"FTA":0.0,"FT%":0.0,"PTS":3.0,"OFF":0.0,"DEF":1.0,"REB":1.0,"AST":0.0,"TO":0.0,"STL":0.0,"BLK":0.0,"STK":0.0,"PF":1.0,"Fls on:":0.0,"+\/-":0.0,"GW":1.0,"GP":1.0},"L. Ramiro":{"TEAM":"DLSU","MINS":214.8166666668,"FGM":11.0,"FGA":45.0,"FG%":24.4444444444,"2PM":5.0,"2PA":24.0,"2P%":20.8333333333,"3PM":6.0,"3PA":21.0,"3P%":28.5714285714,"FTM":5.0,"FTA":8.0,"FT%":62.5,"PTS":33.0,"OFF":4.0,"DEF":30.0,"REB":34.0,"AST":26.0,"TO":19.0,"STL":4.0,"BLK":4.0,"STK":8.0,"PF":23.0,"Fls on:":12.0,"+\/-":-10.0,"GW":12.0,"GP":14.0},"V. Marasigan":{"TEAM":"DLSU","MINS":153.0999999999,"FGM":22.0,"FGA":58.0,"FG%":37.9310344828,"2PM":17.0,"2PA":42.0,"2P%":40.4761904762,"3PM":5.0,"3PA":16.0,"3P%":31.25,"FTM":15.0,"FTA":25.0,"FT%":60.0,"PTS":64.0,"OFF":9.0,"DEF":20.0,"REB":29.0,"AST":6.0,"TO":12.0,"STL":6.0,"BLK":1.0,"STK":7.0,"PF":29.0,"Fls on:":23.0,"+\/-":36.0,"GW":12.0,"GP":14.0},"V. David":{"TEAM":"DLSU","MINS":318.3,"FGM":30.0,"FGA":90.0,"FG%":33.3333333333,"2PM":13.0,"2PA":37.0,"2P%":35.1351351351,"3PM":17.0,"3PA":53.0,"3P%":32.0754716981,"FTM":7.0,"FTA":10.0,"FT%":70.0,"PTS":84.0,"OFF":15.0,"DEF":66.0,"REB":81.0,"AST":59.0,"TO":30.0,"STL":14.0,"BLK":0.0,"STK":14.0,"PF":23.0,"Fls on:":13.0,"+\/-":133.0,"GW":12.0,"GP":14.0},"A. Konov":{"TEAM":"DLSU","MINS":42.8,"FGM":2.0,"FGA":9.0,"FG%":22.2222222222,"2PM":0.0,"2PA":1.0,"2P%":0.0,"3PM":2.0,"3PA":8.0,"3P%":25.0,"FTM":0.0,"FTA":0.0,"FT%":0.0,"PTS":6.0,"OFF":2.0,"DEF":5.0,"REB":7.0,"AST":3.0,"TO":4.0,"STL":0.0,"BLK":0.0,"STK":0.0,"PF":4.0,"Fls on:":2.0,"+\/-":-12.0,"GW":7.0,"GP":8.0},"R. Gonzales":{"TEAM":"DLSU","MINS":162.05,"FGM":33.0,"FGA":54.0,"FG%":61.1111111111,"2PM":31.0,"2PA":50.0,"2P%":62.0,"3PM":2.0,"3PA":4.0,"3P%":50.0,"FTM":11.0,"FTA":16.0,"FT%":68.75,"PTS":79.0,"OFF":19.0,"DEF":31.0,"REB":50.0,"AST":11.0,"TO":15.0,"STL":11.0,"BLK":7.0,"STK":18.0,"PF":22.0,"Fls on:":11.0,"+\/-":39.0,"GW":12.0,"GP":14.0},"E. Gollena":{"TEAM":"DLSU","MINS":224.0166666667,"FGM":22.0,"FGA":54.0,"FG%":40.7407407407,"2PM":14.0,"2PA":27.0,"2P%":51.8518518519,"3PM":8.0,"3PA":27.0,"3P%":29.6296296296,"FTM":23.0,"FTA":28.0,"FT%":82.1428571429,"PTS":75.0,"OFF":17.0,"DEF":13.0,"REB":30.0,"AST":11.0,"TO":10.0,"STL":6.0,"BLK":2.0,"STK":8.0,"PF":25.0,"Fls on:":27.0,"+\/-":52.0,"GW":12.0,"GP":14.0},"D. Dungo":{"TEAM":"DLSU","MINS":133.1666666665,"FGM":16.0,"FGA":43.0,"FG%":37.2093023256,"2PM":8.0,"2PA":20.0,"2P%":40.0,"3PM":8.0,"3PA":23.0,"3P%":34.7826086957,"FTM":14.0,"FTA":16.0,"FT%":87.5,"PTS":54.0,"OFF":6.0,"DEF":15.0,"REB":21.0,"AST":18.0,"TO":11.0,"STL":3.0,"BLK":2.0,"STK":5.0,"PF":10.0,"Fls on:":12.0,"+\/-":48.0,"GW":11.0,"GP":13.0},"K. Quiambao":{"TEAM":"DLSU","MINS":424.2833333334,"FGM":80.0,"FGA":213.0,"FG%":37.558685446,"2PM":49.0,"2PA":112.0,"2P%":43.75,"3PM":31.0,"3PA":101.0,"3P%":30.6930693069,"FTM":42.0,"FTA":54.0,"FT%":77.7777777778,"PTS":233.0,"OFF":23.0,"DEF":98.0,"REB":121.0,"AST":57.0,"TO":39.0,"STL":14.0,"BLK":3.0,"STK":17.0,"PF":13.0,"Fls on:":55.0,"+\/-":148.0,"GW":12.0,"GP":14.0},"M. Rubico":{"TEAM":"DLSU","MINS":21.4499999999,"FGM":1.0,"FGA":3.0,"FG%":33.3333333333,"2PM":0.0,"2PA":1.0,"2P%":0.0,"3PM":1.0,"3PA":2.0,"3P%":50.0,"FTM":0.0,"FTA":0.0,"FT%":0.0,"PTS":3.0,"OFF":0.0,"DEF":3.0,"REB":3.0,"AST":3.0,"TO":5.0,"STL":1.0,"BLK":0.0,"STK":1.0,"PF":4.0,"Fls on:":1.0,"+\/-":6.0,"GW":6.0,"GP":6.0},"C. Austria":{"TEAM":"DLSU","MINS":150.4833333332,"FGM":12.0,"FGA":37.0,"FG%":32.4324324324,"2PM":11.0,"2PA":28.0,"2P%":39.2857142857,"3PM":1.0,"3PA":9.0,"3P%":11.1111111111,"FTM":6.0,"FTA":11.0,"FT%":54.5454545455,"PTS":31.0,"OFF":10.0,"DEF":10.0,"REB":20.0,"AST":25.0,"TO":19.0,"STL":3.0,"BLK":1.0,"STK":4.0,"PF":11.0,"Fls on:":12.0,"+\/-":-10.0,"GW":9.0,"GP":10.0},"H. Agunanne":{"TEAM":"DLSU","MINS":202.7166666666,"FGM":31.0,"FGA":72.0,"FG%":43.0555555556,"2PM":30.0,"2PA":66.0,"2P%":45.4545454545,"3PM":1.0,"3PA":6.0,"3P%":16.6666666667,"FTM":9.0,"FTA":23.0,"FT%":39.1304347826,"PTS":72.0,"OFF":36.0,"DEF":44.0,"REB":80.0,"AST":7.0,"TO":29.0,"STL":5.0,"BLK":5.0,"STK":10.0,"PF":30.0,"Fls on:":28.0,"+\/-":16.0,"GW":12.0,"GP":14.0},"E. Alian":{"TEAM":"DLSU","MINS":15.5166666667,"FGM":1.0,"FGA":1.0,"FG%":100.0,"2PM":1.0,"2PA":1.0,"2P%":100.0,"3PM":0.0,"3PA":0.0,"3P%":0.0,"FTM":0.0,"FTA":0.0,"FT%":0.0,"PTS":2.0,"OFF":1.0,"DEF":1.0,"REB":2.0,"AST":4.0,"TO":4.0,"STL":0.0,"BLK":0.0,"STK":0.0,"PF":2.0,"Fls on:":2.0,"+\/-":5.0,"GW":2.0,"GP":3.0},"M. Phillips":{"TEAM":"DLSU","MINS":319.7333333332,"FGM":63.0,"FGA":136.0,"FG%":46.3235294118,"2PM":60.0,"2PA":118.0,"2P%":50.8474576271,"3PM":3.0,"3PA":18.0,"3P%":16.6666666667,"FTM":39.0,"FTA":78.0,"FT%":50.0,"PTS":168.0,"OFF":64.0,"DEF":98.0,"REB":162.0,"AST":32.0,"TO":40.0,"STL":24.0,"BLK":15.0,"STK":39.0,"PF":31.0,"Fls on:":64.0,"+\/-":81.0,"GW":12.0,"GP":14.0},"J. Macalalag":{"TEAM":"DLSU","MINS":285.8666666667,"FGM":36.0,"FGA":75.0,"FG%":48.0,"2PM":25.0,"2PA":49.0,"2P%":51.0204081633,"3PM":11.0,"3PA":26.0,"3P%":42.3076923077,"FTM":8.0,"FTA":14.0,"FT%":57.1428571429,"PTS":91.0,"OFF":13.0,"DEF":14.0,"REB":27.0,"AST":19.0,"TO":17.0,"STL":4.0,"BLK":4.0,"STK":8.0,"PF":19.0,"Fls on:":14.0,"+\/-":120.0,"GW":12.0,"GP":14.0},"E. Abadam":{"TEAM":"DLSU","MINS":150.3833333332,"FGM":15.0,"FGA":44.0,"FG%":34.0909090909,"2PM":10.0,"2PA":22.0,"2P%":45.4545454545,"3PM":5.0,"3PA":22.0,"3P%":22.7272727273,"FTM":6.0,"FTA":11.0,"FT%":54.5454545455,"PTS":41.0,"OFF":7.0,"DEF":11.0,"REB":18.0,"AST":10.0,"TO":9.0,"STL":3.0,"BLK":1.0,"STK":4.0,"PF":17.0,"Fls on:":8.0,"+\/-":68.0,"GW":8.0,"GP":9.0}}