{"K. Quiambao":{"TEAM":"DLSU","SP":86.8181818182,"GP":11.0,"MPG":29.9378787879,"EWA":2.9446536055,"PER":28.7928338896,"WS":2.5201504751,"OWS":1.8331414053,"DWS":0.6870090699,"EFF":19.8181818182,"GmSc":13.8,"TS%":54.6740994854,"EFG%":50.303030303,"PPWS":1.0934819897,"FTR":0.296969697,"REB%":13.7273189553,"OREB%":5.0598701133,"DREB%":21.7416199213,"AR":7.5589349851,"pAST%":31.2192536269,"hAST%":17.6756517897,"TOR":5.826679051,"hTO%":13.6249815879,"AST\/TO":1.2972972973,"STL\/TO":0.2972972973,"PPR":-1.4434575287,"USG%":28.9860697047,"STL%":null,"BLK%":4692330.0774311693,"aSP":85.8426966292,"ORtg":107.3111305117,"DRtg":80.9946109916,"Floor%":46.200088969,"Stop%":0.6600967855,"FFI":49.1310618357,"PIE":18.1479758027,"AV":2.7016126146,"DRE\/100":13.0185036326,"DRE\/75":9.7638777245,"POS":635.0100919607},"M. Phillips":{"TEAM":"DLSU","SP":73.8181818182,"GP":11.0,"MPG":22.8651515151,"EWA":2.2783617078,"PER":29.0275688798,"WS":1.7305797071,"OWS":0.8905451589,"DWS":0.8400345482,"EFF":17.2727272727,"GmSc":10.6363636364,"TS%":47.9066022544,"EFG%":44.5,"PPWS":0.9581320451,"FTR":0.55,"REB%":23.777443299,"OREB%":18.7059007951,"DREB%":28.4668125389,"AR":5.5671135417,"pAST%":21.2386032901,"hAST%":14.9006622517,"TOR":6.185681713,"hTO%":16.5562913907,"AST\/TO":0.9,"STL\/TO":0.5666666667,"PPR":-4.5358866571,"USG%":26.1774022857,"STL%":null,"BLK%":24575110.9933137819,"aSP":72.9887640449,"ORtg":97.1902669305,"DRtg":71.7792359874,"Floor%":47.8906744673,"Stop%":0.8758150655,"FFI":53.2447597308,"PIE":12.3778501629,"AV":2.436946001,"DRE\/100":15.6578609826,"DRE\/75":11.743395737,"POS":484.9910065172},"V. David":{"TEAM":"DLSU","SP":57.0,"GP":11.0,"MPG":21.5121212121,"EWA":1.1150006188,"PER":20.2909870847,"WS":1.3134407225,"OWS":0.8210916319,"DWS":0.4923490906,"EFF":11.9090909091,"GmSc":6.7727272727,"TS%":51.9521410579,"EFG%":50.0,"PPWS":1.0390428212,"FTR":0.1333333333,"REB%":12.7359766746,"OREB%":4.9706076366,"DREB%":19.9161753369,"AR":10.7387378829,"pAST%":35.7508051651,"hAST%":37.2566909976,"TOR":4.1640004036,"hTO%":14.4464720195,"AST\/TO":2.5789473684,"STL\/TO":0.5263157895,"PPR":5.4907844752,"USG%":14.8899157349,"STL%":null,"BLK%":0.0,"aSP":56.3595505618,"ORtg":109.1890795762,"DRtg":81.0352164053,"Floor%":44.6362782958,"Stop%":0.6591462729,"FFI":46.9531214264,"PIE":9.9581200558,"AV":1.8438864676,"DRE\/100":12.0490594002,"DRE\/75":9.0367945501,"POS":456.2919826739},"E. Gollena":{"TEAM":"DLSU","SP":35.6363636364,"GP":11.0,"MPG":16.3121212121,"EWA":0.696534533,"PER":18.6225324798,"WS":1.0213962015,"OWS":0.8103286623,"DWS":0.2110675392,"EFF":6.4545454545,"GmSc":4.7727272727,"TS%":60.0626740947,"EFG%":52.1739130435,"PPWS":1.2012534819,"FTR":0.5652173913,"REB%":6.5609251937,"OREB%":7.1014066964,"DREB%":6.0611724396,"AR":2.6011923481,"pAST%":8.8784090246,"hAST%":12.0902740462,"TOR":2.3121709761,"hTO%":10.7469102633,"AST\/TO":1.125,"STL\/TO":0.75,"PPR":-1.0596796325,"USG%":15.5721689778,"STL%":null,"BLK%":2870634.4046076299,"aSP":35.2359550562,"ORtg":122.4168383257,"DRtg":87.6825540126,"Floor%":53.7019866974,"Stop%":0.503541945,"FFI":55.1900646822,"PIE":4.0949278734,"AV":1.164727868,"DRE\/100":3.2917661688,"DRE\/75":2.4688246266,"POS":345.9951743532},"R. Gonzales":{"TEAM":"DLSU","SP":38.2727272727,"GP":11.0,"MPG":11.496969697,"EWA":1.1962950636,"PER":29.8333348272,"WS":0.9219038865,"OWS":0.5654816548,"DWS":0.3564222318,"EFF":8.2727272727,"GmSc":5.4909090909,"TS%":66.0792951542,"EFG%":63.4146341463,"PPWS":1.3215859031,"FTR":0.243902439,"REB%":12.2875718553,"OREB%":9.3005650006,"DREB%":15.0494885804,"AR":4.100690684,"pAST%":16.5172893334,"hAST%":15.0602409639,"TOR":4.5107597524,"hTO%":16.5662650602,"AST\/TO":0.9090909091,"STL\/TO":1.0,"PPR":-3.2575698913,"USG%":19.0419742836,"STL%":null,"BLK%":24437467.0532548428,"aSP":37.8426966292,"ORtg":113.7698431986,"DRtg":75.613000374,"Floor%":53.7561231632,"Stop%":0.7860723194,"FFI":54.7568133059,"PIE":6.2354583527,"AV":1.4030131757,"DRE\/100":12.8177901185,"DRE\/75":9.6133425888,"POS":243.8613582567},"J. Macalalag":{"TEAM":"DLSU","SP":37.3636363636,"GP":11.0,"MPG":19.8590909091,"EWA":0.4118166549,"PER":14.6092033706,"WS":0.8367647049,"OWS":0.628199811,"DWS":0.2085648939,"EFF":6.2727272727,"GmSc":4.5181818182,"TS%":52.6706231454,"EFG%":51.5873015873,"PPWS":1.0534124629,"FTR":0.1587301587,"REB%":5.1735350431,"OREB%":4.9356549902,"DREB%":5.3934893079,"AR":3.3236024471,"pAST%":11.6899919221,"hAST%":15.4867256637,"TOR":2.1366015732,"hTO%":9.9557522124,"AST\/TO":1.5555555556,"STL\/TO":0.4444444444,"PPR":0.1450689317,"USG%":14.9331095695,"STL%":null,"BLK%":9431677.7294532228,"aSP":36.9438202247,"ORtg":108.3088496323,"DRtg":89.3110653571,"Floor%":47.9662527378,"Stop%":0.4654209064,"FFI":48.4688536206,"PIE":4.3275942299,"AV":1.1400332638,"DRE\/100":-0.892610873,"DRE\/75":-0.6694581547,"POS":421.2296814277},"V. Marasigan":{"TEAM":"DLSU","SP":31.8181818182,"GP":11.0,"MPG":11.4060606061,"EWA":0.2670353713,"PER":15.0979577287,"WS":0.560869933,"OWS":0.3329660178,"DWS":0.2279039152,"EFF":4.4545454545,"GmSc":2.5454545455,"TS%":49.6861924686,"EFG%":45.9183673469,"PPWS":0.9937238494,"FTR":0.387755102,"REB%":10.1335964779,"OREB%":7.0310195827,"DREB%":13.0023742996,"AR":2.0666870955,"pAST%":7.7081726261,"hAST%":6.9098949696,"TOR":4.1333741911,"hTO%":13.8197899392,"AST\/TO":0.5,"STL\/TO":0.5,"PPR":-5.05159003,"USG%":22.9235914952,"STL%":null,"BLK%":4105373.2731158901,"aSP":31.4606741573,"ORtg":96.3249300429,"DRtg":82.977149872,"Floor%":44.9715141152,"Stop%":0.6136884867,"FFI":49.5565338382,"PIE":1.5821312238,"AV":0.8819171037,"DRE\/100":3.3305287748,"DRE\/75":2.4978965811,"POS":241.9330923769},"D. Dungo":{"TEAM":"DLSU","SP":28.5,"GP":10.0,"MPG":10.02,"EWA":0.2795622535,"PER":16.4279853249,"WS":0.478141962,"OWS":0.3885800671,"DWS":0.0895618949,"EFF":3.7,"GmSc":2.53,"TS%":58.1065759637,"EFG%":50.0,"PPWS":1.1621315193,"FTR":0.4,"REB%":6.1094741734,"OREB%":3.9128790876,"DREB%":8.1405417271,"AR":6.2107866089,"pAST%":21.1357915235,"hAST%":20.9497206704,"TOR":5.1756555074,"hTO%":17.4581005587,"AST\/TO":1.2,"STL\/TO":0.1,"PPR":-1.8976232408,"USG%":19.2951268831,"STL%":null,"BLK%":0.0,"aSP":28.1797752809,"ORtg":107.5415011271,"DRtg":89.7588389037,"Floor%":42.6381150046,"Stop%":0.4549391909,"FFI":50.4886619407,"PIE":2.419730107,"AV":0.7143844592,"DRE\/100":0.9035423218,"DRE\/75":0.6776567413,"POS":193.212241149},"E. Abadam":{"TEAM":"DLSU","SP":31.4444444444,"GP":9.0,"MPG":16.7092592592,"EWA":-0.2096249838,"PER":8.0181854095,"WS":0.3247574821,"OWS":0.1715163582,"DWS":0.1532411239,"EFF":3.3333333333,"GmSc":1.9222222222,"TS%":41.9737919738,"EFG%":39.7727272727,"PPWS":0.8394758395,"FTR":0.25,"REB%":5.6363895442,"OREB%":4.5624959416,"DREB%":6.6293583743,"AR":3.4485249818,"pAST%":11.5313702939,"hAST%":14.7405660377,"TOR":3.1036724836,"hTO%":13.266509434,"AST\/TO":1.1111111111,"STL\/TO":0.3333333333,"PPR":-1.4751113168,"USG%":16.4224337842,"STL%":null,"BLK%":3425163.471132373,"aSP":31.0911360799,"ORtg":88.7286933416,"DRtg":88.8387640762,"Floor%":40.0298171829,"Stop%":0.4764767798,"FFI":44.7956719765,"PIE":0.8375988832,"AV":0.6104100091,"DRE\/100":-3.4053485156,"DRE\/75":-2.5540113867,"POS":289.9790505468},"L. Ramiro":{"TEAM":"DLSU","SP":31.2727272727,"GP":11.0,"MPG":15.2151515152,"EWA":-0.4378312998,"PER":5.5618388015,"WS":0.2275567766,"OWS":-0.0219831942,"DWS":0.2495399708,"EFF":3.4545454545,"GmSc":1.1090909091,"TS%":32.9989440338,"EFG%":32.4324324324,"PPWS":0.6599788807,"FTR":0.0540540541,"REB%":7.3153074547,"OREB%":1.1712920272,"DREB%":12.9963319029,"AR":6.5070390273,"pAST%":20.1520877016,"hAST%":29.6275395034,"TOR":3.7183080156,"hTO%":16.9300225734,"AST\/TO":1.75,"STL\/TO":0.25,"PPR":1.1360795582,"USG%":12.7252528442,"STL%":null,"BLK%":12310396.335381547,"aSP":30.9213483146,"ORtg":76.5561161222,"DRtg":85.3695264493,"Floor%":30.7905775881,"Stop%":0.5576864944,"FFI":38.0884651853,"PIE":1.5821312238,"AV":0.7288168465,"DRE\/100":-0.9278359418,"DRE\/75":-0.6958769564,"POS":322.7274327381},"H. Agunanne":{"TEAM":"DLSU","SP":36.3636363636,"GP":11.0,"MPG":14.303030303,