{"K. Quiambao":{"TEAM":"DLSU","SP":84.1,"GP":10.0,"MPG":29.25,"EWA":2.2741794894,"PER":26.4476949527,"WS":1.9622887707,"OWS":1.3337126847,"DWS":0.628576086,"EFF":18.6,"GmSc":12.89,"TS%":53.0923994039,"EFG%":49.3006993007,"PPWS":1.0524696107,"FTR":0.2867132867,"REB%":13.194383114,"OREB%":4.9099836334,"DREB%":21.0164835165,"AR":8.1351071915,"pAST%":33.12,"TOR":5.6592050028,"AST\/TO":1.4375,"PPR":-0.430918587,"USG%":28.0021533175,"aSP":83.0617283951,"ORtg":105.6223850434,"DRtg":81.0343569862,"Floor%":45.9100963286,"Stop%":0.6524780897,"FFI":48.588174497,"PIE":16.8613509396,"AV":2.3983657492},"M. Phillips":{"TEAM":"DLSU","SP":75.6,"GP":10.0,"MPG":23.3266666667,"EWA":2.0963818614,"PER":28.8839934612,"WS":1.5299122877,"OWS":0.74837433,"DWS":0.7815379577,"EFF":17.7,"GmSc":11.21,"TS%":48.1413261889,"EFG%":44.8453608247,"PPWS":0.948649206,"FTR":0.5257731959,"REB%":22.7242226662,"OREB%":17.649419591,"DREB%":27.5158336055,"AR":5.5439415614,"pAST%":21.586154161,"TOR":5.9874568863,"AST\/TO":0.9259259259,"PPR":-4.1876474935,"USG%":26.6364919584,"aSP":74.6666666667,"ORtg":97.7457031091,"DRtg":71.5918776124,"Floor%":48.1680127347,"Stop%":0.8738749381,"FFI":52.8577619647,"PIE":12.8999492128,"AV":2.3107909342},"R. Gonzales":{"TEAM":"DLSU","SP":38.2,"GP":10.0,"MPG":11.215,"EWA":1.051968126,"PER":29.67382018,"WS":0.7710479767,"OWS":0.4476213299,"DWS":0.3234266468,"EFF":8.3,"GmSc":5.5,"TS%":66.8202764977,"EFG%":64.1025641026,"PPWS":1.3257142857,"FTR":0.2564102564,"REB%":12.4382374966,"OREB%":9.390918318,"DREB%":15.3155053818,"AR":3.6899631371,"pAST%":15.4218886102,"TOR":5.0736993136,"AST\/TO":0.7272727273,"PPR":-4.7765106421,"USG%":20.5811487924,"aSP":37.7283950617,"ORtg":111.3271010096,"DRtg":75.2585160291,"Floor%":52.6627508626,"Stop%":0.7879036421,"FFI":55.0969383224,"PIE":6.094464195,"AV":1.309451069},"V. David":{"TEAM":"DLSU","SP":58.3,"GP":10.0,"MPG":21.0583333333,"EWA":1.0050249843,"PER":20.4128779664,"WS":1.168470168,"OWS":0.6811009932,"DWS":0.4873691748,"EFF":12.3,"GmSc":6.92,"TS%":50.4246284501,"EFG%":48.1132075472,"PPWS":1.0035211268,"FTR":0.1509433962,"REB%":13.027614053,"OREB%":4.5466409585,"DREB%":21.0353185596,"AR":11.7909435456,"pAST%":39.1936800863,"TOR":3.9303145152,"AST\/TO":3.0,"PPR":7.1825448698,"USG%":14.6118023904,"aSP":57.5802469136,"ORtg":110.4907994497,"DRtg":79.734425285,"Floor%":45.9190029584,"Stop%":0.6829574554,"FFI":46.4361835252,"PIE":10.157440325,"AV":1.7587719834},"E. Gollena":{"TEAM":"DLSU","SP":35.0,"GP":10.0,"MPG":16.3683333333,"EWA":0.5199251817,"PER":17.2045817037,"WS":0.8328063061,"OWS":0.6231728089,"DWS":0.2096334972,"EFF":6.0,"GmSc":4.61,"TS%":57.0776255708,"EFG%":48.8095238095,"PPWS":1.1235955056,"FTR":0.5714285714,"REB%":6.2496412535,"OREB%":7.6042002916,"DREB%":4.9706714475,"AR":2.5282315395,"pAST%":8.5343485579,"TOR":2.2122025971,"AST\/TO":1.1428571429,"PPR":-0.9625574283,"USG%":15.4390373932,"aSP":34.5679012346,"ORtg":119.4677800754,"DRtg":87.8582826592,"Floor%":52.6094814276,"Stop%":0.4924782022,"FFI":54.0630275043,"PIE":3.7582529203,"AV":1.026583177},"J. Macalalag":{"TEAM":"DLSU","SP":37.5,"GP":10.0,"MPG":19.7833333333,"EWA":0.4066607959,"PER":14.9517010942,"WS":0.7480750666,"OWS":0.5179244448,"DWS":0.2301506218,"EFF":6.6,"GmSc":4.82,"TS%":54.1338582677,"EFG%":53.5087719298,"PPWS":1.0771113831,"FTR":0.1578947368,"REB%":5.6409031248,"OREB%":5.3236301063,"DREB%":5.9404711758,"AR":2.8762361147,"pAST%":10.200032054,"TOR":2.0918080834,"AST\/TO":1.375,"PPR":-0.3185602865,"USG%":14.7899864083,"aSP":37.037037037,"ORtg":109.2979284037,"DRtg":88.7807372075,"Floor%":48.1364622971,"Stop%":0.4708495047,"FFI":49.313703825,"PIE":4.7232097511,"AV":1.1026524758},"D. Dungo":{"TEAM":"DLSU","SP":28.2222222222,"GP":9.0,"MPG":10.1814814815,"EWA":0.2490394984,"PER":16.2827434542,"WS":0.4101139012,"OWS":0.3142972712,"DWS":0.09581663,"EFF":3.8888888889,"GmSc":2.6777777778,"TS%":61.7283950617,"EFG%":53.5714285714,"PPWS":1.2213740458,"FTR":0.3571428571,"REB%":6.089261558,"OREB%":4.179469517,"DREB%":7.8924803825,"AR":5.0806624579,"pAST%":17.6491665268,"TOR":5.6451805088,"AST\/TO":0.9,"PPR":-4.1265666802,"USG%":19.6328054102,"aSP":27.8737997257,"ORtg":107.0977558234,"DRtg":89.7058146265,"Floor%":41.3919481313,"Stop%":0.4491593091,"FFI":51.2103130619,"PIE":2.5393600813,"AV":0.6852226948},"V. Marasigan":{"TEAM":"DLSU","SP":31.2,"GP":10.0,"MPG":11.4066666667,"EWA":0.1400936639,"PER":13.288628853,"WS":0.4436775164,"OWS":0.2299973302,"DWS":0.2136801862,"EFF":4.2,"GmSc":2.32,"TS%":47.637195122,"EFG%":43.3333333333,"PPWS":0.9420631182,"FTR":0.3777777778,"REB%":10.5986723309,"OREB%":7.5543728316,"DREB%":13.4730890457,"AR":1.813980271,"pAST%":6.6477174802,"TOR":4.0814556098,"AST\/TO":0.4444444444,"PPR":-5.2487508346,"USG%":22.8688907088,"aSP":30.8148148148,"ORtg":94.2101964376,"DRtg":83.2010785554,"Floor%":43.4214681584,"Stop%":0.6016751906,"FFI":48.4905106639,"PIE":1.3204672423,"AV":0.7856293018},"I. Phillips":{"TEAM":"DLSU","SP":23.0,"GP":1.0,"MPG":5.0333333333,"EWA":0.0548175245,"PER":32.7107068045,"WS":0.0186970231,"OWS":0.0107339148,"DWS":0.0079631083,"EFF":4.0,"GmSc":2.6,"TS%":150.0,"EFG%":150.0,"PPWS":3.0,"FTR":0.0,"REB%":9.2380684454,"OREB%":0.0,"DREB%":17.9606196785,"AR":0.0,"pAST%":0.0,"TOR":0.0,"AST\/TO":null,"PPR":0.0,"USG%":8.4297422955,"aSP":22.7160493827,"ORtg":300.0,"DRtg":85.4898692113,"Floor%":100.0,"Stop%":0.5480101501,"FFI":85.0,"PIE":0.3047232098,"AV":0.1346870059},"H. Agunanne":{"TEAM":"DLSU","SP":38.4,"GP":10.0,"MPG":15.0516666667,"EWA":0.0456625551,"PER":11.4297778925,"WS":0.2131805222,"OWS":-0.1240888951,"DWS":0.3372694174,"EFF":6.0,"GmSc":2.73,"TS%":43.8871473354,"EFG%":42.7272727273,"PPWS":0.8682170543,"FTR":0.3636363636,"REB%":17.9176178595,"OREB%":15.2665641043,"DREB%":20.4207333471,"AR":1.7183701936,"pAST%":6.3426801295,"TOR":8.5918509681,"AST\/TO":0.2,"PPR":-13.6078612048,"USG%":25.0321622172,"aSP":37.9259259259,"ORtg":74.2406661558,"DRtg":80.3131282164,"Floor%":37.0902725048,"Stop%":0.6693886669,"FFI":48.4508046243,"PIE":2.5901472829,"AV":1.026583177},"E. Alian":{"TEAM":"DLSU","SP":25.0,"GP":2.0,"MPG":6.3333333333,"EWA":-0.0379076552,"PER":4.8046536597,"WS":-0.0120382599,"OWS":-0.023637126,"DWS":0.0115988661,"EFF":2.0,"GmSc":0.35,"TS%":100.0,"EFG%":100.0,"PPWS":2.0,"FTR":0.0,"REB%":7.3418333434,"OREB%":7.5587905935,"DREB%":7.1369830827,"AR":16.3353697038,"pAST%":52.8433184733,"TOR":16.3353697038,"AST\/TO":1.0,"PPR":-9.9508173717,"USG%":16.7485669292,"aSP":24.6913580247,"ORtg":66.9165227345,"DRtg":90.7271619261,"Floor%":30.8325851516,"Stop%":0.4252118834,"FFI":62.4279156927,"PIE":0.1523616049,"AV":0.1346870059},"A. Konov":{"TEAM":"DLSU","SP":19.8333333333,"GP":6.0,"MPG":5.6111111111,"EWA":-0.1247113191,"PER":3.3743638179,"WS":0.0296269629,"OWS":-0.0070335944,"DWS":0.0366605572,"EFF":1.0,"GmSc":0.2166666667,"TS%":42.8571428571,"EFG%":42.8571428571,"PPWS":0.8571428571,"FTR":0.0,"REB%":8.2868217935,"OREB%":5.6878028228,"DREB%":10.7408062235,"AR":3.0729903403,"pAST%":9.6260497544,"TOR":4.6094855105,"AST\/TO":0.6666666667,"PPR":-4.679839853,"USG%":12.6028820457,"aSP":19.5884773663,"ORtg":76.764386576,"DRtg":89.3657007923,"Floor%":27.9236466743,"Stop%":0.4571339234,"FFI":42.1280463298,"PIE":0.1015744033,"AV":0.1825551726},"M. Rubico":{"TEAM":"DLSU","SP":18.4,"GP":5.0,"MPG":3.7266666666,"EWA":-0.1514555837,"PER":-5.5176953489,"WS":-0.0505763704,"OWS":-0.0852559354,"DWS":0.034679565,"EFF":0.2,"GmSc":-0.46,"TS%":50.0,"EFG%":50.0,"PPWS":1.0,"FTR":0.0,"REB%":4.9908706091,"OREB%":0.0,"DREB%":9.7032328138,"AR":5.5522723502,"pAST%":17.2320871392,"TOR":13.8806808755,"AST\/TO":0.4,"PPR":-18.6021541207,"USG%":18.2166881807,"aSP":18.1728395062,"ORtg":44.2537397581,"DRtg":83.296450378,"Floor%":16.0991273032,"Stop%":0.5994390173,"FFI":41.5298297811,"PIE":-0.3047232098,"AV":0.0476190476},"C. Austria":{"TEAM":"DLSU","SP":35.8333333333,"GP":6.0,"MPG":15.1694444444,"EWA":-0.2243857955,"PER":5.8646938401,"WS":0.0231385113,"OWS":-0.0663758186,"DWS":0.0895143299,"EFF":3.1666666667,"GmSc":1.3666666667,"TS%":36.7647058824,"EFG%":30.0,"PPWS":0.7305936073,