{"M. Phillips":{"TEAM":"DLSU","SP":78.8888888889,"GP":9.0,"MPG":23.9037037037,"EWA":2.1186126471,"PER":30.6142892189,"WS":1.5620179698,"OWS":0.8736971769,"DWS":0.6883207929,"EFF":19.2222222222,"GmSc":12.2444444444,"TS%":49.8060648801,"EFG%":46.7032967033,"PPWS":0.9806899544,"FTR":0.5604395604,"REB%":23.5996327975,"OREB%":18.6109073316,"DREB%":28.4163332473,"AR":5.4980392915,"pAST%":21.6263792881,"TOR":5.7370844781,"AST\/TO":0.9583333333,"PPR":-3.7864438884,"USG%":26.778107718,"aSP":77.8082191781,"ORtg":101.6508102015,"DRtg":74.4179406363,"Floor%":50.2358222866,"Stop%":0.8497204391,"FFI":54.3758224347,"PIE":13.5964912281,"AV":2.2715132927},"K. Quiambao":{"TEAM":"DLSU","SP":85.5555555556,"GP":9.0,"MPG":29.7537037037,"EWA":1.9933484875,"PER":25.7822099702,"WS":1.7826840366,"OWS":1.2276165279,"DWS":0.5550675088,"EFF":18.5555555556,"GmSc":12.8555555556,"TS%":51.775147929,"EFG%":48.1060606061,"PPWS":1.0263245585,"FTR":0.2878787879,"REB%":13.152162163,"OREB%":5.2157229357,"DREB%":20.8149310722,"AR":8.2579570887,"pAST%":32.9721118328,"TOR":5.7613654107,"AST\/TO":1.4333333333,"PPR":-0.4679962054,"USG%":27.9746110246,"aSP":84.3835616438,"ORtg":104.6900041065,"DRtg":82.8217938494,"Floor%":45.6098287147,"Stop%":0.6539270916,"FFI":48.1634092951,"PIE":16.2280701754,"AV":2.2121677599},"R. Gonzales":{"TEAM":"DLSU","SP":37.0,"GP":9.0,"MPG":11.0611111111,"EWA":0.9019685591,"PER":29.0315198773,"WS":0.6923514915,"OWS":0.4398429179,"DWS":0.2525085736,"EFF":8.0,"GmSc":5.3111111111,"TS%":68.4556407448,"EFG%":66.6666666667,"PPWS":1.3586956522,"FTR":0.2424242424,"REB%":11.4865264618,"OREB%":9.3533144046,"DREB%":13.5461794826,"AR":4.1327242839,"pAST%":16.954565249,"TOR":4.6493148194,"AST\/TO":0.8888888889,"PPR":-3.4619222065,"USG%":19.1661742887,"aSP":36.4931506849,"ORtg":115.3647980844,"DRtg":79.3632648535,"Floor%":54.6565936229,"Stop%":0.7345040546,"FFI":56.0113644791,"PIE":5.5921052632,"AV":1.1770097965},"V. David":{"TEAM":"DLSU","SP":58.0,"GP":9.0,"MPG":20.9555555556,"EWA":0.761715714,"PER":18.9379670473,"WS":0.9755898337,"OWS":0.5493161107,"DWS":0.426273723,"EFF":11.8888888889,"GmSc":6.4222222222,"TS%":44.6428571429,"EFG%":41.6666666667,"PPWS":0.888030888,"FTR":0.1666666667,"REB%":13.5811426764,"OREB%":4.9370225291,"DREB%":21.9271897152,"AR":11.9977193188,"pAST%":38.876785282,"TOR":3.8174561469,"AST\/TO":3.1428571429,"PPR":7.6415599924,"USG%":14.5615177667,"aSP":57.2054794521,"ORtg":106.3298956681,"DRtg":81.4241648356,"Floor%":44.9747298574,"Stop%":0.6864891148,"FFI":44.1997071358,"PIE":9.3201754386,"AV":1.5842311141},"J. Macalalag":{"TEAM":"DLSU","SP":39.0,"GP":9.0,"MPG":20.4703703704,"EWA":0.4564222669,"PER":15.799602442,"WS":0.7313546065,"OWS":0.5417177668,"DWS":0.1896368397,"EFF":7.2222222222,"GmSc":5.2888888889,"TS%":55.0964187328,"EFG%":55.4545454545,"PPWS":1.0972996142,"FTR":0.1272727273,"REB%":5.7101773794,"OREB%":5.5594428834,"DREB%":5.8557141342,"AR":2.7913834526,"pAST%":9.9813135226,"TOR":1.9539684168,"AST\/TO":1.4285714286,"PPR":-0.1700582376,"USG%":14.8065466235,"aSP":38.4657534247,"ORtg":111.8744077721,"DRtg":90.6051308446,"Floor%":49.1014683425,"Stop%":0.4725905587,"FFI":49.7143055634,"PIE":4.9890350877,"AV":1.0900984516},"E. Gollena":{"TEAM":"DLSU","SP":35.2222222222,"GP":9.0,"MPG":16.5407407407,"EWA":0.4536934871,"PER":16.9457763713,"WS":0.7419483485,"OWS":0.57725351,"DWS":0.1646948385,"EFF":6.1111111111,"GmSc":4.6111111111,"TS%":56.4913722268,"EFG%":48.7179487179,"PPWS":1.1122345804,"FTR":0.5641025641,"REB%":6.7595096115,"OREB%":8.1311633476,"DREB%":5.4351542801,"AR":2.4181781101,"pAST%":8.1429937321,"TOR":2.4181781101,"AST\/TO":1.0,"PPR":-1.4732161114,"USG%":15.6774782406,"aSP":34.7397260274,"ORtg":117.7564311168,"DRtg":90.0308326441,"Floor%":52.5255779675,"Stop%":0.4859705838,"FFI":53.9704060907,"PIE":3.6184210526,"AV":0.9617290231},"D. Dungo":{"TEAM":"DLSU","SP":30.875,"GP":8.0,"MPG":10.0583333333,"EWA":0.2847551646,"PER":17.9329811202,"WS":0.4106683925,"OWS":0.3385293459,"DWS":0.0721390467,"EFF":4.25,"GmSc":2.9375,"TS%":62.925170068,"EFG%":54.0,"PPWS":1.243697479,"FTR":0.4,"REB%":6.252686397,"OREB%":4.6286120082,"DREB%":7.8207582207,"AR":5.7519381558,"pAST%":19.9493927126,"TOR":5.7519381558,"AST\/TO":1.0,"PPR":-3.5042282153,"USG%":20.0027477139,"aSP":30.4520547945,"ORtg":111.0266775134,"DRtg":91.5958341288,"Floor%":43.290983643,"Stop%":0.4495091093,"FFI":52.0877378627,"PIE":2.6315789474,"AV":0.6704862763},"V. Marasigan":{"TEAM":"DLSU","SP":32.2222222222,"GP":9.0,"MPG":11.6962962963,"EWA":0.2514946997,"PER":15.6221312188,"WS":0.4730576665,"OWS":0.2868242527,"DWS":0.1862334138,"EFF":4.7777777778,"GmSc":2.8666666667,"TS%":50.5254648343,"EFG%":46.4285714286,"PPWS":0.9985022466,"FTR":0.4047619048,"REB%":10.4282238211,"OREB%":7.0762947358,"DREB%":13.6645691449,"AR":1.4656088989,"pAST%":5.4446009779,"TOR":3.908290397,"AST\/TO":0.375,"PPR":-5.3573191334,"USG%":22.8876040987,"aSP":31.7808219178,"ORtg":98.9287219741,"DRtg":85.0868056078,"Floor%":45.7012958671,"Stop%":0.6011567465,"FFI":50.0810434908,"PIE":1.9188596491,"AV":0.799617052},"H. Agunanne":{"TEAM":"DLSU","SP":38.2222222222,"GP":9.0,"MPG":15.112962963,"EWA":0.0247383391,"PER":11.1855732999,"WS":0.1514388854,"OWS":-0.1441012148,"DWS":0.2955401002,"EFF":5.8888888889,"GmSc":2.7,"TS%":42.492917847,"EFG%":41.8367346939,"PPWS":0.8409986859,"FTR":0.3469387755,"REB%":17.4864314321,"OREB%":14.3758643024,"DREB%":20.4897376263,"AR":1.8904517023,"pAST%":6.8341394913,"TOR":8.31798749,"AST\/TO":0.2272727273,"PPR":-12.8991705007,"USG%":24.1847337717,"aSP":37.698630137,"ORtg":73.1936050211,"DRtg":82.0759054758,"Floor%":36.5238637647,"Stop%":0.6713048322,"FFI":47.7344514982,"PIE":2.6315789474,"AV":0.9353789829},"E. Alian":{"TEAM":"DLSU","SP":128.0,"GP":1.0,"MPG":4.7166666667,"EWA":-0.0290238631,"PER":-1.5484730958,"WS":-0.0227354693,"OWS":-0.0243023068,"DWS":0.0015668375,"EFF":1.0,"GmSc":-0.3,"TS%":0.0,"EFG%":0.0,"PPWS":0.0,"FTR":0.0,"REB%":9.6973883471,"OREB%":19.7411119924,"DREB%":0.0,"AR":21.8063269854,"pAST%":61.908127208,"TOR":21.8063269854,"AST\/TO":1.0,"PPR":-13.2849735557,"USG%":17.7733484176,"aSP":126.2465753425,"ORtg":52.546001926,"DRtg":95.8050289309,"Floor%":23.1695499201,"Stop%":0.3514431008,"FFI":23.4966406521,"PIE":-0.0548245614,"AV":0.0476190476},"M. Rubico":{"TEAM":"DLSU","SP":33.5,"GP":4.0,"MPG":3.4,"EWA":-0.0867597277,"PER":-2.0025774067,"WS":-0.0346382965,"OWS":-0.064758265,"DWS":0.0301199685,"EFF":0.5,"GmSc":-0.225,"TS%":75.0,"EFG%":75.0,"PPWS":1.5,"FTR":0.0,"REB%":6.7263747605,"OREB%":0.0,"DREB%":13.2208055637,"AR":3.7813667506,"pAST%":12.0263591434,"TOR":15.1254670023,"AST\/TO":0.25,"PPR":-23.0370558598,"USG%":18.4921235377,"aSP":33.0410958904,"ORtg":45.1824787963,"DRtg":81.7635193228,"Floor%":15.9765386592,"Stop%":0.6785828188,"FFI":51.2186332494,"PIE":-0.1096491228,"AV":0.0800853729},"A. Konov":{"TEAM":"DLSU","SP":28.0,"GP":5.0,"MPG":5.04,"EWA":-0.1316511368,"PER":0.3192545619,"WS":-0.0156575003,"OWS":-0.0322185064,"DWS":0.0165610061,"EFF":0.4,"GmSc":-0.04,"TS%":25.0,"EFG%":25.0,"PPWS":0.5,"FTR":0.0,"REB%":7.2602140271,"OREB%":7.3898607062,"DREB%":7.1350379232,"AR":4.0814752228,"pAST%":12.299915754,"TOR":4.0814752228,"AST\/TO":1.0,"PPR":-2.4865393626,"USG%":13.3065015931,"aSP":27.6164383562,"ORtg":65.3088745221,"DRtg":93.3809456846,"Floor%":24.7481408237,"Stop%":0.4079195006,"FFI":35.4576033355,"PIE":-0.1096491228,"AV":0.0800853729},"E. Abadam":{"TEAM":"DLSU","SP":31.4444444444,"GP":9.0,"MPG":16.7092592592,"EWA":-0.2402587938,"PER":7.6087387195,"WS":0.2976137167,"OWS":0.1493221497,"DWS":0.148291567,"EFF":3.3333333333,"GmSc":1.9222222222,"TS%":41.9737919738,"EFG%":39.7727272727,"PPWS":0.8329101067,"FTR":0.25,"REB%":5.4747308257,"OREB%":4.3341619037,"DREB%":6.5759697849,"AR":3.419699954,"pAST%":11.3633415489,"TOR":3.0777299586,"AST\/TO":1.1111111111,"PPR":-1.4583582297,"USG%":16.1214099364,"aSP":31.0136986301,"ORtg":89.2723607415,"DRtg":90.9276490576,"Floor%":40.3289533161,"Stop%":0.465076515,"FFI":44.7564908002,"PIE":0.9868421053,"AV":0.6104100091},"L. Ramiro":{"TEAM":"DLSU",