{"R. Gonzales":{"TEAM":"DLSU","MINS":11.0611111111,"FGM":6.3284781517,"FGA":9.9447513812,"FG%":63.6363636364,"2PM":5.7257659468,"2PA":9.3420391763,"2P%":61.2903225806,"3PM":0.6027122049,"3PA":0.6027122049,"3P%":100.0,"FTM":1.8081366148,"FTA":2.4108488197,"FT%":75.0,"PTS":15.0678051231,"OFF":3.0135610246,"DEF":4.5203415369,"REB":7.5339025615,"AST":2.4108488197,"TO":2.7122049222,"STL":2.4108488197,"BLK":1.2054244098,"STK":3.6162732295,"PF":4.2189854345,"Fls on:":1.5067805123,"+\/-":6.6298342542,"GP":9.0},"M. Rubico":{"TEAM":"DLSU","MINS":3.4,"FGM":2.205882353,"FGA":4.4117647059,"FG%":50.0,"2PM":0.0,"2PA":2.205882353,"2P%":0.0,"3PM":2.205882353,"3PA":2.205882353,"3P%":100.0,"FTM":0.0,"FTA":0.0,"FT%":0.0,"PTS":6.6176470589,"OFF":0.0,"DEF":4.4117647059,"REB":4.4117647059,"AST":2.205882353,"TO":8.8235294118,"STL":2.205882353,"BLK":0.0,"STK":2.205882353,"PF":6.6176470589,"Fls on:":0.0,"+\/-":-4.4117647059,"GP":4.0},"H. Agunanne":{"TEAM":"DLSU","MINS":15.112962963,"FGM":4.4112241147,"FGA":10.807499081,"FG%":40.8163265306,"2PM":4.190662909,"2PA":9.7046930523,"2P%":43.1818181818,"3PM":0.2205612057,"3PA":1.1028060287,"3P%":20.0,"FTM":1.5439284401,"FTA":3.7495404975,"FT%":41.1764705882,"PTS":10.5869378753,"OFF":4.6317853204,"DEF":6.8373973778,"REB":11.4691826982,"AST":1.1028060287,"TO":4.8523465262,"STL":0.8822448229,"BLK":1.1028060287,"STK":1.9850508516,"PF":3.5289792918,"Fls on:":3.7495404975,"+\/-":3.9701017032,"GP":9.0},"A. Konov":{"TEAM":"DLSU","MINS":5.04,"FGM":1.1904761905,"FGA":7.1428571429,"FG%":16.6666666667,"2PM":0.0,"2PA":1.1904761905,"2P%":0.0,"3PM":1.1904761905,"3PA":5.9523809524,"3P%":20.0,"FTM":0.0,"FTA":0.0,"FT%":0.0,"PTS":3.5714285714,"OFF":2.380952381,"DEF":2.380952381,"REB":4.7619047619,"AST":2.380952381,"TO":2.380952381,"STL":0.0,"BLK":0.0,"STK":0.0,"PF":2.380952381,"Fls on:":2.380952381,"+\/-":-11.9047619048,"GP":5.0},"J. Macalalag":{"TEAM":"DLSU","MINS":20.4703703704,"FGM":4.2337615343,"FGA":8.9560340148,"FG%":47.2727272727,"2PM":2.7682286955,"2PA":5.536457391,"2P%":50.0,"3PM":1.4655328388,"3PA":3.4195766238,"3P%":42.8571428571,"FTM":0.4885109463,"FTA":1.1398588746,"FT%":42.8571428571,"PTS":10.4215668536,"OFF":1.791206803,"DEF":1.9540437851,"REB":3.745250588,"AST":1.6283698209,"TO":1.1398588746,"STL":0.6513479284,"BLK":0.6513479284,"STK":1.3026958567,"PF":1.9540437851,"Fls on:":1.4655328388,"+\/-":13.8411434775,"GP":9.0},"V. David":{"TEAM":"DLSU","MINS":20.9555555556,"FGM":2.545068929,"FGA":7.6352067869,"FG%":33.3333333333,"2PM":1.2725344645,"2PA":3.6585365854,"2P%":34.7826086957,"3PM":1.2725344645,"3PA":3.9766702015,"3P%":32.0,"FTM":0.9544008484,"FTA":1.2725344645,"FT%":75.0,"PTS":7.3170731707,"OFF":1.5906680806,"DEF":7.3170731707,"REB":8.9077412513,"AST":6.9989395546,"TO":2.2269353128,"STL":1.4316012725,"BLK":0.0,"STK":1.4316012725,"PF":2.704135737,"Fls on:":1.4316012725,"+\/-":12.8844114528,"GP":9.0},"C. Austria":{"TEAM":"DLSU","MINS":14.9866666666,"FGM":2.0017793594,"FGA":8.0071174377,"FG%":25.0,"2PM":2.0017793594,"2PA":6.0053380783,"2P%":33.3333333333,"3PM":0.0,"3PA":2.0017793594,"3P%":0.0,"FTM":1.6014234875,"FTA":1.6014234875,"FT%":100.0,"PTS":5.6049822064,"OFF":2.4021352313,"DEF":2.4021352313,"REB":4.8042704626,"AST":4.8042704626,"TO":5.6049822064,"STL":0.0,"BLK":0.4003558719,"STK":0.4003558719,"PF":1.6014234875,"Fls on:":2.0017793594,"+\/-":-3.603202847,"GP":5.0},"L. Ramiro":{"TEAM":"DLSU","MINS":14.3796296296,"FGM":1.8544752093,"FGA":6.7224726336,"FG%":27.5862068966,"2PM":0.6954282035,"2PA":3.2453316162,"2P%":21.4285714286,"3PM":1.1590470058,"3PA":3.4771410174,"3P%":33.3333333333,"FTM":0.2318094012,"FTA":0.4636188023,"FT%":50.0,"PTS":5.0998068255,"OFF":0.4636188023,"DEF":3.7089504185,"REB":4.1725692209,"AST":3.2453316162,"TO":2.0862846104,"STL":0.6954282035,"BLK":0.6954282035,"STK":1.390856407,"PF":3.0135222151,"Fls on:":1.6226658081,"+\/-":-0.4636188023,"GP":9.0},"M. Phillips":{"TEAM":"DLSU","MINS":23.9037037037,"FGM":5.7173845677,"FGA":12.6898047722,"FG%":45.0549450549,"2PM":5.2990393554,"2PA":10.8769755191,"2P%":48.7179487179,"3PM":0.4183452123,"3PA":1.8128292532,"3P%":23.0769230769,"FTM":3.9045553145,"FTA":7.1118686086,"FT%":54.9019607843,"PTS":15.7576696622,"OFF":5.9962813759,"DEF":9.4824914782,"REB":15.478772854,"AST":3.2073132941,"TO":3.3467616982,"STL":1.9522776573,"BLK":1.2550356368,"STK":3.2073132941,"PF":3.2073132941,"Fls on:":5.8568329718,"+\/-":6.2751781841,"GP":9.0},"V. Marasigan":{"TEAM":"DLSU","MINS":11.6962962963,"FGM":4.8448385054,"FGA":11.9696010133,"FG%":40.4761904762,"2PM":3.4198860038,"2PA":8.5497150095,"2P%":40.0,"3PM":1.4249525016,"3PA":3.4198860038,"3P%":41.6666666667,"FTM":3.1348955035,"FTA":4.8448385054,"FT%":64.7058823529,"PTS":14.2495250158,"OFF":2.2799240025,"DEF":4.5598480051,"REB":6.8397720076,"AST":0.854971501,"TO":2.2799240025,"STL":1.1399620013,"BLK":0.2849905003,"STK":1.4249525016,"PF":5.9848005067,"Fls on:":4.5598480051,"+\/-":10.5446485117,"GP":9.0},"E. Gollena":{"TEAM":"DLSU","MINS":16.5407407407,"FGM":3.2243618451,"FGA":7.8593819973,"FG%":41.0256410256,"2PM":2.0152261532,"2PA":4.6350201523,"2P%":43.4782608696,"3PM":1.2091356919,"3PA":3.2243618451,"3P%":37.5,"FTM":3.4258844604,"FTA":4.4334975369,"FT%":77.2727272727,"PTS":11.0837438424,"OFF":2.6197939991,"DEF":1.8137035378,"REB":4.4334975369,"AST":1.4106583072,"TO":1.4106583072,"STL":1.0076130766,"BLK":0.2015226153,"STK":1.2091356919,"PF":3.0228392297,"Fls on:":4.0304523063,"+\/-":7.657859382,"GP":9.0},"E. Alian":{"TEAM":"DLSU","MINS":4.7166666667,"FGM":0.0,"FGA":0.0,"FG%":0.0,"2PM":0.0,"2PA":0.0,"2P%":0.0,"3PM":0.0,"3PA":0.0,"3P%":0.0,"FTM":0.0,"FTA":0.0,"FT%":0.0,"PTS":0.0,"OFF":6.3604240282,"DEF":0.0,"REB":6.3604240282,"AST":12.7208480564,"TO":12.7208480564,"STL":0.0,"BLK":0.0,"STK":0.0,"PF":6.3604240282,"Fls on:":0.0,"+\/-":38.1625441693,"GP":1.0},"E. Abadam":{"TEAM":"DLSU","MINS":16.7092592592,"FGM":2.992352876,"FGA":8.7775684362,"FG%":34.0909090909,"2PM":1.9949019173,"2PA":4.3887842181,"2P%":45.4545454545,"3PM":0.9974509587,"3PA":4.3887842181,"3P%":22.7272727273,"FTM":1.1969411504,"FTA":2.1943921091,"FT%":54.5454545455,"PTS":8.179097861,"OFF":1.3964313421,"DEF":2.1943921091,"REB":3.5908234512,"AST":1.9949019173,"TO":1.7954117256,"STL":0.5984705752,"BLK":0.1994901917,"STK":0.7979607669,"PF":3.3913332595,"Fls on:":1.5959215339,"+\/-":13.5653330378,"GP":9.0},"D. Dungo":{"TEAM":"DLSU","MINS":10.0583333333,"FGM":3.7282518641,"FGA":9.3206296603,"FG%":40.0,"2PM":1.1184755592,"2PA":2.9826014913,"2P%":37.5,"3PM":2.6097763049,"3PA":6.338028169,"3P%":41.1764705882,"FTM":3.7282518641,"FTA":3.7282518641,"FT%":100.0,"PTS":13.7945318973,"OFF":1.4913007457,"DEF":2.6097763049,"REB":4.1010770505,"AST":3.3554266777,"TO":3.3554266777,"STL":0.3728251864,"BLK":0.0,"STK":0.3728251864,"PF":2.9826014913,"Fls on:":3.3554266777,"+\/-":2.9826014913,"GP":8.0},"K. Quiambao":{"TEAM":"DLSU","MINS":29.7537037037,"FGM":5.9376361486,"FGA":14.7880749362,"FG%":40.1515151515,"2PM":3.5849878633,"2PA":7.9541918217,"2P%":45.0704225352,"3PM":2.3526482853,"3PA":6.8338831145,"3P%":34.4262295082,"FTM":3.0248335097,"FTA":4.2571730877,"FT%":71.0526315789,"PTS":17.2527540922,"OFF":1.6804630609,"DEF":6.9459139852,"REB":8.6263770461,"AST":4.8173274413,"TO":3.3609261219,"STL":1.1203087073,"BLK":0.3360926122,"STK":1.4564013195,"PF":1.1203087073,"Fls on:":4.2571730877,"+\/-":11.2030870729,"GP":9.0}}