{"M. Konateh":{"TEAM":"FEU","SP":69.0,"GP":14.0,"MPG":35.0404761905,"EWA":3.3042628267,"PER":24.3585641402,"WS":2.3589170604,"OWS":1.1801178483,"DWS":1.1787992121,"EFF":22.9285714286,"GmSc":12.4642857143,"TS%":50.2247822422,"EFG%":47.1544715447,"PPWS":1.0044956448,"FTR":0.3577235772,"REB%":21.4762757839,"OREB%":15.5820610215,"DREB%":26.8540789809,"AR":1.4512171547,"pAST%":5.9094192102,"hAST%":6.9016776386,"TOR":3.6838589312,"hTO%":17.5196432364,"AST\/TO":0.3939393939,"STL\/TO":0.3939393939,"PPR":-4.9247491533,"USG%":16.4791311787,"STL%":null,"BLK%":146.3489022147,"aSP":67.7894736842,"ORtg":98.2697183859,"DRtg":78.3894814876,"Floor%":49.2059061478,"Stop%":0.8244305409,"FFI":51.4230897479,"PIE":19.0713101161,"AV":3.6112660045,"DRE\/100":12.8675729946,"DRE\/75":9.6506797459,"POS":63.9856981807},"V. Pre":{"TEAM":"FEU","SP":50.8571428571,"GP":14.0,"MPG":33.4619047619,"EWA":1.1124807976,"PER":15.5932027959,"WS":1.0100109557,"OWS":0.6813686057,"DWS":0.32864235,"EFF":11.2142857143,"GmSc":6.9,"TS%":48.047117173,"EFG%":43.8953488372,"PPWS":0.9609423435,"FTR":0.2848837209,"REB%":9.4186472354,"OREB%":5.0361566597,"DREB%":13.41717338,"AR":2.2210687045,"pAST%":9.6709611012,"hAST%":7.3769218823,"TOR":5.2604258792,"hTO%":17.4716570896,"AST\/TO":0.4222222222,"STL\/TO":0.0666666667,"PPR":-6.8525518294,"USG%":23.4758183745,"STL%":null,"BLK%":60.372369606,"aSP":49.9649122807,"ORtg":87.2896509748,"DRtg":90.9869496657,"Floor%":40.8395690576,"Stop%":0.5363690961,"FFI":46.523520211,"PIE":9.2039800995,"AV":2.1120560753,"DRE\/100":-0.8026688479,"DRE\/75":-0.602001636,"POS":61.1031461732},"J. Bautista":{"TEAM":"FEU","SP":46.3571428571,"GP":14.0,"MPG":28.9476190476,"EWA":0.9204130848,"PER":15.3849703087,"WS":0.9168558249,"OWS":0.6495621337,"DWS":0.2672936912,"EFF":7.4285714286,"GmSc":5.7714285714,"TS%":42.7728613569,"EFG%":38.5638297872,"PPWS":0.8554572271,"FTR":0.1861702128,"REB%":5.5548235749,"OREB%":2.0957503249,"DREB%":8.7108360266,"AR":2.9728218397,"pAST%":13.1224898268,"hAST%":8.7509944312,"TOR":3.5133349015,"hTO%":10.3420843278,"AST\/TO":0.8461538462,"STL\/TO":0.6153846154,"PPR":-2.7764977249,"USG%":26.0948219817,"STL%":null,"BLK%":0.0,"aSP":45.5438596491,"ORtg":87.6281388,"DRtg":91.2977579043,"Floor%":38.2433208169,"Stop%":0.529261964,"FFI":42.758901446,"PIE":6.592039801,"AV":1.5507997051,"DRE\/100":-0.0112244298,"DRE\/75":-0.0084183223,"POS":52.8598300252},"R. Alforque":{"TEAM":"FEU","SP":43.1428571429,"GP":14.0,"MPG":22.6547619048,"EWA":0.9849178525,"PER":17.0617810304,"WS":0.8464558676,"OWS":0.5030028589,"DWS":0.3434530086,"EFF":8.5714285714,"GmSc":5.2214285714,"TS%":44.1519493502,"EFG%":38.2352941176,"PPWS":0.883038987,"FTR":0.4019607843,"REB%":9.7949608127,"OREB%":5.6533253524,"DREB%":13.5737339516,"AR":6.9065242301,"pAST%":28.0253785372,"hAST%":21.1595429539,"TOR":5.0072300668,"hTO%":15.3406686416,"AST\/TO":1.3793103448,"STL\/TO":0.4137931034,"PPR":-0.7304151815,"USG%":21.6629258516,"STL%":null,"BLK%":0.0,"aSP":42.3859649123,"ORtg":88.3709972355,"DRtg":88.1633696513,"Floor%":42.6343659215,"Stop%":0.600934811,"FFI":46.2023869655,"PIE":7.0066334992,"AV":1.7265002271,"DRE\/100":3.636579575,"DRE\/75":2.7274346813,"POS":41.3687516606},"J. Pasaol":{"TEAM":"FEU","SP":45.5,"GP":14.0,"MPG":24.0214285714,"EWA":0.8613570787,"PER":15.9681645201,"WS":0.7373290997,"OWS":0.3385160452,"DWS":0.3988130546,"EFF":7.7857142857,"GmSc":5.0785714286,"TS%":42.2945692351,"EFG%":37.0833333333,"PPWS":0.8458913847,"FTR":0.3916666667,"REB%":7.7650145929,"OREB%":2.5255359749,"DREB%":12.5454452353,"AR":7.0021058979,"pAST%":28.749080698,"hAST%":19.9369436202,"TOR":5.2108695054,"hTO%":14.8367952522,"AST\/TO":1.34375,"STL\/TO":0.53125,"PPR":-0.9840845691,"USG%":23.6710205187,"STL%":null,"BLK%":0.0,"aSP":44.701754386,"ORtg":84.1426926121,"DRtg":87.4006965212,"Floor%":40.2291783482,"Stop%":0.6183745632,"FFI":44.910723152,"PIE":6.6749585406,"AV":1.6063884716,"DRE\/100":3.335305504,"DRE\/75":2.501479128,"POS":43.8643547561},"R. Montemayor":{"TEAM":"FEU","SP":21.3076923077,"GP":13.0,"MPG":17.2538461539,"EWA":-0.1352140277,"PER":9.6083183433,"WS":0.3416290253,"OWS":0.2752795448,"DWS":0.0663494806,"EFF":3.6153846154,"GmSc":2.1153846154,"TS%":41.5100250627,"EFG%":37.2881355932,"PPWS":0.8302005013,"FTR":0.186440678,"REB%":6.2226241514,"OREB%":4.6280850209,"DREB%":7.6774604577,"AR":1.2207530474,"pAST%":4.582811402,"hAST%":6.6809192945,"TOR":1.4649036569,"hTO%":8.0171031534,"AST\/TO":0.8333333333,"STL\/TO":0.5,"PPR":-1.1803749999,"USG%":14.3541264032,"STL%":null,"BLK%":38.7975482672,"aSP":20.9338731444,"ORtg":91.3244443849,"DRtg":93.9909682648,"Floor%":38.9274388497,"Stop%":0.4676773617,"FFI":43.2712554967,"PIE":1.6998341625,"AV":0.8547795014,"DRE\/100":-1.5575320635,"DRE\/75":-1.1681490476,"POS":31.5064038073},"M. Ona":{"TEAM":"FEU","SP":10.2857142857,"GP":14.0,"MPG":6.4904761905,"EWA":-0.2681629665,"PER":4.8881486143,"WS":0.1463963182,"OWS":0.0973370854,"DWS":0.0490592328,"EFF":1.5714285714,"GmSc":0.2714285714,"TS%":38.7323943662,"EFG%":33.3333333333,"PPWS":0.7746478873,"FTR":0.4166666667,"REB%":9.4143459681,"OREB%":7.2699489342,"DREB%":11.3708653162,"AR":1.2053480934,"pAST%":4.211314398,"hAST%":11.6279069767,"TOR":0.6026740467,"hTO%":5.8139534884,"AST\/TO":2.0,"STL\/TO":0.0,"PPR":0.3642123704,"USG%":7.7115344024,"STL%":null,"BLK%":23.942470863,"aSP":10.1052631579,"ORtg":97.752352161,"DRtg":92.1836397113,"Floor%":49.221431272,"Stop%":0.5090048465,"FFI":45.8866546085,"PIE":-0.4145936982,"AV":0.4837240896,"DRE\/100":0.0158734682,"DRE\/75":0.0119051012,"POS":11.8519408331},"J. Jones":{"TEAM":"FEU","SP":8.0,"GP":4.0,"MPG":1.6833333334,"EWA":-0.0455963761,"PER":-2.7911954364,"WS":0.0043448326,"OWS":0.0,"DWS":0.0043448326,"EFF":0.25,"GmSc":-0.125,"TS%":0.0,"EFG%":0.0,"PPWS":0.0,"FTR":0.0,"REB%":6.686687626,"OREB%":0.0,"DREB%":12.7875325296,"AR":0.0,"pAST%":0.0,"hAST%":null,"TOR":0.0,"hTO%":null,"AST\/TO":null,"STL\/TO":null,"PPR":0.0,"USG%":0.0,"STL%":null,"BLK%":0.0,"aSP":7.8596491228,"ORtg":null,"DRtg":91.4034742979,"Floor%":null,"Stop%":0.526844588,"FFI":25.0,"PIE":-0.0829187396,"AV":0.0476190476,"DRE\/100":0.8627031588,"DRE\/75":0.6470273691,"POS":3.0738525932},"N. Duque":{"TEAM":"FEU","SP":0.0,"GP":1.0,"MPG":0.4666666667,"EWA":-0.0025121061,"PER":0.0,"WS":-0.0003561248,"OWS":0.0,"DWS":-0.0003561248,"EFF":0.0,"GmSc":0.0,"TS%":0.0,"EFG%":0.0,"PPWS":0.0,"FTR":0.0,"REB%":0.0,"OREB%":0.0,"DREB%":0.0,"AR":0.0,"pAST%":0.0,"hAST%":null,"TOR":0.0,"hTO%":null,"AST\/TO":null,"STL\/TO":null,"PPR":0.0,"USG%":0.0,"STL%":null,"BLK%":0.0,"aSP":0.0,"ORtg":null,"DRtg":101.8314568297,"Floor%":null,"Stop%":0.2883919346,"FFI":25.0,"PIE":0.0,"AV":0.0,"DRE\/100":-8.42364,"DRE\/75":-6.31773,"POS":0.8521571546},"A. Bagunu":{"TEAM":"FEU","SP":8.1818181818,"GP":11.0,"MPG":6.5712121212,"EWA":-0.2012165501,"PER":5.2247230952,"WS":-0.0180818002,"OWS":-0.0496295099,"DWS":0.0315477096,"EFF":1.0909090909,"GmSc":0.3909090909,"TS%":38.4615384615,"EFG%":28.125,"PPWS":0.7692307692,"FTR":0.3125,"REB%":7.4745357647,"OREB%":5.2222749879,"DREB%":9.529468558,"AR":1.5152312209,"pAST%":5.4111740745,"hAST%":7.6335877863,"TOR":4.5456936627,"hTO%":22.9007633588,"AST\/TO":0.3333333333,"STL\/TO":0.1666666667,"PPR":-6.4098689899,"USG%":15.4340180363,"STL%":null,"BLK%":30.0978443959,"aSP":8.038277512,"ORtg":71.3667128858,"DRtg":92.9496611875,"Floor%":30.9481097732,"Stop%":0.4914885289,"FFI":40.8455315819,"PIE":0.2902155887,"AV":0.3070199805,"DRE\/100":-5.2586083583,"DRE\/75":-3.9439562687,"POS":11.9993687638},"A. Nakai":{"TEAM":"FEU","SP":11.6153846154,"GP":13.0,"MPG":6.2371794872,"EWA":-0.2772414082,"PER":3.9473763965,"WS":-0.0407940395,"OWS":-0.1106949378,"DWS":0.0699008983,"EFF":0.6153846154,"GmSc":0.1615384615,"TS%":32.0512820513,"EFG%":31.4814814815,"PPWS":0.641025641,"FTR":0.2222222222,"REB%":7.2185988515,"OREB%":3.4916248647,"DREB%":10.6190403741,"AR":0.6753913469,"pAST%":2.5675772056,"hAST%":2.8868360277,"TOR":2.7015653875,"hTO%":11.5473441109,"AST\/TO":0.25,"STL\/TO":0.75,"PPR":-4.0815741902,"USG%":19.1260903108,"STL%":null,"BLK%":0.0,