{"J. Daa":{"TEAM":"FEU","MINS":17.2796296296,"FGM":2.1219590612,"FGA":9.0665523524,"FG%":23.4042553191,"2PM":1.929053692,"2PA":5.4013503376,"2P%":35.7142857143,"3PM":0.1929053692,"3PA":3.6652020148,"3P%":5.2631578947,"FTM":0.1929053692,"FTA":0.3858107384,"FT%":50.0,"PTS":4.6297288608,"OFF":0.7716214768,"DEF":2.1219590612,"REB":2.893580538,"AST":1.7361483228,"TO":2.5077697996,"STL":0.7716214768,"BLK":0.1929053692,"STK":0.964526846,"PF":4.0510127532,"Fls on:":1.5432429536,"+\/-":-7.1374986604,"GP":9.0},"M. Ona":{"TEAM":"FEU","MINS":6.9185185185,"FGM":1.4453961456,"FGA":4.817987152,"FG%":30.0,"2PM":1.4453961456,"2PA":3.8543897216,"2P%":37.5,"3PM":0.0,"3PA":0.9635974304,"3P%":0.0,"FTM":1.4453961456,"FTA":2.408993576,"FT%":60.0,"PTS":4.3361884368,"OFF":2.8907922912,"DEF":3.3725910064,"REB":6.2633832976,"AST":0.9635974304,"TO":0.4817987152,"STL":0.0,"BLK":0.4817987152,"STK":0.4817987152,"PF":8.6723768736,"Fls on:":1.4453961456,"+\/-":-5.7815845824,"GP":9.0},"J. Bautista":{"TEAM":"FEU","MINS":29.7537037037,"FGM":5.377481795,"FGA":15.2361984191,"FG%":35.2941176471,"2PM":3.8090496048,"2PA":9.1865313998,"2P%":41.4634146341,"3PM":1.5684321902,"3PA":6.0496670194,"3P%":25.9259259259,"FTM":2.2406174146,"FTA":2.8007717682,"FT%":80.0,"PTS":14.5640131947,"OFF":0.6721852244,"DEF":3.3609261219,"REB":4.0331113462,"AST":1.5684321902,"TO":1.0082778366,"STL":1.3443704487,"BLK":0.0,"STK":1.3443704487,"PF":1.6804630609,"Fls on:":3.0248335097,"+\/-":0.5601543536,"GP":9.0},"J. Jones":{"TEAM":"FEU","MINS":1.6833333334,"FGM":0.0,"FGA":0.0,"FG%":0.0,"2PM":0.0,"2PA":0.0,"2P%":0.0,"3PM":0.0,"3PA":0.0,"3P%":0.0,"FTM":0.0,"FTA":0.0,"FT%":0.0,"PTS":0.0,"OFF":0.0,"DEF":4.4554455445,"REB":4.4554455445,"AST":0.0,"TO":0.0,"STL":0.0,"BLK":0.0,"STK":0.0,"PF":8.910891089,"Fls on:":0.0,"+\/-":-66.8316831677,"GP":4.0},"R. Montemayor":{"TEAM":"FEU","MINS":17.1208333333,"FGM":2.628376734,"FGA":8.1041615965,"FG%":32.4324324324,"2PM":1.752251156,"2PA":3.504502312,"2P%":50.0,"3PM":0.876125578,"3PA":4.5996592845,"3P%":19.0476190476,"FTM":0.6570941835,"FTA":0.6570941835,"FT%":100.0,"PTS":6.7899732295,"OFF":1.752251156,"DEF":2.4093453395,"REB":4.1615964955,"AST":0.438062789,"TO":0.876125578,"STL":0.2190313945,"BLK":0.438062789,"STK":0.6570941835,"PF":2.190313945,"Fls on:":0.2190313945,"+\/-":4.38062789,"GP":8.0},"N. Duque":{"TEAM":"FEU","MINS":0.4666666667,"FGM":0.0,"FGA":0.0,"FG%":0.0,"2PM":0.0,"2PA":0.0,"2P%":0.0,"3PM":0.0,"3PA":0.0,"3P%":0.0,"FTM":0.0,"FTA":0.0,"FT%":0.0,"PTS":0.0,"OFF":0.0,"DEF":0.0,"REB":0.0,"AST":0.0,"TO":0.0,"STL":0.0,"BLK":0.0,"STK":0.0,"PF":0.0,"Fls on:":0.0,"+\/-":0.0,"GP":1.0},"M. Konateh":{"TEAM":"FEU","MINS":35.0796296296,"FGM":3.8008763132,"FGA":7.6967745341,"FG%":49.3827160494,"2PM":3.8008763132,"2PA":7.6017526263,"2P%":50.0,"3PM":0.0,"3PA":0.0950219078,"3P%":0.0,"FTM":1.9004381566,"FTA":2.755635327,"FT%":68.9655172414,"PTS":9.5021907829,"OFF":5.0361611149,"DEF":9.407168875,"REB":14.44332999,"AST":0.8551971705,"TO":2.1855038801,"STL":0.8551971705,"BLK":2.1855038801,"STK":3.0407010505,"PF":1.8054162487,"Fls on:":3.325766774,"+\/-":-0.4751095391,"GP":9.0},"R. Alforque":{"TEAM":"FEU","MINS":22.274074074,"FGM":3.4419687396,"FGA":8.5300964416,"FG%":40.350877193,"2PM":3.1426671101,"2PA":7.3328899235,"2P%":42.8571428571,"3PM":0.2993016295,"3PA":1.1972065181,"3P%":25.0,"FTM":1.945460592,"FTA":3.2923179248,"FT%":59.0909090909,"PTS":9.1286997007,"OFF":1.6461589624,"DEF":4.7888260725,"REB":6.4349850349,"AST":4.0405719987,"TO":2.544063851,"STL":1.6461589624,"BLK":0.0,"STK":1.6461589624,"PF":2.3944130363,"Fls on:":4.6391752577,"+\/-":0.2993016295,"GP":9.0},"V. Pre":{"TEAM":"FEU","MINS":33.687037037,"FGM":3.6611511187,"FGA":10.5876532351,"FG%":34.5794392523,"2PM":3.364301028,"2PA":8.41075257,"2P%":40.0,"3PM":0.2968500907,"3PA":2.1769006652,"3P%":13.6363636364,"FTM":2.5727007861,"FTA":3.5622010884,"FT%":72.2222222222,"PTS":10.1918531142,"OFF":1.682150514,"DEF":4.2548513001,"REB":5.9370018141,"AST":1.5832004838,"TO":3.0674509373,"STL":0.1979000605,"BLK":0.4947501512,"STK":0.6926502116,"PF":1.8800505745,"Fls on:":2.6716508163,"+\/-":-3.5622010884,"GP":9.0},"C. Anonuevo":{"TEAM":"FEU","MINS":15.925,"FGM":1.4128728414,"FGA":7.0643642072,"FG%":20.0,"2PM":0.9419152276,"2PA":2.8257456829,"2P%":33.3333333333,"3PM":0.4709576138,"3PA":4.2386185243,"3P%":11.1111111111,"FTM":0.4709576138,"FTA":1.4128728414,"FT%":33.3333333333,"PTS":3.7676609105,"OFF":2.8257456829,"DEF":6.1224489796,"REB":8.9481946625,"AST":1.8838304553,"TO":2.3547880691,"STL":2.3547880691,"BLK":0.4709576138,"STK":2.8257456829,"PF":1.8838304553,"Fls on:":2.8257456829,"+\/-":-5.6514913658,"GP":4.0},"A. Nakai":{"TEAM":"FEU","MINS":7.5777777778,"FGM":3.0791788856,"FGA":9.2375366569,"FG%":33.3333333333,"2PM":1.7595307918,"2PA":2.6392961877,"2P%":66.6666666667,"3PM":1.3196480938,"3PA":6.5982404692,"3P%":20.0,"FTM":0.8797653959,"FTA":2.6392961877,"FT%":33.3333333333,"PTS":8.357771261,"OFF":0.8797653959,"DEF":3.9589442815,"REB":4.8387096774,"AST":0.4398826979,"TO":1.3196480938,"STL":0.8797653959,"BLK":0.0,"STK":0.8797653959,"PF":4.3988269795,"Fls on:":2.1994134897,"+\/-":-6.1583577713,"GP":9.0},"A. Bagunu":{"TEAM":"FEU","MINS":7.4404761905,"FGM":1.152,"FGA":6.336,"FG%":18.1818181818,"2PM":1.152,"2PA":4.608,"2P%":25.0,"3PM":0.0,"3PA":1.728,"3P%":0.0,"FTM":2.88,"FTA":2.88,"FT%":100.0,"PTS":5.184,"OFF":1.728,"DEF":4.032,"REB":5.76,"AST":1.152,"TO":2.88,"STL":0.576,"BLK":0.576,"STK":1.152,"PF":3.456,"Fls on:":4.032,"+\/-":-1.152,"GP":7.0},"J. Pasaol":{"TEAM":"FEU","MINS":24.0222222222,"FGM":2.9139685476,"FGA":10.5457909343,"FG%":27.6315789474,"2PM":2.3589269195,"2PA":7.6318223867,"2P%":30.9090909091,"3PM":0.5550416281,"3PA":2.9139685476,"3P%":19.0476190476,"FTM":2.3589269195,"FTA":3.8852913969,"FT%":60.7142857143,"PTS":8.7419056429,"OFF":0.5550416281,"DEF":4.440333025,"REB":4.9953746531,"AST":3.1914893617,"TO":3.0527289547,"STL":1.2488436633,"BLK":0.0,"STK":1.2488436633,"PF":2.2201665125,"Fls on:":3.4690101758,"+\/-":-9.5744680851,"GP":9.0}}