{"V. Pre":{"TEAM":"FEU","MINS":33.4619047619,"FGM":4.9285714286,"FGA":12.2857142857,"FG%":40.1162790698,"2PM":4.0,"2PA":9.2142857143,"2P%":43.4108527132,"3PM":0.9285714286,"3PA":3.0714285714,"3P%":30.2325581395,"FTM":2.5,"FTA":3.5,"FT%":71.4285714286,"PTS":13.2857142857,"OFF":1.7857142857,"DEF":5.2142857143,"REB":7.0,"AST":1.3571428571,"TO":3.2142857143,"STL":0.2142857143,"BLK":0.9285714286,"STK":1.1428571429,"PF":1.9285714286,"Fls on:":2.6428571429,"+\/-":-4.0714285714,"GW":5.0,"GP":14.0},"J. Bautista":{"TEAM":"FEU","MINS":28.9476190476,"FGM":4.4285714286,"FGA":13.4285714286,"FG%":32.9787234043,"2PM":2.9285714286,"2PA":7.8571428571,"2P%":37.2727272727,"3PM":1.5,"3PA":5.5714285714,"3P%":26.9230769231,"FTM":2.0714285714,"FTA":2.5,"FT%":82.8571428571,"PTS":12.4285714286,"OFF":0.6428571429,"DEF":2.9285714286,"REB":3.5714285714,"AST":1.5714285714,"TO":1.8571428571,"STL":1.1428571429,"BLK":0.0,"STK":1.1428571429,"PF":1.4285714286,"Fls on:":2.5,"+\/-":-0.6428571429,"GW":5.0,"GP":14.0},"M. Konateh":{"TEAM":"FEU","MINS":35.0404761905,"FGM":4.1428571429,"FGA":8.7857142857,"FG%":47.1544715447,"2PM":4.1428571429,"2PA":8.6428571429,"2P%":47.9338842975,"3PM":0.0,"3PA":0.1428571429,"3P%":0.0,"FTM":1.9285714286,"FTA":3.1428571429,"FT%":61.3636363636,"PTS":10.2142857143,"OFF":5.7857142857,"DEF":10.9285714286,"REB":16.7142857143,"AST":0.9285714286,"TO":2.3571428571,"STL":0.9285714286,"BLK":2.3571428571,"STK":3.2857142857,"PF":2.4285714286,"Fls on:":3.7857142857,"+\/-":-0.5714285714,"GW":5.0,"GP":14.0},"J. Pasaol":{"TEAM":"FEU","MINS":24.0214285714,"FGM":2.9285714286,"FGA":8.5714285714,"FG%":34.1666666667,"2PM":2.4285714286,"2PA":6.2857142857,"2P%":38.6363636364,"3PM":0.5,"3PA":2.2857142857,"3P%":21.875,"FTM":2.1428571429,"FTA":3.3571428571,"FT%":63.829787234,"PTS":8.5,"OFF":0.6428571429,"DEF":3.5,"REB":4.1428571429,"AST":3.0714285714,"TO":2.2857142857,"STL":1.2142857143,"BLK":0.0,"STK":1.2142857143,"PF":1.7142857143,"Fls on:":3.0714285714,"+\/-":-6.6428571429,"GW":5.0,"GP":14.0},"R. Alforque":{"TEAM":"FEU","MINS":22.6547619048,"FGM":2.6428571429,"FGA":7.2857142857,"FG%":36.2745098039,"2PM":2.3571428571,"2PA":6.0714285714,"2P%":38.8235294118,"3PM":0.2857142857,"3PA":1.2142857143,"3P%":23.5294117647,"FTM":2.0,"FTA":2.9285714286,"FT%":68.2926829268,"PTS":7.5714285714,"OFF":1.3571428571,"DEF":3.5714285714,"REB":4.9285714286,"AST":2.8571428571,"TO":2.0714285714,"STL":0.8571428571,"BLK":0.0,"STK":0.8571428571,"PF":1.8571428571,"Fls on:":3.7142857143,"+\/-":-0.1428571429,"GW":5.0,"GP":14.0},"R. Montemayor":{"TEAM":"FEU","MINS":17.2538461539,"FGM":1.3846153846,"FGA":4.5384615385,"FG%":30.5084745763,"2PM":0.7692307692,"2PA":1.6923076923,"2P%":45.4545454545,"3PM":0.6153846154,"3PA":2.8461538462,"3P%":21.6216216216,"FTM":0.6923076923,"FTA":0.8461538462,"FT%":81.8181818182,"PTS":4.0769230769,"OFF":0.8461538462,"DEF":1.5384615385,"REB":2.3846153846,"AST":0.3846153846,"TO":0.4615384615,"STL":0.2307692308,"BLK":0.3076923077,"STK":0.5384615385,"PF":1.4615384615,"Fls on:":0.3846153846,"+\/-":4.1538461538,"GW":5.0,"GP":13.0},"C. Anonuevo":{"TEAM":"FEU","MINS":17.0833333333,"FGM":1.0,"FGA":4.0,"FG%":25.0,"2PM":0.5714285714,"2PA":1.4285714286,"2P%":40.0,"3PM":0.4285714286,"3PA":2.5714285714,"3P%":16.6666666667,"FTM":0.2857142857,"FTA":0.5714285714,"FT%":50.0,"PTS":2.7142857143,"OFF":1.0,"DEF":2.8571428571,"REB":3.8571428571,"AST":1.2857142857,"TO":2.1428571429,"STL":1.1428571429,"BLK":0.4285714286,"STK":1.5714285714,"PF":1.8571428571,"Fls on:":1.2857142857,"+\/-":-3.4285714286,"GW":3.0,"GP":7.0},"J. Daa":{"TEAM":"FEU","MINS":16.844047619,"FGM":1.1428571429,"FGA":4.6428571429,"FG%":24.6153846154,"2PM":0.9285714286,"2PA":2.4285714286,"2P%":38.2352941176,"3PM":0.2142857143,"3PA":2.2142857143,"3P%":9.6774193548,"FTM":0.2142857143,"FTA":0.2857142857,"FT%":75.0,"PTS":2.7142857143,"OFF":0.5,"DEF":1.2142857143,"REB":1.7142857143,"AST":0.8571428571,"TO":1.2142857143,"STL":0.5,"BLK":0.1428571429,"STK":0.6428571429,"PF":2.0,"Fls on:":0.7857142857,"+\/-":-2.0,"GW":5.0,"GP":14.0},"A. Nakai":{"TEAM":"FEU","MINS":6.2371794872,"FGM":0.5384615385,"FGA":2.0769230769,"FG%":25.9259259259,"2PM":0.3076923077,"2PA":0.7692307692,"2P%":40.0,"3PM":0.2307692308,"3PA":1.3076923077,"3P%":17.6470588235,"FTM":0.1538461538,"FTA":0.4615384615,"FT%":33.3333333333,"PTS":1.4615384615,"OFF":0.2307692308,"DEF":0.7692307692,"REB":1.0,"AST":0.0769230769,"TO":0.3076923077,"STL":0.2307692308,"BLK":0.0,"STK":0.2307692308,"PF":0.7692307692,"Fls on:":0.3846153846,"+\/-":-1.7692307692,"GW":5.0,"GP":13.0},"A. Bagunu":{"TEAM":"FEU","MINS":6.5712121212,"FGM":0.3636363636,"FGA":1.4545454545,"FG%":25.0,"2PM":0.2727272727,"2PA":0.9090909091,"2P%":30.0,"3PM":0.0909090909,"3PA":0.5454545455,"3P%":16.6666666667,"FTM":0.4545454545,"FTA":0.4545454545,"FT%":100.0,"PTS":1.2727272727,"OFF":0.3636363636,"DEF":0.7272727273,"REB":1.0909090909,"AST":0.1818181818,"TO":0.5454545455,"STL":0.0909090909,"BLK":0.0909090909,"STK":0.1818181818,"PF":0.5454545455,"Fls on:":0.6363636364,"+\/-":0.1818181818,"GW":2.0,"GP":11.0},"M. Ona":{"TEAM":"FEU","MINS":6.4904761905,"FGM":0.2857142857,"FGA":0.8571428571,"FG%":33.3333333333,"2PM":0.2857142857,"2PA":0.7142857143,"2P%":40.0,"3PM":0.0,"3PA":0.1428571429,"3P%":0.0,"FTM":0.2142857143,"FTA":0.3571428571,"FT%":60.0,"PTS":0.7857142857,"OFF":0.5,"DEF":0.8571428571,"REB":1.3571428571,"AST":0.1428571429,"TO":0.0714285714,"STL":0.0,"BLK":0.0714285714,"STK":0.0714285714,"PF":1.6428571429,"Fls on:":0.3571428571,"+\/-":0.9285714286,"GW":5.0,"GP":14.0},"N. Duque":{"TEAM":"FEU","MINS":0.4666666667,"FGM":0.0,"FGA":0.0,"FG%":0.0,"2PM":0.0,"2PA":0.0,"2P%":0.0,"3PM":0.0,"3PA":0.0,"3P%":0.0,"FTM":0.0,"FTA":0.0,"FT%":0.0,"PTS":0.0,"OFF":0.0,"DEF":0.0,"REB":0.0,"AST":0.0,"TO":0.0,"STL":0.0,"BLK":0.0,"STK":0.0,"PF":0.0,"Fls on:":0.0,"+\/-":0.0,"GW":0.0,"GP":1.0},"J. Jones":{"TEAM":"FEU","MINS":1.6833333334,"FGM":0.0,"FGA":0.0,"FG%":0.0,"2PM":0.0,"2PA":0.0,"2P%":0.0,"3PM":0.0,"3PA":0.0,"3P%":0.0,"FTM":0.0,"FTA":0.0,"FT%":0.0,"PTS":0.0,"OFF":0.0,"DEF":0.25,"REB":0.25,"AST":0.0,"TO":0.0,"STL":0.0,"BLK":0.0,"STK":0.0,"PF":0.5,"Fls on:":0.0,"+\/-":-3.75,"GW":2.0,"GP":4.0}}