{"J. Bautista":{"TEAM":"FEU","MINS":267.7833333333,"FGM":48.0,"FGA":136.0,"FG%":35.2941176471,"2PM":34.0,"2PA":82.0,"2P%":41.4634146341,"3PM":14.0,"3PA":54.0,"3P%":25.9259259259,"FTM":20.0,"FTA":25.0,"FT%":80.0,"PTS":130.0,"OFF":6.0,"DEF":30.0,"REB":36.0,"AST":14.0,"TO":9.0,"STL":12.0,"BLK":0.0,"STK":12.0,"PF":15.0,"Fls on:":27.0,"+\/-":5.0,"GW":3.0,"GP":9.0},"M. Ona":{"TEAM":"FEU","MINS":62.2666666668,"FGM":3.0,"FGA":10.0,"FG%":30.0,"2PM":3.0,"2PA":8.0,"2P%":37.5,"3PM":0.0,"3PA":2.0,"3P%":0.0,"FTM":3.0,"FTA":5.0,"FT%":60.0,"PTS":9.0,"OFF":6.0,"DEF":7.0,"REB":13.0,"AST":2.0,"TO":1.0,"STL":0.0,"BLK":1.0,"STK":1.0,"PF":18.0,"Fls on:":3.0,"+\/-":-12.0,"GW":3.0,"GP":9.0},"J. Daa":{"TEAM":"FEU","MINS":155.5166666667,"FGM":11.0,"FGA":47.0,"FG%":23.4042553191,"2PM":10.0,"2PA":28.0,"2P%":35.7142857143,"3PM":1.0,"3PA":19.0,"3P%":5.2631578947,"FTM":1.0,"FTA":2.0,"FT%":50.0,"PTS":24.0,"OFF":4.0,"DEF":11.0,"REB":15.0,"AST":9.0,"TO":13.0,"STL":4.0,"BLK":1.0,"STK":5.0,"PF":21.0,"Fls on:":8.0,"+\/-":-37.0,"GW":3.0,"GP":9.0},"J. Jones":{"TEAM":"FEU","MINS":6.7333333334,"FGM":0.0,"FGA":0.0,"FG%":0.0,"2PM":0.0,"2PA":0.0,"2P%":0.0,"3PM":0.0,"3PA":0.0,"3P%":0.0,"FTM":0.0,"FTA":0.0,"FT%":0.0,"PTS":0.0,"OFF":0.0,"DEF":1.0,"REB":1.0,"AST":0.0,"TO":0.0,"STL":0.0,"BLK":0.0,"STK":0.0,"PF":2.0,"Fls on:":0.0,"+\/-":-15.0,"GW":2.0,"GP":4.0},"R. Montemayor":{"TEAM":"FEU","MINS":136.9666666668,"FGM":12.0,"FGA":37.0,"FG%":32.4324324324,"2PM":8.0,"2PA":16.0,"2P%":50.0,"3PM":4.0,"3PA":21.0,"3P%":19.0476190476,"FTM":3.0,"FTA":3.0,"FT%":100.0,"PTS":31.0,"OFF":8.0,"DEF":11.0,"REB":19.0,"AST":2.0,"TO":4.0,"STL":1.0,"BLK":2.0,"STK":3.0,"PF":10.0,"Fls on:":1.0,"+\/-":20.0,"GW":3.0,"GP":8.0},"N. Duque":{"TEAM":"FEU","MINS":0.4666666667,"FGM":0.0,"FGA":0.0,"FG%":0.0,"2PM":0.0,"2PA":0.0,"2P%":0.0,"3PM":0.0,"3PA":0.0,"3P%":0.0,"FTM":0.0,"FTA":0.0,"FT%":0.0,"PTS":0.0,"OFF":0.0,"DEF":0.0,"REB":0.0,"AST":0.0,"TO":0.0,"STL":0.0,"BLK":0.0,"STK":0.0,"PF":0.0,"Fls on:":0.0,"+\/-":0.0,"GW":0.0,"GP":1.0},"M. Konateh":{"TEAM":"FEU","MINS":315.7166666666,"FGM":40.0,"FGA":81.0,"FG%":49.3827160494,"2PM":40.0,"2PA":80.0,"2P%":50.0,"3PM":0.0,"3PA":1.0,"3P%":0.0,"FTM":20.0,"FTA":29.0,"FT%":68.9655172414,"PTS":100.0,"OFF":53.0,"DEF":99.0,"REB":152.0,"AST":9.0,"TO":23.0,"STL":9.0,"BLK":23.0,"STK":32.0,"PF":19.0,"Fls on:":35.0,"+\/-":-5.0,"GW":3.0,"GP":9.0},"R. Alforque":{"TEAM":"FEU","MINS":200.4666666664,"FGM":23.0,"FGA":57.0,"FG%":40.350877193,"2PM":21.0,"2PA":49.0,"2P%":42.8571428571,"3PM":2.0,"3PA":8.0,"3P%":25.0,"FTM":13.0,"FTA":22.0,"FT%":59.0909090909,"PTS":61.0,"OFF":11.0,"DEF":32.0,"REB":43.0,"AST":27.0,"TO":17.0,"STL":11.0,"BLK":0.0,"STK":11.0,"PF":16.0,"Fls on:":31.0,"+\/-":2.0,"GW":3.0,"GP":9.0},"V. Pre":{"TEAM":"FEU","MINS":303.1833333334,"FGM":37.0,"FGA":107.0,"FG%":34.5794392523,"2PM":34.0,"2PA":85.0,"2P%":40.0,"3PM":3.0,"3PA":22.0,"3P%":13.6363636364,"FTM":26.0,"FTA":36.0,"FT%":72.2222222222,"PTS":103.0,"OFF":17.0,"DEF":43.0,"REB":60.0,"AST":16.0,"TO":31.0,"STL":2.0,"BLK":5.0,"STK":7.0,"PF":19.0,"Fls on:":27.0,"+\/-":-36.0,"GW":3.0,"GP":9.0},"C. Anonuevo":{"TEAM":"FEU","MINS":63.7000000001,"FGM":3.0,"FGA":15.0,"FG%":20.0,"2PM":2.0,"2PA":6.0,"2P%":33.3333333333,"3PM":1.0,"3PA":9.0,"3P%":11.1111111111,"FTM":1.0,"FTA":3.0,"FT%":33.3333333333,"PTS":8.0,"OFF":6.0,"DEF":13.0,"REB":19.0,"AST":4.0,"TO":5.0,"STL":5.0,"BLK":1.0,"STK":6.0,"PF":4.0,"Fls on:":6.0,"+\/-":-12.0,"GW":2.0,"GP":4.0},"A. Nakai":{"TEAM":"FEU","MINS":68.1999999998,"FGM":7.0,"FGA":21.0,"FG%":33.3333333333,"2PM":4.0,"2PA":6.0,"2P%":66.6666666667,"3PM":3.0,"3PA":15.0,"3P%":20.0,"FTM":2.0,"FTA":6.0,"FT%":33.3333333333,"PTS":19.0,"OFF":2.0,"DEF":9.0,"REB":11.0,"AST":1.0,"TO":3.0,"STL":2.0,"BLK":0.0,"STK":2.0,"PF":10.0,"Fls on:":5.0,"+\/-":-14.0,"GW":3.0,"GP":9.0},"A. Bagunu":{"TEAM":"FEU","MINS":52.0833333333,"FGM":2.0,"FGA":11.0,"FG%":18.1818181818,"2PM":2.0,"2PA":8.0,"2P%":25.0,"3PM":0.0,"3PA":3.0,"3P%":0.0,"FTM":5.0,"FTA":5.0,"FT%":100.0,"PTS":9.0,"OFF":3.0,"DEF":7.0,"REB":10.0,"AST":2.0,"TO":5.0,"STL":1.0,"BLK":1.0,"STK":2.0,"PF":6.0,"Fls on:":7.0,"+\/-":-2.0,"GW":1.0,"GP":7.0},"J. Pasaol":{"TEAM":"FEU","MINS":216.2,"FGM":21.0,"FGA":76.0,"FG%":27.6315789474,"2PM":17.0,"2PA":55.0,"2P%":30.9090909091,"3PM":4.0,"3PA":21.0,"3P%":19.0476190476,"FTM":17.0,"FTA":28.0,"FT%":60.7142857143,"PTS":63.0,"OFF":4.0,"DEF":32.0,"REB":36.0,"AST":23.0,"TO":22.0,"STL":9.0,"BLK":0.0,"STK":9.0,"PF":16.0,"Fls on:":25.0,"+\/-":-69.0,"GW":3.0,"GP":9.0}}