{"J. Daa":{"TEAM":"FEU","MINS":220.65,"FGM":15.0,"FGA":64.0,"FG%":23.4375,"2PM":13.0,"2PA":34.0,"2P%":38.2352941176,"3PM":2.0,"3PA":30.0,"3P%":6.6666666667,"FTM":3.0,"FTA":4.0,"FT%":75.0,"PTS":35.0,"OFF":7.0,"DEF":14.0,"REB":21.0,"AST":12.0,"TO":16.0,"STL":7.0,"BLK":2.0,"STK":9.0,"PF":26.0,"Fls on:":11.0,"+\/-":-13.0,"GW":5.0,"GP":13.0},"J. Pasaol":{"TEAM":"FEU","MINS":304.3,"FGM":37.0,"FGA":111.0,"FG%":33.3333333333,"2PM":30.0,"2PA":80.0,"2P%":37.5,"3PM":7.0,"3PA":31.0,"3P%":22.5806451613,"FTM":23.0,"FTA":37.0,"FT%":62.1621621622,"PTS":104.0,"OFF":7.0,"DEF":44.0,"REB":51.0,"AST":37.0,"TO":29.0,"STL":16.0,"BLK":0.0,"STK":16.0,"PF":21.0,"Fls on:":35.0,"+\/-":-83.0,"GW":5.0,"GP":13.0},"A. Bagunu":{"TEAM":"FEU","MINS":68.0166666666,"FGM":4.0,"FGA":16.0,"FG%":25.0,"2PM":3.0,"2PA":10.0,"2P%":30.0,"3PM":1.0,"3PA":6.0,"3P%":16.6666666667,"FTM":5.0,"FTA":5.0,"FT%":100.0,"PTS":14.0,"OFF":4.0,"DEF":8.0,"REB":12.0,"AST":2.0,"TO":5.0,"STL":1.0,"BLK":1.0,"STK":2.0,"PF":6.0,"Fls on:":7.0,"+\/-":7.0,"GW":2.0,"GP":10.0},"M. Ona":{"TEAM":"FEU","MINS":86.1333333334,"FGM":3.0,"FGA":11.0,"FG%":27.2727272727,"2PM":3.0,"2PA":9.0,"2P%":33.3333333333,"3PM":0.0,"3PA":2.0,"3P%":0.0,"FTM":3.0,"FTA":5.0,"FT%":60.0,"PTS":9.0,"OFF":7.0,"DEF":12.0,"REB":19.0,"AST":2.0,"TO":1.0,"STL":0.0,"BLK":1.0,"STK":1.0,"PF":22.0,"Fls on:":5.0,"+\/-":7.0,"GW":5.0,"GP":13.0},"J. Bautista":{"TEAM":"FEU","MINS":375.6333333332,"FGM":58.0,"FGA":178.0,"FG%":32.5842696629,"2PM":38.0,"2PA":102.0,"2P%":37.2549019608,"3PM":20.0,"3PA":76.0,"3P%":26.3157894737,"FTM":22.0,"FTA":27.0,"FT%":81.4814814815,"PTS":158.0,"OFF":8.0,"DEF":40.0,"REB":48.0,"AST":22.0,"TO":21.0,"STL":15.0,"BLK":0.0,"STK":15.0,"PF":20.0,"Fls on:":31.0,"+\/-":3.0,"GW":5.0,"GP":13.0},"N. Duque":{"TEAM":"FEU","MINS":0.4666666667,"FGM":0.0,"FGA":0.0,"FG%":0.0,"2PM":0.0,"2PA":0.0,"2P%":0.0,"3PM":0.0,"3PA":0.0,"3P%":0.0,"FTM":0.0,"FTA":0.0,"FT%":0.0,"PTS":0.0,"OFF":0.0,"DEF":0.0,"REB":0.0,"AST":0.0,"TO":0.0,"STL":0.0,"BLK":0.0,"STK":0.0,"PF":0.0,"Fls on:":0.0,"+\/-":0.0,"GW":0.0,"GP":1.0},"R. Montemayor":{"TEAM":"FEU","MINS":201.3500000001,"FGM":16.0,"FGA":55.0,"FG%":29.0909090909,"2PM":9.0,"2PA":21.0,"2P%":42.8571428571,"3PM":7.0,"3PA":34.0,"3P%":20.5882352941,"FTM":7.0,"FTA":9.0,"FT%":77.7777777778,"PTS":46.0,"OFF":10.0,"DEF":17.0,"REB":27.0,"AST":4.0,"TO":6.0,"STL":3.0,"BLK":4.0,"STK":7.0,"PF":16.0,"Fls on:":4.0,"+\/-":41.0,"GW":5.0,"GP":12.0},"C. Anonuevo":{"TEAM":"FEU","MINS":119.5833333334,"FGM":7.0,"FGA":28.0,"FG%":25.0,"2PM":4.0,"2PA":10.0,"2P%":40.0,"3PM":3.0,"3PA":18.0,"3P%":16.6666666667,"FTM":2.0,"FTA":4.0,"FT%":50.0,"PTS":19.0,"OFF":7.0,"DEF":20.0,"REB":27.0,"AST":9.0,"TO":15.0,"STL":8.0,"BLK":3.0,"STK":11.0,"PF":13.0,"Fls on:":9.0,"+\/-":-24.0,"GW":3.0,"GP":7.0},"R. Alforque":{"TEAM":"FEU","MINS":295.7166666665,"FGM":35.0,"FGA":93.0,"FG%":37.6344086022,"2PM":32.0,"2PA":79.0,"2P%":40.5063291139,"3PM":3.0,"3PA":14.0,"3P%":21.4285714286,"FTM":24.0,"FTA":37.0,"FT%":64.8648648649,"PTS":97.0,"OFF":19.0,"DEF":48.0,"REB":67.0,"AST":36.0,"TO":26.0,"STL":11.0,"BLK":0.0,"STK":11.0,"PF":23.0,"Fls on:":47.0,"+\/-":0.0,"GW":5.0,"GP":13.0},"V. Pre":{"TEAM":"FEU","MINS":433.9833333334,"FGM":64.0,"FGA":161.0,"FG%":39.751552795,"2PM":53.0,"2PA":123.0,"2P%":43.0894308943,"3PM":11.0,"3PA":38.0,"3P%":28.9473684211,"FTM":32.0,"FTA":45.0,"FT%":71.1111111111,"PTS":171.0,"OFF":23.0,"DEF":67.0,"REB":90.0,"AST":17.0,"TO":41.0,"STL":2.0,"BLK":10.0,"STK":12.0,"PF":26.0,"Fls on:":34.0,"+\/-":-56.0,"GW":5.0,"GP":13.0},"J. Jones":{"TEAM":"FEU","MINS":6.7333333334,"FGM":0.0,"FGA":0.0,"FG%":0.0,"2PM":0.0,"2PA":0.0,"2P%":0.0,"3PM":0.0,"3PA":0.0,"3P%":0.0,"FTM":0.0,"FTA":0.0,"FT%":0.0,"PTS":0.0,"OFF":0.0,"DEF":1.0,"REB":1.0,"AST":0.0,"TO":0.0,"STL":0.0,"BLK":0.0,"STK":0.0,"PF":2.0,"Fls on:":0.0,"+\/-":-15.0,"GW":2.0,"GP":4.0},"M. Konateh":{"TEAM":"FEU","MINS":455.3166666666,"FGM":53.0,"FGA":111.0,"FG%":47.7477477477,"2PM":53.0,"2PA":110.0,"2P%":48.1818181818,"3PM":0.0,"3PA":1.0,"3P%":0.0,"FTM":26.0,"FTA":42.0,"FT%":61.9047619048,"PTS":132.0,"OFF":75.0,"DEF":143.0,"REB":218.0,"AST":10.0,"TO":32.0,"STL":12.0,"BLK":32.0,"STK":44.0,"PF":30.0,"Fls on:":52.0,"+\/-":6.0,"GW":5.0,"GP":13.0},"A. Nakai":{"TEAM":"FEU","MINS":81.0833333332,"FGM":7.0,"FGA":27.0,"FG%":25.9259259259,"2PM":4.0,"2PA":10.0,"2P%":40.0,"3PM":3.0,"3PA":17.0,"3P%":17.6470588235,"FTM":2.0,"FTA":6.0,"FT%":33.3333333333,"PTS":19.0,"OFF":3.0,"DEF":10.0,"REB":13.0,"AST":1.0,"TO":4.0,"STL":3.0,"BLK":0.0,"STK":3.0,"PF":10.0,"Fls on:":5.0,"+\/-":-23.0,"GW":5.0,"GP":13.0}}