{"J. Bautista":{"TEAM":"FEU","MINS":28.8948717949,"FGM":4.6321767681,"FGA":14.2159907711,"FG%":32.5842696629,"2PM":3.0348744343,"2PA":8.1462419026,"2P%":37.2549019608,"3PM":1.5973023338,"3PA":6.0697488686,"3P%":26.3157894737,"FTM":1.7570325672,"FTA":2.1563581507,"FT%":81.4814814815,"PTS":12.6186884373,"OFF":0.6389209335,"DEF":3.1946046677,"REB":3.8335256012,"AST":1.7570325672,"TO":1.6771674505,"STL":1.1979767504,"BLK":0.0,"STK":1.1979767504,"PF":1.5973023338,"Fls on:":2.4758186174,"+\/-":0.2395953501,"GW":5.0,"GP":13.0},"V. Pre":{"TEAM":"FEU","MINS":33.3833333333,"FGM":4.4241330312,"FGA":11.1294596567,"FG%":39.751552795,"2PM":3.6637351665,"2PA":8.5026306694,"2P%":43.0894308943,"3PM":0.7603978647,"3PA":2.6268289873,"3P%":28.9473684211,"FTM":2.2120665156,"FTA":3.1107185376,"FT%":71.1111111111,"PTS":11.8207304428,"OFF":1.5899228081,"DEF":4.6315142671,"REB":6.2214370752,"AST":1.1751603364,"TO":2.8342102231,"STL":0.1382541572,"BLK":0.6912707861,"STK":0.8295249434,"PF":1.7973040439,"Fls on:":2.3503206728,"+\/-":-3.8711164023,"GW":5.0,"GP":13.0},"J. Pasaol":{"TEAM":"FEU","MINS":23.4076923077,"FGM":3.6477160697,"FGA":10.943148209,"FG%":33.3333333333,"2PM":2.9576076241,"2PA":7.8869536641,"2P%":37.5,"3PM":0.6901084456,"3PA":3.0561945449,"3P%":22.5806451613,"FTM":2.2674991784,"FTA":3.6477160697,"FT%":62.1621621622,"PTS":10.2530397634,"OFF":0.6901084456,"DEF":4.3378245153,"REB":5.0279329609,"AST":3.6477160697,"TO":2.8590207033,"STL":1.5773907328,"BLK":0.0,"STK":1.5773907328,"PF":2.0703253368,"Fls on:":3.4505422281,"+\/-":-8.1827144266,"GW":5.0,"GP":13.0},"R. Alforque":{"TEAM":"FEU","MINS":22.7474358974,"FGM":3.5506960491,"FGA":9.4347066449,"FG%":37.6344086022,"2PM":3.2463506735,"2PA":8.0144282252,"2P%":40.5063291139,"3PM":0.3043453756,"3PA":1.4202784197,"3P%":21.4285714286,"FTM":2.4347630051,"FTA":3.7535929662,"FT%":64.8648648649,"PTS":9.8405004791,"OFF":1.9275207124,"DEF":4.8695260103,"REB":6.7970467227,"AST":3.6521445077,"TO":2.6376599222,"STL":1.115933044,"BLK":0.0,"STK":1.115933044,"PF":2.3333145466,"Fls on:":4.7680775517,"+\/-":0.0,"GW":5.0,"GP":13.0},"M. Konateh":{"TEAM":"FEU","MINS":35.0243589744,"FGM":3.4920751126,"FGA":7.3135912735,"FG%":47.7477477477,"2PM":3.4920751126,"2PA":7.2477030638,"2P%":48.1818181818,"3PM":0.0,"3PA":0.0658882097,"3P%":0.0,"FTM":1.7130934514,"FTA":2.7673048062,"FT%":61.9047619048,"PTS":8.6972436766,"OFF":4.9416157253,"DEF":9.4220139829,"REB":14.3636297083,"AST":0.6588820967,"TO":2.1084227095,"STL":0.7906585161,"BLK":2.1084227095,"STK":2.8990812255,"PF":1.9766462901,"Fls on:":3.4261869029,"+\/-":0.395329258,"GW":5.0,"GP":13.0},"A. Nakai":{"TEAM":"FEU","MINS":6.2371794872,"FGM":2.5899280576,"FGA":9.9897225077,"FG%":25.9259259259,"2PM":1.47995889,"2PA":3.6998972251,"2P%":40.0,"3PM":1.1099691675,"3PA":6.2898252826,"3P%":17.6470588235,"FTM":0.739979445,"FTA":2.219938335,"FT%":33.3333333333,"PTS":7.0298047277,"OFF":1.1099691675,"DEF":3.6998972251,"REB":4.8098663926,"AST":0.3699897225,"TO":1.47995889,"STL":1.1099691675,"BLK":0.0,"STK":1.1099691675,"PF":3.6998972251,"Fls on:":1.8499486125,"+\/-":-8.5097636177,"GW":5.0,"GP":13.0},"R. Montemayor":{"TEAM":"FEU","MINS":16.7791666667,"FGM":2.3839086168,"FGA":8.1946858704,"FG%":29.0909090909,"2PM":1.340948597,"2PA":3.1288800596,"2P%":42.8571428571,"3PM":1.0429600199,"3PA":5.0658058108,"3P%":20.5882352941,"FTM":1.0429600199,"FTA":1.340948597,"FT%":77.7777777778,"PTS":6.8537372734,"OFF":1.4899428855,"DEF":2.5329029054,"REB":4.0228457909,"AST":0.5959771542,"TO":0.8939657313,"STL":0.4469828657,"BLK":0.5959771542,"STK":1.0429600199,"PF":2.3839086168,"Fls on:":0.5959771542,"+\/-":6.1087658306,"GW":5.0,"GP":12.0},"A. Bagunu":{"TEAM":"FEU","MINS":6.8016666667,"FGM":1.7642734624,"FGA":7.0570938496,"FG%":25.0,"2PM":1.3232050968,"2PA":4.410683656,"2P%":30.0,"3PM":0.4410683656,"3PA":2.6464101936,"3P%":16.6666666667,"FTM":2.205341828,"FTA":2.205341828,"FT%":100.0,"PTS":6.1749571184,"OFF":1.7642734624,"DEF":3.5285469248,"REB":5.2928203872,"AST":0.8821367312,"TO":2.205341828,"STL":0.4410683656,"BLK":0.4410683656,"STK":0.8821367312,"PF":2.6464101936,"Fls on:":3.0874785592,"+\/-":3.0874785592,"GW":2.0,"GP":10.0},"C. Anonuevo":{"TEAM":"FEU","MINS":17.0833333333,"FGM":1.756097561,"FGA":7.0243902439,"FG%":25.0,"2PM":1.0034843206,"2PA":2.5087108014,"2P%":40.0,"3PM":0.7526132404,"3PA":4.5156794425,"3P%":16.6666666667,"FTM":0.5017421603,"FTA":1.0034843206,"FT%":50.0,"PTS":4.7665505226,"OFF":1.756097561,"DEF":5.0174216028,"REB":6.7735191638,"AST":2.2578397213,"TO":3.7630662021,"STL":2.0069686411,"BLK":0.7526132404,"STK":2.7595818815,"PF":3.2613240418,"Fls on:":2.2578397213,"+\/-":-6.0209059233,"GW":3.0,"GP":7.0},"J. Daa":{"TEAM":"FEU","MINS":16.9730769231,"FGM":2.0394289599,"FGA":8.7015635622,"FG%":23.4375,"2PM":1.7675050986,"2PA":4.6227056424,"2P%":38.2352941176,"3PM":0.2719238613,"3PA":4.0788579198,"3P%":6.6666666667,"FTM":0.407885792,"FTA":0.5438477226,"FT%":75.0,"PTS":4.7586675731,"OFF":0.9517335146,"DEF":1.9034670292,"REB":2.8552005438,"AST":1.6315431679,"TO":2.1753908906,"STL":0.9517335146,"BLK":0.2719238613,"STK":1.2236573759,"PF":3.5350101971,"Fls on:":1.4955812373,"+\/-":-1.7675050986,"GW":5.0,"GP":13.0},"M. Ona":{"TEAM":"FEU","MINS":6.6256410256,"FGM":1.0448916409,"FGA":3.8312693498,"FG%":27.2727272727,"2PM":1.0448916409,"2PA":3.1346749226,"2P%":33.3333333333,"3PM":0.0,"3PA":0.6965944272,"3P%":0.0,"FTM":1.0448916409,"FTA":1.7414860681,"FT%":60.0,"PTS":3.1346749226,"OFF":2.4380804954,"DEF":4.1795665635,"REB":6.6176470588,"AST":0.6965944272,"TO":0.3482972136,"STL":0.0,"BLK":0.3482972136,"STK":0.3482972136,"PF":7.6625386997,"Fls on:":1.7414860681,"+\/-":2.4380804954,"GW":5.0,"GP":13.0},"J. Jones":{"TEAM":"FEU","MINS":1.6833333334,"FGM":0.0,"FGA":0.0,"FG%":0.0,"2PM":0.0,"2PA":0.0,"2P%":0.0,"3PM":0.0,"3PA":0.0,"3P%":0.0,"FTM":0.0,"FTA":0.0,"FT%":0.0,"PTS":0.0,"OFF":0.0,"DEF":4.4554455445,"REB":4.4554455445,"AST":0.0,"TO":0.0,"STL":0.0,"BLK":0.0,"STK":0.0,"PF":8.910891089,"Fls on:":0.0,"+\/-":-66.8316831677,"GW":2.0,"GP":4.0},"N. Duque":{"TEAM":"FEU","MINS":0.4666666667,"FGM":0.0,"FGA":0.0,"FG%":0.0,"2PM":0.0,"2PA":0.0,"2P%":0.0,"3PM":0.0,"3PA":0.0,"3P%":0.0,"FTM":0.0,"FTA":0.0,"FT%":0.0,"PTS":0.0,"OFF":0.0,"DEF":0.0,"REB":0.0,"AST":0.0,"TO":0.0,"STL":0.0,"BLK":0.0,"STK":0.0,"PF":0.0,"Fls on:":0.0,"+\/-":0.0,"GW":0.0,"GP":1.0}}