{"M. Konateh":{"TEAM":"FEU","SP":67.75,"GP":12.0,"MPG":34.7430555556,"EWA":2.9190400922,"PER":24.8930056014,"WS":2.1030290139,"OWS":1.0536845163,"DWS":1.0493444976,"EFF":23.0,"GmSc":12.575,"TS%":51.6387845681,"EFG%":48.0,"PPWS":1.0327756914,"FTR":0.39,"REB%":21.1832644238,"OREB%":14.8855866065,"DREB%":27.0901289014,"AR":1.3151778019,"pAST%":5.3768111304,"hAST%":6.4867669953,"TOR":3.5509800653,"hTO%":17.5142708874,"AST\/TO":0.3703703704,"STL\/TO":0.4074074074,"PPR":-4.8465087862,"USG%":15.9809943123,"STL%":null,"BLK%":154.3732254518,"aSP":66.3673469388,"ORtg":99.8354324365,"DRtg":77.4252285867,"Floor%":49.9847059236,"Stop%":0.8251774292,"FFI":52.139372305,"PIE":19.7120158888,"AV":3.2245010064,"DRE\/100":13.2829958476,"DRE\/75":9.9622468857,"POS":63.362788826},"J. Bautista":{"TEAM":"FEU","SP":46.8333333333,"GP":12.0,"MPG":28.8527777778,"EWA":0.9085261288,"PER":16.0942972531,"WS":0.9309637921,"OWS":0.646270244,"DWS":0.2846935481,"EFF":7.6666666667,"GmSc":6.0333333333,"TS%":41.4639540027,"EFG%":37.8698224852,"PPWS":0.8292790801,"FTR":0.1597633136,"REB%":5.4382144758,"OREB%":1.6051764575,"DREB%":9.0333866597,"AR":3.0089741099,"pAST%":13.6381947581,"hAST%":8.883486067,"TOR":2.2171388178,"hTO%":6.5457265756,"AST\/TO":1.3571428571,"STL\/TO":1.0,"PPR":-0.3826833267,"USG%":26.0139723433,"STL%":null,"BLK%":0.0,"aSP":45.8775510204,"ORtg":89.3049583694,"DRtg":89.9892148365,"Floor%":39.1187672677,"Stop%":0.5361080713,"FFI":42.3111292853,"PIE":6.9513406157,"AV":1.4145606597,"DRE\/100":1.4686407957,"DRE\/75":1.1014805968,"POS":52.6203707804},"V. Pre":{"TEAM":"FEU","SP":51.1666666667,"GP":12.0,"MPG":33.4541666667,"EWA":0.9951354394,"PER":15.8024940422,"WS":0.9172435995,"OWS":0.6107442069,"DWS":0.3064993926,"EFF":11.1666666667,"GmSc":6.9416666667,"TS%":47.4828375286,"EFG%":43.2258064516,"PPWS":0.9496567506,"FTR":0.2903225806,"REB%":9.7154676147,"OREB%":5.3068496266,"DREB%":13.8505011532,"AR":2.1853562646,"pAST%":9.7977036632,"hAST%":6.993006993,"TOR":5.1902211284,"hTO%":16.6083916084,"AST\/TO":0.4210526316,"STL\/TO":0.0526315789,"PPR":-6.7659816618,"USG%":24.4990047279,"STL%":null,"BLK%":37.4081781912,"aSP":50.1224489796,"ORtg":87.2216541689,"DRtg":90.4249904446,"Floor%":41.2324138107,"Stop%":0.5260818445,"FFI":46.4089759336,"PIE":9.5332671301,"AV":1.8754664695,"DRE\/100":-0.6991245869,"DRE\/75":-0.5243434402,"POS":61.0121724746},"R. Alforque":{"TEAM":"FEU","SP":43.25,"GP":12.0,"MPG":22.675,"EWA":0.9895290328,"PER":18.1296411462,"WS":0.8052607337,"OWS":0.463929582,"DWS":0.3413311517,"EFF":9.0833333333,"GmSc":5.625,"TS%":45.482420278,"EFG%":39.6341463415,"PPWS":0.9096484056,"FTR":0.4390243902,"REB%":10.3797746711,"OREB%":6.467932325,"DREB%":14.0488608433,"AR":6.851475391,"pAST%":27.9354433033,"hAST%":21.6781433308,"TOR":5.0378495522,"hTO%":15.9398112726,"AST\/TO":1.36,"STL\/TO":0.44,"PPR":-0.8521536813,"USG%":20.8650555903,"STL%":null,"BLK%":0.0,"aSP":42.3673469388,"ORtg":89.3452694742,"DRtg":86.7851322304,"Floor%":43.4380915569,"Stop%":0.6098268802,"FFI":47.4731484672,"PIE":7.8947368421,"AV":1.6063884716,"DRE\/100":4.5353795992,"DRE\/75":3.4015346994,"POS":41.3536234408},"J. Pasaol":{"TEAM":"FEU","SP":40.0,"GP":12.0,"MPG":23.3222222222,"EWA":0.105022052,"PER":11.5742674767,"WS":0.2204062346,"OWS":-0.1276226705,"DWS":0.3480289051,"EFF":5.5833333333,"GmSc":3.3666666667,"TS%":38.291354663,"EFG%":33.9805825243,"PPWS":0.7658270933,"FTR":0.3203883495,"REB%":7.0481870206,"OREB%":1.6548522971,"DREB%":12.1068289864,"AR":6.0735728572,"pAST%":24.7865107424,"hAST%":17.5617493768,"TOR":5.485807742,"hTO%":15.8622252436,"AST\/TO":1.1071428571,"STL\/TO":0.5,"PPR":-2.6038738005,"USG%":24.0314397699,"STL%":null,"BLK%":0.0,"aSP":39.1836734694,"ORtg":75.0395429741,"DRtg":86.8657967849,"Floor%":35.79227593,"Stop%":0.6079709684,"FFI":42.3575767763,"PIE":4.4190665343,"AV":1.1151590348,"DRE\/100":0.3801410017,"DRE\/75":0.2851057513,"POS":42.5339976001},"M. Ona":{"TEAM":"FEU","SP":10.25,"GP":12.0,"MPG":7.0458333333,"EWA":-0.2812800451,"PER":4.1331532734,"WS":0.1125696089,"OWS":0.0582203176,"DWS":0.0543492914,"EFF":1.5833333333,"GmSc":0.2166666667,"TS%":34.0909090909,"EFG%":27.2727272727,"PPWS":0.6818181818,"FTR":0.4545454545,"REB%":9.5440962677,"OREB%":7.6687545205,"DREB%":11.3030604242,"AR":1.2970302667,"pAST%":4.4992826399,"hAST%":12.3456790123,"TOR":0.6485151334,"hTO%":6.1728395062,"AST\/TO":2.0,"STL\/TO":0.0,"PPR":0.3917732815,"USG%":7.7621675434,"STL%":null,"BLK%":25.3738500208,"aSP":10.0408163265,"ORtg":90.3802235261,"DRtg":91.3196554944,"Floor%":45.6441938166,"Stop%":0.5054975931,"FFI":44.098894848,"PIE":-0.5958291956,"AV":0.4333570897,"DRE\/100":-0.643746361,"DRE\/75":-0.4828097708,"POS":12.8498671883},"A. Nakai":{"TEAM":"FEU","SP":10.9166666667,"GP":12.0,"MPG":6.3597222222,"EWA":-0.1751768327,"PER":6.2062576939,"WS":0.0453952777,"OWS":-0.0139511452,"DWS":0.0593464229,"EFF":0.9166666667,"GmSc":0.3833333333,"TS%":37.0514820593,"EFG%":36.9565217391,"PPWS":0.7410296412,"FTR":0.2608695652,"REB%":7.049166538,"OREB%":3.6411810142,"DREB%":10.2456635984,"AR":0.7184794216,"pAST%":2.7908963619,"hAST%":3.3738191633,"TOR":2.1554382648,"hTO%":10.1214574899,"AST\/TO":0.3333333333,"STL\/TO":0.6666666667,"PPR":-3.0382749509,"USG%":17.34450463,"STL%":null,"BLK%":0.0,"aSP":10.693877551,"ORtg":76.1912902558,"DRtg":90.3200619469,"Floor%":33.8098016101,"Stop%":0.5284960157,"FFI":43.8850288105,"PIE":-0.049652433,"AV":0.2876240645,"DRE\/100":-0.7728472158,"DRE\/75":-0.5796354118,"POS":11.5985692598},"A. Bagunu":{"TEAM":"FEU","SP":7.7777777778,"GP":9.0,"MPG":6.712962963,"EWA":-0.1440203343,"PER":6.0285924644,"WS":0.0160699017,"OWS":-0.0317391929,"DWS":0.0478090946,"EFF":1.3333333333,"GmSc":0.4777777778,"TS%":39.4736842105,"EFG%":26.9230769231,"PPWS":0.7894736842,"FTR":0.3846153846,"REB%":8.1622866517,"OREB%":4.5994394107,"DREB%":11.5040352164,"AR":1.8151267705,"pAST%":6.4709604644,"hAST%":9.009009009,"TOR":4.5378169263,"hTO%":22.5225225225,"AST\/TO":0.4,"STL\/TO":0.2,"PPR":-6.0309308769,"USG%":15.4526471909,"STL%":null,"BLK%":35.5093906637,"aSP":7.619047619,"ORtg":72.8551810099,"DRtg":90.2185725985,"Floor%":30.8780304762,"Stop%":0.5308310597,"FFI":41.323895189,"PIE":0.3972194638,"AV":0.3070199805,"DRE\/100":-3.3029749769,"DRE\/75":-2.4772312327,"POS":12.2427934969},"R. Montemayor":{"TEAM":"FEU","SP":18.0,"GP":11.0,"MPG":16.4666666667,"EWA":-0.4870436954,"PER":5.4153745245,"WS":0.0056822632,"OWS":-0.0692731513,"DWS":0.0749554145,"EFF":2.2727272727,"GmSc":1.0,"TS%":33.4549878345,"EFG%":31.25,"PPWS":0.6690997567,"FTR":0.0625,"REB%":5.9400319428,"OREB%":4.6024018763,"DREB%":7.1946530513,"AR":0.9081479403,"pAST%":3.3838480721,"hAST%":5.1440329218,"TOR":1.8162958805,"hTO%":10.2880658436,"AST\/TO":0.5,"STL\/TO":0.5,"PPR":-2.1944783112,"USG%":14.115363682,"STL%":null,"BLK%":35.5322620047,"aSP":17.6326530612,"ORtg":73.6178252302,"DRtg":93.0173823643,"Floor%":32.0522931048,"Stop%":0.4664366768,"FFI":38.9039064051,"PIE":0.4965243297,"AV":0.5323971375,"DRE\/100":-4.5365979002,"DRE\/75":-3.4024484251,"POS":30.0311502827},"J. Jones":{"TEAM":"FEU","SP":8.0,"GP":4.0,"MPG":1.6833333334,"EWA":-0.0456021817,"PER":-2.7929284906,"WS":0.0050989654,"OWS":0.0,"DWS":0.0050989654,"EFF":0.25,"GmSc":-0.125,"TS%":0.0,"EFG%":0.0,"PPWS":0.0,"FTR":0.0,"REB%":6.6580308533,"OREB%":0.0,"DREB%":12.9028860332,"AR":0.0,"pAST%":0.0,"hAST%":null,"TOR":0.0,"hTO%":null,"AST\/TO":null,"STL\/TO":null,"PPR":0.0,"USG%":0.0,"STL%":null,"BLK%":0.0,"aSP":7.8367346939,"ORtg":null,"DRtg":90.4710215268,"Floor%":null,"Stop%":0.5250227718,"FFI":25.0,"PIE":-0.0993048659,"AV":0.0476190476,"DRE\/100":0.8743991117,"DRE\/75":0.6557993338,"POS":3.0699860107},"N. Duque":{"TEAM":"FEU","SP":0.0,"GP":1.0,"MPG":0.4666666667,"EWA":-0.0025121061,"PER":0.0,"WS":-0.0002871436,"OWS":0.0,"DWS":-0.0002871436,"EFF":0.0,"GmSc":0.0,"TS%":0.0,"EFG%":0.0,"PPWS":0.0,"FTR":0.0,"REB%":0.0,"OREB%":0.0,"DREB%":0.0,"AR":0.0,"pAST%":0.0,"hAST%":null,"TOR":0.0,"hTO%":null,"AST\/TO":null,"STL\/TO":null,"PPR":0.0,"USG%":0.0,"STL%":null,"BLK%":0.0,"aSP":0.0,"ORtg":null,"DRtg":100.6471624288,