{"M. Konateh":{"TEAM":"FEU","SP":71.5555555556,"GP":9.0,"MPG":35.0796296296,"EWA":2.3650736207,"PER":25.8771651088,"WS":1.5959062618,"OWS":0.7820016826,"DWS":0.8139045792,"EFF":24.4444444444,"GmSc":13.7,"TS%":53.3276450512,"EFG%":49.3827160494,"PPWS":1.0551305724,"FTR":0.3580246914,"REB%":21.670851972,"OREB%":15.3364577162,"DREB%":27.8229615009,"AR":1.5622168925,"pAST%":6.5871005581,"TOR":3.9923320585,"AST\/TO":0.3913043478,"PPR":-5.3200528491,"USG%":17.0371218873,"aSP":69.6216216216,"ORtg":100.5125174677,"DRtg":78.0593590856,"Floor%":50.1053221136,"Stop%":0.8183070737,"FFI":52.1926653187,"PIE":21.0051546392,"AV":2.7201804555},"J. Bautista":{"TEAM":"FEU","SP":52.4444444444,"GP":9.0,"MPG":29.7537037037,"EWA":1.0925514398,"PER":19.0207657711,"WS":0.9828899148,"OWS":0.6911316014,"DWS":0.2917583134,"EFF":10.0,"GmSc":8.0,"TS%":44.2176870748,"EFG%":40.4411764706,"PPWS":0.8791208791,"FTR":0.1838235294,"REB%":6.0513025065,"OREB%":2.0469838108,"DREB%":9.9403890095,"AR":2.8651068395,"pAST%":13.7505757058,"TOR":1.8418543968,"AST\/TO":1.5555555556,"PPR":0.1229871495,"USG%":26.8374166147,"aSP":51.027027027,"ORtg":95.5233436142,"DRtg":89.5666118909,"Floor%":42.498978957,"Stop%":0.554079077,"FFI":43.8827566924,"PIE":9.2783505155,"AV":1.3914339235},"R. Alforque":{"TEAM":"FEU","SP":43.1111111111,"GP":9.0,"MPG":22.274074074,"EWA":0.6696301703,"PER":17.534116939,"WS":0.5750842246,"OWS":0.2599814247,"DWS":0.3151027999,"EFF":9.1111111111,"GmSc":5.6111111111,"TS%":45.7408518296,"EFG%":42.1052631579,"PPWS":0.9043736101,"FTR":0.3859649123,"REB%":9.6550870354,"OREB%":5.0129943712,"DREB%":14.1635942992,"AR":7.3810462073,"pAST%":30.2850248283,"TOR":4.6473253898,"AST\/TO":1.5882352941,"PPR":0.4928586295,"USG%":19.2299942994,"aSP":41.9459459459,"ORtg":89.2663445649,"DRtg":85.8377629175,"Floor%":43.8636092375,"Stop%":0.6397004074,"FFI":47.4723464742,"PIE":7.7963917526,"AV":1.2976007699},"N. Duque":{"TEAM":"FEU","SP":0.0,"GP":1.0,"MPG":0.4666666667,"EWA":-0.0025121061,"PER":0.0,"WS":-0.0001694563,"OWS":0.0,"DWS":-0.0001694563,"EFF":0.0,"GmSc":0.0,"TS%":0.0,"EFG%":0.0,"PPWS":0.0,"FTR":0.0,"REB%":0.0,"OREB%":0.0,"DREB%":0.0,"AR":0.0,"pAST%":0.0,"TOR":0.0,"AST\/TO":null,"PPR":0.0,"USG%":0.0,"aSP":0.0,"ORtg":null,"DRtg":100.7972768936,"Floor%":null,"Stop%":0.2962020524,"FFI":25.0,"PIE":0.0,"AV":0.0},"J. Jones":{"TEAM":"FEU","SP":8.0,"GP":4.0,"MPG":1.6833333334,"EWA":-0.0452970686,"PER":-2.7018477086,"WS":0.0060350697,"OWS":0.0,"DWS":0.0060350697,"EFF":0.25,"GmSc":-0.125,"TS%":0.0,"EFG%":0.0,"PPWS":0.0,"FTR":0.0,"REB%":6.6849750668,"OREB%":0.0,"DREB%":13.1775767504,"AR":0.0,"pAST%":0.0,"TOR":0.0,"AST\/TO":null,"PPR":0.0,"USG%":0.0,"aSP":7.7837837838,"ORtg":null,"DRtg":91.0605307149,"Floor%":null,"Stop%":0.5197759132,"FFI":25.0,"PIE":-0.1288659794,"AV":0.0476190476},"C. Anonuevo":{"TEAM":"FEU","SP":29.25,"GP":4.0,"MPG":15.925,"EWA":-0.0669122651,"PER":8.7086396735,"WS":0.0003490194,"OWS":-0.14543112,"DWS":0.1457801395,"EFF":4.5,"GmSc":1.975,"TS%":24.5098039216,"EFG%":23.3333333333,"PPWS":0.4870624049,"FTR":0.2,"REB%":13.4259206209,"OREB%":8.6051514623,"DREB%":18.1079626095,"AR":3.4412552583,"pAST%":12.2558153015,"TOR":4.3015690729,"AST\/TO":0.8,"PPR":-3.6191108641,"USG%":15.418688019,"aSP":28.4594594595,"ORtg":57.4726590866,"DRtg":80.2968817382,"Floor%":26.6688954343,"Stop%":0.7669293784,"FFI":37.9789713576,"PIE":1.3530927835,"AV":0.4161358043},"V. Pre":{"TEAM":"FEU","SP":46.8888888889,"GP":9.0,"MPG":33.687037037,"EWA":-0.0910139386,"PER":10.2166092579,"WS":0.1836923602,"OWS":-0.0623876191,"DWS":0.2460799793,"EFF":8.3333333333,"GmSc":4.6444444444,"TS%":41.9244545751,"EFG%":35.9813084112,"PPWS":0.8299758259,"FTR":0.3364485981,"REB%":8.9079102644,"OREB%":5.1225982731,"DREB%":12.5842924143,"AR":2.8920845687,"pAST%":12.0646559586,"TOR":5.6034138518,"AST\/TO":0.5161290323,"PPR":-6.6262495981,"USG%":23.3756448735,"aSP":45.6216216216,"ORtg":78.0228916833,"DRtg":91.7149215437,"Floor%":37.9312230412,"Stop%":0.5047498787,"FFI":44.0629185281,"PIE":5.7989690722,"AV":1.213603032},"A. Nakai":{"TEAM":"FEU","SP":12.6666666667,"GP":9.0,"MPG":7.5777777778,"EWA":-0.1283178275,"PER":7.0381989244,"WS":0.0720846361,"OWS":-0.0013965908,"DWS":0.073481227,"EFF":1.3333333333,"GmSc":0.5888888889,"TS%":40.1861252115,"EFG%":40.4761904762,"PPWS":0.7966457023,"FTR":0.2857142857,"REB%":7.2600266855,"OREB%":2.6791209587,"DREB%":11.7091077871,"AR":0.8035482403,"pAST%":3.209743741,"TOR":2.4106447209,"AST\/TO":0.3333333333,"PPR":-3.3803132264,"USG%":17.9949025397,"aSP":12.3243243243,"ORtg":79.2025334826,"DRtg":89.6601117477,"Floor%":35.1656101435,"Stop%":0.5519321458,"FFI":45.4093534877,"PIE":0.1288659794,"AV":0.3070199805},"M. Ona":{"TEAM":"FEU","SP":10.8888888889,"GP":9.0,"MPG":6.9185185185,"EWA":-0.1789084425,"PER":5.0447435328,"WS":0.1044757696,"OWS":0.0577857212,"DWS":0.0466900484,"EFF":1.6666666667,"GmSc":0.2888888889,"TS%":36.8852459016,"EFG%":30.0,"PPWS":0.7272727273,"FTR":0.5,"REB%":9.3976148424,"OREB%":8.8032357839,"DREB%":9.9748894674,"AR":1.7602352245,"pAST%":6.2822602554,"TOR":0.8801176122,"AST\/TO":2.0,"PPR":0.5289171659,"USG%":9.7660280436,"aSP":10.5945945946,"ORtg":93.4317887756,"DRtg":92.1928136586,"Floor%":47.4579549552,"Stop%":0.493776584,"FFI":46.0406177537,"PIE":-0.837628866,"AV":0.362951963},"R. Montemayor":{"TEAM":"FEU","SP":19.625,"GP":8.0,"MPG":17.1208333333,"EWA":-0.1887243999,"PER":8.0504499117,"WS":0.149169964,"OWS":0.0910041589,"DWS":0.0581658051,"EFF":3.25,"GmSc":1.825,"TS%":40.4488517745,"EFG%":37.8378378378,"PPWS":0.8067664281,"FTR":0.0810810811,"REB%":6.2440823331,"OREB%":5.3360734792,"DREB%":7.1259614358,"AR":0.8002237526,"pAST%":3.0946675532,"TOR":1.6004475051,"AST\/TO":0.5,"PPR":-1.9236159959,"USG%":14.2341135333,"aSP":19.0945945946,"ORtg":86.99746582,"DRtg":94.706742515,"Floor%":37.5618723806,"Stop%":0.4360520865,"FFI":42.0184541709,"PIE":1.4175257732,"AV":0.5482904939},"A. Bagunu":{"TEAM":"FEU","SP":8.8571428571,"GP":7.0,"MPG":7.4404761905,"EWA":-0.1904064985,"PER":3.4718324084,"WS":-0.0326929362,"OWS":-0.0859324671,"DWS":0.0532395309,"EFF":1.2857142857,"GmSc":0.2857142857,"TS%":34.0909090909,"EFG%":18.1818181818,"PPWS":0.6728971963,"FTR":0.4545454545,"REB%":8.6423357664,"OREB%":5.2622222222,"DREB%":11.9251798561,"AR":2.1043964156,"pAST%":7.3696003984,"TOR":5.2609910389,"AST\/TO":0.4,"PPR":-6.9556415519,"USG%":16.0980128493,"aSP":8.6177606178,"ORtg":63.8720378886,"DRtg":90.0871675772,"Floor%":28.658093006,"Stop%":0.5421261471,"FFI":38.8281057756,"PIE":0.1288659794,"AV":0.2474358297},"J. Pasaol":{"TEAM":"FEU","SP":38.7777777778,"GP":9.0,"MPG":24.0222222222,"EWA":-0.2800439354,"PER":8.2164462992,"WS":-0.0156695324,"OWS":-0.2950229663,"DWS":0.2793534339,"EFF":4.7777777778,"GmSc":2.5444444444,"TS%":35.6657608696,"EFG%":30.2631578947,"PPWS":0.7054871221,"FTR":0.3684210526,"REB%":7.495087679,"OREB%":1.6902502256,"DREB%":13.1328794504,"AR":5.829998935,"pAST%":23.0103235506,"TOR":5.5765207204,"AST\/TO":1.0454545455,"PPR":-3.046615066,"USG%":23.5070546273,"aSP":37.7297297297,"ORtg":70.4142387625,"DRtg":88.0004726178,"Floor%":33.9096305637,"Stop%":0.5900405571,"FFI":41.5754988124,"PIE":3.2216494845,"AV":0.799617052},"J. Daa":{"TEAM":"FEU","SP":18.2222222222,"GP":9.0,"MPG":17.2796296296,"EWA":-0.9973426708,"PER":-2.0703146605,"WS":-0.3988247558,"OWS":-0.5005773306,"DWS":0.1017525747,"EFF":0.3333333333,"GmSc":-1.0222222222,"TS%":25.0626566416,"EFG%":24.4680851064,"PPWS":0.5005213764,"FTR":0.0425531915,"REB%":4.3415441973,"OREB%":2.3497937977,"DREB%":6.2759780387,"AR":3.1714794335,"pAST%":11.8412841215,"TOR":4.5810258484,"AST\/TO":0.6923076923,"PPR":-4.4471894939,"USG%":18.0342197671,"aSP":17.7297297297,"ORtg":51.2075967482,"DRtg":92.9315472754,"Floor%":24.6006212464,"Stop%":0.4768138817,"FFI":34.7502342123,"PIE":-2.6417525773,"AV":0.1085479551}}