{"J. Daa":{"TEAM":"FEU","MINS":17.2796296296,"FGM":1.2222222222,"FGA":5.2222222222,"FG%":23.4042553191,"2PM":1.1111111111,"2PA":3.1111111111,"2P%":35.7142857143,"3PM":0.1111111111,"3PA":2.1111111111,"3P%":5.2631578947,"FTM":0.1111111111,"FTA":0.2222222222,"FT%":50.0,"PTS":2.6666666667,"OFF":0.4444444444,"DEF":1.2222222222,"REB":1.6666666667,"AST":1.0,"TO":1.4444444444,"STL":0.4444444444,"BLK":0.1111111111,"STK":0.5555555556,"PF":2.3333333333,"Fls on:":0.8888888889,"+\/-":-4.1111111111,"GP":9.0},"M. Ona":{"TEAM":"FEU","MINS":6.9185185185,"FGM":0.3333333333,"FGA":1.1111111111,"FG%":30.0,"2PM":0.3333333333,"2PA":0.8888888889,"2P%":37.5,"3PM":0.0,"3PA":0.2222222222,"3P%":0.0,"FTM":0.3333333333,"FTA":0.5555555556,"FT%":60.0,"PTS":1.0,"OFF":0.6666666667,"DEF":0.7777777778,"REB":1.4444444444,"AST":0.2222222222,"TO":0.1111111111,"STL":0.0,"BLK":0.1111111111,"STK":0.1111111111,"PF":2.0,"Fls on:":0.3333333333,"+\/-":-1.3333333333,"GP":9.0},"J. Bautista":{"TEAM":"FEU","MINS":29.7537037037,"FGM":5.3333333333,"FGA":15.1111111111,"FG%":35.2941176471,"2PM":3.7777777778,"2PA":9.1111111111,"2P%":41.4634146341,"3PM":1.5555555556,"3PA":6.0,"3P%":25.9259259259,"FTM":2.2222222222,"FTA":2.7777777778,"FT%":80.0,"PTS":14.4444444444,"OFF":0.6666666667,"DEF":3.3333333333,"REB":4.0,"AST":1.5555555556,"TO":1.0,"STL":1.3333333333,"BLK":0.0,"STK":1.3333333333,"PF":1.6666666667,"Fls on:":3.0,"+\/-":0.5555555556,"GP":9.0},"J. Jones":{"TEAM":"FEU","MINS":1.6833333334,"FGM":0.0,"FGA":0.0,"FG%":0.0,"2PM":0.0,"2PA":0.0,"2P%":0.0,"3PM":0.0,"3PA":0.0,"3P%":0.0,"FTM":0.0,"FTA":0.0,"FT%":0.0,"PTS":0.0,"OFF":0.0,"DEF":0.25,"REB":0.25,"AST":0.0,"TO":0.0,"STL":0.0,"BLK":0.0,"STK":0.0,"PF":0.5,"Fls on:":0.0,"+\/-":-3.75,"GP":4.0},"R. Montemayor":{"TEAM":"FEU","MINS":17.1208333333,"FGM":1.5,"FGA":4.625,"FG%":32.4324324324,"2PM":1.0,"2PA":2.0,"2P%":50.0,"3PM":0.5,"3PA":2.625,"3P%":19.0476190476,"FTM":0.375,"FTA":0.375,"FT%":100.0,"PTS":3.875,"OFF":1.0,"DEF":1.375,"REB":2.375,"AST":0.25,"TO":0.5,"STL":0.125,"BLK":0.25,"STK":0.375,"PF":1.25,"Fls on:":0.125,"+\/-":2.5,"GP":8.0},"N. Duque":{"TEAM":"FEU","MINS":0.4666666667,"FGM":0.0,"FGA":0.0,"FG%":0.0,"2PM":0.0,"2PA":0.0,"2P%":0.0,"3PM":0.0,"3PA":0.0,"3P%":0.0,"FTM":0.0,"FTA":0.0,"FT%":0.0,"PTS":0.0,"OFF":0.0,"DEF":0.0,"REB":0.0,"AST":0.0,"TO":0.0,"STL":0.0,"BLK":0.0,"STK":0.0,"PF":0.0,"Fls on:":0.0,"+\/-":0.0,"GP":1.0},"M. Konateh":{"TEAM":"FEU","MINS":35.0796296296,"FGM":4.4444444444,"FGA":9.0,"FG%":49.3827160494,"2PM":4.4444444444,"2PA":8.8888888889,"2P%":50.0,"3PM":0.0,"3PA":0.1111111111,"3P%":0.0,"FTM":2.2222222222,"FTA":3.2222222222,"FT%":68.9655172414,"PTS":11.1111111111,"OFF":5.8888888889,"DEF":11.0,"REB":16.8888888889,"AST":1.0,"TO":2.5555555556,"STL":1.0,"BLK":2.5555555556,"STK":3.5555555556,"PF":2.1111111111,"Fls on:":3.8888888889,"+\/-":-0.5555555556,"GP":9.0},"R. Alforque":{"TEAM":"FEU","MINS":22.274074074,"FGM":2.5555555556,"FGA":6.3333333333,"FG%":40.350877193,"2PM":2.3333333333,"2PA":5.4444444444,"2P%":42.8571428571,"3PM":0.2222222222,"3PA":0.8888888889,"3P%":25.0,"FTM":1.4444444444,"FTA":2.4444444444,"FT%":59.0909090909,"PTS":6.7777777778,"OFF":1.2222222222,"DEF":3.5555555556,"REB":4.7777777778,"AST":3.0,"TO":1.8888888889,"STL":1.2222222222,"BLK":0.0,"STK":1.2222222222,"PF":1.7777777778,"Fls on:":3.4444444444,"+\/-":0.2222222222,"GP":9.0},"V. Pre":{"TEAM":"FEU","MINS":33.687037037,"FGM":4.1111111111,"FGA":11.8888888889,"FG%":34.5794392523,"2PM":3.7777777778,"2PA":9.4444444444,"2P%":40.0,"3PM":0.3333333333,"3PA":2.4444444444,"3P%":13.6363636364,"FTM":2.8888888889,"FTA":4.0,"FT%":72.2222222222,"PTS":11.4444444444,"OFF":1.8888888889,"DEF":4.7777777778,"REB":6.6666666667,"AST":1.7777777778,"TO":3.4444444444,"STL":0.2222222222,"BLK":0.5555555556,"STK":0.7777777778,"PF":2.1111111111,"Fls on:":3.0,"+\/-":-4.0,"GP":9.0},"C. Anonuevo":{"TEAM":"FEU","MINS":15.925,"FGM":0.75,"FGA":3.75,"FG%":20.0,"2PM":0.5,"2PA":1.5,"2P%":33.3333333333,"3PM":0.25,"3PA":2.25,"3P%":11.1111111111,"FTM":0.25,"FTA":0.75,"FT%":33.3333333333,"PTS":2.0,"OFF":1.5,"DEF":3.25,"REB":4.75,"AST":1.0,"TO":1.25,"STL":1.25,"BLK":0.25,"STK":1.5,"PF":1.0,"Fls on:":1.5,"+\/-":-3.0,"GP":4.0},"A. Nakai":{"TEAM":"FEU","MINS":7.5777777778,"FGM":0.7777777778,"FGA":2.3333333333,"FG%":33.3333333333,"2PM":0.4444444444,"2PA":0.6666666667,"2P%":66.6666666667,"3PM":0.3333333333,"3PA":1.6666666667,"3P%":20.0,"FTM":0.2222222222,"FTA":0.6666666667,"FT%":33.3333333333,"PTS":2.1111111111,"OFF":0.2222222222,"DEF":1.0,"REB":1.2222222222,"AST":0.1111111111,"TO":0.3333333333,"STL":0.2222222222,"BLK":0.0,"STK":0.2222222222,"PF":1.1111111111,"Fls on:":0.5555555556,"+\/-":-1.5555555556,"GP":9.0},"A. Bagunu":{"TEAM":"FEU","MINS":7.4404761905,"FGM":0.2857142857,"FGA":1.5714285714,"FG%":18.1818181818,"2PM":0.2857142857,"2PA":1.1428571429,"2P%":25.0,"3PM":0.0,"3PA":0.4285714286,"3P%":0.0,"FTM":0.7142857143,"FTA":0.7142857143,"FT%":100.0,"PTS":1.2857142857,"OFF":0.4285714286,"DEF":1.0,"REB":1.4285714286,"AST":0.2857142857,"TO":0.7142857143,"STL":0.1428571429,"BLK":0.1428571429,"STK":0.2857142857,"PF":0.8571428571,"Fls on:":1.0,"+\/-":-0.2857142857,"GP":7.0},"J. Pasaol":{"TEAM":"FEU","MINS":24.0222222222,"FGM":2.3333333333,"FGA":8.4444444444,"FG%":27.6315789474,"2PM":1.8888888889,"2PA":6.1111111111,"2P%":30.9090909091,"3PM":0.4444444444,"3PA":2.3333333333,"3P%":19.0476190476,"FTM":1.8888888889,"FTA":3.1111111111,"FT%":60.7142857143,"PTS":7.0,"OFF":0.4444444444,"DEF":3.5555555556,"REB":4.0,"AST":2.5555555556,"TO":2.4444444444,"STL":1.0,"BLK":0.0,"STK":1.0,"PF":1.7777777778,"Fls on:":2.7777777778,"+\/-":-7.6666666667,"GP":9.0}}