{"M. Konateh":{"TEAM":"FEU","SP":68.8461538462,"GP":13.0,"MPG":35.0243589744,"EWA":3.1294261976,"PER":24.6348833936,"WS":2.2583211695,"OWS":1.0743875675,"DWS":1.183933602,"EFF":22.9230769231,"GmSc":12.4538461538,"TS%":50.9731232623,"EFG%":47.7477477477,"PPWS":1.0194624652,"FTR":0.3783783784,"REB%":21.5231092603,"OREB%":15.3430365227,"DREB%":27.2878000599,"AR":1.2066492995,"pAST%":4.9051508866,"hAST%":5.8315838582,"TOR":3.8612777586,"hTO%":18.6610683462,"AST\/TO":0.3125,"STL\/TO":0.375,"PPR":-5.5436775823,"USG%":16.3699891189,"STL%":null,"BLK%":153.6666716198,"aSP":67.5471698113,"ORtg":97.4742689073,"DRtg":76.528499241,"Floor%":48.8799268807,"Stop%":0.8303612679,"FFI":51.8780626397,"PIE":19.7786998617,"AV":3.4154104535,"DRE\/100":12.866911015,"DRE\/75":9.6501832613,"POS":63.7493238109},"V. Pre":{"TEAM":"FEU","SP":50.1538461538,"GP":13.0,"MPG":33.3833333333,"EWA":0.9280533531,"PER":15.1182923455,"WS":0.9600113018,"OWS":0.6030250265,"DWS":0.3569862753,"EFF":10.6923076923,"GmSc":6.4923076923,"TS%":47.2898230088,"EFG%":43.1677018634,"PPWS":0.9457964602,"FTR":0.2795031056,"REB%":9.3224813396,"OREB%":4.936491437,"DREB%":13.4136751997,"AR":2.1521398197,"pAST%":9.4009854166,"hAST%":7.1189279732,"TOR":5.1904548592,"hTO%":17.1691792295,"AST\/TO":0.4146341463,"STL\/TO":0.0487804878,"PPR":-6.8110626471,"USG%":23.5902035557,"STL%":null,"BLK%":50.3813966788,"aSP":49.2075471698,"ORtg":86.3817774945,"DRtg":89.6318944827,"Floor%":40.6551032433,"Stop%":0.5285637485,"FFI":46.1493119018,"PIE":8.898109728,"AV":1.9277104669,"DRE\/100":-1.2764834169,"DRE\/75":-0.9573625627,"POS":60.7624233213},"J. Bautista":{"TEAM":"FEU","SP":47.2307692308,"GP":13.0,"MPG":28.8948717949,"EWA":0.8693188612,"PER":15.4716929033,"WS":0.9345859294,"OWS":0.5977966232,"DWS":0.3367893061,"EFF":7.4615384615,"GmSc":5.6615384615,"TS%":41.6052243522,"EFG%":38.202247191,"PPWS":0.832104487,"FTR":0.1516853933,"REB%":5.7443273074,"OREB%":1.9837615394,"DREB%":9.252133737,"AR":3.2177564501,"pAST%":14.2937058251,"hAST%":9.4469254552,"TOR":3.0714947932,"hTO%":9.0175197527,"AST\/TO":1.0476190476,"STL\/TO":0.7142857143,"PPR":-1.6799153415,"USG%":25.9128073638,"STL%":null,"BLK%":0.0,"aSP":46.3396226415,"ORtg":87.1929463048,"DRtg":89.0863565545,"Floor%":37.9532628098,"Stop%":0.541128583,"FFI":42.1850583848,"PIE":6.7312125403,"AV":1.4718362872,"DRE\/100":0.5765637394,"DRE\/75":0.4324228046,"POS":52.5927837787},"R. Alforque":{"TEAM":"FEU","SP":43.4615384615,"GP":13.0,"MPG":22.7474358974,"EWA":0.9916738087,"PER":17.5604532117,"WS":0.8684311061,"OWS":0.4894074464,"DWS":0.3790236597,"EFF":8.7692307692,"GmSc":5.3384615385,"TS%":44.3814055637,"EFG%":39.247311828,"PPWS":0.8876281113,"FTR":0.3978494624,"REB%":10.1850007436,"OREB%":5.9846864532,"DREB%":14.1029988275,"AR":6.688385728,"pAST%":27.3081375531,"hAST%":21.018215787,"TOR":4.8305008035,"hTO%":15.1798225128,"AST\/TO":1.3846153846,"STL\/TO":0.4230769231,"PPR":-0.6738657256,"USG%":21.1154815494,"STL%":null,"BLK%":0.0,"aSP":42.641509434,"ORtg":88.6103497797,"DRtg":86.2475704919,"Floor%":43.2325877004,"Stop%":0.6065115297,"FFI":46.6559787564,"PIE":7.5149838635,"AV":1.6613431448,"DRE\/100":4.0720250716,"DRE\/75":3.0540188037,"POS":41.4035745224},"J. Pasaol":{"TEAM":"FEU","SP":43.6923076923,"GP":13.0,"MPG":23.4076923077,"EWA":0.6145981913,"PER":14.8796199949,"WS":0.5946367096,"OWS":0.1720212665,"DWS":0.4226154432,"EFF":7.0,"GmSc":4.4692307692,"TS%":40.8548082967,"EFG%":36.4864864865,"PPWS":0.8170961659,"FTR":0.3333333333,"REB%":7.5340810553,"OREB%":2.1426917175,"DREB%":12.5630983229,"AR":6.6802756706,"pAST%":27.4743365039,"hAST%":19.1432119205,"TOR":5.2358917418,"hTO%":15.0041390728,"AST\/TO":1.275862069,"STL\/TO":0.5517241379,"PPR":-1.4188592616,"USG%":23.7052559016,"STL%":null,"BLK%":0.0,"aSP":42.8679245283,"ORtg":81.0167032816,"DRtg":85.4581238756,"Floor%":38.4808394256,"Stop%":0.6246940714,"FFI":43.7141600026,"PIE":6.1318579991,"AV":1.4030131757,"DRE\/100":2.6457053363,"DRE\/75":1.9842790022,"POS":42.6053352663},"R. Montemayor":{"TEAM":"FEU","SP":20.9166666667,"GP":12.0,"MPG":16.7791666667,"EWA":-0.2148557871,"PER":8.6751768954,"WS":0.2507664529,"OWS":0.1531590636,"DWS":0.0976073893,"EFF":3.0833333333,"GmSc":1.7833333333,"TS%":39.0094979647,"EFG%":35.4545454545,"PPWS":0.7801899593,"FTR":0.1636363636,"REB%":6.028013201,"OREB%":4.6260675415,"DREB%":7.335729726,"AR":1.0914478012,"pAST%":4.0987053311,"hAST%":5.8004640371,"TOR":1.6371717017,"hTO%":8.7006960557,"AST\/TO":0.6666666667,"STL\/TO":0.5,"PPR":-1.6494770809,"USG%":14.8914703131,"STL%":null,"BLK%":43.4361787308,"aSP":20.5220125786,"ORtg":85.4929283485,"DRtg":92.1219827921,"Floor%":36.628460304,"Stop%":0.4712120117,"FFI":42.1522842192,"PIE":1.2909174735,"AV":0.7143844592,"DRE\/100":-2.6567758077,"DRE\/75":-1.9925818557,"POS":30.5404741282},"M. Ona":{"TEAM":"FEU","SP":10.7692307692,"GP":13.0,"MPG":6.6256410256,"EWA":-0.2885229969,"PER":4.0870523563,"WS":0.1292260551,"OWS":0.061588502,"DWS":0.0676375531,"EFF":1.5384615385,"GmSc":0.1923076923,"TS%":34.0909090909,"EFG%":27.2727272727,"PPWS":0.6818181818,"FTR":0.4545454545,"REB%":9.9161802125,"OREB%":7.5699042914,"DREB%":12.104755621,"AR":1.275714095,"pAST%":4.3867151504,"hAST%":12.3456790123,"TOR":0.6378570475,"hTO%":6.1728395062,"AST\/TO":2.0,"STL\/TO":0.0,"PPR":0.3855908014,"USG%":7.6095729979,"STL%":null,"BLK%":25.3846979125,"aSP":10.5660377358,"ORtg":90.7747140557,"DRtg":89.9069479051,"Floor%":45.8057347014,"Stop%":0.5222287155,"FFI":44.0817893237,"PIE":-0.5532503458,"AV":0.4503531471,"DRE\/100":-0.0363913454,"DRE\/75":-0.0272935091,"POS":12.0596107272},"A. Bagunu":{"TEAM":"FEU","SP":9.1,"GP":10.0,"MPG":6.8016666667,"EWA":-0.1432249968,"PER":6.587474979,"WS":0.0276349073,"OWS":-0.0199698174,"DWS":0.0476047247,"EFF":1.3,"GmSc":0.53,"TS%":38.4615384615,"EFG%":28.125,"PPWS":0.7692307692,"FTR":0.3125,"REB%":7.9310002974,"OREB%":5.477826216,"DREB%":10.2192889078,"AR":1.6155085623,"pAST%":5.8187460602,"hAST%":7.9365079365,"TOR":4.0387714058,"hTO%":19.8412698413,"AST\/TO":0.4,"STL\/TO":0.2,"PPR":-5.3712486831,"USG%":15.7440274489,"STL%":null,"BLK%":32.1460717501,"aSP":8.9283018868,"ORtg":74.7804713343,"DRtg":90.5362058451,"Floor%":32.4331747919,"Stop%":0.5077356409,"FFI":41.0233723917,"PIE":0.4149377593,"AV":0.3260154782,"DRE\/100":-3.9506828975,"DRE\/75":-2.9630121731,"POS":12.380002475},"J. Jones":{"TEAM":"FEU","SP":8.0,"GP":4.0,"MPG":1.6833333334,"EWA":-0.0456780232,"PER":-2.8155683069,"WS":0.0055790746,"OWS":0.0,"DWS":0.0055790746,"EFF":0.25,"GmSc":-0.125,"TS%":0.0,"EFG%":0.0,"PPWS":0.0,"FTR":0.0,"REB%":6.676240143,"OREB%":0.0,"DREB%":12.9037493912,"AR":0.0,"pAST%":0.0,"hAST%":null,"TOR":0.0,"hTO%":null,"AST\/TO":null,"STL\/TO":null,"PPR":0.0,"USG%":0.0,"STL%":null,"BLK%":0.0,"aSP":7.8490566038,"ORtg":null,"DRtg":89.5877058296,"Floor%":null,"Stop%":0.5295815019,"FFI":25.0,"PIE":-0.092208391,"AV":0.0476190476,"DRE\/100":0.8928485523,"DRE\/75":0.6696364142,"POS":3.063906518},"N. Duque":{"TEAM":"FEU","SP":0.0,"GP":1.0,"MPG":0.4666666667,"EWA":-0.0025121061,"PER":0.0,"WS":-0.0002621166,"OWS":0.0,"DWS":-0.0002621166,"EFF":0.0,"GmSc":0.0,"TS%":0.0,"EFG%":0.0,"PPWS":0.0,"FTR":0.0,"REB%":0.0,"OREB%":0.0,"DREB%":0.0,"AR":0.0,"pAST%":0.0,"hAST%":null,"TOR":0.0,"hTO%":null,"AST\/TO":null,"STL\/TO":null,"PPR":0.0,"USG%":0.0,"STL%":null,"BLK%":0.0,"aSP":0.0,"ORtg":null,"DRtg":99.8354633859,"Floor%":null,"Stop%":0.2935550559,"FFI":25.0,"PIE":0.0,"AV":0.0,"DRE\/100":-8.42364,"DRE\/75":-6.31773,"POS":0.8493998268},"A. Nakai":{"TEAM":"FEU","SP":11.6153846154,"GP":13.0,"MPG":6.2371794872,"EWA":-0.2740242306,"PER":4.0271280141,"WS":-0.0243826054,"OWS":-0.1092767776,"DWS":0.0848941722,"EFF":0.6153846154,"GmSc":0.1615384615,"TS%":32.0512820513,"EFG%":31.4814814815,"PPWS":0.641025641,"FTR":0.2222222222,"REB%":7.2073202943,"OREB%":3.4463014575,"DREB%":10.7155493404,"AR":0.6775838071,"pAST%":2.5810955046,"hAST%":2.8868360277,"TOR":2.7103352283,"hTO%":11.5473441109,"AST\/TO":0.25,"STL\/TO":0.75,"PPR":-4.0960601469,"USG%":19.1499476316,"STL%":null,"BLK%":0.0,"aSP":11.3962264151,