{"J. Daa":{"TEAM":"FEU","MINS":185.6166666667,"FGM":13.0,"FGA":54.0,"FG%":24.0740740741,"2PM":11.0,"2PA":29.0,"2P%":37.9310344828,"3PM":2.0,"3PA":25.0,"3P%":8.0,"FTM":1.0,"FTA":2.0,"FT%":50.0,"PTS":29.0,"OFF":4.0,"DEF":13.0,"REB":17.0,"AST":11.0,"TO":16.0,"STL":7.0,"BLK":1.0,"STK":8.0,"PF":23.0,"Fls on:":8.0,"+\/-":-13.0,"GW":4.0,"GP":11.0},"J. Pasaol":{"TEAM":"FEU","MINS":256.0833333334,"FGM":27.0,"FGA":91.0,"FG%":29.6703296703,"2PM":21.0,"2PA":66.0,"2P%":31.8181818182,"3PM":6.0,"3PA":25.0,"3P%":24.0,"FTM":19.0,"FTA":32.0,"FT%":59.375,"PTS":79.0,"OFF":5.0,"DEF":36.0,"REB":41.0,"AST":30.0,"TO":24.0,"STL":14.0,"BLK":0.0,"STK":14.0,"PF":19.0,"Fls on:":29.0,"+\/-":-75.0,"GW":4.0,"GP":11.0},"A. Bagunu":{"TEAM":"FEU","MINS":58.4333333333,"FGM":3.0,"FGA":13.0,"FG%":23.0769230769,"2PM":2.0,"2PA":9.0,"2P%":22.2222222222,"3PM":1.0,"3PA":4.0,"3P%":25.0,"FTM":5.0,"FTA":5.0,"FT%":100.0,"PTS":12.0,"OFF":3.0,"DEF":8.0,"REB":11.0,"AST":2.0,"TO":5.0,"STL":1.0,"BLK":1.0,"STK":2.0,"PF":6.0,"Fls on:":7.0,"+\/-":-4.0,"GW":1.0,"GP":8.0},"M. Ona":{"TEAM":"FEU","MINS":78.7500000001,"FGM":3.0,"FGA":11.0,"FG%":27.2727272727,"2PM":3.0,"2PA":9.0,"2P%":33.3333333333,"3PM":0.0,"3PA":2.0,"3P%":0.0,"FTM":3.0,"FTA":5.0,"FT%":60.0,"PTS":9.0,"OFF":7.0,"DEF":11.0,"REB":18.0,"AST":2.0,"TO":1.0,"STL":0.0,"BLK":1.0,"STK":1.0,"PF":21.0,"Fls on:":5.0,"+\/-":-9.0,"GW":4.0,"GP":11.0},"J. Bautista":{"TEAM":"FEU","MINS":321.0999999999,"FGM":55.0,"FGA":160.0,"FG%":34.375,"2PM":37.0,"2PA":92.0,"2P%":40.2173913043,"3PM":18.0,"3PA":68.0,"3P%":26.4705882353,"FTM":22.0,"FTA":27.0,"FT%":81.4814814815,"PTS":150.0,"OFF":6.0,"DEF":36.0,"REB":42.0,"AST":19.0,"TO":12.0,"STL":14.0,"BLK":0.0,"STK":14.0,"PF":16.0,"Fls on:":29.0,"+\/-":15.0,"GW":4.0,"GP":11.0},"N. Duque":{"TEAM":"FEU","MINS":0.4666666667,"FGM":0.0,"FGA":0.0,"FG%":0.0,"2PM":0.0,"2PA":0.0,"2P%":0.0,"3PM":0.0,"3PA":0.0,"3P%":0.0,"FTM":0.0,"FTA":0.0,"FT%":0.0,"PTS":0.0,"OFF":0.0,"DEF":0.0,"REB":0.0,"AST":0.0,"TO":0.0,"STL":0.0,"BLK":0.0,"STK":0.0,"PF":0.0,"Fls on:":0.0,"+\/-":0.0,"GW":0.0,"GP":1.0},"R. Montemayor":{"TEAM":"FEU","MINS":163.3500000001,"FGM":13.0,"FGA":44.0,"FG%":29.5454545455,"2PM":9.0,"2PA":18.0,"2P%":50.0,"3PM":4.0,"3PA":26.0,"3P%":15.3846153846,"FTM":3.0,"FTA":3.0,"FT%":100.0,"PTS":33.0,"OFF":9.0,"DEF":13.0,"REB":22.0,"AST":3.0,"TO":5.0,"STL":1.0,"BLK":3.0,"STK":4.0,"PF":11.0,"Fls on:":1.0,"+\/-":16.0,"GW":4.0,"GP":10.0},"C. Anonuevo":{"TEAM":"FEU","MINS":110.1666666667,"FGM":6.0,"FGA":25.0,"FG%":24.0,"2PM":4.0,"2PA":10.0,"2P%":40.0,"3PM":2.0,"3PA":15.0,"3P%":13.3333333333,"FTM":2.0,"FTA":4.0,"FT%":50.0,"PTS":16.0,"OFF":6.0,"DEF":19.0,"REB":25.0,"AST":9.0,"TO":14.0,"STL":8.0,"BLK":2.0,"STK":10.0,"PF":11.0,"Fls on:":8.0,"+\/-":-33.0,"GW":3.0,"GP":6.0},"R. Alforque":{"TEAM":"FEU","MINS":249.3333333331,"FGM":28.0,"FGA":74.0,"FG%":37.8378378378,"2PM":25.0,"2PA":62.0,"2P%":40.3225806452,"3PM":3.0,"3PA":12.0,"3P%":25.0,"FTM":19.0,"FTA":31.0,"FT%":61.2903225806,"PTS":78.0,"OFF":18.0,"DEF":41.0,"REB":59.0,"AST":32.0,"TO":21.0,"STL":11.0,"BLK":0.0,"STK":11.0,"PF":18.0,"Fls on:":41.0,"+\/-":5.0,"GW":4.0,"GP":11.0},"V. Pre":{"TEAM":"FEU","MINS":366.9333333334,"FGM":57.0,"FGA":140.0,"FG%":40.7142857143,"2PM":49.0,"2PA":108.0,"2P%":45.3703703704,"3PM":8.0,"3PA":32.0,"3P%":25.0,"FTM":32.0,"FTA":45.0,"FT%":71.1111111111,"PTS":154.0,"OFF":22.0,"DEF":60.0,"REB":82.0,"AST":16.0,"TO":36.0,"STL":2.0,"BLK":7.0,"STK":9.0,"PF":21.0,"Fls on:":34.0,"+\/-":-46.0,"GW":4.0,"GP":11.0},"J. Jones":{"TEAM":"FEU","MINS":6.7333333334,"FGM":0.0,"FGA":0.0,"FG%":0.0,"2PM":0.0,"2PA":0.0,"2P%":0.0,"3PM":0.0,"3PA":0.0,"3P%":0.0,"FTM":0.0,"FTA":0.0,"FT%":0.0,"PTS":0.0,"OFF":0.0,"DEF":1.0,"REB":1.0,"AST":0.0,"TO":0.0,"STL":0.0,"BLK":0.0,"STK":0.0,"PF":2.0,"Fls on:":0.0,"+\/-":-15.0,"GW":2.0,"GP":4.0},"M. Konateh":{"TEAM":"FEU","MINS":377.2999999999,"FGM":42.0,"FGA":91.0,"FG%":46.1538461538,"2PM":42.0,"2PA":90.0,"2P%":46.6666666667,"3PM":0.0,"3PA":1.0,"3P%":0.0,"FTM":23.0,"FTA":34.0,"FT%":67.6470588235,"PTS":107.0,"OFF":58.0,"DEF":112.0,"REB":170.0,"AST":9.0,"TO":26.0,"STL":11.0,"BLK":28.0,"STK":39.0,"PF":26.0,"Fls on:":43.0,"+\/-":4.0,"GW":4.0,"GP":11.0},"A. Nakai":{"TEAM":"FEU","MINS":74.8666666665,"FGM":7.0,"FGA":23.0,"FG%":30.4347826087,"2PM":4.0,"2PA":8.0,"2P%":50.0,"3PM":3.0,"3PA":15.0,"3P%":20.0,"FTM":2.0,"FTA":6.0,"FT%":33.3333333333,"PTS":19.0,"OFF":3.0,"DEF":9.0,"REB":12.0,"AST":1.0,"TO":3.0,"STL":2.0,"BLK":0.0,"STK":2.0,"PF":10.0,"Fls on:":5.0,"+\/-":-25.0,"GW":4.0,"GP":11.0}}