{"J. Bautista":{"TEAM":"FEU","MINS":29.1909090909,"FGM":5.1385861102,"FGA":14.9486141389,"FG%":34.375,"2PM":3.4568670196,"2PA":8.5954531299,"2P%":40.2173913043,"3PM":1.6817190906,"3PA":6.353161009,"3P%":26.4705882353,"FTM":2.0554344441,"FTA":2.5225786359,"FT%":81.4814814815,"PTS":14.0143257552,"OFF":0.5605730302,"DEF":3.3634381813,"REB":3.9240112115,"AST":1.775147929,"TO":1.1211460604,"STL":1.3080037372,"BLK":0.0,"STK":1.3080037372,"PF":1.4948614139,"Fls on:":2.7094363127,"+\/-":1.4014325755,"GW":4.0,"GP":11.0},"V. Pre":{"TEAM":"FEU","MINS":33.3575757576,"FGM":4.660247093,"FGA":11.4462209302,"FG%":40.7142857143,"2PM":4.0061773256,"2PA":8.8299418605,"2P%":45.3703703704,"3PM":0.6540697674,"3PA":2.6162790698,"3P%":25.0,"FTM":2.6162790698,"FTA":3.6791424419,"FT%":71.1111111111,"PTS":12.5908430233,"OFF":1.7986918605,"DEF":4.9055232558,"REB":6.7042151163,"AST":1.3081395349,"TO":2.9433139535,"STL":0.1635174419,"BLK":0.5723110465,"STK":0.7358284884,"PF":1.7169331395,"Fls on:":2.7797965116,"+\/-":-3.7609011628,"GW":4.0,"GP":11.0},"R. Alforque":{"TEAM":"FEU","MINS":22.6666666666,"FGM":3.3689839572,"FGA":8.9037433155,"FG%":37.8378378378,"2PM":3.0080213904,"2PA":7.4598930481,"2P%":40.3225806452,"3PM":0.3609625668,"3PA":1.4438502674,"3P%":25.0,"FTM":2.2860962567,"FTA":3.7299465241,"FT%":61.2903225806,"PTS":9.385026738,"OFF":2.1657754011,"DEF":4.9331550802,"REB":7.0989304813,"AST":3.8502673797,"TO":2.5267379679,"STL":1.3235294118,"BLK":0.0,"STK":1.3235294118,"PF":2.1657754011,"Fls on:":4.9331550802,"+\/-":0.6016042781,"GW":4.0,"GP":11.0},"J. Pasaol":{"TEAM":"FEU","MINS":23.2803030303,"FGM":3.1630328669,"FGA":10.6605922551,"FG%":29.6703296703,"2PM":2.4601366743,"2PA":7.7318581191,"2P%":31.8181818182,"3PM":0.7028961926,"3PA":2.928734136,"3P%":24.0,"FTM":2.2258379434,"FTA":3.7487796941,"FT%":59.375,"PTS":9.2547998698,"OFF":0.5857468272,"DEF":4.2173771559,"REB":4.8031239831,"AST":3.5144809632,"TO":2.8115847706,"STL":1.6400911162,"BLK":0.0,"STK":1.6400911162,"PF":2.2258379434,"Fls on:":3.3973315978,"+\/-":-8.7862024081,"GW":4.0,"GP":11.0},"M. Konateh":{"TEAM":"FEU","MINS":34.3,"FGM":3.3395176252,"FGA":7.2356215213,"FG%":46.1538461538,"2PM":3.3395176252,"2PA":7.1561091969,"2P%":46.6666666667,"3PM":0.0,"3PA":0.0795123244,"3P%":0.0,"FTM":1.8287834614,"FTA":2.70341903,"FT%":67.6470588235,"PTS":8.5078187119,"OFF":4.6117148158,"DEF":8.905380334,"REB":13.5170951498,"AST":0.7156109197,"TO":2.0673204347,"STL":0.8746355685,"BLK":2.2263450835,"STK":3.100980652,"PF":2.0673204347,"Fls on:":3.4190299496,"+\/-":0.3180492976,"GW":4.0,"GP":11.0},"A. Nakai":{"TEAM":"FEU","MINS":6.806060606,"FGM":2.8049866429,"FGA":9.2163846839,"FG%":30.4347826087,"2PM":1.6028495102,"2PA":3.2056990205,"2P%":50.0,"3PM":1.2021371327,"3PA":6.0106856634,"3P%":20.0,"FTM":0.8014247551,"FTA":2.4042742654,"FT%":33.3333333333,"PTS":7.6135351737,"OFF":1.2021371327,"DEF":3.606411398,"REB":4.8085485307,"AST":0.4007123776,"TO":1.2021371327,"STL":0.8014247551,"BLK":0.0,"STK":0.8014247551,"PF":4.0071237756,"Fls on:":2.0035618878,"+\/-":-10.017809439,"GW":4.0,"GP":11.0},"A. Bagunu":{"TEAM":"FEU","MINS":7.3041666667,"FGM":1.5402167713,"FGA":6.6742726754,"FG%":23.0769230769,"2PM":1.0268111808,"2PA":4.6206503138,"2P%":22.2222222222,"3PM":0.5134055904,"3PA":2.0536223617,"3P%":25.0,"FTM":2.5670279521,"FTA":2.5670279521,"FT%":100.0,"PTS":6.160867085,"OFF":1.5402167713,"DEF":4.1072447233,"REB":5.6474614946,"AST":1.0268111808,"TO":2.5670279521,"STL":0.5134055904,"BLK":0.5134055904,"STK":1.0268111808,"PF":3.0804335425,"Fls on:":3.5938391329,"+\/-":-2.0536223617,"GW":1.0,"GP":8.0},"R. Montemayor":{"TEAM":"FEU","MINS":16.335,"FGM":2.3875114784,"FGA":8.0808080808,"FG%":29.5454545455,"2PM":1.652892562,"2PA":3.305785124,"2P%":50.0,"3PM":0.7346189164,"3PA":4.7750229568,"3P%":15.3846153846,"FTM":0.5509641873,"FTA":0.5509641873,"FT%":100.0,"PTS":6.0606060606,"OFF":1.652892562,"DEF":2.3875114784,"REB":4.0404040404,"AST":0.5509641873,"TO":0.9182736455,"STL":0.1836547291,"BLK":0.5509641873,"STK":0.7346189164,"PF":2.0202020202,"Fls on:":0.1836547291,"+\/-":2.9384756657,"GW":4.0,"GP":10.0},"J. Daa":{"TEAM":"FEU","MINS":16.8742424242,"FGM":2.1011044267,"FGA":8.7276645416,"FG%":24.0740740741,"2PM":1.7778575918,"2PA":4.6870791057,"2P%":37.9310344828,"3PM":0.3232468349,"3PA":4.0405854359,"3P%":8.0,"FTM":0.1616234174,"FTA":0.3232468349,"FT%":50.0,"PTS":4.6870791057,"OFF":0.6464936697,"DEF":2.1011044267,"REB":2.7475980964,"AST":1.7778575918,"TO":2.585974679,"STL":1.1313639221,"BLK":0.1616234174,"STK":1.2929873395,"PF":3.7173386011,"Fls on:":1.2929873395,"+\/-":-2.1011044267,"GW":4.0,"GP":11.0},"C. Anonuevo":{"TEAM":"FEU","MINS":18.3611111111,"FGM":1.6338880484,"FGA":6.8078668684,"FG%":24.0,"2PM":1.0892586989,"2PA":2.7231467474,"2P%":40.0,"3PM":0.5446293495,"3PA":4.084720121,"3P%":13.3333333333,"FTM":0.5446293495,"FTA":1.0892586989,"FT%":50.0,"PTS":4.3570347958,"OFF":1.6338880484,"DEF":5.17397882,"REB":6.8078668684,"AST":2.4508320726,"TO":3.8124054463,"STL":2.1785173979,"BLK":0.5446293495,"STK":2.7231467474,"PF":2.9954614221,"Fls on:":2.1785173979,"+\/-":-8.9863842663,"GW":3.0,"GP":6.0},"M. Ona":{"TEAM":"FEU","MINS":7.1590909091,"FGM":1.1428571429,"FGA":4.1904761905,"FG%":27.2727272727,"2PM":1.1428571429,"2PA":3.4285714286,"2P%":33.3333333333,"3PM":0.0,"3PA":0.7619047619,"3P%":0.0,"FTM":1.1428571429,"FTA":1.9047619048,"FT%":60.0,"PTS":3.4285714286,"OFF":2.6666666667,"DEF":4.1904761905,"REB":6.8571428571,"AST":0.7619047619,"TO":0.380952381,"STL":0.0,"BLK":0.380952381,"STK":0.380952381,"PF":8.0,"Fls on:":1.9047619048,"+\/-":-3.4285714286,"GW":4.0,"GP":11.0},"N. Duque":{"TEAM":"FEU","MINS":0.4666666667,"FGM":0.0,"FGA":0.0,"FG%":0.0,"2PM":0.0,"2PA":0.0,"2P%":0.0,"3PM":0.0,"3PA":0.0,"3P%":0.0,"FTM":0.0,"FTA":0.0,"FT%":0.0,"PTS":0.0,"OFF":0.0,"DEF":0.0,"REB":0.0,"AST":0.0,"TO":0.0,"STL":0.0,"BLK":0.0,"STK":0.0,"PF":0.0,"Fls on:":0.0,"+\/-":0.0,"GW":0.0,"GP":1.0},"J. Jones":{"TEAM":"FEU","MINS":1.6833333334,"FGM":0.0,"FGA":0.0,"FG%":0.0,"2PM":0.0,"2PA":0.0,"2P%":0.0,"3PM":0.0,"3PA":0.0,"3P%":0.0,"FTM":0.0,"FTA":0.0,"FT%":0.0,"PTS":0.0,"OFF":0.0,"DEF":4.4554455445,"REB":4.4554455445,"AST":0.0,"TO":0.0,"STL":0.0,"BLK":0.0,"STK":0.0,"PF":8.910891089,"Fls on:":0.0,"+\/-":-66.8316831677,"GW":2.0,"GP":4.0}}