{"J. Daa":{"TEAM":"FEU","MINS":235.8166666667,"FGM":16.0,"FGA":65.0,"FG%":24.6153846154,"2PM":13.0,"2PA":34.0,"2P%":38.2352941176,"3PM":3.0,"3PA":31.0,"3P%":9.6774193548,"FTM":3.0,"FTA":4.0,"FT%":75.0,"PTS":38.0,"OFF":7.0,"DEF":17.0,"REB":24.0,"AST":12.0,"TO":17.0,"STL":7.0,"BLK":2.0,"STK":9.0,"PF":28.0,"Fls on:":11.0,"+\/-":-28.0,"GW":5.0,"GP":14.0},"J. Pasaol":{"TEAM":"FEU","MINS":336.3,"FGM":41.0,"FGA":120.0,"FG%":34.1666666667,"2PM":34.0,"2PA":88.0,"2P%":38.6363636364,"3PM":7.0,"3PA":32.0,"3P%":21.875,"FTM":30.0,"FTA":47.0,"FT%":63.829787234,"PTS":119.0,"OFF":9.0,"DEF":49.0,"REB":58.0,"AST":43.0,"TO":32.0,"STL":17.0,"BLK":0.0,"STK":17.0,"PF":24.0,"Fls on:":43.0,"+\/-":-93.0,"GW":5.0,"GP":14.0},"A. Bagunu":{"TEAM":"FEU","MINS":72.2833333333,"FGM":4.0,"FGA":16.0,"FG%":25.0,"2PM":3.0,"2PA":10.0,"2P%":30.0,"3PM":1.0,"3PA":6.0,"3P%":16.6666666667,"FTM":5.0,"FTA":5.0,"FT%":100.0,"PTS":14.0,"OFF":4.0,"DEF":8.0,"REB":12.0,"AST":2.0,"TO":6.0,"STL":1.0,"BLK":1.0,"STK":2.0,"PF":6.0,"Fls on:":7.0,"+\/-":2.0,"GW":2.0,"GP":11.0},"M. Ona":{"TEAM":"FEU","MINS":90.8666666667,"FGM":4.0,"FGA":12.0,"FG%":33.3333333333,"2PM":4.0,"2PA":10.0,"2P%":40.0,"3PM":0.0,"3PA":2.0,"3P%":0.0,"FTM":3.0,"FTA":5.0,"FT%":60.0,"PTS":11.0,"OFF":7.0,"DEF":12.0,"REB":19.0,"AST":2.0,"TO":1.0,"STL":0.0,"BLK":1.0,"STK":1.0,"PF":23.0,"Fls on:":5.0,"+\/-":13.0,"GW":5.0,"GP":14.0},"J. Bautista":{"TEAM":"FEU","MINS":405.2666666665,"FGM":62.0,"FGA":188.0,"FG%":32.9787234043,"2PM":41.0,"2PA":110.0,"2P%":37.2727272727,"3PM":21.0,"3PA":78.0,"3P%":26.9230769231,"FTM":29.0,"FTA":35.0,"FT%":82.8571428571,"PTS":174.0,"OFF":9.0,"DEF":41.0,"REB":50.0,"AST":22.0,"TO":26.0,"STL":16.0,"BLK":0.0,"STK":16.0,"PF":20.0,"Fls on:":35.0,"+\/-":-9.0,"GW":5.0,"GP":14.0},"N. Duque":{"TEAM":"FEU","MINS":0.4666666667,"FGM":0.0,"FGA":0.0,"FG%":0.0,"2PM":0.0,"2PA":0.0,"2P%":0.0,"3PM":0.0,"3PA":0.0,"3P%":0.0,"FTM":0.0,"FTA":0.0,"FT%":0.0,"PTS":0.0,"OFF":0.0,"DEF":0.0,"REB":0.0,"AST":0.0,"TO":0.0,"STL":0.0,"BLK":0.0,"STK":0.0,"PF":0.0,"Fls on:":0.0,"+\/-":0.0,"GW":0.0,"GP":1.0},"R. Montemayor":{"TEAM":"FEU","MINS":224.3000000001,"FGM":18.0,"FGA":59.0,"FG%":30.5084745763,"2PM":10.0,"2PA":22.0,"2P%":45.4545454545,"3PM":8.0,"3PA":37.0,"3P%":21.6216216216,"FTM":9.0,"FTA":11.0,"FT%":81.8181818182,"PTS":53.0,"OFF":11.0,"DEF":20.0,"REB":31.0,"AST":5.0,"TO":6.0,"STL":3.0,"BLK":4.0,"STK":7.0,"PF":19.0,"Fls on:":5.0,"+\/-":54.0,"GW":5.0,"GP":13.0},"C. Anonuevo":{"TEAM":"FEU","MINS":119.5833333334,"FGM":7.0,"FGA":28.0,"FG%":25.0,"2PM":4.0,"2PA":10.0,"2P%":40.0,"3PM":3.0,"3PA":18.0,"3P%":16.6666666667,"FTM":2.0,"FTA":4.0,"FT%":50.0,"PTS":19.0,"OFF":7.0,"DEF":20.0,"REB":27.0,"AST":9.0,"TO":15.0,"STL":8.0,"BLK":3.0,"STK":11.0,"PF":13.0,"Fls on:":9.0,"+\/-":-24.0,"GW":3.0,"GP":7.0},"R. Alforque":{"TEAM":"FEU","MINS":317.1666666665,"FGM":37.0,"FGA":102.0,"FG%":36.2745098039,"2PM":33.0,"2PA":85.0,"2P%":38.8235294118,"3PM":4.0,"3PA":17.0,"3P%":23.5294117647,"FTM":28.0,"FTA":41.0,"FT%":68.2926829268,"PTS":106.0,"OFF":19.0,"DEF":50.0,"REB":69.0,"AST":40.0,"TO":29.0,"STL":12.0,"BLK":0.0,"STK":12.0,"PF":26.0,"Fls on:":52.0,"+\/-":-2.0,"GW":5.0,"GP":14.0},"V. Pre":{"TEAM":"FEU","MINS":468.4666666667,"FGM":69.0,"FGA":172.0,"FG%":40.1162790698,"2PM":56.0,"2PA":129.0,"2P%":43.4108527132,"3PM":13.0,"3PA":43.0,"3P%":30.2325581395,"FTM":35.0,"FTA":49.0,"FT%":71.4285714286,"PTS":186.0,"OFF":25.0,"DEF":73.0,"REB":98.0,"AST":19.0,"TO":45.0,"STL":3.0,"BLK":13.0,"STK":16.0,"PF":27.0,"Fls on:":37.0,"+\/-":-57.0,"GW":5.0,"GP":14.0},"J. Jones":{"TEAM":"FEU","MINS":6.7333333334,"FGM":0.0,"FGA":0.0,"FG%":0.0,"2PM":0.0,"2PA":0.0,"2P%":0.0,"3PM":0.0,"3PA":0.0,"3P%":0.0,"FTM":0.0,"FTA":0.0,"FT%":0.0,"PTS":0.0,"OFF":0.0,"DEF":1.0,"REB":1.0,"AST":0.0,"TO":0.0,"STL":0.0,"BLK":0.0,"STK":0.0,"PF":2.0,"Fls on:":0.0,"+\/-":-15.0,"GW":2.0,"GP":4.0},"M. Konateh":{"TEAM":"FEU","MINS":490.5666666666,"FGM":58.0,"FGA":123.0,"FG%":47.1544715447,"2PM":58.0,"2PA":121.0,"2P%":47.9338842975,"3PM":0.0,"3PA":2.0,"3P%":0.0,"FTM":27.0,"FTA":44.0,"FT%":61.3636363636,"PTS":143.0,"OFF":81.0,"DEF":153.0,"REB":234.0,"AST":13.0,"TO":33.0,"STL":13.0,"BLK":33.0,"STK":46.0,"PF":34.0,"Fls on:":53.0,"+\/-":-8.0,"GW":5.0,"GP":14.0},"A. Nakai":{"TEAM":"FEU","MINS":81.0833333332,"FGM":7.0,"FGA":27.0,"FG%":25.9259259259,"2PM":4.0,"2PA":10.0,"2P%":40.0,"3PM":3.0,"3PA":17.0,"3P%":17.6470588235,"FTM":2.0,"FTA":6.0,"FT%":33.3333333333,"PTS":19.0,"OFF":3.0,"DEF":10.0,"REB":13.0,"AST":1.0,"TO":4.0,"STL":3.0,"BLK":0.0,"STK":3.0,"PF":10.0,"Fls on:":5.0,"+\/-":-23.0,"GW":5.0,"GP":13.0}}