{"J. Bautista":{"TEAM":"FEU","MINS":28.8527777778,"FGM":4.7655723501,"FGA":14.6433041302,"FG%":32.5443786982,"2PM":3.20593049,"2PA":8.3180899201,"2P%":38.5416666667,"3PM":1.55964186,"3PA":6.3252142101,"3P%":24.6575342466,"FTM":1.90622894,"FTA":2.33946279,"FT%":81.4814814815,"PTS":12.9970155001,"OFF":0.51988062,"DEF":3.11928372,"REB":3.63916434,"AST":1.64628863,"TO":1.21305478,"STL":1.21305478,"BLK":0.0,"STK":1.21305478,"PF":1.64628863,"Fls on:":2.51275633,"+\/-":-0.60652739,"GW":4.0,"GP":12.0},"V. Pre":{"TEAM":"FEU","MINS":33.4541666667,"FGM":4.6332046332,"FGA":11.583011583,"FG%":40.0,"2PM":3.8859135633,"2PA":8.8927637315,"2P%":43.6974789916,"3PM":0.7472910699,"3PA":2.6902478515,"3P%":27.7777777778,"FTM":2.3913314236,"FTA":3.3628098144,"FT%":71.1111111111,"PTS":12.4050317599,"OFF":1.7187694607,"DEF":4.7826628472,"REB":6.5014323079,"AST":1.1956657118,"TO":2.8397060655,"STL":0.149458214,"BLK":0.5231037489,"STK":0.6725619629,"PF":1.7187694607,"Fls on:":2.5407896376,"+\/-":-4.5584755262,"GW":4.0,"GP":12.0},"R. Alforque":{"TEAM":"FEU","MINS":22.675,"FGM":3.4178610805,"FGA":9.0407938258,"FG%":37.8048780488,"2PM":3.0871003308,"2PA":7.7177508269,"2P%":40.0,"3PM":0.3307607497,"3PA":1.3230429989,"3P%":25.0,"FTM":2.6460859978,"FTA":3.9691289967,"FT%":66.6666666667,"PTS":9.8125689085,"OFF":2.0948180816,"DEF":4.8511576626,"REB":6.9459757442,"AST":3.7486218302,"TO":2.756339581,"STL":1.2127894157,"BLK":0.0,"STK":1.2127894157,"PF":2.2050716648,"Fls on:":5.0716648291,"+\/-":0.441014333,"GW":4.0,"GP":12.0},"J. Pasaol":{"TEAM":"FEU","MINS":23.3222222222,"FGM":3.4302048595,"FGA":11.0409718914,"FG%":31.067961165,"2PM":2.7870414483,"2PA":7.9323487375,"2P%":35.1351351351,"3PM":0.6431634111,"3PA":3.1086231539,"3P%":20.6896551724,"FTM":2.1438780372,"FTA":3.5373987613,"FT%":60.6060606061,"PTS":9.6474511672,"OFF":0.5359695093,"DEF":4.1805621725,"REB":4.7165316818,"AST":3.3230109576,"TO":3.001429252,"STL":1.500714626,"BLK":0.0,"STK":1.500714626,"PF":2.1438780372,"Fls on:":3.5373987613,"+\/-":-9.5402572654,"GW":4.0,"GP":12.0},"M. Konateh":{"TEAM":"FEU","MINS":34.7430555556,"FGM":3.4539276434,"FGA":7.1956825904,"FG%":48.0,"2PM":3.4539276434,"2PA":7.1237257645,"2P%":48.4848484848,"3PM":0.0,"3PA":0.0719568259,"3P%":0.0,"FTM":1.7989206476,"FTA":2.8063162103,"FT%":64.1025641026,"PTS":8.7067759344,"OFF":4.8211073356,"DEF":9.3543873676,"REB":14.1754947032,"AST":0.719568259,"TO":1.9428342994,"STL":0.7915250849,"BLK":2.1587047771,"STK":2.9502298621,"PF":2.0867479512,"Fls on:":3.4539276434,"+\/-":0.0719568259,"GW":4.0,"GP":12.0},"A. Nakai":{"TEAM":"FEU","MINS":6.3597222222,"FGM":2.7516925093,"FGA":9.0412753877,"FG%":30.4347826087,"2PM":1.5723957196,"2PA":3.1447914392,"2P%":50.0,"3PM":1.1792967897,"3PA":5.8964839485,"3P%":20.0,"FTM":0.7861978598,"FTA":2.3585935794,"FT%":33.3333333333,"PTS":7.4688796681,"OFF":1.1792967897,"DEF":3.5378903691,"REB":4.7171871588,"AST":0.3930989299,"TO":1.1792967897,"STL":0.7861978598,"BLK":0.0,"STK":0.7861978598,"PF":3.930989299,"Fls on:":1.9654946495,"+\/-":-9.0412753877,"GW":4.0,"GP":12.0},"A. Bagunu":{"TEAM":"FEU","MINS":6.712962963,"FGM":1.4896551724,"FGA":6.4551724138,"FG%":23.0769230769,"2PM":0.9931034483,"2PA":4.4689655172,"2P%":22.2222222222,"3PM":0.4965517241,"3PA":1.9862068966,"3P%":25.0,"FTM":2.4827586207,"FTA":2.4827586207,"FT%":100.0,"PTS":5.9586206897,"OFF":1.4896551724,"DEF":3.9724137931,"REB":5.4620689655,"AST":0.9931034483,"TO":2.4827586207,"STL":0.4965517241,"BLK":0.4965517241,"STK":0.9931034483,"PF":2.9793103448,"Fls on:":3.475862069,"+\/-":-1.9862068966,"GW":1.0,"GP":9.0},"R. Montemayor":{"TEAM":"FEU","MINS":16.4666666667,"FGM":2.1531100478,"FGA":7.949944792,"FG%":27.0833333333,"2PM":1.4906146485,"2PA":3.3124769967,"2P%":45.0,"3PM":0.6624953993,"3PA":4.6374677954,"3P%":14.2857142857,"FTM":0.4968715495,"FTA":0.4968715495,"FT%":100.0,"PTS":5.4655870445,"OFF":1.4906146485,"DEF":2.4843577475,"REB":3.974972396,"AST":0.4968715495,"TO":0.993743099,"STL":0.4968715495,"BLK":0.4968715495,"STK":0.993743099,"PF":2.3187338977,"Fls on:":0.1656238498,"+\/-":4.968715495,"GW":4.0,"GP":11.0},"C. Anonuevo":{"TEAM":"FEU","MINS":17.0833333333,"FGM":1.756097561,"FGA":7.0243902439,"FG%":25.0,"2PM":1.0034843206,"2PA":2.5087108014,"2P%":40.0,"3PM":0.7526132404,"3PA":4.5156794425,"3P%":16.6666666667,"FTM":0.5017421603,"FTA":1.0034843206,"FT%":50.0,"PTS":4.7665505226,"OFF":1.756097561,"DEF":5.0174216028,"REB":6.7735191638,"AST":2.2578397213,"TO":3.7630662021,"STL":2.0069686411,"BLK":0.7526132404,"STK":2.7595818815,"PF":3.2613240418,"Fls on:":2.2578397213,"+\/-":-6.0209059233,"GW":3.0,"GP":7.0},"J. Daa":{"TEAM":"FEU","MINS":16.9388888889,"FGM":2.0662512299,"FGA":8.8553624139,"FG%":23.3333333333,"2PM":1.7710724828,"2PA":4.8704493276,"2P%":36.3636363636,"3PM":0.2951787471,"3PA":3.9849130863,"3P%":7.4074074074,"FTM":0.1475893736,"FTA":0.2951787471,"FT%":50.0,"PTS":4.5752705805,"OFF":0.7379468678,"DEF":1.9186618563,"REB":2.6566087242,"AST":1.6234831092,"TO":2.361429977,"STL":1.033125615,"BLK":0.2951787471,"STK":1.3283043621,"PF":3.394555592,"Fls on:":1.4758937357,"+\/-":-2.6566087242,"GW":4.0,"GP":12.0},"M. Ona":{"TEAM":"FEU","MINS":7.0458333333,"FGM":1.0644589001,"FGA":3.9030159669,"FG%":27.2727272727,"2PM":1.0644589001,"2PA":3.1933767002,"2P%":33.3333333333,"3PM":0.0,"3PA":0.7096392667,"3P%":0.0,"FTM":1.0644589001,"FTA":1.7740981668,"FT%":60.0,"PTS":3.1933767002,"OFF":2.4837374335,"DEF":3.9030159669,"REB":6.3867534003,"AST":0.7096392667,"TO":0.3548196334,"STL":0.0,"BLK":0.3548196334,"STK":0.3548196334,"PF":7.4512123004,"Fls on:":1.7740981668,"+\/-":0.3548196334,"GW":4.0,"GP":12.0},"N. Duque":{"TEAM":"FEU","MINS":0.4666666667,"FGM":0.0,"FGA":0.0,"FG%":0.0,"2PM":0.0,"2PA":0.0,"2P%":0.0,"3PM":0.0,"3PA":0.0,"3P%":0.0,"FTM":0.0,"FTA":0.0,"FT%":0.0,"PTS":0.0,"OFF":0.0,"DEF":0.0,"REB":0.0,"AST":0.0,"TO":0.0,"STL":0.0,"BLK":0.0,"STK":0.0,"PF":0.0,"Fls on:":0.0,"+\/-":0.0,"GW":0.0,"GP":1.0},"J. Jones":{"TEAM":"FEU","MINS":1.6833333334,"FGM":0.0,"FGA":0.0,"FG%":0.0,"2PM":0.0,"2PA":0.0,"2P%":0.0,"3PM":0.0,"3PA":0.0,"3P%":0.0,"FTM":0.0,"FTA":0.0,"FT%":0.0,"PTS":0.0,"OFF":0.0,"DEF":4.4554455445,"REB":4.4554455445,"AST":0.0,"TO":0.0,"STL":0.0,"BLK":0.0,"STK":0.0,"PF":8.910891089,"Fls on:":0.0,"+\/-":-66.8316831677,"GW":2.0,"GP":4.0}}