{"V. Pre":{"TEAM":"FEU","MINS":33.3833333333,"FGM":4.9230769231,"FGA":12.3846153846,"FG%":39.751552795,"2PM":4.0769230769,"2PA":9.4615384615,"2P%":43.0894308943,"3PM":0.8461538462,"3PA":2.9230769231,"3P%":28.9473684211,"FTM":2.4615384615,"FTA":3.4615384615,"FT%":71.1111111111,"PTS":13.1538461538,"OFF":1.7692307692,"DEF":5.1538461538,"REB":6.9230769231,"AST":1.3076923077,"TO":3.1538461538,"STL":0.1538461538,"BLK":0.7692307692,"STK":0.9230769231,"PF":2.0,"Fls on:":2.6153846154,"+\/-":-4.3076923077,"GW":5.0,"GP":13.0},"J. Bautista":{"TEAM":"FEU","MINS":28.8948717949,"FGM":4.4615384615,"FGA":13.6923076923,"FG%":32.5842696629,"2PM":2.9230769231,"2PA":7.8461538462,"2P%":37.2549019608,"3PM":1.5384615385,"3PA":5.8461538462,"3P%":26.3157894737,"FTM":1.6923076923,"FTA":2.0769230769,"FT%":81.4814814815,"PTS":12.1538461538,"OFF":0.6153846154,"DEF":3.0769230769,"REB":3.6923076923,"AST":1.6923076923,"TO":1.6153846154,"STL":1.1538461538,"BLK":0.0,"STK":1.1538461538,"PF":1.5384615385,"Fls on:":2.3846153846,"+\/-":0.2307692308,"GW":5.0,"GP":13.0},"M. Konateh":{"TEAM":"FEU","MINS":35.0243589744,"FGM":4.0769230769,"FGA":8.5384615385,"FG%":47.7477477477,"2PM":4.0769230769,"2PA":8.4615384615,"2P%":48.1818181818,"3PM":0.0,"3PA":0.0769230769,"3P%":0.0,"FTM":2.0,"FTA":3.2307692308,"FT%":61.9047619048,"PTS":10.1538461538,"OFF":5.7692307692,"DEF":11.0,"REB":16.7692307692,"AST":0.7692307692,"TO":2.4615384615,"STL":0.9230769231,"BLK":2.4615384615,"STK":3.3846153846,"PF":2.3076923077,"Fls on:":4.0,"+\/-":0.4615384615,"GW":5.0,"GP":13.0},"J. Pasaol":{"TEAM":"FEU","MINS":23.4076923077,"FGM":2.8461538462,"FGA":8.5384615385,"FG%":33.3333333333,"2PM":2.3076923077,"2PA":6.1538461538,"2P%":37.5,"3PM":0.5384615385,"3PA":2.3846153846,"3P%":22.5806451613,"FTM":1.7692307692,"FTA":2.8461538462,"FT%":62.1621621622,"PTS":8.0,"OFF":0.5384615385,"DEF":3.3846153846,"REB":3.9230769231,"AST":2.8461538462,"TO":2.2307692308,"STL":1.2307692308,"BLK":0.0,"STK":1.2307692308,"PF":1.6153846154,"Fls on:":2.6923076923,"+\/-":-6.3846153846,"GW":5.0,"GP":13.0},"R. Alforque":{"TEAM":"FEU","MINS":22.7474358974,"FGM":2.6923076923,"FGA":7.1538461538,"FG%":37.6344086022,"2PM":2.4615384615,"2PA":6.0769230769,"2P%":40.5063291139,"3PM":0.2307692308,"3PA":1.0769230769,"3P%":21.4285714286,"FTM":1.8461538462,"FTA":2.8461538462,"FT%":64.8648648649,"PTS":7.4615384615,"OFF":1.4615384615,"DEF":3.6923076923,"REB":5.1538461538,"AST":2.7692307692,"TO":2.0,"STL":0.8461538462,"BLK":0.0,"STK":0.8461538462,"PF":1.7692307692,"Fls on:":3.6153846154,"+\/-":0.0,"GW":5.0,"GP":13.0},"R. Montemayor":{"TEAM":"FEU","MINS":16.7791666667,"FGM":1.3333333333,"FGA":4.5833333333,"FG%":29.0909090909,"2PM":0.75,"2PA":1.75,"2P%":42.8571428571,"3PM":0.5833333333,"3PA":2.8333333333,"3P%":20.5882352941,"FTM":0.5833333333,"FTA":0.75,"FT%":77.7777777778,"PTS":3.8333333333,"OFF":0.8333333333,"DEF":1.4166666667,"REB":2.25,"AST":0.3333333333,"TO":0.5,"STL":0.25,"BLK":0.3333333333,"STK":0.5833333333,"PF":1.3333333333,"Fls on:":0.3333333333,"+\/-":3.4166666667,"GW":5.0,"GP":12.0},"C. Anonuevo":{"TEAM":"FEU","MINS":17.0833333333,"FGM":1.0,"FGA":4.0,"FG%":25.0,"2PM":0.5714285714,"2PA":1.4285714286,"2P%":40.0,"3PM":0.4285714286,"3PA":2.5714285714,"3P%":16.6666666667,"FTM":0.2857142857,"FTA":0.5714285714,"FT%":50.0,"PTS":2.7142857143,"OFF":1.0,"DEF":2.8571428571,"REB":3.8571428571,"AST":1.2857142857,"TO":2.1428571429,"STL":1.1428571429,"BLK":0.4285714286,"STK":1.5714285714,"PF":1.8571428571,"Fls on:":1.2857142857,"+\/-":-3.4285714286,"GW":3.0,"GP":7.0},"J. Daa":{"TEAM":"FEU","MINS":16.9730769231,"FGM":1.1538461538,"FGA":4.9230769231,"FG%":23.4375,"2PM":1.0,"2PA":2.6153846154,"2P%":38.2352941176,"3PM":0.1538461538,"3PA":2.3076923077,"3P%":6.6666666667,"FTM":0.2307692308,"FTA":0.3076923077,"FT%":75.0,"PTS":2.6923076923,"OFF":0.5384615385,"DEF":1.0769230769,"REB":1.6153846154,"AST":0.9230769231,"TO":1.2307692308,"STL":0.5384615385,"BLK":0.1538461538,"STK":0.6923076923,"PF":2.0,"Fls on:":0.8461538462,"+\/-":-1.0,"GW":5.0,"GP":13.0},"A. Nakai":{"TEAM":"FEU","MINS":6.2371794872,"FGM":0.5384615385,"FGA":2.0769230769,"FG%":25.9259259259,"2PM":0.3076923077,"2PA":0.7692307692,"2P%":40.0,"3PM":0.2307692308,"3PA":1.3076923077,"3P%":17.6470588235,"FTM":0.1538461538,"FTA":0.4615384615,"FT%":33.3333333333,"PTS":1.4615384615,"OFF":0.2307692308,"DEF":0.7692307692,"REB":1.0,"AST":0.0769230769,"TO":0.3076923077,"STL":0.2307692308,"BLK":0.0,"STK":0.2307692308,"PF":0.7692307692,"Fls on:":0.3846153846,"+\/-":-1.7692307692,"GW":5.0,"GP":13.0},"A. Bagunu":{"TEAM":"FEU","MINS":6.8016666667,"FGM":0.4,"FGA":1.6,"FG%":25.0,"2PM":0.3,"2PA":1.0,"2P%":30.0,"3PM":0.1,"3PA":0.6,"3P%":16.6666666667,"FTM":0.5,"FTA":0.5,"FT%":100.0,"PTS":1.4,"OFF":0.4,"DEF":0.8,"REB":1.2,"AST":0.2,"TO":0.5,"STL":0.1,"BLK":0.1,"STK":0.2,"PF":0.6,"Fls on:":0.7,"+\/-":0.7,"GW":2.0,"GP":10.0},"M. Ona":{"TEAM":"FEU","MINS":6.6256410256,"FGM":0.2307692308,"FGA":0.8461538462,"FG%":27.2727272727,"2PM":0.2307692308,"2PA":0.6923076923,"2P%":33.3333333333,"3PM":0.0,"3PA":0.1538461538,"3P%":0.0,"FTM":0.2307692308,"FTA":0.3846153846,"FT%":60.0,"PTS":0.6923076923,"OFF":0.5384615385,"DEF":0.9230769231,"REB":1.4615384615,"AST":0.1538461538,"TO":0.0769230769,"STL":0.0,"BLK":0.0769230769,"STK":0.0769230769,"PF":1.6923076923,"Fls on:":0.3846153846,"+\/-":0.5384615385,"GW":5.0,"GP":13.0},"J. Jones":{"TEAM":"FEU","MINS":1.6833333334,"FGM":0.0,"FGA":0.0,"FG%":0.0,"2PM":0.0,"2PA":0.0,"2P%":0.0,"3PM":0.0,"3PA":0.0,"3P%":0.0,"FTM":0.0,"FTA":0.0,"FT%":0.0,"PTS":0.0,"OFF":0.0,"DEF":0.25,"REB":0.25,"AST":0.0,"TO":0.0,"STL":0.0,"BLK":0.0,"STK":0.0,"PF":0.5,"Fls on:":0.0,"+\/-":-3.75,"GW":2.0,"GP":4.0},"N. Duque":{"TEAM":"FEU","MINS":0.4666666667,"FGM":0.0,"FGA":0.0,"FG%":0.0,"2PM":0.0,"2PA":0.0,"2P%":0.0,"3PM":0.0,"3PA":0.0,"3P%":0.0,"FTM":0.0,"FTA":0.0,"FT%":0.0,"PTS":0.0,"OFF":0.0,"DEF":0.0,"REB":0.0,"AST":0.0,"TO":0.0,"STL":0.0,"BLK":0.0,"STK":0.0,"PF":0.0,"Fls on:":0.0,"+\/-":0.0,"GW":0.0,"GP":1.0}}