PLAYER,TEAM,SP,GP,MPG,EWA,PER,WS,OWS,DWS,EFF,GmSc,TS%,EFG%,PPWS,FTR,REB%,OREB%,DREB%,AR,pAST%,hAST%,TOR,hTO%,AST/TO,STL/TO,PPR,USG%,STL%,BLK%,aSP,ORtg,DRtg,Floor%,Stop%,FFI,PIE,AV,DRE/100,DRE/75,POS
League,League,38.64035120311342,10.990331442,20.061076662168237,0.6309032955398677,16.571668216462413,0.634917196483382,0.392390435028087,0.24252676145529495,7.6392539903256536,4.659174415205048,45.97959278913999,42.53481259836901,0.9195918557827999,0.3014060902906023,10.720749929839865,6.328782135119107,15.112717724560623,4.241963546423177,16.875829125069057,14.597519638999426,4.16115379697483,14.319435706479657,1.0194200342960398,0.4540787562543435,-2.4480773946798684,20.889886441467485,1.8894915407133697,41.7315411260402,38.32789553300738,90.36538726502876,88.03134948299221,41.6855378780247,0.6125655706370903,46.760484371486754,5.588093545966343,1.3207694348997117,4.000646117171211,3.0004845878784083,36.83759005131638
