,TEAM,MINS,FGM,FGA,FG%,2PM,2PA,2P%,3PM,3PA,3P%,FTM,FTA,FT%,PTS,OFF,DEF,REB,AST,TO,STL,BLK,STK,PF,Fls on:,+/-,GW,GP
League,League,173.37153014618534,22.08862905000231,57.76489012046814,38.23884889928239,16.576534050277402,37.754320461337564,43.906323429268596,5.512094999724907,20.010569659130574,27.545917450729878,11.594874809761903,18.28935860058279,63.39683672336345,61.28422790949143,11.359237765186837,27.344141362744306,38.70337912793114,14.008599666281274,12.707081889359287,5.968956854978875,3.0611305168968914,9.030087371875766,16.12194931881076,18.75486367053516,3.1269883290239098,4.288282496286686,8.658933384674476
