PLAYER,TEAM,MINS,FGM,FGA,FG%,2PM,2PA,2P%,3PM,3PA,3P%,FTM,FTA,FT%,PTS,OFF,DEF,REB,AST,TO,STL,BLK,STK,PF,Fls on:,+/-,GW,GP
League,League,20.0754962334801,2.522419482592141,6.715641500126175,37.5603653433,1.8741580224545138,4.323010889367141,43.3530719774,0.6482614601376275,2.392630610759034,27.094088708,1.2736246943415832,2.0176154117398486,63.1252461163,6.966725119663494,1.3278741619025307,3.157418448990672,4.485292610893203,1.5524065206158824,1.562947262114328,0.6887892396598143,0.33431910371931167,1.0231083433707489,1.8121115409619806,2.1121324903161898,0.31339567672146773,5.945591072,11.937265345
