{"League":{"TEAM":"League","MINS":267.5086808197,"FGM":33.5163666345,"FGA":89.5515755848,"FG%":37.4268865909,"2PM":24.7198442717,"2PA":56.905603928,"2P%":43.4400877336,"3PM":8.7965223628,"3PA":32.6459716568,"3P%":26.9452000244,"FTM":16.9063285898,"FTA":26.8612812464,"FT%":62.9393975465,"PTS":92.7355842216,"OFF":17.9459091733,"DEF":41.4649637114,"REB":59.4108728847,"AST":20.7186345301,"TO":20.6311249635,"STL":9.1774903779,"BLK":4.4355343087,"STK":13.6130246866,"PF":24.1158142647,"Fls on:":27.7675196232,"+\/-":3.5392408059,"GW":6.6503639947,"GP":13.3412092239}}