,TEAM,MINS,FGM,FGA,FG%,2PM,2PA,2P%,3PM,3PA,3P%,FTM,FTA,FT%,PTS,OFF,DEF,REB,AST,TO,STL,BLK,STK,PF,Fls on:,+/-,GW,GP
League,League,182.85914759686702,23.25280751189975,60.910470297620506,38.17538659327694,17.23241570946515,39.5321671667204,43.5908702823963,6.020391802434598,21.378303130900107,28.16122386127433,12.429009978643379,19.49251764675186,63.76297923072286,64.95501680487747,11.91335004768777,28.80335902042837,40.71670906811614,14.838348363940876,13.495617913326914,6.316281505073695,3.08743207982919,9.403713584902885,17.157318432355364,19.983778458035193,3.3260787385150774,4.545238472852349,9.157658440567902
