,TEAM,MINS,FGM,FGA,FG%,2PM,2PA,2P%,3PM,3PA,3P%,FTM,FTA,FT%,PTS,OFF,DEF,REB,AST,TO,STL,BLK,STK,PF,Fls on:,+/-,GW,GP
League,League,209.4112282972677,26.321792055973084,69.63009136700934,37.80232301755146,19.518294069128604,44.87934124817393,43.49059840516882,6.803497986844479,24.75075011883541,27.48804765180427,13.587866769124586,21.473605398976193,63.27706277853286,73.03494886791523,13.643713750518614,32.940310831959515,46.58402458247813,16.41070157012976,15.953045473077191,7.347826862990564,3.538167286364032,10.885994149354596,19.215794675048183,22.503242843104818,3.27013860054164,5.213275177595227,10.48068761049784
