{"League":{"TEAM":"League","SP":38.6403512031,"GP":10.990331442,"MPG":20.0610766622,"EWA":0.6309032955,"PER":16.5716682165,"WS":0.6349171965,"OWS":0.392390435,"DWS":0.2425267615,"EFF":7.6392539903,"GmSc":4.6591744152,"TS%":45.9795927891,"EFG%":42.5348125984,"PPWS":0.9195918558,"FTR":0.3014060903,"REB%":10.7207499298,"OREB%":6.3287821351,"DREB%":15.1127177246,"AR":4.2419635464,"pAST%":16.8758291251,"hAST%":14.597519639,"TOR":4.161153797,"hTO%":14.3194357065,"AST\/TO":1.0194200343,"STL\/TO":0.4540787563,"PPR":-2.4480773947,"USG%":20.8898864415,"STL%":1.8894915407,"BLK%":41.731541126,"aSP":38.327895533,"ORtg":90.365387265,"DRtg":88.031349483,"Floor%":41.685537878,"Stop%":0.6125655706,"FFI":46.7604843715,"PIE":5.588093546,"AV":1.3207694349,"DRE\/100":4.0006461172,"DRE\/75":3.0004845879,"POS":36.8375900513}}