PLAYER,TEAM,MINS,FGM,FGA,FG%,2PM,2PA,2P%,3PM,3PA,3P%,FTM,FTA,FT%,PTS,OFF,DEF,REB,AST,TO,STL,BLK,STK,PF,Fls on:,+/-,GW,GP
League,League,19.967893406703563,3.81487190837603,9.993014475579773,38.1753865933,2.8271622069716145,6.485675070603389,43.5908702824,0.9877097014044154,3.5073394049763844,28.1612238613,2.039112093970634,3.1979561158903365,63.7629792307,10.656565612143515,1.9545125640575776,4.725499281648457,6.6800118457060345,2.4343898392127614,2.2141005397854308,1.0362535735467489,0.5065262723316459,1.5427798458783948,2.81484169502235,3.27855270911349,0.5456788105288729,4.5452384729,9.1576584406
