{"League":{"TEAM":"League","MINS":263.1660741091,"FGM":33.0814150618,"FGA":88.2574968043,"FG%":37.4828385799,"2PM":24.5062264466,"2PA":56.3661528524,"2P%":43.4768477295,"3PM":8.5751886152,"3PA":31.8913439519,"3P%":26.8887652653,"FTM":16.8278712343,"FTA":26.6339314617,"FT%":63.1820775634,"PTS":91.5658899731,"OFF":17.752725529,"DEF":40.9215690555,"REB":58.6742945845,"AST":20.4337042652,"TO":20.3014319849,"STL":8.9506559186,"BLK":4.4153486313,"STK":13.36600455,"PF":23.7273793518,"Fls on:":27.4324982723,"+\/-":4.3724711412,"GW":6.5643128475,"GP":13.1088472605}}