PLAYER,TEAM,SP,GP,MPG,EWA,PER,WS,OWS,DWS,EFF,GmSc,TS%,EFG%,PPWS,FTR,REB%,OREB%,DREB%,AR,pAST%,TOR,AST/TO,PPR,USG%,aSP,ORtg,DRtg,Floor%,Stop%,FFI,PIE,AV
League,League,38.964086384774745,9.1576584406,19.967893406703563,0.5208346296425389,16.54504913940248,0.5155822019592178,0.32080033523556417,0.19478186672365366,7.829184711316059,4.835247251272111,46.73885068894605,43.117387347007266,0.9256884315302475,0.3200191617559723,10.671056491995799,6.244514071866753,15.097598912124843,4.418952554133317,17.364926815337924,4.019079063588582,1.0994938104521121,-1.970579934367521,20.865729617106812,38.58332984029812,92.196525688595,89.8982091998466,42.530650641712406,0.6019179097590638,47.2913754136187,5.552815695257487,1.173292895007621
