PLAYER,TEAM,SP,GP,MPG,EWA,PER,WS,OWS,DWS,EFF,GmSc,TS%,EFG%,PPWS,FTR,REB%,OREB%,DREB%,AR,pAST%,hAST%,TOR,hTO%,AST/TO,STL/TO,PPR,USG%,STL%,BLK%,aSP,ORtg,DRtg,Floor%,Stop%,FFI,PIE,AV,DRE/100,DRE/75,POS
League,League,38.36779776318999,13.3412092239,20.051306919051516,0.7378821909195088,16.364280653635486,0.7566174922760053,0.4651659063528754,0.29145158592312986,7.484840997299728,4.571072180215971,45.74089515138518,42.33831461736495,0.9148179030277036,0.2999531953624196,10.628434928327106,6.420943460913458,14.835926395740758,4.220289512094549,16.753537011044685,14.516950076765909,4.202464220297768,14.455634645590845,1.0042416284499667,0.4448371280837354,-2.5489647373458943,20.839160738177284,1.8694121146319127,41.73914525692906,38.11257959625081,90.19621516321207,88.19558760237966,41.533213242331584,0.6106985439167896,46.668196414490524,5.484889537707914,1.5042292721718042,3.6470324384418733,2.735274328831405,36.79795551028407
