{"League":{"TEAM":"League","MINS":19.9678934067,"FGM":3.8148719084,"FGA":9.9930144756,"FG%":38.1753865933,"2PM":2.827162207,"2PA":6.4856750706,"2P%":43.5908702824,"3PM":0.9877097014,"3PA":3.507339405,"3P%":28.1612238613,"FTM":2.039112094,"FTA":3.1979561159,"FT%":63.7629792307,"PTS":10.6565656121,"OFF":1.9545125641,"DEF":4.7254992816,"REB":6.6800118457,"AST":2.4343898392,"TO":2.2141005398,"STL":1.0362535735,"BLK":0.5065262723,"STK":1.5427798459,"PF":2.814841695,"Fls on:":3.2785527091,"+\/-":0.5456788105,"GW":4.5452384729,"GP":9.1576584406}}