{"League":{"TEAM":"League","MINS":20.0773501029,"FGM":2.5230316482,"FGA":6.7410488977,"FG%":37.4278793481,"2PM":1.8687196468,"2PA":4.3083614277,"2P%":43.3742544165,"3PM":0.6543120014,"3PA":2.43268747,"3P%":26.8966733075,"FTM":1.275878802,"FTA":2.0144165646,"FT%":63.3373863375,"PTS":6.9762540998,"OFF":1.354985837,"DEF":3.1260047368,"REB":4.4809905739,"AST":1.5532947699,"TO":1.5450294888,"STL":0.6831916321,"BLK":0.3355526587,"STK":1.0187442908,"PF":1.8009905691,"Fls on:":2.0810029941,"+\/-":0.3023351204,"GW":6.4205855813,"GP":12.8760076634}}