{"League":{"TEAM":"League","MINS":20.2421677491,"FGM":2.5466081692,"FGA":6.7739751004,"FG%":37.5939995561,"2PM":1.8930057295,"2PA":4.3623922861,"2P%":43.3937529079,"3PM":0.6536024397,"3PA":2.4115828144,"3P%":27.1026330013,"FTM":1.2932164134,"FTA":2.0492260798,"FT%":63.1075519749,"PTS":7.0400351915,"OFF":1.3513860211,"DEF":3.193278666,"REB":4.5446646871,"AST":1.5558958116,"TO":1.5536889184,"STL":0.6894526044,"BLK":0.3402097989,"STK":1.0296624032,"PF":1.8347528683,"Fls on:":2.1444630036,"+\/-":0.2352314635,"GW":5.6662978436,"GP":11.4893299829}}