,TEAM,MINS,FGM,FGA,FG%,2PM,2PA,2P%,3PM,3PA,3P%,FTM,FTA,FT%,PTS,OFF,DEF,REB,AST,TO,STL,BLK,STK,PF,Fls on:,+/-,GW,GP
League,League,199.3851683229612,25.181435055748288,66.37632978461637,37.93737185749676,18.54889829791427,42.54862088029795,43.594593465433086,6.632536757834016,23.82770890431842,27.835394432873766,13.192000535159867,20.701712119214232,63.72420048733916,70.18740740449046,12.877908704026432,31.396692434368326,44.27460113839476,15.867137620779785,15.006391426418107,6.9646823765045855,3.3516622430688963,10.316344619573481,18.391272953355998,21.469483078508578,2.8172142549357666,4.979730806537358,10.025523404405773
