PLAYER,TEAM,MINS,FGM,FGA,FG%,2PM,2PA,2P%,3PM,3PA,3P%,FTM,FTA,FT%,PTS,OFF,DEF,REB,AST,TO,STL,BLK,STK,PF,Fls on:,+/-,GW,GP
League,League,20.061076662168237,3.7889799594651343,10.046814714102242,37.7132461112,2.8201522568978996,6.489144188162894,43.4595406593,0.9688277025672344,3.5576705259393484,27.2320805287,1.9174412353245753,3.0281711428516513,63.3201079091,10.464228856835684,1.9897281623727563,4.751340688390164,6.741068850762921,2.3368194554151502,2.2923028553473936,1.0408860295144249,0.5018583393205955,1.5427443688350204,2.722860097964431,3.1832725886463256,0.49281304016168626,5.4635559367,10.990331442
