,TEAM,MINS,FGM,FGA,FG%,2PM,2PA,2P%,3PM,3PA,3P%,FTM,FTA,FT%,PTS,OFF,DEF,REB,AST,TO,STL,BLK,STK,PF,Fls on:,+/-,GW,GP
League,League,267.50868081972794,33.516366634498624,89.55157558480907,37.42688659090898,24.719844271657823,56.90560392795937,43.440087733630484,8.796522362840804,32.6459716568497,26.945200024380764,16.906328589755564,26.86128124641677,62.93939754646227,92.73558422159363,17.945909173256002,41.4649637114494,59.4108728847054,20.71863453013395,20.631124963488627,9.177490377895944,4.435534308668702,13.613024686564646,24.115814264744472,27.767519623174337,3.539240805852257,6.650363994660926,13.341209223909036
