{"League":{"TEAM":"League","MINS":20.0754550632,"FGM":3.7711641032,"FGA":10.0610419223,"FG%":37.4828385799,"2PM":2.7936229846,"2PA":6.425541709,"2P%":43.4768477295,"3PM":0.9775411186,"3PA":3.6355002133,"3P%":26.8887652653,"FTM":1.9183176963,"FTA":3.0361738174,"FT%":63.1820775634,"PTS":10.4381870212,"OFF":2.023747809,"DEF":4.6649138793,"REB":6.6886616882,"AST":2.3293698857,"TO":2.3142913144,"STL":1.0203430608,"BLK":0.5033340995,"STK":1.5236771604,"PF":2.7048371754,"Fls on:":3.1272076044,"+\/-":0.4984462176,"GW":6.5643128475,"GP":13.1088472605}}