PLAYER,TEAM,SP,GP,MPG,EWA,PER,WS,OWS,DWS,EFF,GmSc,TS%,EFG%,PPWS,FTR,REB%,OREB%,DREB%,AR,pAST%,hAST%,TOR,hTO%,AST/TO,STL/TO,PPR,USG%,STL%,BLK%,aSP,ORtg,DRtg,Floor%,Stop%,FFI,PIE,AV,DRE/100,DRE/75,POS
League,League,38.535321190802456,12.6449183961,20.11476944719925,0.7171384481180806,16.48719262575065,0.7262678755572937,0.44905322548189697,0.2772146500753967,7.55127354282887,4.6120623280658775,45.84496950180373,42.37067202542136,0.9168993900360747,0.3006859519083651,10.642696098896645,6.3972744873998355,14.888117710393454,4.205770245706056,16.727890037150033,14.462261201779683,4.200994098277341,14.44583760096059,1.0011369088641837,0.4422559563388912,-2.566437675909817,20.86935706225896,1.8579146625076828,40.955710593374995,38.26458122927457,90.28035298448297,88.11618182333112,41.645128335046635,0.6104011560838509,46.68776446170465,5.564791112712588,1.4545641535397782,3.680469476584387,2.7603521074382904,36.94907712382717
