,TEAM,MINS,FGM,FGA,FG%,2PM,2PA,2P%,3PM,3PA,3P%,FTM,FTA,FT%,PTS,OFF,DEF,REB,AST,TO,STL,BLK,STK,PF,Fls on:,+/-,GP
League,League,165.036271468568,21.202865333682325,55.17340919894839,38.42950008259858,16.01087415233249,36.30621525655559,44.099540641162,5.1919911813498345,18.867193942392806,27.51861881105658,11.079628578635194,17.496857931449178,63.32353284254806,58.67735042734968,10.920201645371929,26.181477196658815,37.10167884203074,13.237127341695707,12.089068123829584,5.565974950764717,2.930457328017014,8.496432278781732,15.392822841176867,18.02629587589833,3.070005917904616,8.18455135481229
