PLAYER,TEAM,MINS,FGM,FGA,FG%,2PM,2PA,2P%,3PM,3PA,3P%,FTM,FTA,FT%,PTS,OFF,DEF,REB,AST,TO,STL,BLK,STK,PF,Fls on:,+/-,GW,GP
League,League,19.88775650710604,2.511732708603361,6.62073460977297,37.9373718575,1.8501675722745072,4.24402987894141,43.5945934654,0.6615651363288538,2.3767047308315594,27.8353944329,1.3158415778482246,2.064900881894549,63.7242004873,7.000872131393774,1.2845123575641093,3.1316761397834476,4.416188497347558,1.5826742386174306,1.4968187516089184,0.6946951391528687,0.3343129438637611,1.02900808301663,1.8344451667559265,2.1414825154243298,0.2810042070884381,4.9797308065,10.0255234044
