PLAYER,TEAM,MINS,FGM,FGA,FG%,2PM,2PA,2P%,3PM,3PA,3P%,FTM,FTA,FT%,PTS,OFF,DEF,REB,AST,TO,STL,BLK,STK,PF,Fls on:,+/-,GW,GP
League,League,20.077350102876302,2.5230316482214405,6.74104889768918,37.4278793481,1.8687196468277307,4.308361427687406,43.3742544165,0.6543120014014763,2.4326874700017744,26.8966733075,1.2758788019983218,2.014416564648967,63.3373863375,6.976254099842679,1.3549858370224868,3.1260047368340556,4.480990573856542,1.5532947699192965,1.5450294887947356,0.6831916320852165,0.3355526586925874,1.018744290777804,1.8009905690889154,2.0810029940697157,0.3023351203933705,6.4205855813,12.8760076634
