{"League":{"TEAM":"League","MINS":20.1643638502,"FGM":3.8542191626,"FGA":10.0293242282,"FG%":38.4295000826,"2PM":2.9104282367,"2PA":6.5996792584,"2P%":44.0995406412,"3PM":0.9437909258,"3PA":3.4296449698,"3P%":27.5186188111,"FTM":2.0140351839,"FTA":3.1805477261,"FT%":63.3235328425,"PTS":10.6662644348,"OFF":1.9850548394,"DEF":4.7592223752,"REB":6.7442772147,"AST":2.4062214731,"TO":2.1975293097,"STL":1.0117730305,"BLK":0.5326933229,"STK":1.5444663533,"PF":2.7980799683,"Fls on:":3.2767880143,"+\/-":0.5580602174,"GP":8.1845513548}}