{"League":{"TEAM":"League","SP":38.9640863848,"GP":9.1576584406,"MPG":19.9678934067,"EWA":0.5208346296,"PER":16.5450491394,"WS":0.515582202,"OWS":0.3208003352,"DWS":0.1947818667,"EFF":7.8291847113,"GmSc":4.8352472513,"TS%":46.7388506889,"EFG%":43.117387347,"PPWS":0.9256884315,"FTR":0.3200191618,"REB%":10.671056492,"OREB%":6.2445140719,"DREB%":15.0975989121,"AR":4.4189525541,"pAST%":17.3649268153,"TOR":4.0190790636,"AST\/TO":1.0994938105,"PPR":-1.9705799344,"USG%":20.8657296171,"aSP":38.5833298403,"ORtg":92.1965256886,"DRtg":89.8982091998,"Floor%":42.5306506417,"Stop%":0.6019179098,"FFI":47.2913754136,"PIE":5.5528156953,"AV":1.173292895}}