PLAYER,TEAM,MINS,FGM,FGA,FG%,2PM,2PA,2P%,3PM,3PA,3P%,FTM,FTA,FT%,PTS,OFF,DEF,REB,AST,TO,STL,BLK,STK,PF,Fls on:,+/-,GW,GP
League,League,19.98067646701948,3.770828183859047,9.975122910049485,37.8023230176,2.7961672677918656,6.429360299317624,43.4905984052,0.9746609160528552,3.54576261073186,27.4880476518,1.946581405340316,3.076282810659136,63.2770627785,10.462898689111265,1.9545819765399721,4.718989201271694,6.673571177811666,2.3509773143780732,2.2854140538899204,1.0526408143552353,0.5068735781507689,1.5595143925060044,2.7528315694303807,3.2237874290798203,0.46847611187171906,5.2132751776,10.4806876105
