PLAYER,TEAM,MINS,FGM,FGA,FG%,2PM,2PA,2P%,3PM,3PA,3P%,FTM,FTA,FT%,PTS,OFF,DEF,REB,AST,TO,STL,BLK,STK,PF,Fls on:,+/-,GW,GP
League,League,20.24216774908903,2.5466081691923725,6.773975100448415,37.5939995561,1.8930057294960105,4.362392286077335,43.3937529079,0.6536024397050657,2.411582814371079,27.1026330013,1.293216413395211,2.049226079801152,63.1075519749,7.040035191485022,1.3513860210568154,3.193278666023612,4.544664687080428,1.555895811601357,1.5536889183588671,0.6894526043720252,0.34020979886708697,1.0296624032391122,1.8347528683112309,2.1444630035581116,0.235231463525067,5.6662978436,11.4893299829
