PLAYER,TEAM,MINS,FGM,FGA,FG%,2PM,2PA,2P%,3PM,3PA,3P%,FTM,FTA,FT%,PTS,OFF,DEF,REB,AST,TO,STL,BLK,STK,PF,Fls on:,+/-,GW,GP
League,League,20.022273234315534,3.822189669441089,9.99556675858861,38.2388488993,2.868383413872176,6.532961974113517,43.9063234293,0.9538062555689135,3.462604784457789,27.5459174507,2.006363120869209,3.164768503544445,63.3968367234,10.6045487153203,1.9655887715164706,4.731597167016063,6.6971859385325345,2.4240311522578515,2.1988180894552456,1.0328610787422576,0.5296943242616517,1.5625554030039097,2.7897226214485302,3.2453189381240066,0.5410902804566159,4.2882824963,8.6589333847
