PLAYER,TEAM,MINS,FGM,FGA,FG%,2PM,2PA,2P%,3PM,3PA,3P%,FTM,FTA,FT%,PTS,OFF,DEF,REB,AST,TO,STL,BLK,STK,PF,Fls on:,+/-,GP
League,League,20.16436385017134,3.8542191625555624,10.029324228170779,38.4295000826,2.910428236743021,6.599679258418231,44.0995406412,0.943790925794364,3.429644969770726,27.5186188111,2.0140351839034407,3.180547726091044,63.3235328425,10.666264434808928,1.9850548394407392,4.759222375248823,6.744277214671383,2.4062214731175344,2.197529309688764,1.0117730304866326,0.5326933228537375,1.54446635334037,2.7980799682805464,3.2767880143238157,0.5580602174142252,8.1845513548
