{"League":{"TEAM":"League","MINS":173.3715301462,"FGM":22.08862905,"FGA":57.7648901205,"FG%":38.2388488993,"2PM":16.5765340503,"2PA":37.7543204613,"2P%":43.9063234293,"3PM":5.5120949997,"3PA":20.0105696591,"3P%":27.5459174507,"FTM":11.5948748098,"FTA":18.2893586006,"FT%":63.3968367234,"PTS":61.2842279095,"OFF":11.3592377652,"DEF":27.3441413627,"REB":38.7033791279,"AST":14.0085996663,"TO":12.7070818894,"STL":5.968956855,"BLK":3.0611305169,"STK":9.0300873719,"PF":16.1219493188,"Fls on:":18.7548636705,"+\/-":3.126988329,"GP":8.6589333847}}