{"League":{"TEAM":"League","MINS":20.0373959106,"FGM":2.5162480479,"FGA":6.7119440267,"FG%":37.4891095324,"2PM":1.8726912422,"2PA":4.3060918541,"2P%":43.4893473164,"3PM":0.6435568057,"3PA":2.4058521726,"3P%":26.7496404414,"FTM":1.2697780255,"FTA":2.0116404394,"FT%":63.1215201614,"PTS":6.9458309271,"OFF":1.3333383991,"DEF":3.1228059916,"REB":4.4561443907,"AST":1.5465899722,"TO":1.5449852765,"STL":0.680719055,"BLK":0.3261281379,"STK":1.0068471928,"PF":1.8086192898,"Fls on:":2.0891320716,"+\/-":0.3120141267,"GW":6.1891566639,"GP":12.4123056058}}