{"League":{"TEAM":"League","MINS":19.8877565071,"FGM":2.5117327086,"FGA":6.6207346098,"FG%":37.9373718575,"2PM":1.8501675723,"2PA":4.2440298789,"2P%":43.5945934654,"3PM":0.6615651363,"3PA":2.3767047308,"3P%":27.8353944329,"FTM":1.3158415778,"FTA":2.0649008819,"FT%":63.7242004873,"PTS":7.0008721314,"OFF":1.2845123576,"DEF":3.1316761398,"REB":4.4161884973,"AST":1.5826742386,"TO":1.4968187516,"STL":0.6946951392,"BLK":0.3343129439,"STK":1.029008083,"PF":1.8344451668,"Fls on:":2.1414825154,"+\/-":0.2810042071,"GW":4.9797308065,"GP":10.0255234044}}