,TEAM,MINS,FGM,FGA,FG%,2PM,2PA,2P%,3PM,3PA,3P%,FTM,FTA,FT%,PTS,OFF,DEF,REB,AST,TO,STL,BLK,STK,PF,Fls on:,+/-,GW,GP
League,League,232.56894483852122,29.25882159303876,77.82843522501435,37.59399955613507,21.749367485659654,50.12096448957436,43.39375290789492,7.509454107379106,27.70747073543999,27.10263300133684,14.858190112783536,23.544234640413855,63.10755197486582,80.88528740624015,15.526519930233414,36.68863232130956,52.215152251542975,17.87620039846657,17.85084467378066,7.921348479207752,3.9087826425656225,11.830131121773373,21.08008114107594,24.638443084049428,2.702651906849161,5.666297843591213,11.489329982902884
