{"League":{"TEAM":"League","MINS":20.0754962335,"FGM":3.7694004471,"FGA":10.0355798263,"FG%":37.5603653433,"2PM":2.8006650506,"2PA":6.4601305578,"2P%":43.3530719774,"3PM":0.9687353965,"3PA":3.5754492685,"3P%":27.094088708,"FTM":1.9032526213,"FTA":3.0150419022,"FT%":63.1252461163,"PTS":10.410788912,"OFF":1.9843208055,"DEF":4.7183169157,"REB":6.7026377212,"AST":2.3198527736,"TO":2.3356044263,"STL":1.0292984517,"BLK":0.4995927869,"STK":1.5288912386,"PF":2.7079453278,"Fls on:":3.1562843564,"+\/-":0.4683256739,"GW":5.945591072,"GP":11.937265345}}