{"League":{"TEAM":"League","MINS":20.1147694472,"FGM":3.7794166771,"FGA":10.0618319134,"FG%":37.5619142677,"2PM":2.8117184316,"2PA":6.4698546507,"2P%":43.4587573205,"3PM":0.9676982454,"3PA":3.5919772627,"3P%":26.940544849,"FTM":1.9197311866,"FTA":3.0254515068,"FT%":63.4527171329,"PTS":10.4462627861,"OFF":2.009073791,"DEF":4.6756360304,"REB":6.6847098214,"AST":2.317689938,"TO":2.3150579281,"STL":1.023848158,"BLK":0.4929648013,"STK":1.5168129593,"PF":2.6978232062,"Fls on:":3.1256119555,"+\/-":0.4576192079,"GW":6.3158991029,"GP":12.6449183961}}