PLAYER,TEAM,MINS,FGM,FGA,FG%,2PM,2PA,2P%,3PM,3PA,3P%,FTM,FTA,FT%,PTS,OFF,DEF,REB,AST,TO,STL,BLK,STK,PF,Fls on:,+/-,GW,GP
League,League,20.11476944719925,2.5340698367956946,6.746380971791079,37.5619142677,1.8852356000931108,4.337987821860373,43.4587573205,0.6488342366946752,2.4083931499307054,26.940544849,1.2871650073139218,2.0285419844394816,63.4527171329,7.004138917592078,1.3470685369510622,3.134978025657043,4.482046562608105,1.5539932917369061,1.5522285493399224,0.6864823215448572,0.33052911080779007,1.0170114323526473,1.8088697267239457,2.095698795563064,0.3068301620749595,6.3158991029,12.6449183961
