{"League":{"TEAM":"League","MINS":20.0222732343,"FGM":2.5509641972,"FGA":6.6711322924,"FG%":38.2388488993,"2PM":1.9143852151,"2PA":4.3601583225,"2P%":43.9063234293,"3PM":0.6365789821,"3PA":2.3109739699,"3P%":27.5459174507,"FTM":1.3390650204,"FTA":2.1121953234,"FT%":63.3968367234,"PTS":7.0775723968,"OFF":1.3118518483,"DEF":3.1579110438,"REB":4.4697628921,"AST":1.6178204686,"TO":1.4675112193,"STL":0.6893408911,"BLK":0.3535228164,"STK":1.0428637074,"PF":1.8618862858,"Fls on:":2.1659554171,"+\/-":0.3611285813,"GW":4.2882824963,"GP":8.6589333847}}