PLAYER,TEAM,MINS,FGM,FGA,FG%,2PM,2PA,2P%,3PM,3PA,3P%,FTM,FTA,FT%,PTS,OFF,DEF,REB,AST,TO,STL,BLK,STK,PF,Fls on:,+/-,GW,GP
League,League,19.98067646701948,2.511456598480209,6.643656786148421,37.8023230176,1.8623104508473032,4.282098934352166,43.4905984052,0.6491461476233644,2.3615578517962543,27.4880476518,1.2964671092273654,2.0488737186944515,63.2770627785,6.9685264538111475,1.3017956700504216,3.142953216065613,4.4447488861160345,1.5658039033296878,1.5221372934651307,0.7010825182537291,0.33758923249036765,1.0386717507440968,1.8334478985661968,2.1471151206296133,0.3120156541278681,5.2132751776,10.4806876105
