PLAYER,TEAM,MINS,FGM,FGA,FG%,2PM,2PA,2P%,3PM,3PA,3P%,FTM,FTA,FT%,PTS,OFF,DEF,REB,AST,TO,STL,BLK,STK,PF,Fls on:,+/-,GW,GP
League,League,19.88775650710604,3.788862822771237,9.98715155338009,37.9373718575,2.7909144577671627,6.401973813524396,43.5945934654,0.9979483650040744,3.585177739855693,27.8353944329,1.9849019833555357,3.1148323057305305,63.7242004873,10.56057599391713,1.937642926850714,4.7240262701292774,6.661669196979993,2.3874099193419775,2.257899855733995,1.047923840335609,0.5042996334116047,1.552223473747214,2.7671977471674083,3.2303530787786383,0.4238852285646698,4.9797308065,10.0255234044
