PLAYER,TEAM,SP,GP,MPG,EWA,PER,WS,OWS,DWS,EFF,GmSc,TS%,EFG%,PPWS,FTR,REB%,OREB%,DREB%,AR,pAST%,hAST%,TOR,hTO%,AST/TO,STL/TO,PPR,USG%,STL%,BLK%,aSP,ORtg,DRtg,Floor%,Stop%,FFI,PIE,AV,DRE/100,DRE/75,POS
League,League,38.508396814781676,10.4806876105,19.98067646701948,0.5928023128579025,16.509917673147743,0.6005844547072798,0.37137183056492146,0.22921262414235835,7.611006903400538,4.653670893403642,46.17877768567149,42.68778119611511,0.9235755537134298,0.30839547927373606,10.668818193835635,6.249451514650906,15.088184873020369,4.262760233867588,16.94490606358619,14.725748343276921,4.143881817686216,14.315081652191195,1.0286876946330843,0.46059085554478574,-2.3936528143484606,20.82140400290649,38497.82926967634,8310515.709684584,38.18297374310747,90.57153059819757,88.30600503983851,41.77084791727101,0.6105290559719481,46.91496451606071,5.5058914503258265,1.2710265560773757,8.673440906747526,6.505080680060645,384.9782926967634
