{"League":{"TEAM":"League","SP":38.9915064303,"GP":8.6589333847,"MPG":20.0222732343,"EWA":0.4898814815,"PER":16.4994894577,"WS":0.4696246913,"OWS":0.2907778358,"DWS":0.1788468555,"EFF":7.8472098475,"GmSc":4.8415984137,"TS%":46.5599239568,"EFG%":43.0099953415,"PPWS":0.9222283534,"FTR":0.3166172144,"REB%":10.6671106082,"OREB%":6.2614814725,"DREB%":15.0727397439,"AR":4.4066590554,"pAST%":17.2478588198,"TOR":3.9972430371,"AST\/TO":1.1024245998,"PPR":-1.9426577376,"USG%":20.8437871665,"aSP":38.5895321372,"ORtg":91.9884082113,"DRtg":89.833087152,"Floor%":42.5649963717,"Stop%":0.6015958865,"FFI":47.206241888,"PIE":5.5355252934,"AV":1.1269780412}}