,TEAM,MINS,FGM,FGA,FG%,2PM,2PA,2P%,3PM,3PA,3P%,FTM,FTA,FT%,PTS,OFF,DEF,REB,AST,TO,STL,BLK,STK,PF,Fls on:,+/-,GW,GP
League,League,248.7102815869105,31.232439750620006,83.31070046792051,37.489109532389925,23.24441600346264,53.448528059863854,43.48934731640924,7.988023747157366,29.86217240805666,26.74964044143767,15.76087290463279,24.969095903144765,63.1215201614399,86.21377615303017,16.54980368560035,38.761222314813594,55.311026000413946,19.196747381214223,19.17682940903468,8.449292941834466,4.048002113971339,12.497295055805806,22.449135349087147,25.930945723624433,3.872814694009985,6.189156663904604,12.41230560576474
