PLAYER,TEAM,SP,GP,MPG,EWA,PER,WS,OWS,DWS,EFF,GmSc,TS%,EFG%,PPWS,FTR,REB%,OREB%,DREB%,AR,pAST%,hAST%,TOR,hTO%,AST/TO,STL/TO,PPR,USG%,STL%,BLK%,aSP,ORtg,DRtg,Floor%,Stop%,FFI,PIE,AV,DRE/100,DRE/75,POS
League,League,38.44555608196543,11.937265345,20.0754962334801,0.6774337036721305,16.501875594488215,0.6838717059005428,0.42141528920004384,0.26245641670049896,7.527372597505077,4.575590321877025,45.813269011551945,42.38686970719735,0.9162653802310389,0.3004352468341172,10.698522661806525,6.334610936481367,15.062434387131686,4.206147370856077,16.82101781213573,14.483098221970417,4.234706843875408,14.58143753736689,0.9932558559370798,0.44069896429392763,-2.6301197019636966,20.89888393662155,1.8662309201842993,41.68444992103181,38.15936087539993,89.75028029710774,87.65890697122045,41.39713388590122,0.61310141947706,46.66952206171812,5.565972956057277,1.389766699516786,3.7034172913621792,2.7775629685216345,36.90803920405482
