PLAYER,TEAM,MINS,FGM,FGA,FG%,2PM,2PA,2P%,3PM,3PA,3P%,FTM,FTA,FT%,PTS,OFF,DEF,REB,AST,TO,STL,BLK,STK,PF,Fls on:,+/-,GW,GP
League,League,20.051306919051516,2.5122435359500535,6.712403207377452,37.4268865909,1.852893831199037,4.265400757380892,43.4400877336,0.6593497047510162,2.4470024499965595,26.945200024400002,1.2672261041760216,2.013406790613821,62.9393975465,6.951062880827145,1.345148619748122,3.1080363867705434,4.453185006518665,1.5529802570657367,1.5464209141207785,0.6879054382461119,0.3324686866280456,1.0203741248741574,1.807618324544219,2.0813345445071127,0.265286357968186,6.6503639947,13.3412092239
