{"League":{"TEAM":"League","SP":38.5353211908,"GP":12.6449183961,"MPG":20.1147694472,"EWA":0.7171384481,"PER":16.4871926258,"WS":0.7262678756,"OWS":0.4490532255,"DWS":0.2772146501,"EFF":7.5512735428,"GmSc":4.6120623281,"TS%":45.8449695018,"EFG%":42.3706720254,"PPWS":0.91689939,"FTR":0.3006859519,"REB%":10.6426960989,"OREB%":6.3972744874,"DREB%":14.8881177104,"AR":4.2057702457,"pAST%":16.7278900372,"hAST%":14.4622612018,"TOR":4.2009940983,"hTO%":14.445837601,"AST\/TO":1.0011369089,"STL\/TO":0.4422559563,"PPR":-2.5664376759,"USG%":20.8693570623,"STL%":1.8579146625,"BLK%":40.9557105934,"aSP":38.2645812293,"ORtg":90.2803529845,"DRtg":88.1161818233,"Floor%":41.645128335,"Stop%":0.6104011561,"FFI":46.6877644617,"PIE":5.5647911127,"AV":1.4545641535,"DRE\/100":3.6804694766,"DRE\/75":2.7603521074,"POS":36.9490771238}}