PLAYER,TEAM,SP,GP,MPG,EWA,PER,WS,OWS,DWS,EFF,GmSc,TS%,EFG%,PPWS,FTR,REB%,OREB%,DREB%,AR,pAST%,hAST%,TOR,hTO%,AST/TO,STL/TO,PPR,USG%,STL%,BLK%,aSP,ORtg,DRtg,Floor%,Stop%,FFI,PIE,AV,DRE/100,DRE/75,POS
League,League,38.46621926486295,12.8760076634,20.077350102876302,0.7238925611370292,16.44836887256195,0.7353735341944813,0.4530873145902424,0.2822862196042389,7.527699233483204,4.597568048337763,45.73158118527259,42.281070678766596,0.9146316237054517,0.29882835671752883,10.64540176852722,6.438026765744456,14.852776771309983,4.219502197031891,16.773705587229152,14.481967502183016,4.197049683484844,14.404907091654165,1.0053495944151905,0.4421867912813551,-2.5376837061225515,20.876481294740596,1.8558799323885897,41.859471283660355,38.20093499407079,90.26040559203406,88.18289759362622,41.584400796382255,0.6108788758270925,46.63319655454725,5.532265493299592,1.4710021894999443,3.678315371144238,2.7587365283581784,36.812275415140796
