PLAYER,TEAM,SP,GP,MPG,EWA,PER,WS,OWS,DWS,EFF,GmSc,TS%,EFG%,PPWS,FTR,REB%,OREB%,DREB%,AR,pAST%,hAST%,TOR,hTO%,AST/TO,STL/TO,PPR,USG%,STL%,BLK%,aSP,ORtg,DRtg,Floor%,Stop%,FFI,PIE,AV,DRE/100,DRE/75,POS
League,League,38.52449859281813,13.1088472605,20.075455063244235,0.7348694787373845,16.43275862499583,0.7478863103131161,0.45993187650191086,0.28795443381120533,7.5335624449203635,4.603896189498211,45.79374010635202,42.34088969491297,0.9158748021270403,0.3017752873816195,10.643236809932322,6.440519248331691,14.845954371532956,4.231983050314316,16.810816814478773,14.521695192937173,4.204588406592797,14.427692768704059,1.0065154162720336,0.4408879100379426,-2.537926857546914,20.874689063946672,1.8537521951524614,42.08701511750642,38.263610340496555,90.33153630917778,88.27203863890263,41.63734407375973,0.6106250439818964,46.69994193670762,5.520224710128414,1.491778614628791,3.6778873672397685,2.758415525429826,36.83313465514644
