{"League":{"TEAM":"League","MINS":19.8877565071,"FGM":3.7888628228,"FGA":9.9871515534,"FG%":37.9373718575,"2PM":2.7909144578,"2PA":6.4019738135,"2P%":43.5945934654,"3PM":0.997948365,"3PA":3.5851777399,"3P%":27.8353944329,"FTM":1.9849019834,"FTA":3.1148323057,"FT%":63.7242004873,"PTS":10.5605759939,"OFF":1.9376429269,"DEF":4.7240262701,"REB":6.661669197,"AST":2.3874099193,"TO":2.2578998557,"STL":1.0479238403,"BLK":0.5042996334,"STK":1.5522234737,"PF":2.7671977472,"Fls on:":3.2303530788,"+\/-":0.4238852286,"GW":4.9797308065,"GP":10.0255234044}}