,TEAM,MINS,FGM,FGA,FG%,2PM,2PA,2P%,3PM,3PA,3P%,FTM,FTA,FT%,PTS,OFF,DEF,REB,AST,TO,STL,BLK,STK,PF,Fls on:,+/-,GW,GP
League,League,263.1660741090676,33.081415061811114,88.25749680434109,37.48283857987682,24.506226446625515,56.36615285244894,43.4768477294806,8.5751886151856,31.89134395189215,26.88876526533722,16.827871234282576,26.633931461659078,63.182077563378755,91.5658899730904,17.752725528957257,40.92156905551463,58.67429458447189,20.433704265239736,20.301431984858773,8.950655918624479,4.415348631325838,13.366004549950317,23.727379351774086,27.432498272312213,4.372471141235875,6.564312847513206,13.108847260468558
