,TEAM,MINS,FGM,FGA,FG%,2PM,2PA,2P%,3PM,3PA,3P%,FTM,FTA,FT%,PTS,OFF,DEF,REB,AST,TO,STL,BLK,STK,PF,Fls on:,+/-,GW,GP
League,League,220.47788160059997,27.846209163016358,73.83668083331415,37.713246111209955,20.726039846395405,47.6904254668869,43.459540659343055,7.120169316620951,26.146255366427244,27.232080528684467,14.09177938860447,22.254825289984243,63.32010790912144,76.90436703125813,14.623035006723466,34.9188509913053,49.54188599802876,17.17390010714877,16.84673591784758,7.649744892455498,3.6882887838974883,11.338033676352985,20.01101420979542,23.394706563400625,3.621812504043965,5.463555936688523,10.990331442049545
