{"League":{"TEAM":"League","SP":38.5244985928,"GP":13.1088472605,"MPG":20.0754550632,"EWA":0.7348694787,"PER":16.432758625,"WS":0.7478863103,"OWS":0.4599318765,"DWS":0.2879544338,"EFF":7.5335624449,"GmSc":4.6038961895,"TS%":45.7937401064,"EFG%":42.3408896949,"PPWS":0.9158748021,"FTR":0.3017752874,"REB%":10.6432368099,"OREB%":6.4405192483,"DREB%":14.8459543715,"AR":4.2319830503,"pAST%":16.8108168145,"hAST%":14.5216951929,"TOR":4.2045884066,"hTO%":14.4276927687,"AST\/TO":1.0065154163,"STL\/TO":0.44088791,"PPR":-2.5379268575,"USG%":20.8746890639,"STL%":1.8537521952,"BLK%":42.0870151175,"aSP":38.2636103405,"ORtg":90.3315363092,"DRtg":88.2720386389,"Floor%":41.6373440738,"Stop%":0.610625044,"FFI":46.6999419367,"PIE":5.5202247101,"AV":1.4917786146,"DRE\/100":3.6778873672,"DRE\/75":2.7584155254,"POS":36.8331346551}}