PLAYER,TEAM,SP,GP,MPG,EWA,PER,WS,OWS,DWS,EFF,GmSc,TS%,EFG%,PPWS,FTR,REB%,OREB%,DREB%,AR,pAST%,hAST%,TOR,hTO%,AST/TO,STL/TO,PPR,USG%,STL%,BLK%,aSP,ORtg,DRtg,Floor%,Stop%,FFI,PIE,AV,DRE/100,DRE/75,POS
League,League,38.675211152690906,11.4893299829,20.24216774908903,0.6521960974683075,16.45666897496405,0.6613172137077737,0.4066013572262668,0.25471585648150696,7.633192577385069,4.647582302849138,45.859629729510345,42.41836361126712,0.9171925945902069,0.30251455746648664,10.705667550362639,6.366801720166422,15.044533380558857,4.185858946005667,16.672809798947743,14.426186130539472,4.179921695096528,14.405723929633089,1.0014204215634241,0.443752025405627,-2.5512338913464614,20.87563343037571,1.854848718236006,42.071817512197406,38.375403314297955,90.1709951760261,88.06811768629376,41.59950817130634,0.6118711705388098,46.7334437267633,5.612381794313896,1.3646817914697078,3.818268530513909,2.863701397885432,37.170287667864734
