PLAYER,TEAM,SP,GP,MPG,EWA,PER,WS,OWS,DWS,EFF,GmSc,TS%,EFG%,PPWS,FTR,REB%,OREB%,DREB%,AR,pAST%,hAST%,TOR,hTO%,AST/TO,STL/TO,PPR,USG%,STL%,BLK%,aSP,ORtg,DRtg,Floor%,Stop%,FFI,PIE,AV,DRE/100,DRE/75,POS
League,League,38.29991828062632,12.4123056058,20.037395910610122,0.6993882570643654,16.47224078284916,0.7110703556713313,0.44045681116058666,0.2706135445107446,7.472868813531094,4.5505917783781085,45.71390515519962,42.28322583576514,0.9142781031039924,0.29971055053991186,10.629933117601336,6.361238219883603,14.89862801531907,4.204832608163904,16.77564510314306,14.46947242600361,4.200469799333222,14.454459333222482,1.0010386478272917,0.4405990563713628,-2.5648307664773777,20.872569497913098,1.8507230299026254,40.660822614704685,38.02569452205382,89.9332611079805,87.76953289153754,41.50729978880063,0.6111931711220125,46.631078786548144,5.536385027489332,1.4232643422220057,3.6296029710530173,2.722202228289763,36.78124948774175
