PLAYER,TEAM,MINS,FGM,FGA,FG%,2PM,2PA,2P%,3PM,3PA,3P%,FTM,FTA,FT%,PTS,OFF,DEF,REB,AST,TO,STL,BLK,STK,PF,Fls on:,+/-,GW,GP
League,League,20.11476944719925,3.779416677055478,10.061831913361207,37.5619142677,2.8117184316357275,6.469854650704517,43.4587573205,0.9676982454079551,3.591977262656689,26.940544849,1.9197311866179179,3.025451506810981,63.4527171329,10.446262786125034,2.0090737910077703,4.675636030360098,6.684709821367869,2.3176899379574274,2.3150579280778967,1.0238481579620222,0.4929648013248481,1.5168129592868702,2.6978232061851597,3.12561195552982,0.45761920793630884,6.3158991029,12.6449183961
