{"League":{"TEAM":"League","MINS":20.0513069191,"FGM":2.512243536,"FGA":6.7124032074,"FG%":37.4268865909,"2PM":1.8528938312,"2PA":4.2654007574,"2P%":43.4400877336,"3PM":0.6593497048,"3PA":2.44700245,"3P%":26.9452000244,"FTM":1.2672261042,"FTA":2.0134067906,"FT%":62.9393975465,"PTS":6.9510628808,"OFF":1.3451486197,"DEF":3.1080363868,"REB":4.4531850065,"AST":1.5529802571,"TO":1.5464209141,"STL":0.6879054382,"BLK":0.3324686866,"STK":1.0203741249,"PF":1.8076183245,"Fls on:":2.0813345445,"+\/-":0.265286358,"GW":6.6503639947,"GP":13.3412092239}}