PLAYER,TEAM,MINS,FGM,FGA,FG%,2PM,2PA,2P%,3PM,3PA,3P%,FTM,FTA,FT%,PTS,OFF,DEF,REB,AST,TO,STL,BLK,STK,PF,Fls on:,+/-,GW,GP
League,League,20.077350102876302,3.7699671051609376,10.072617446746795,37.4278793481,2.792280311772841,6.4376445182427515,43.3742544165,0.9776867933997011,3.6349729285040437,26.8966733075,1.906445017087496,3.009983719455656,63.3373863375,10.424066020809072,2.0246484173651536,4.670942212218864,6.695590629584017,2.320965807679127,2.308615650289517,1.0208393467034402,0.5013898601755953,1.5222292068790355,2.6910780952575566,3.109478566753073,0.45175551381662316,6.4205855813,12.8760076634
