,TEAM,MINS,FGM,FGA,FG%,2PM,2PA,2P%,3PM,3PA,3P%,FTM,FTA,FT%,PTS,OFF,DEF,REB,AST,TO,STL,BLK,STK,PF,Fls on:,+/-,GW,GP
League,League,239.64652547160415,30.110790675118324,80.16639454892616,37.56036534328793,22.372321612546862,51.60492807567993,43.35307197742294,7.738469062571459,28.561466473246234,27.094088708015565,15.203595926260482,24.084810534058825,63.12524611626388,83.16364633906858,15.85118621542248,37.690941830798295,53.542128046220775,18.531488559883083,18.657316188122344,8.222259920573892,3.990855850972707,12.2131157715466,21.63165629915944,25.213085980653286,3.7410873510341918,5.945591072000208,11.937265344998925
