{"League":{"TEAM":"League","MINS":20.0773501029,"FGM":3.7699671052,"FGA":10.0726174467,"FG%":37.4278793481,"2PM":2.7922803118,"2PA":6.4376445182,"2P%":43.3742544165,"3PM":0.9776867934,"3PA":3.6349729285,"3P%":26.8966733075,"FTM":1.9064450171,"FTA":3.0099837195,"FT%":63.3373863375,"PTS":10.4240660208,"OFF":2.0246484174,"DEF":4.6709422122,"REB":6.6955906296,"AST":2.3209658077,"TO":2.3086156503,"STL":1.0208393467,"BLK":0.5013898602,"STK":1.5222292069,"PF":2.6910780953,"Fls on:":3.1094785668,"+\/-":0.4517555138,"GW":6.4205855813,"GP":12.8760076634}}