{"League":{"TEAM":"League","MINS":20.0222732343,"FGM":3.8221896694,"FGA":9.9955667586,"FG%":38.2388488993,"2PM":2.8683834139,"2PA":6.5329619741,"2P%":43.9063234293,"3PM":0.9538062556,"3PA":3.4626047845,"3P%":27.5459174507,"FTM":2.0063631209,"FTA":3.1647685035,"FT%":63.3968367234,"PTS":10.6045487153,"OFF":1.9655887715,"DEF":4.731597167,"REB":6.6971859385,"AST":2.4240311523,"TO":2.1988180895,"STL":1.0328610787,"BLK":0.5296943243,"STK":1.562555403,"PF":2.7897226214,"Fls on:":3.2453189381,"+\/-":0.5410902805,"GP":8.6589333847}}