PLAYER,TEAM,MINS,FGM,FGA,FG%,2PM,2PA,2P%,3PM,3PA,3P%,FTM,FTA,FT%,PTS,OFF,DEF,REB,AST,TO,STL,BLK,STK,PF,Fls on:,+/-,GP
League,League,20.16436385017134,2.590595918402435,6.741164763605816,38.4295000826,1.9562311308499631,4.4359444620391395,44.0995406412,0.6343647875402539,2.3052203015788937,27.5186188111,1.3537246085091912,2.137790719724497,63.3235328425,7.169281232854315,1.334245601500884,3.1988897206131317,4.533135322101797,1.617330842934575,1.4770593523993365,0.6800586506840988,0.3580473994193185,1.0381060501034172,1.880716752076161,2.2024781926901964,0.37509764247487204,8.1845513548
