{"League":{"TEAM":"League","MINS":248.7102815869,"FGM":31.2324397506,"FGA":83.3107004679,"FG%":37.4891095324,"2PM":23.2444160035,"2PA":53.4485280599,"2P%":43.4893473164,"3PM":7.9880237472,"3PA":29.8621724081,"3P%":26.7496404414,"FTM":15.7608729046,"FTA":24.9690959031,"FT%":63.1215201614,"PTS":86.213776153,"OFF":16.5498036856,"DEF":38.7612223148,"REB":55.3110260004,"AST":19.1967473812,"TO":19.176829409,"STL":8.4492929418,"BLK":4.048002114,"STK":12.4972950558,"PF":22.4491353491,"Fls on:":25.9309457236,"+\/-":3.872814694,"GW":6.1891566639,"GP":12.4123056058}}