PLAYER,TEAM,MINS,FGM,FGA,FG%,2PM,2PA,2P%,3PM,3PA,3P%,FTM,FTA,FT%,PTS,OFF,DEF,REB,AST,TO,STL,BLK,STK,PF,Fls on:,+/-,GW,GP
League,League,20.24216774908903,3.774212624989701,10.03940168525666,37.5939995561,2.8055380524863045,6.465304022994759,43.3937529079,0.968674572516296,3.574097662261902,27.1026330013,1.9166174731262324,3.037065158043719,63.1075519749,10.43371729562193,2.0028280139872363,4.732613678938592,6.7354416929258285,2.3059227117679297,2.302651975249225,1.0218064778211111,0.5042095339058696,1.526016011726981,2.7192041253493735,3.17821148921358,0.34862589783989895,5.6662978436,11.4893299829
