PLAYER,TEAM,MINS,FGM,FGA,FG%,2PM,2PA,2P%,3PM,3PA,3P%,FTM,FTA,FT%,PTS,OFF,DEF,REB,AST,TO,STL,BLK,STK,PF,Fls on:,+/-,GW,GP
League,League,19.967893406703563,2.539165187556012,6.651314928667421,38.1753865933,1.8817491197423333,4.316842282677436,43.5908702824,0.657416067813679,2.334472645989985,28.1612238613,1.357225764557524,2.1285482280471326,63.7629792307,7.092972207494148,1.3009166180388192,3.1452755316470213,4.4461921496858405,1.6203212273254217,1.4736974523386768,0.6897266966299044,0.3371420871204402,1.0268687837503447,1.8735486307650353,2.1821930341279123,0.36320187743124416,4.5452384729,9.1576584406
