{"League":{"TEAM":"League","MINS":20.0754550632,"FGM":2.5235945163,"FGA":6.7326665,"FG%":37.4828385799,"2PM":1.8694417564,"2PA":4.2998557945,"2P%":43.4768477295,"3PM":0.6541527599,"3PA":2.4328107055,"3P%":26.8887652653,"FTM":1.283703357,"FTA":2.0317523679,"FT%":63.1820775634,"PTS":6.9850451495,"OFF":1.3542552733,"DEF":3.1216756319,"REB":4.4759309052,"AST":1.5587720155,"TO":1.5486817095,"STL":0.6827950422,"BLK":0.3368220366,"STK":1.0196170788,"PF":1.8100279056,"Fls on:":2.0926705245,"+\/-":0.3335511548,"GW":6.5643128475,"GP":13.1088472605}}