{"League":{"TEAM":"League","MINS":20.0610766622,"FGM":3.7889799595,"FGA":10.0468147141,"FG%":37.7132461112,"2PM":2.8201522569,"2PA":6.4891441882,"2P%":43.4595406593,"3PM":0.9688277026,"3PA":3.5576705259,"3P%":27.2320805287,"FTM":1.9174412353,"FTA":3.0281711429,"FT%":63.3201079091,"PTS":10.4642288568,"OFF":1.9897281624,"DEF":4.7513406884,"REB":6.7410688508,"AST":2.3368194554,"TO":2.2923028553,"STL":1.0408860295,"BLK":0.5018583393,"STK":1.5427443688,"PF":2.722860098,"Fls on:":3.1832725886,"+\/-":0.4928130402,"GW":5.4635559367,"GP":10.990331442}}