{"League":{"TEAM":"League","SP":38.5083968148,"GP":10.4806876105,"MPG":19.980676467,"EWA":0.5928023129,"PER":16.5099176731,"WS":0.6005844547,"OWS":0.3713718306,"DWS":0.2292126241,"EFF":7.6110069034,"GmSc":4.6536708934,"TS%":46.1787776857,"EFG%":42.6877811961,"PPWS":0.9235755537,"FTR":0.3083954793,"REB%":10.6688181938,"OREB%":6.2494515147,"DREB%":15.088184873,"AR":4.2627602339,"pAST%":16.9449060636,"hAST%":14.7257483433,"TOR":4.1438818177,"hTO%":14.3150816522,"AST\/TO":1.0286876946,"STL\/TO":0.4605908555,"PPR":-2.3936528143,"USG%":20.8214040029,"STL%":38497.8292696763,"BLK%":8310515.7096845843,"aSP":38.1829737431,"ORtg":90.5715305982,"DRtg":88.3060050398,"Floor%":41.7708479173,"Stop%":0.610529056,"FFI":46.9149645161,"PIE":5.5058914503,"AV":1.2710265561,"DRE\/100":8.6734409067,"DRE\/75":6.5050806801,"POS":384.9782926968}}