PLAYER,TEAM,SP,GP,MPG,EWA,PER,WS,OWS,DWS,EFF,GmSc,TS%,EFG%,PPWS,FTR,REB%,OREB%,DREB%,AR,pAST%,TOR,AST/TO,PPR,USG%,aSP,ORtg,DRtg,Floor%,Stop%,FFI,PIE,AV
League,League,39.62249122557121,8.1845513548,20.16436385017134,0.4656656337524242,16.491407354961087,0.47125643584952226,0.2913770842058595,0.17987935164366273,7.94615913917608,4.900194025541675,46.66411559930766,43.1346572015428,0.9242795864299148,0.3171248285260726,10.729354587727817,6.3159791836885715,15.142729991824902,4.371183269957147,17.049616244163648,3.992069500280283,1.094966725817335,-1.9779388698124696,20.879474840131092,39.1902458667468,92.23723964523784,90.1759844266436,42.74336447820907,0.5996389560531332,47.275913770175855,5.587651434950948,1.090548055431015
