PLAYER,TEAM,MINS,FGM,FGA,FG%,2PM,2PA,2P%,3PM,3PA,3P%,FTM,FTA,FT%,PTS,OFF,DEF,REB,AST,TO,STL,BLK,STK,PF,Fls on:,+/-,GW,GP
League,League,20.061076662168237,2.5337005812749718,6.718330673006831,37.7132461112,1.885843020820518,4.339307301019976,43.4595406593,0.6478575604544539,2.379023371986855,27.2320805287,1.2821978539016292,2.0249457814304193,63.3201079091,6.997456576915125,1.3305363067411666,3.177233659929143,4.50776996667031,1.5626371413576519,1.5328687771343739,0.6960431478222929,0.3355939539552969,1.0316371017775898,1.820783505520779,2.128662514580422,0.32954533929332613,5.4635559367,10.990331442
