{"League":{"TEAM":"League","MINS":20.0513069191,"FGM":3.7587228794,"FGA":10.0428414484,"FG%":37.4268865909,"2PM":2.7722290203,"2PA":6.3817297914,"2P%":43.4400877336,"3PM":0.9864938591,"3PA":3.661111657,"3P%":26.9452000244,"FTM":1.8959753236,"FTA":3.012382383,"FT%":62.9393975465,"PTS":10.3999149415,"OFF":2.0125600169,"DEF":4.6501253998,"REB":6.6626854167,"AST":2.3235097792,"TO":2.3136959407,"STL":1.0292178575,"BLK":0.4974269577,"STK":1.5266448152,"PF":2.7044895355,"Fls on:":3.1140132954,"+\/-":0.3969113221,"GW":6.6503639947,"GP":13.3412092239}}