PLAYER,TEAM,MINS,FGM,FGA,FG%,2PM,2PA,2P%,3PM,3PA,3P%,FTM,FTA,FT%,PTS,OFF,DEF,REB,AST,TO,STL,BLK,STK,PF,Fls on:,+/-,GW,GP
League,League,20.075455063244235,3.7711641031760275,10.061041922262898,37.4828385799,2.7936229845995104,6.425541708962734,43.4768477295,0.9775411185765164,3.6355002133001646,26.8887652653,1.9183176962989217,3.0361738174494084,63.1820775634,10.438187021227492,2.023747808956595,4.664913879271755,6.68866168822835,2.3293698856557996,2.314291314367941,1.0203430608106447,0.5033340995317134,1.5236771603537576,2.7048371753986125,3.127207604380729,0.4984462175835762,6.5643128475,13.1088472605
