{"League":{"TEAM":"League","MINS":199.385168323,"FGM":25.1814350557,"FGA":66.3763297846,"FG%":37.9373718575,"2PM":18.5488982979,"2PA":42.5486208803,"2P%":43.5945934654,"3PM":6.6325367578,"3PA":23.8277089043,"3P%":27.8353944329,"FTM":13.1920005352,"FTA":20.7017121192,"FT%":63.7242004873,"PTS":70.1874074045,"OFF":12.877908704,"DEF":31.3966924344,"REB":44.2746011384,"AST":15.8671376208,"TO":15.0063914264,"STL":6.9646823765,"BLK":3.3516622431,"STK":10.3163446196,"PF":18.3912729534,"Fls on:":21.4694830785,"+\/-":2.8172142549,"GW":4.9797308065,"GP":10.0255234044}}