{"League":{"TEAM":"League","MINS":254.3496182162,"FGM":32.0431062963,"FGA":85.3074368573,"FG%":37.5619142677,"2PM":23.8386503206,"2PA":54.8535020107,"2P%":43.4587573205,"3PM":8.2044559756,"3PA":30.4539348466,"3P%":26.940544849,"FTM":16.2760964798,"FTA":25.6507478563,"FT%":63.4527171329,"PTS":88.5667650479,"OFF":17.0335717237,"DEF":39.641541308,"REB":56.6751130317,"AST":19.6501183621,"TO":19.6278033385,"STL":8.6805129363,"BLK":4.1795136337,"STK":12.86002657,"PF":22.8730100836,"Fls on:":26.4999402527,"+\/-":3.8798423609,"GW":6.3158991029,"GP":12.6449183961}}