,TEAM,MINS,FGM,FGA,FG%,2PM,2PA,2P%,3PM,3PA,3P%,FTM,FTA,FT%,PTS,OFF,DEF,REB,AST,TO,STL,BLK,STK,PF,Fls on:,+/-,GW,GP
League,League,254.34961821615497,32.04310629626856,85.30743685727481,37.561914267660946,23.838650320642504,54.85350201070841,43.45875732052397,8.204455975626056,30.45393484656639,26.94054484900525,16.27609647975211,25.650747856321175,63.452717132928164,88.56676504791528,17.033571723681142,39.64154130801927,56.67511303170041,19.65011836209645,19.627803338505696,8.680512936262282,4.17951363370459,12.860026569966873,22.873010083622045,26.49994025271835,3.8798423608992127,6.315899102853368,12.644918396148386
