{"League":{"TEAM":"League","MINS":19.9678934067,"FGM":2.5391651876,"FGA":6.6513149287,"FG%":38.1753865933,"2PM":1.8817491197,"2PA":4.3168422827,"2P%":43.5908702824,"3PM":0.6574160678,"3PA":2.334472646,"3P%":28.1612238613,"FTM":1.3572257646,"FTA":2.128548228,"FT%":63.7629792307,"PTS":7.0929722075,"OFF":1.300916618,"DEF":3.1452755316,"REB":4.4461921497,"AST":1.6203212273,"TO":1.4736974523,"STL":0.6897266966,"BLK":0.3371420871,"STK":1.0268687838,"PF":1.8735486308,"Fls on:":2.1821930341,"+\/-":0.3632018774,"GW":4.5452384729,"GP":9.1576584406}}