PLAYER,TEAM,MINS,FGM,FGA,FG%,2PM,2PA,2P%,3PM,3PA,3P%,FTM,FTA,FT%,PTS,OFF,DEF,REB,AST,TO,STL,BLK,STK,PF,Fls on:,+/-,GW,GP
League,League,20.022273234315534,2.550964197164255,6.6711322924100935,38.2388488993,1.9143852151109162,4.360158322503142,43.9063234293,0.6365789820533392,2.3109739698954033,27.5459174507,1.3390650204432448,2.1121953233774255,63.3968367234,7.077572396825094,1.3118518483201793,3.1579110437569646,4.469762892077144,1.617820468633314,1.4675112193209527,0.6893408910555793,0.3535228163677641,1.0428637074233433,1.8618862858197824,2.16595541705392,0.3611285813244929,4.2882824963,8.6589333847
