{"League":{"TEAM":"League","MINS":232.5689448385,"FGM":29.258821593,"FGA":77.828435225,"FG%":37.5939995561,"2PM":21.7493674857,"2PA":50.1209644896,"2P%":43.3937529079,"3PM":7.5094541074,"3PA":27.7074707354,"3P%":27.1026330013,"FTM":14.8581901128,"FTA":23.5442346404,"FT%":63.1075519749,"PTS":80.8852874062,"OFF":15.5265199302,"DEF":36.6886323213,"REB":52.2151522515,"AST":17.8762003985,"TO":17.8508446738,"STL":7.9213484792,"BLK":3.9087826426,"STK":11.8301311218,"PF":21.0800811411,"Fls on:":24.638443084,"+\/-":2.7026519068,"GW":5.6662978436,"GP":11.4893299829}}