{"League":{"TEAM":"League","MINS":220.4778816006,"FGM":27.846209163,"FGA":73.8366808333,"FG%":37.7132461112,"2PM":20.7260398464,"2PA":47.6904254669,"2P%":43.4595406593,"3PM":7.1201693166,"3PA":26.1462553664,"3P%":27.2320805287,"FTM":14.0917793886,"FTA":22.25482529,"FT%":63.3201079091,"PTS":76.9043670313,"OFF":14.6230350067,"DEF":34.9188509913,"REB":49.541885998,"AST":17.1739001071,"TO":16.8467359178,"STL":7.6497448925,"BLK":3.6882887839,"STK":11.3380336764,"PF":20.0110142098,"Fls on:":23.3947065634,"+\/-":3.621812504,"GW":5.4635559367,"GP":10.990331442}}