PLAYER,TEAM,MINS,FGM,FGA,FG%,2PM,2PA,2P%,3PM,3PA,3P%,FTM,FTA,FT%,PTS,OFF,DEF,REB,AST,TO,STL,BLK,STK,PF,Fls on:,+/-,GW,GP
League,League,20.037395910610122,3.767327938916024,10.049126228678773,37.4891095324,2.8037943411734276,6.447083054090582,43.4893473164,0.9635335977546586,3.6020431746002526,26.7496404414,1.9011123469489268,3.0118291544423834,63.1215201614,10.399301822535634,1.996274972631253,4.6754668203682686,6.67174179299952,2.315555343194681,2.313152792073001,1.0191729374301475,0.48827922450631994,1.5074521619364676,2.707865779315145,3.1278496680732912,0.46714771934108745,6.1891566639,12.4123056058
