PLAYER,TEAM,SP,GP,MPG,EWA,PER,WS,OWS,DWS,EFF,GmSc,TS%,EFG%,PPWS,FTR,REB%,OREB%,DREB%,AR,pAST%,TOR,AST/TO,PPR,USG%,aSP,ORtg,DRtg,Floor%,Stop%,FFI,PIE,AV
League,League,38.56598569832371,10.0255234044,19.88775650710604,0.5678314780039769,16.54430377037395,0.5751143335803977,0.3569168962909418,0.21819743728945584,7.673862993550541,4.7160781071838365,46.490912181726436,42.933532973394016,0.9298182436345287,0.3118839530052325,10.66848950196626,6.206169238495769,15.13080976543675,4.331937025859395,17.141142021956206,4.096942006688387,1.0573586393918615,-2.220977476131145,20.85911896852496,38.22469378948898,91.30127350939688,89.01416128645228,42.029816679141675,0.6071726794447693,47.068670830463155,5.486569793776686,1.2370052064536163
