{"League":{"TEAM":"League","MINS":20.0610766622,"FGM":2.5337005813,"FGA":6.718330673,"FG%":37.7132461112,"2PM":1.8858430208,"2PA":4.339307301,"2P%":43.4595406593,"3PM":0.6478575605,"3PA":2.379023372,"3P%":27.2320805287,"FTM":1.2821978539,"FTA":2.0249457814,"FT%":63.3201079091,"PTS":6.9974565769,"OFF":1.3305363067,"DEF":3.1772336599,"REB":4.5077699667,"AST":1.5626371414,"TO":1.5328687771,"STL":0.6960431478,"BLK":0.335593954,"STK":1.0316371018,"PF":1.8207835055,"Fls on:":2.1286625146,"+\/-":0.3295453393,"GW":5.4635559367,"GP":10.990331442}}