PLAYER,TEAM,MINS,FGM,FGA,FG%,2PM,2PA,2P%,3PM,3PA,3P%,FTM,FTA,FT%,PTS,OFF,DEF,REB,AST,TO,STL,BLK,STK,PF,Fls on:,+/-,GW,GP
League,League,20.0754962334801,3.769400447076588,10.035579826305517,37.5603653433,2.8006650505539623,6.4601305578055115,43.3530719774,0.9687353965226259,3.5754492685000048,27.094088708,1.9032526212989151,3.015041902239585,63.1252461163,10.410788911974716,1.9843208055121782,4.718316915710928,6.702637721223105,2.3198527735920957,2.3356044263171727,1.029298451678291,0.4995927868947487,1.5288912385605211,2.7079453278069985,3.1562843564391194,0.46832567386127383,5.945591072,11.937265345
