{"League":{"TEAM":"League","MINS":165.0362714686,"FGM":21.2028653337,"FGA":55.1734091989,"FG%":38.4295000826,"2PM":16.0108741523,"2PA":36.3062152566,"2P%":44.0995406412,"3PM":5.1919911813,"3PA":18.8671939424,"3P%":27.5186188111,"FTM":11.0796285786,"FTA":17.4968579314,"FT%":63.3235328425,"PTS":58.6773504273,"OFF":10.9202016454,"DEF":26.1814771967,"REB":37.101678842,"AST":13.2371273417,"TO":12.0890681238,"STL":5.5659749508,"BLK":2.930457328,"STK":8.4964322788,"PF":15.3928228412,"Fls on:":18.0262958759,"+\/-":3.0700059179,"GP":8.1845513548}}