PLAYER,TEAM,SP,GP,MPG,EWA,PER,WS,OWS,DWS,EFF,GmSc,TS%,EFG%,PPWS,FTR,REB%,OREB%,DREB%,AR,pAST%,TOR,AST/TO,PPR,USG%,aSP,ORtg,DRtg,Floor%,Stop%,FFI,PIE,AV
League,League,39.35826783314692,8.6589333847,20.022273234315534,0.4898814814544929,16.499489457658875,0.4696246913345176,0.29077783584530154,0.17884685548921608,7.847209847457921,4.84159841368874,46.559923956801164,43.00999534150062,0.9222283534380266,0.3166172144090922,10.667110608171688,6.261481472482681,15.072739743860696,4.406659055371086,17.247858819848926,3.9972430370734,1.102424599780513,-1.9426577376111487,20.843787166473675,38.952512494660866,91.98840821126153,89.83308715200542,42.56499637171319,0.6015958865383977,47.206241887964815,5.5355252934305215,1.1269780412188326
