PLAYER,TEAM,MINS,FGM,FGA,FG%,2PM,2PA,2P%,3PM,3PA,3P%,FTM,FTA,FT%,PTS,OFF,DEF,REB,AST,TO,STL,BLK,STK,PF,Fls on:,+/-,GW,GP
League,League,20.075455063244235,2.523594516314336,6.732666499993507,37.4828385799,1.8694417563657906,4.299855794509431,43.4768477295,0.6541527599485452,2.432810705484076,26.8887652653,1.2837033569691734,2.0317523678801432,63.1820775634,6.98504514954639,1.3542552732682365,3.121675631907482,4.475930905175718,1.5587720155052454,1.548681709495001,0.6827950422132391,0.3368220365649137,1.0196170787857812,1.8100279056035768,2.0926705245060324,0.33355115475143804,6.5643128475,13.1088472605
