{"League":{"TEAM":"League","MINS":19.980676467,"FGM":2.5114565985,"FGA":6.6436567861,"FG%":37.8023230176,"2PM":1.8623104508,"2PA":4.2820989344,"2P%":43.4905984052,"3PM":0.6491461476,"3PA":2.3615578518,"3P%":27.4880476518,"FTM":1.2964671092,"FTA":2.0488737187,"FT%":63.2770627785,"PTS":6.9685264538,"OFF":1.3017956701,"DEF":3.1429532161,"REB":4.4447488861,"AST":1.5658039033,"TO":1.5221372935,"STL":0.7010825183,"BLK":0.3375892325,"STK":1.0386717507,"PF":1.8334478986,"Fls on:":2.1471151206,"+\/-":0.3120156541,"GW":5.2132751776,"GP":10.4806876105}}