{"K. Padrones":{"TEAM":"NU","MINS":182.9166666666,"FGM":25.0,"FGA":46.0,"FG%":54.347826087,"2PM":22.0,"2PA":38.0,"2P%":57.8947368421,"3PM":3.0,"3PA":8.0,"3P%":37.5,"FTM":10.0,"FTA":20.0,"FT%":50.0,"PTS":63.0,"OFF":26.0,"DEF":29.0,"REB":55.0,"AST":5.0,"TO":8.0,"STL":2.0,"BLK":7.0,"STK":9.0,"PF":22.0,"Fls on:":18.0,"+\/-":-45.0,"GW":2.0,"GP":9.0},"K. Perciano":{"TEAM":"NU","MINS":63.7666666668,"FGM":11.0,"FGA":24.0,"FG%":45.8333333333,"2PM":11.0,"2PA":24.0,"2P%":45.8333333333,"3PM":0.0,"3PA":0.0,"3P%":0.0,"FTM":1.0,"FTA":2.0,"FT%":50.0,"PTS":23.0,"OFF":2.0,"DEF":7.0,"REB":9.0,"AST":1.0,"TO":7.0,"STL":1.0,"BLK":0.0,"STK":1.0,"PF":13.0,"Fls on:":1.0,"+\/-":-39.0,"GW":2.0,"GP":9.0},"S. Enriquez":{"TEAM":"NU","MINS":168.25,"FGM":20.0,"FGA":50.0,"FG%":40.0,"2PM":8.0,"2PA":19.0,"2P%":42.1052631579,"3PM":12.0,"3PA":31.0,"3P%":38.7096774194,"FTM":12.0,"FTA":14.0,"FT%":85.7142857143,"PTS":64.0,"OFF":3.0,"DEF":11.0,"REB":14.0,"AST":23.0,"TO":9.0,"STL":6.0,"BLK":1.0,"STK":7.0,"PF":9.0,"Fls on:":14.0,"+\/-":3.0,"GW":2.0,"GP":9.0},"G. Santiago":{"TEAM":"NU","MINS":74.2166666667,"FGM":4.0,"FGA":24.0,"FG%":16.6666666667,"2PM":1.0,"2PA":9.0,"2P%":11.1111111111,"3PM":3.0,"3PA":15.0,"3P%":20.0,"FTM":10.0,"FTA":12.0,"FT%":83.3333333333,"PTS":21.0,"OFF":6.0,"DEF":11.0,"REB":17.0,"AST":2.0,"TO":2.0,"STL":4.0,"BLK":1.0,"STK":5.0,"PF":12.0,"Fls on:":10.0,"+\/-":-13.0,"GW":2.0,"GP":9.0},"M. Diassana":{"TEAM":"NU","MINS":4.0666666667,"FGM":0.0,"FGA":0.0,"FG%":0.0,"2PM":0.0,"2PA":0.0,"2P%":0.0,"3PM":0.0,"3PA":0.0,"3P%":0.0,"FTM":0.0,"FTA":0.0,"FT%":0.0,"PTS":0.0,"OFF":1.0,"DEF":1.0,"REB":2.0,"AST":0.0,"TO":0.0,"STL":0.0,"BLK":1.0,"STK":1.0,"PF":1.0,"Fls on:":0.0,"+\/-":-1.0,"GW":0.0,"GP":1.0},"J. Figueroa":{"TEAM":"NU","MINS":278.5,"FGM":37.0,"FGA":97.0,"FG%":38.1443298969,"2PM":32.0,"2PA":73.0,"2P%":43.8356164384,"3PM":5.0,"3PA":24.0,"3P%":20.8333333333,"FTM":20.0,"FTA":30.0,"FT%":66.6666666667,"PTS":99.0,"OFF":15.0,"DEF":51.0,"REB":66.0,"AST":24.0,"TO":26.0,"STL":6.0,"BLK":2.0,"STK":8.0,"PF":27.0,"Fls on:":38.0,"+\/-":-20.0,"GW":2.0,"GP":9.0},"I. Manansala":{"TEAM":"NU","MINS":208.9833333332,"FGM":29.0,"FGA":69.0,"FG%":42.0289855072,"2PM":27.0,"2PA":53.0,"2P%":50.9433962264,"3PM":2.0,"3PA":16.0,"3P%":12.5,"FTM":19.0,"FTA":28.0,"FT%":67.8571428571,"PTS":79.0,"OFF":20.0,"DEF":33.0,"REB":53.0,"AST":10.0,"TO":10.0,"STL":6.0,"BLK":0.0,"STK":6.0,"PF":19.0,"Fls on:":31.0,"+\/-":7.0,"GW":2.0,"GP":9.0},"N. Tulabut":{"TEAM":"NU","MINS":31.0833333334,"FGM":3.0,"FGA":7.0,"FG%":42.8571428571,"2PM":3.0,"2PA":4.0,"2P%":75.0,"3PM":0.0,"3PA":3.0,"3P%":0.0,"FTM":0.0,"FTA":1.0,"FT%":0.0,"PTS":6.0,"OFF":4.0,"DEF":4.0,"REB":8.0,"AST":5.0,"TO":3.0,"STL":0.0,"BLK":1.0,"STK":1.0,"PF":4.0,"Fls on:":2.0,"+\/-":-5.0,"GW":1.0,"GP":6.0},"T. Garcia":{"TEAM":"NU","MINS":66.2666666667,"FGM":10.0,"FGA":21.0,"FG%":47.619047619,"2PM":10.0,"2PA":21.0,"2P%":47.619047619,"3PM":0.0,"3PA":0.0,"3P%":0.0,"FTM":7.0,"FTA":12.0,"FT%":58.3333333333,"PTS":27.0,"OFF":2.0,"DEF":2.0,"REB":4.0,"AST":8.0,"TO":11.0,"STL":0.0,"BLK":0.0,"STK":0.0,"PF":15.0,"Fls on:":8.0,"+\/-":-25.0,"GW":1.0,"GP":7.0},"P. Francisco":{"TEAM":"NU","MINS":99.9666666666,"FGM":15.0,"FGA":38.0,"FG%":39.4736842105,"2PM":9.0,"2PA":20.0,"2P%":45.0,"3PM":6.0,"3PA":18.0,"3P%":33.3333333333,"FTM":0.0,"FTA":0.0,"FT%":0.0,"PTS":36.0,"OFF":8.0,"DEF":8.0,"REB":16.0,"AST":6.0,"TO":3.0,"STL":8.0,"BLK":2.0,"STK":10.0,"PF":9.0,"Fls on:":4.0,"+\/-":18.0,"GW":2.0,"GP":9.0},"P. Palacielo":{"TEAM":"NU","MINS":187.15,"FGM":27.0,"FGA":74.0,"FG%":36.4864864865,"2PM":27.0,"2PA":72.0,"2P%":37.5,"3PM":0.0,"3PA":2.0,"3P%":0.0,"FTM":3.0,"FTA":8.0,"FT%":37.5,"PTS":57.0,"OFF":14.0,"DEF":40.0,"REB":54.0,"AST":10.0,"TO":16.0,"STL":6.0,"BLK":6.0,"STK":12.0,"PF":29.0,"Fls on:":14.0,"+\/-":-6.0,"GW":2.0,"GP":9.0},"E. Dela Cruz":{"TEAM":"NU","MINS":32.0833333334,"FGM":2.0,"FGA":7.0,"FG%":28.5714285714,"2PM":2.0,"2PA":7.0,"2P%":28.5714285714,"3PM":0.0,"3PA":0.0,"3P%":0.0,"FTM":0.0,"FTA":0.0,"FT%":0.0,"PTS":4.0,"OFF":2.0,"DEF":6.0,"REB":8.0,"AST":4.0,"TO":2.0,"STL":1.0,"BLK":0.0,"STK":1.0,"PF":10.0,"Fls on:":0.0,"+\/-":-9.0,"GW":2.0,"GP":9.0},"P. Yu":{"TEAM":"NU","MINS":118.8,"FGM":3.0,"FGA":29.0,"FG%":10.3448275862,"2PM":2.0,"2PA":9.0,"2P%":22.2222222222,"3PM":1.0,"3PA":20.0,"3P%":5.0,"FTM":7.0,"FTA":11.0,"FT%":63.6363636364,"PTS":14.0,"OFF":7.0,"DEF":15.0,"REB":22.0,"AST":9.0,"TO":4.0,"STL":1.0,"BLK":0.0,"STK":1.0,"PF":9.0,"Fls on:":6.0,"+\/-":-8.0,"GW":2.0,"GP":9.0},"D. Lim":{"TEAM":"NU","MINS":121.1166666666,"FGM":7.0,"FGA":28.0,"FG%":25.0,"2PM":2.0,"2PA":9.0,"2P%":22.2222222222,"3PM":5.0,"3PA":19.0,"3P%":26.3157894737,"FTM":1.0,"FTA":3.0,"FT%":33.3333333333,"PTS":20.0,"OFF":1.0,"DEF":16.0,"REB":17.0,"AST":4.0,"TO":1.0,"STL":3.0,"BLK":0.0,"STK":3.0,"PF":14.0,"Fls on:":6.0,"+\/-":-32.0,"GW":2.0,"GP":9.0},"R. Jumamoy":{"TEAM":"NU","MINS":123.2833333334,"FGM":16.0,"FGA":70.0,"FG%":22.8571428571,"2PM":7.0,"2PA":34.0,"2P%":20.5882352941,"3PM":9.0,"3PA":36.0,"3P%":25.0,"FTM":12.0,"FTA":13.0,"FT%":92.3076923077,"PTS":53.0,"OFF":5.0,"DEF":8.0,"REB":13.0,"AST":10.0,"TO":13.0,"STL":8.0,"BLK":1.0,"STK":9.0,"PF":9.0,"Fls on:":18.0,"+\/-":-21.0,"GW":2.0,"GP":9.0},"B. Parks":{"TEAM":"NU","MINS":15.6833333333,"FGM":1.0,"FGA":2.0,"FG%":50.0,"2PM":1.0,"2PA":2.0,"2P%":50.0,"3PM":0.0,"3PA":0.0,"3P%":0.0,"FTM":1.0,"FTA":2.0,"FT%":50.0,"PTS":3.0,"OFF":1.0,"DEF":3.0,"REB":4.0,"AST":1.0,"TO":2.0,"STL":0.0,"BLK":0.0,"STK":0.0,"PF":2.0,"Fls on:":1.0,"+\/-":3.0,"GW":2.0,"GP":7.0},"J. Garcia":{"TEAM":"NU","MINS":22.9,"FGM":3.0,"FGA":10.0,"FG%":30.0,"2PM":3.0,"2PA":10.0,"2P%":30.0,"3PM":0.0,"3PA":0.0,"3P%":0.0,"FTM":1.0,"FTA":2.0,"FT%":50.0,"PTS":7.0,"OFF":1.0,"DEF":3.0,"REB":4.0,"AST":2.0,"TO":2.0,"STL":0.0,"BLK":0.0,"STK":0.0,"PF":3.0,"Fls on:":2.0,"+\/-":3.0,"GW":1.0,"GP":2.0}}