{"I. Manansala":{"TEAM":"NU","SP":42.3333333333,"GP":12.0,"MPG":22.8583333333,"EWA":1.460908249,"PER":21.5251607014,"WS":1.2020774309,"OWS":0.9346066834,"DWS":0.2674707475,"EFF":10.4166666667,"GmSc":6.85,"TS%":49.6806245564,"EFG%":44.7916666667,"PPWS":0.9936124911,"FTR":0.3958333333,"REB%":12.6334883473,"OREB%":8.9036458575,"DREB%":16.3415613284,"AR":2.8005268807,"pAST%":11.7216730595,"hAST%":9.8094170404,"TOR":3.2006021494,"hTO%":11.2107623318,"AST\/TO":0.875,"STL\/TO":0.5625,"PPR":-2.4672391486,"USG%":21.4309891459,"STL%":null,"BLK%":0.0,"aSP":42.3333333333,"ORtg":101.0939020125,"DRtg":89.0035861927,"Floor%":48.2211058256,"Stop%":0.6315858077,"FFI":49.8347453008,"PIE":9.5289079229,"AV":1.7801771205,"DRE\/100":7.0871673458,"DRE\/75":5.3153755094,"POS":41.6588276544},"S. Enriquez":{"TEAM":"NU","SP":31.5,"GP":12.0,"MPG":17.5125,"EWA":0.9548195671,"PER":19.9524640963,"WS":0.7899574144,"OWS":0.7270953379,"DWS":0.0628620765,"EFF":6.0833333333,"GmSc":4.825,"TS%":53.4425319267,"EFG%":49.2307692308,"PPWS":1.0688506385,"FTR":0.2461538462,"REB%":4.0110722306,"OREB%":2.2349146751,"DREB%":5.7768631078,"AR":6.5275188079,"pAST%":25.4712986223,"hAST%":22.5144092219,"TOR":3.6554105324,"hTO%":12.6080691643,"AST\/TO":1.7857142857,"STL\/TO":0.7142857143,"PPR":1.2881536016,"USG%":18.69790721,"STL%":null,"BLK%":12.1752814392,"aSP":31.5,"ORtg":104.5662537243,"DRtg":93.9128945415,"Floor%":42.047850151,"Stop%":0.5193687713,"FFI":47.9177456865,"PIE":6.5310492505,"AV":1.1892491518,"DRE\/100":3.4420831668,"DRE\/75":2.5815623751,"POS":31.9161597943},"J. Figueroa":{"TEAM":"NU","SP":54.3333333333,"GP":12.0,"MPG":30.2402777778,"EWA":0.8957398425,"PER":15.7814763698,"WS":0.7886330575,"OWS":0.3851994211,"DWS":0.4034336365,"EFF":11.5,"GmSc":6.3416666667,"TS%":45.5298013245,"EFG%":41.9230769231,"PPWS":0.9105960265,"FTR":0.2615384615,"REB%":11.3561997238,"OREB%":5.17706134,"DREB%":17.4992730975,"AR":5.2922279203,"pAST%":21.7491353748,"hAST%":15.9119839971,"TOR":6.0482604803,"hTO%":18.1851245681,"AST\/TO":0.875,"STL\/TO":0.3,"PPR":-4.6624054917,"USG%":23.277309838,"STL%":null,"BLK%":14.1016969336,"aSP":54.3333333333,"ORtg":84.3386481041,"DRtg":88.0112150429,"Floor%":39.4407988035,"Stop%":0.6542694408,"FFI":45.2156548402,"PIE":10.1713062099,"AV":1.9172997695,"DRE\/100":3.3342757508,"DRE\/75":2.5007068131,"POS":55.1122648268},"K. Padrones":{"TEAM":"NU","SP":29.9166666667,"GP":12.0,"MPG":19.5194444444,"EWA":0.7923510891,"PER":17.6193127473,"WS":0.7558309689,"OWS":0.6277661239,"DWS":0.128064845,"EFF":8.0833333333,"GmSc":4.7166666667,"TS%":54.4571045576,"EFG%":53.0,"PPWS":1.0891420912,"FTR":0.44,"REB%":12.1954690445,"OREB%":12.4317804655,"DREB%":11.9605368731,"AR":1.6397848087,"pAST%":6.2979020114,"hAST%":8.7851405622,"TOR":3.0453146448,"hTO%":16.3152610442,"AST\/TO":0.5384615385,"STL\/TO":0.3076923077,"PPR":-3.611589397,"USG%":14.170599135,"STL%":null,"BLK%":87.3875757321,"aSP":29.9166666667,"ORtg":103.8423657679,"DRtg":92.1146014035,"Floor%":50.5693547301,"Stop%":0.5604741801,"FFI":54.5250274319,"PIE":5.1927194861,"AV":1.4718362872,"DRE\/100":2.1122744313,"DRE\/75":1.5842058235,"POS":35.5737734752},"P. Palacielo":{"TEAM":"NU","SP":37.4166666667,"GP":12.0,"MPG":20.3666666667,"EWA":0.5456201741,"PER":15.3073017594,"WS":0.4811098954,"OWS":0.1222188532,"DWS":0.3588910422,"EFF":8.0833333333,"GmSc":4.025,"TS%":41.1522633745,"EFG%":40.404040404,"PPWS":0.8230452675,"FTR":0.1818181818,"REB%":13.412638218,"OREB%":8.0712059727,"DREB%":18.7228947888,"AR":2.2451032365,"pAST%":9.7983979619,"hAST%":7.3572689818,"TOR":4.2656961493,"hTO%":13.9788110653,"AST\/TO":0.5263157895,"STL\/TO":0.4736842105,"PPR":-5.1228021365,"USG%":23.5296521204,"STL%":null,"BLK%":83.7523860706,"aSP":37.4166666667,"ORtg":80.9950002173,"DRtg":85.4205606381,"Floor%":40.8146781333,"Stop%":0.7134866541,"FFI":44.4367060461,"PIE":4.9785867238,"AV":1.4718362872,"DRE\/100":2.8327468009,"DRE\/75":2.1245601006,"POS":37.1178180049},"G. Santiago":{"TEAM":"NU","SP":19.3333333333,"GP":12.0,"MPG":9.8652777778,"EWA":0.2530557742,"PER":15.1165685438,"WS":0.4063411745,"OWS":0.2440594691,"DWS":0.1622817054,"EFF":3.5833333333,"GmSc":2.0333333333,"TS%":40.2462121212,"EFG%":27.2727272727,"PPWS":0.8049242424,"FTR":0.6363636364,"REB%":13.0539140109,"OREB%":7.9346865096,"DREB%":18.1432627525,"AR":2.3174851372,"pAST%":8.0892650397,"hAST%":9.7580015613,"TOR":1.8539881098,"hTO%":7.806401249,"AST\/TO":1.25,"STL\/TO":1.25,"PPR":-0.5716714333,"USG%":17.8381270978,"STL%":null,"BLK%":21.613138627,"aSP":19.3333333333,"ORtg":94.9018050766,"DRtg":86.1296941264,"Floor%":42.1126280268,"Stop%":0.6972772713,"FFI":46.577985729,"PIE":2.3019271949,"AV":0.799617052,"DRE\/100":8.7136490351,"DRE\/75":6.5352367763,"POS":17.9792594987},"P. Francisco":{"TEAM":"NU","SP":18.5,"GP":12.0,"MPG":9.6652777778,"EWA":0.2980642487,"PER":15.9854761303,"WS":0.2627748,"OWS":0.1689053511,"DWS":0.0938694489,"EFF":2.9166666667,"GmSc":2.0666666667,"TS%":42.3351158645,"EFG%":40.9090909091,"PPWS":0.8467023173,"FTR":0.0454545455,"REB%":6.4601376004,"OREB%":6.4791008223,"DREB%":6.4412850587,"AR":2.8385279948,"pAST%":11.4470365888,"hAST%":10.5485232068,"TOR":2.8385279948,"hTO%":10.5485232068,"AST\/TO":1.0,"STL\/TO":1.3333333333,"PPR":-1.7505024533,"USG%":20.0342693983,"STL%":null,"BLK%":44.1207425399,"aSP":18.5,"ORtg":88.8282621178,"DRtg":90.2074838744,"Floor%":37.4546665928,"Stop%":0.6040670983,"FFI":42.6316427112,"PIE":2.1413276231,"AV":0.6852226948,"DRE\/100":1.416983045,"DRE\/75":1.0627372837,"POS":17.6147637408},"N. Tulabut":{"TEAM":"NU","SP":15.3333333333,"GP":9.0,"MPG":6.4759259259,"EWA":0.1738915563,"PER":16.8169464373,"WS":0.1458803271,"OWS":0.0903864665,"DWS":0.0554938606,"EFF":2.7777777778,"GmSc":1.4666666667,"TS%":45.6919060052,"EFG%":46.4285714286,"PPWS":0.9138381201,"FTR":0.2142857143,"REB%":12.8556184046,"OREB%":11.2816856719,"DREB%":14.4203647595,"AR":6.5900874183,"pAST%":25.1101370968,"hAST%":25.6222547584,"TOR":4.7072052988,"hTO%":18.3016105417,"AST\/TO":1.4,"STL\/TO":0.4,"PPR":-0.5805808108,"USG%":15.9221354641,"STL%":null,"BLK%":43.899949576,"aSP":15.3333333333,"ORtg":90.4640081426,"DRtg":89.1703606256,"Floor%":42.5046785748,"Stop%":0.6277736755,"FFI":47.8652500954,"PIE":1.4989293362,"AV":0.5323971375,"DRE\/100":4.0533762748,"DRE\/75":3.0400322061,"POS":11.8022376399},"T. Garcia":{"TEAM":"NU","SP":19.4,"GP":10.0,"MPG":10.8366666667,"EWA":0.0429435361,"PER":11.6165226787,"WS":0.1248546209,"OWS":0.1402875512,"DWS":-0.0154329303,"EFF":2.7,"GmSc":1.44,"TS%":54.7910295617,"EFG%":50.0,"PPWS":1.0958205912,"FTR":0.7,"REB%":3.4570976285,"OREB%":1.7336228323,"DREB%":5.1705132333,"AR":7.0887529073,"pAST%":29.173884164,"hAST%":19.9316628702,"TOR":8.6077713875,"hTO%":24.2027334852,"AST\/TO":0.8235294118,"STL\/TO":0.1176470588,"PPR":-7.1818971384,"USG%":23.7012684927,"STL%":null,"BLK%":0.0,"aSP":19.4,"ORtg":85.3048685314,"DRtg":97.1196381679,"Floor%":43.1910750319,"Stop%":0.4460689823,"FFI":53.6947817196,"PIE":0.5353319058,"AV":0.5640317198,"DRE\/100":-6.3032208373,"DRE\/75":-4.727415628,"POS":19.7495951447},"D. Lim":{"TEAM":"NU","SP":16.9166666667,"GP":12.0,"MPG":13.2625,"EWA":-0.4642172084,"PER":4.9571247953,"WS":0.0934840269,"OWS":-0.0094645515,"DWS":0.1029485784,"EFF":2.1666666667,"GmSc":0.6583333333,"TS%":32.8330206379,"EFG%":30.0,"PPWS":0.6566604128,"FTR":0.15,"REB%":6.7676605136,"OREB%":1.1804393817,"DREB%":12.3222714054,"AR":2.0686266955,"pAST%":7.1851178247,"hAST%":11.6189000775,"TOR":1.0343133478,"hTO%":5.8094500387,"AST\/TO":2.0,"STL\/TO":1.6666666667,"PPR":0.6378545697,"USG%":13.0966730462,"STL%":null,"BLK%":0.0,"aSP":16.9166666667,"ORtg":77.1317810534,"DRtg":91.3874388416,"Floor%":31.2797739068,"Stop%":0.5770956717,"FFI":39.2275095394,"PIE":0.3211991435,"AV":0.5482904939,"DRE\/100":1.233162444,"DRE\/75":0.924871833,"POS":24.1706249406},"K. Perciano":{"TEAM":"NU","SP":12.4166666667,"GP":12.0,"MPG":7.1013888889,"EWA":-0.1057659804,"PER":8.3253046681,"WS":0.0679575753,"OWS":0.0316666774,"DWS":0.036290898,"EFF":1.9166666667,"GmSc":0.5916666667,"TS%":48.5274431058,