{"I. Manansala":{"TEAM":"NU","SP":40.3571428571,"GP":14.0,"MPG":22.2416666667,"EWA":1.4220855974,"PER":19.9996565349,"WS":1.2918120738,"OWS":0.8737591653,"DWS":0.4180529085,"EFF":9.5,"GmSc":6.0785714286,"TS%":48.214854957,"EFG%":43.9252336449,"PPWS":0.9642970991,"FTR":0.3925233645,"REB%":12.476392801,"OREB%":7.9657727087,"DREB%":16.9263659004,"AR":2.6496635625,"pAST%":11.1996017919,"hAST%":9.4649167087,"TOR":3.179596275,"hTO%":11.3579000505,"AST\/TO":0.8333333333,"STL\/TO":0.5555555556,"PPR":-2.6127298883,"USG%":21.2566080599,"STL%":null,"BLK%":8.4038615744,"aSP":40.3571428571,"ORtg":97.2057956724,"DRtg":86.3355172351,"Floor%":46.8851844737,"Stop%":0.6493461344,"FFI":49.2561993982,"PIE":8.971871969,"AV":1.8649596332,"DRE\/100":6.6893174258,"DRE\/75":5.0169880693,"POS":40.4364005524},"J. Figueroa":{"TEAM":"NU","SP":53.5714285714,"GP":14.0,"MPG":30.2261904762,"EWA":1.1467114544,"PER":16.2667664986,"WS":1.0580778221,"OWS":0.4885400484,"DWS":0.5695377738,"EFF":11.3571428571,"GmSc":6.4642857143,"TS%":46.5876089061,"EFG%":43.288590604,"PPWS":0.9317521781,"FTR":0.2483221477,"REB%":10.5241481618,"OREB%":4.5088778597,"DREB%":16.4585408799,"AR":5.1992820626,"pAST%":21.8806980985,"hAST%":15.9821000479,"TOR":5.8491923204,"hTO%":17.9798625539,"AST\/TO":0.8888888889,"STL\/TO":0.3111111111,"PPR":-4.405851693,"USG%":22.9236874314,"STL%":null,"BLK%":24.7356196604,"aSP":53.5714285714,"ORtg":85.0450590855,"DRtg":86.3113255685,"Floor%":39.6728117999,"Stop%":0.6499005113,"FFI":45.4797459482,"PIE":10.8632395732,"AV":2.1322029923,"DRE\/100":3.0506737814,"DRE\/75":2.2880053361,"POS":54.9526419753},"K. Padrones":{"TEAM":"NU","SP":29.2857142857,"GP":14.0,"MPG":18.8511904762,"EWA":0.8996389279,"PER":17.6716864353,"WS":0.9361832031,"OWS":0.7240044031,"DWS":0.2121788,"EFF":7.7857142857,"GmSc":4.5357142857,"TS%":54.9613784908,"EFG%":53.6363636364,"PPWS":1.0992275698,"FTR":0.5090909091,"REB%":12.5661365061,"OREB%":13.3747241167,"DREB%":11.7684206616,"AR":1.4589018014,"pAST%":5.6998836758,"hAST%":7.8369905956,"TOR":3.1262181458,"hTO%":16.7935512763,"AST\/TO":0.4666666667,"STL\/TO":0.2666666667,"PPR":-3.9817456257,"USG%":14.3891952186,"STL%":null,"BLK%":89.2380241332,"aSP":29.2857142857,"ORtg":103.8985038833,"DRtg":90.2507642333,"Floor%":51.07540215,"Stop%":0.5596242348,"FFI":55.9842993778,"PIE":4.9466537342,"AV":1.6063884716,"DRE\/100":1.8027489278,"DRE\/75":1.3520616958,"POS":34.2723546939},"S. Enriquez":{"TEAM":"NU","SP":31.5714285714,"GP":14.0,"MPG":17.2142857143,"EWA":1.0375006862,"PER":19.4730140216,"WS":0.9167088989,"OWS":0.7309022517,"DWS":0.1858066472,"EFF":5.7142857143,"GmSc":4.5857142857,"TS%":50.1179245283,"EFG%":45.3947368421,"PPWS":1.0023584906,"FTR":0.2631578947,"REB%":4.1283147629,"OREB%":2.375112217,"DREB%":5.8579448377,"AR":6.3905145296,"pAST%":25.0639386189,"hAST%":21.9092331768,"TOR":3.4234899266,"hTO%":11.7370892019,"AST\/TO":1.8666666667,"STL\/TO":0.9333333333,"PPR":1.5472278629,"USG%":19.1034347352,"STL%":null,"BLK%":10.8581843565,"aSP":31.5714285714,"ORtg":100.8332928945,"DRtg":90.4904992005,"Floor%":40.952099973,"Stop%":0.5541304622,"FFI":46.7244131196,"PIE":6.3530552861,"AV":1.2737910571,"DRE\/100":3.7868786134,"DRE\/75":2.8401589601,"POS":31.29638452},"P. Palacielo":{"TEAM":"NU","SP":39.6428571429,"GP":14.0,"MPG":21.5595238095,"EWA":0.8882537123,"PER":16.7351517231,"WS":0.7682222228,"OWS":0.242148715,"DWS":0.5260735078,"EFF":8.9285714286,"GmSc":4.6785714286,"TS%":43.4318805242,"EFG%":42.6229508197,"PPWS":0.8686376105,"FTR":0.1721311475,"REB%":13.3420411641,"OREB%":7.901739982,"DREB%":18.7091954396,"AR":2.00456583,"pAST%":9.1304347826,"hAST%":6.6169393648,"TOR":4.3735981746,"hTO%":14.4369586141,"AST\/TO":0.4583333333,"STL\/TO":0.4583333333,"PPR":-5.6154095921,"USG%":23.7265391257,"STL%":null,"BLK%":78.0278361209,"aSP":39.6428571429,"ORtg":82.8701482409,"DRtg":83.4252050824,"Floor%":41.7318691292,"Stop%":0.7160389216,"FFI":45.1180959937,"PIE":6.5955383123,"AV":1.7801771205,"DRE\/100":3.2899493111,"DRE\/75":2.4674619833,"POS":39.1962326181},"G. Santiago":{"TEAM":"NU","SP":19.7857142857,"GP":14.0,"MPG":10.225,"EWA":0.0849238634,"PER":12.0124342677,"WS":0.312769507,"OWS":0.0797620332,"DWS":0.2330074738,"EFF":2.9285714286,"GmSc":1.5928571429,"TS%":34.6728307255,"EFG%":24.4680851064,"PPWS":0.6934566145,"FTR":0.4468085106,"REB%":11.9146612389,"OREB%":7.330798099,"DREB%":16.4368926054,"AR":2.6896856473,"pAST%":9.6153846154,"hAST%":10.1097631427,"TOR":2.3054448405,"hTO%":8.6655112652,"AST\/TO":1.1666666667,"STL\/TO":1.1666666667,"PPR":-0.9472121804,"USG%":20.0574718755,"STL%":null,"BLK%":18.2802824304,"aSP":19.7857142857,"ORtg":81.9958410359,"DRtg":84.2627050883,"Floor%":36.0392325806,"Stop%":0.6968467502,"FFI":42.3791601118,"PIE":1.6488845781,"AV":0.771558034,"DRE\/100":5.486548089,"DRE\/75":4.1149110668,"POS":18.5895329628},"P. Francisco":{"TEAM":"NU","SP":17.7857142857,"GP":14.0,"MPG":9.3273809524,"EWA":0.270141493,"PER":14.9781447425,"WS":0.2540903348,"OWS":0.1185241858,"DWS":0.135566149,"EFF":2.6428571429,"GmSc":1.8428571429,"TS%":41.9394435352,"EFG%":40.625,"PPWS":0.8387888707,"FTR":0.0416666667,"REB%":6.5306334002,"OREB%":6.575135161,"DREB%":6.4867299824,"AR":2.5273089643,"pAST%":10.2355808286,"hAST%":9.5419847328,"TOR":3.3697452858,"hTO%":12.7226463104,"AST\/TO":0.75,"STL\/TO":1.0,"PPR":-3.1151009893,"USG%":20.0941572968,"STL%":null,"BLK%":80.1579302078,"aSP":17.7857142857,"ORtg":84.6206243159,"DRtg":88.5483337728,"Floor%":35.2794805198,"Stop%":0.5986371745,"FFI":42.3475907108,"PIE":1.9883608147,"AV":0.7143844592,"DRE\/100":-0.1901307342,"DRE\/75":-0.1425980507,"POS":16.9576191365},"T. Garcia":{"TEAM":"NU","SP":20.1666666667,"GP":12.0,"MPG":10.7111111111,"EWA":0.1153011247,"PER":12.6230751599,"WS":0.2071825358,"OWS":0.1705504151,"DWS":0.0366321207,"EFF":2.75,"GmSc":1.5666666667,"TS%":51.8754988029,"EFG%":47.5,"PPWS":1.0375099761,"FTR":0.575,"REB%":3.6859953241,"OREB%":1.4844451356,"DREB%":5.8579448377,"AR":6.8469798532,"pAST%":29.3860416302,"hAST%":19.0204469805,"TOR":7.7028523348,"hTO%":21.3980028531,"AST\/TO":0.8888888889,"STL\/TO":0.1666666667,"PPR":-5.8021044857,"USG%":24.4487595346,"STL%":null,"BLK%":0.0,"aSP":20.1666666667,"ORtg":85.414019783,"DRtg":94.0232073196,"Floor%":43.2795764468,"Stop%":0.4731748332,"FFI":50.9961759434,"PIE":0.8729388943,"AV":0.6556410848,"DRE\/100":-5.2059933964,"DRE\/75":-3.9044950473,"POS":19.4733059236},"N. Tulabut":{"TEAM":"NU","SP":14.5454545455,"GP":11.0,"MPG":6.6151515152,"EWA":0.0988206222,"PER":13.5496763715,"WS":0.133767655,"OWS":0.048534811,"DWS":0.085232844,"EFF":2.4545454545,"GmSc":1.1909090909,"TS%":42.8921568627,"EFG%":43.3333333333,"PPWS":0.8578431373,"FTR":0.2,"REB%":12.3706258095,"OREB%":10.4883562857,"DREB%":14.2275875077,"AR":5.2912757729,"pAST%":19.6734475375,"hAST%":23.8744884038,"TOR":4.5353792339,"hTO%":20.4638472033,"AST\/TO":1.1666666667,"STL\/TO":0.3333333333,"PPR":-1.863400233,"USG%":14.1501052292,"STL%":null,"BLK%":71.9236581742,"aSP":14.5454545455,"ORtg":83.9609819688,"DRtg":87.5803701615,"Floor%":39.4937966581,"Stop%":0.6208190532,"FFI":46.297159782,"PIE":1.3579049467,"AV":0.5640317198,"DRE\/100":2.001508186,"DRE\/75":1.5011311395,"POS":12.0266579115},"K. Perciano":{"TEAM":"NU","SP":12.4166666667,"GP":12.0,"MPG":7.1013888889,"EWA":-0.0990566929,"PER":8.4835561975,"WS":0.0915457266,"OWS":0.0283878708,"DWS":0.0631578558,"EFF":1.9166666667,"GmSc":0.5916666667,"TS%":48.5274431058,"EFG%":48.275862069,"PPWS":0.9705488621,"FTR":0.0689655172,"REB%":7.7834841218,"OREB%":3.3585099411,"DREB%":12.1489628513,"AR":0.6454614295,"pAST%":2.8822399122,"hAST%":2.6399155227,"TOR":4.5182300068,"hTO%":18.4794086589,"AST\/TO":0.1428571429,"STL\/TO":0.1428571429,"PPR":-7.5580140292,"USG%":19.9647708718,"STL%":null,"BLK%":30.7078712682,"aSP":12.4166666667,"ORtg":80.4147859861,"DRtg":90.7073951161,"Floor%":40.3014001278,"Stop%":0.5491600699,"FFI":44.8869720727,"PIE":0.193986421,"AV":0.5001227174,"DRE\/100":-3.5853334159,"DRE\/75":-2.6890000619,"POS":12.9106604237},"D. Lim":{"TEAM":"NU","SP":16.7857142857,"GP":14.0,