{"K. Padrones":{"TEAM":"NU","MINS":234.2333333333,"FGM":25.0,"FGA":50.0,"FG%":50.0,"2PM":22.0,"2PA":42.0,"2P%":52.380952381,"3PM":3.0,"3PA":8.0,"3P%":37.5,"FTM":12.0,"FTA":22.0,"FT%":54.5454545455,"PTS":65.0,"OFF":31.0,"DEF":30.0,"REB":61.0,"AST":7.0,"TO":13.0,"STL":4.0,"BLK":8.0,"STK":12.0,"PF":29.0,"Fls on:":21.0,"+\/-":-47.0,"GW":4.0,"GP":12.0},"K. Perciano":{"TEAM":"NU","MINS":85.2166666668,"FGM":14.0,"FGA":29.0,"FG%":48.275862069,"2PM":14.0,"2PA":29.0,"2P%":48.275862069,"3PM":0.0,"3PA":0.0,"3P%":0.0,"FTM":1.0,"FTA":2.0,"FT%":50.0,"PTS":29.0,"OFF":3.0,"DEF":11.0,"REB":14.0,"AST":1.0,"TO":7.0,"STL":1.0,"BLK":1.0,"STK":2.0,"PF":19.0,"Fls on:":3.0,"+\/-":-31.0,"GW":4.0,"GP":12.0},"S. Enriquez":{"TEAM":"NU","MINS":210.1500000001,"FGM":24.0,"FGA":65.0,"FG%":36.9230769231,"2PM":8.0,"2PA":25.0,"2P%":32.0,"3PM":16.0,"3PA":40.0,"3P%":40.0,"FTM":13.0,"FTA":16.0,"FT%":81.25,"PTS":77.0,"OFF":5.0,"DEF":13.0,"REB":18.0,"AST":25.0,"TO":14.0,"STL":10.0,"BLK":1.0,"STK":11.0,"PF":9.0,"Fls on:":17.0,"+\/-":11.0,"GW":4.0,"GP":12.0},"N. Tulabut":{"TEAM":"NU","MINS":58.2833333334,"FGM":6.0,"FGA":14.0,"FG%":42.8571428571,"2PM":5.0,"2PA":8.0,"2P%":62.5,"3PM":1.0,"3PA":6.0,"3P%":16.6666666667,"FTM":1.0,"FTA":3.0,"FT%":33.3333333333,"PTS":14.0,"OFF":7.0,"DEF":9.0,"REB":16.0,"AST":7.0,"TO":5.0,"STL":2.0,"BLK":1.0,"STK":3.0,"PF":7.0,"Fls on:":3.0,"+\/-":-23.0,"GW":3.0,"GP":9.0},"M. Diassana":{"TEAM":"NU","MINS":4.0666666667,"FGM":0.0,"FGA":0.0,"FG%":0.0,"2PM":0.0,"2PA":0.0,"2P%":0.0,"3PM":0.0,"3PA":0.0,"3P%":0.0,"FTM":0.0,"FTA":0.0,"FT%":0.0,"PTS":0.0,"OFF":1.0,"DEF":1.0,"REB":2.0,"AST":0.0,"TO":0.0,"STL":0.0,"BLK":1.0,"STK":1.0,"PF":1.0,"Fls on:":0.0,"+\/-":-1.0,"GW":0.0,"GP":1.0},"J. Figueroa":{"TEAM":"NU","MINS":362.8833333333,"FGM":50.0,"FGA":130.0,"FG%":38.4615384615,"2PM":41.0,"2PA":95.0,"2P%":43.1578947368,"3PM":9.0,"3PA":35.0,"3P%":25.7142857143,"FTM":23.0,"FTA":34.0,"FT%":67.6470588235,"PTS":132.0,"OFF":20.0,"DEF":68.0,"REB":88.0,"AST":35.0,"TO":40.0,"STL":12.0,"BLK":2.0,"STK":14.0,"PF":32.0,"Fls on:":45.0,"+\/-":-16.0,"GW":4.0,"GP":12.0},"B. Parks":{"TEAM":"NU","MINS":39.05,"FGM":2.0,"FGA":7.0,"FG%":28.5714285714,"2PM":2.0,"2PA":4.0,"2P%":50.0,"3PM":0.0,"3PA":3.0,"3P%":0.0,"FTM":2.0,"FTA":4.0,"FT%":50.0,"PTS":6.0,"OFF":3.0,"DEF":6.0,"REB":9.0,"AST":2.0,"TO":2.0,"STL":2.0,"BLK":0.0,"STK":2.0,"PF":4.0,"Fls on:":2.0,"+\/-":12.0,"GW":4.0,"GP":10.0},"R. Jumamoy":{"TEAM":"NU","MINS":161.8500000001,"FGM":18.0,"FGA":84.0,"FG%":21.4285714286,"2PM":7.0,"2PA":38.0,"2P%":18.4210526316,"3PM":11.0,"3PA":46.0,"3P%":23.9130434783,"FTM":13.0,"FTA":16.0,"FT%":81.25,"PTS":60.0,"OFF":6.0,"DEF":12.0,"REB":18.0,"AST":17.0,"TO":18.0,"STL":9.0,"BLK":1.0,"STK":10.0,"PF":15.0,"Fls on:":22.0,"+\/-":-29.0,"GW":4.0,"GP":12.0},"D. Lim":{"TEAM":"NU","MINS":159.15,"FGM":9.0,"FGA":40.0,"FG%":22.5,"2PM":3.0,"2PA":19.0,"2P%":15.7894736842,"3PM":6.0,"3PA":21.0,"3P%":28.5714285714,"FTM":4.0,"FTA":6.0,"FT%":66.6666666667,"PTS":28.0,"OFF":2.0,"DEF":21.0,"REB":23.0,"AST":6.0,"TO":3.0,"STL":5.0,"BLK":0.0,"STK":5.0,"PF":22.0,"Fls on:":9.0,"+\/-":-32.0,"GW":4.0,"GP":12.0},"E. Dela Cruz":{"TEAM":"NU","MINS":35.5166666667,"FGM":2.0,"FGA":7.0,"FG%":28.5714285714,"2PM":2.0,"2PA":7.0,"2P%":28.5714285714,"3PM":0.0,"3PA":0.0,"3P%":0.0,"FTM":0.0,"FTA":0.0,"FT%":0.0,"PTS":4.0,"OFF":3.0,"DEF":6.0,"REB":9.0,"AST":4.0,"TO":2.0,"STL":1.0,"BLK":0.0,"STK":1.0,"PF":11.0,"Fls on:":0.0,"+\/-":-15.0,"GW":2.0,"GP":10.0},"J. Garcia":{"TEAM":"NU","MINS":22.9,"FGM":3.0,"FGA":10.0,"FG%":30.0,"2PM":3.0,"2PA":10.0,"2P%":30.0,"3PM":0.0,"3PA":0.0,"3P%":0.0,"FTM":1.0,"FTA":2.0,"FT%":50.0,"PTS":7.0,"OFF":1.0,"DEF":3.0,"REB":4.0,"AST":2.0,"TO":2.0,"STL":0.0,"BLK":0.0,"STK":0.0,"PF":3.0,"Fls on:":2.0,"+\/-":3.0,"GW":1.0,"GP":2.0},"P. Palacielo":{"TEAM":"NU","MINS":244.4,"FGM":40.0,"FGA":99.0,"FG%":40.404040404,"2PM":40.0,"2PA":97.0,"2P%":41.2371134021,"3PM":0.0,"3PA":2.0,"3P%":0.0,"FTM":8.0,"FTA":18.0,"FT%":44.4444444444,"PTS":88.0,"OFF":21.0,"DEF":49.0,"REB":70.0,"AST":10.0,"TO":19.0,"STL":9.0,"BLK":8.0,"STK":17.0,"PF":36.0,"Fls on:":21.0,"+\/-":-2.0,"GW":4.0,"GP":12.0},"P. Yu":{"TEAM":"NU","MINS":163.95,"FGM":9.0,"FGA":45.0,"FG%":20.0,"2PM":3.0,"2PA":14.0,"2P%":21.4285714286,"3PM":6.0,"3PA":31.0,"3P%":19.3548387097,"FTM":7.0,"FTA":11.0,"FT%":63.6363636364,"PTS":31.0,"OFF":8.0,"DEF":18.0,"REB":26.0,"AST":11.0,"TO":5.0,"STL":2.0,"BLK":0.0,"STK":2.0,"PF":11.0,"Fls on:":7.0,"+\/-":-4.0,"GW":4.0,"GP":12.0},"T. Garcia":{"TEAM":"NU","MINS":108.3666666667,"FGM":15.0,"FGA":30.0,"FG%":50.0,"2PM":15.0,"2PA":29.0,"2P%":51.724137931,"3PM":0.0,"3PA":1.0,"3P%":0.0,"FTM":13.0,"FTA":21.0,"FT%":61.9047619048,"PTS":43.0,"OFF":2.0,"DEF":6.0,"REB":8.0,"AST":14.0,"TO":17.0,"STL":2.0,"BLK":0.0,"STK":2.0,"PF":21.0,"Fls on:":14.0,"+\/-":-22.0,"GW":3.0,"GP":10.0},"P. Francisco":{"TEAM":"NU","MINS":115.9833333332,"FGM":15.0,"FGA":44.0,"FG%":34.0909090909,"2PM":9.0,"2PA":21.0,"2P%":42.8571428571,"3PM":6.0,"3PA":23.0,"3P%":26.0869565217,"FTM":2.0,"FTA":2.0,"FT%":100.0,"PTS":38.0,"OFF":8.0,"DEF":8.0,"REB":16.0,"AST":6.0,"TO":6.0,"STL":8.0,"BLK":2.0,"STK":10.0,"PF":10.0,"Fls on:":6.0,"+\/-":-5.0,"GW":4.0,"GP":12.0},"G. Santiago":{"TEAM":"NU","MINS":118.3833333334,"FGM":7.0,"FGA":33.0,"FG%":21.2121212121,"2PM":3.0,"2PA":12.0,"2P%":25.0,"3PM":4.0,"3PA":21.0,"3P%":19.0476190476,"FTM":16.0,"FTA":21.0,"FT%":76.1904761905,"PTS":34.0,"OFF":10.0,"DEF":23.0,"REB":33.0,"AST":5.0,"TO":4.0,"STL":5.0,"BLK":1.0,"STK":6.0,"PF":16.0,"Fls on:":17.0,"+\/-":21.0,"GW":4.0,"GP":12.0},"I. Manansala":{"TEAM":"NU","MINS":274.2999999999,"FGM":40.0,"FGA":96.0,"FG%":41.6666666667,"2PM":34.0,"2PA":73.0,"2P%":46.5753424658,"3PM":6.0,"3PA":23.0,"3P%":26.0869565217,"FTM":26.0,"FTA":38.0,"FT%":68.4210526316,"PTS":112.0,"OFF":26.0,"DEF":48.0,"REB":74.0,"AST":14.0,"TO":16.0,"STL":9.0,"BLK":0.0,"STK":9.0,"PF":23.0,"Fls on:":44.0,"+\/-":35.0,"GW":4.0,"GP":12.0}}