{"K. Padrones":{"TEAM":"NU","SP":33.3333333333,"GP":9.0,"MPG":20.3240740741,"EWA":1.028352291,"PER":22.1201627604,"WS":0.7773306602,"OWS":0.6761795516,"DWS":0.1011511086,"EFF":10.3333333333,"GmSc":6.3666666667,"TS%":57.4817518248,"EFG%":57.6086956522,"PPWS":1.1351351351,"FTR":0.4347826087,"REB%":14.0579238529,"OREB%":13.1207289294,"DREB%":15.0197818007,"AR":1.5164636827,"pAST%":6.0077600234,"TOR":2.4263418923,"AST\/TO":0.625,"PPR":-2.6227601913,"USG%":15.754508045,"aSP":33.3333333333,"ORtg":112.8224663292,"DRtg":94.2146135463,"Floor%":55.2026010371,"Stop%":0.5754351777,"FFI":56.5827777041,"PIE":7.3301950235,"AV":1.4260768066},"I. Manansala":{"TEAM":"NU","SP":38.6666666667,"GP":9.0,"MPG":23.2203703704,"EWA":0.9033536779,"PER":19.5084483261,"WS":0.7534715908,"OWS":0.6253214314,"DWS":0.1281501594,"EFF":9.8888888889,"GmSc":6.4444444444,"TS%":48.5735366454,"EFG%":43.4782608696,"PPWS":0.9599027947,"FTR":0.4057971014,"REB%":11.8570320341,"OREB%":8.833976455,"DREB%":14.9596417074,"AR":2.6546277881,"pAST%":10.5654108991,"TOR":2.6546277881,"AST\/TO":1.0,"PPR":-1.6397293643,"USG%":20.0517708057,"aSP":38.6666666667,"ORtg":101.4635093335,"DRtg":93.7716091698,"Floor%":49.6938269579,"Stop%":0.585591495,"FFI":49.5813992136,"PIE":8.0699394755,"AV":1.3798224612},"S. Enriquez":{"TEAM":"NU","SP":32.7777777778,"GP":9.0,"MPG":18.6944444444,"EWA":0.8958510859,"PER":21.5222923193,"WS":0.7219000687,"OWS":0.719626667,"DWS":0.0022734017,"EFF":7.4444444444,"GmSc":5.7555555556,"TS%":56.9800569801,"EFG%":52.0,"PPWS":1.1297440424,"FTR":0.28,"REB%":3.8903147373,"OREB%":1.6459023888,"DREB%":6.1937905685,"AR":7.5838206061,"pAST%":28.913390776,"TOR":2.9675819763,"AST\/TO":2.5555555556,"PPR":3.8697450568,"USG%":17.7715162844,"aSP":32.7777777778,"ORtg":114.2841662669,"DRtg":98.1834162395,"Floor%":46.6101929234,"Stop%":0.4844464169,"FFI":49.5872849837,"PIE":7.5319435104,"AV":1.1151590348},"P. Francisco":{"TEAM":"NU","SP":21.2222222222,"GP":9.0,"MPG":11.1074074074,"EWA":0.5368263781,"PER":21.6138081358,"WS":0.3792630389,"OWS":0.2835127816,"DWS":0.0957502573,"EFF":4.6666666667,"GmSc":3.3777777778,"TS%":47.3684210526,"EFG%":47.3684210526,"PPWS":0.9473684211,"FTR":0.0,"REB%":7.4830138185,"OREB%":7.3870777439,"DREB%":7.5814745266,"AR":3.3297476993,"pAST%":13.5909745861,"TOR":1.6648738497,"AST\/TO":2.0,"PPR":1.0283711153,"USG%":18.8203253461,"aSP":21.2222222222,"ORtg":102.5444678765,"DRtg":91.2363696579,"Floor%":43.4512110016,"Stop%":0.6437143898,"FFI":45.0085655074,"PIE":3.7659717552,"AV":0.7856293018},"J. Figueroa":{"TEAM":"NU","SP":50.8888888889,"GP":9.0,"MPG":30.9444444444,"EWA":0.5084394985,"PER":14.48952744,"WS":0.4708727996,"OWS":0.2661727533,"DWS":0.2047000463,"EFF":11.2222222222,"GmSc":6.1222222222,"TS%":44.9183303085,"EFG%":40.7216494845,"PPWS":0.8898876404,"FTR":0.3092783505,"REB%":11.0797640421,"OREB%":4.9716889932,"DREB%":17.348577908,"AR":4.7808083066,"pAST%":18.7824045391,"TOR":5.1792089988,"AST\/TO":0.9230769231,"PPR":-3.691304578,"USG%":22.4414228609,"aSP":50.8888888889,"ORtg":85.7634529089,"DRtg":92.875545943,"Floor%":40.9719120821,"Stop%":0.6061346383,"FFI":45.6273706005,"PIE":8.8096839274,"AV":1.5171262948},"G. Santiago":{"TEAM":"NU","SP":14.4444444444,"GP":9.0,"MPG":8.2462962963,"EWA":0.0386263573,"PER":11.8661124401,"WS":0.1556730597,"OWS":0.0761485524,"DWS":0.0795245074,"EFF":2.3333333333,"GmSc":1.3111111111,"TS%":35.8606557377,"EFG%":22.9166666667,"PPWS":0.7070707071,"FTR":0.5,"REB%":10.7092548143,"OREB%":7.4625576534,"DREB%":14.0413913742,"AR":1.49500911,"pAST%":5.0110835424,"TOR":1.49500911,"AST\/TO":1.0,"PPR":-0.9234478553,"USG%":19.3403255761,"aSP":14.4444444444,"ORtg":87.7519875717,"DRtg":90.3999347283,"Floor%":37.0066849829,"Stop%":0.662890495,"FFI":42.7854259199,"PIE":0.7397444519,"AV":0.4671379777},"N. Tulabut":{"TEAM":"NU","SP":12.8333333333,"GP":6.0,"MPG":5.1805555556,"EWA":0.0383045436,"PER":13.2969586877,"WS":0.0216428262,"OWS":0.0181398744,"DWS":0.0035029518,"EFF":2.0,"GmSc":0.9166666667,"TS%":40.3225806452,"EFG%":42.8571428571,"PPWS":0.8026755853,"FTR":0.1428571429,"REB%":12.0330072072,"OREB%":11.8787378841,"DREB%":12.1913362494,"AR":8.9239618859,"pAST%":32.4865767269,"TOR":5.3543771315,"AST\/TO":1.6666666667,"PPR":1.1024432439,"USG%":15.4124398259,"aSP":12.8333333333,"ORtg":84.3034583924,"DRtg":97.45374884,"Floor%":40.6605716854,"Stop%":0.5011747699,"FFI":45.3228675796,"PIE":0.7397444519,"AV":0.3070199805},"M. Diassana":{"TEAM":"NU","SP":36.0,"GP":1.0,"MPG":4.0666666667,"EWA":0.0234218012,"PER":22.3965132221,"WS":0.0188362873,"OWS":0.0096248412,"DWS":0.0092114461,"EFF":3.0,"GmSc":1.3,"TS%":0.0,"EFG%":0.0,"PPWS":0.0,"FTR":0.0,"REB%":22.9934000424,"OREB%":22.6986128624,"DREB%":23.2959447798,"AR":0.0,"pAST%":0.0,"TOR":0.0,"AST\/TO":null,"PPR":0.0,"USG%":0.0,"aSP":36.0,"ORtg":214.2715877306,"DRtg":81.6189860523,"Floor%":100.0,"Stop%":0.8642025029,"FFI":29.5397225725,"PIE":0.1344989913,"AV":0.1085479551},"P. Palacielo":{"TEAM":"NU","SP":34.6666666667,"GP":9.0,"MPG":20.7944444444,"EWA":0.0051091706,"PER":10.8748727377,"WS":0.054484439,"OWS":-0.1925475728,"DWS":0.2470320118,"EFF":7.2222222222,"GmSc":2.8222222222,"TS%":36.7647058824,"EFG%":36.4864864865,"PPWS":0.7326478149,"FTR":0.1081081081,"REB%":13.490116616,"OREB%":6.9051973941,"DREB%":20.2483231857,"AR":2.9643225429,"pAST%":11.9430911706,"TOR":4.7429160687,"AST\/TO":0.625,"PPR":-5.1268667021,"USG%":22.9304801039,"aSP":34.6666666667,"ORtg":73.014274913,"DRtg":88.5721526643,"Floor%":36.5022227434,"Stop%":0.7047942221,"FFI":41.4115266779,"PIE":3.4969737727,"AV":1.0900984516},"B. Parks":{"TEAM":"NU","SP":6.5714285714,"GP":7.0,"MPG":2.2404761905,"EWA":-0.0375618264,"PER":6.0060188463,"WS":-0.0062703816,"OWS":-0.0129424424,"DWS":0.0066720608,"EFF":0.5714285714,"GmSc":0.1571428571,"TS%":52.0833333333,"EFG%":50.0,"PPWS":1.0169491525,"FTR":1.0,"REB%":11.9243137309,"OREB%":5.8857189569,"DREB%":18.1218188937,"AR":3.5373408963,"pAST%":12.0783076949,"TOR":7.0746817927,"AST\/TO":0.5,"PPR":-8.7398794896,"USG%":14.278412684,"aSP":6.5714285714,"ORtg":72.1504551417,"DRtg":95.1530875839,"Floor%":37.3489344912,"Stop%":0.5539197242,"FFI":59.4084733432,"PIE":0.2017484869,"AV":0.1346870059},"R. Jumamoy":{"TEAM":"NU","SP":24.7777777778,"GP":9.0,"MPG":13.6981481482,"EWA":-0.0750576889,"PER":9.5962664209,"WS":-0.1083633795,"OWS":-0.1718581291,"DWS":0.0634947495,"EFF":1.8888888889,"GmSc":1.6666666667,"TS%":34.9973586899,"EFG%":29.2857142857,"PPWS":0.6957663275,"FTR":0.1857142857,"REB%":4.9300435944,"OREB%":3.7437214671,"DREB%":6.147584725,"AR":4.4999834844,"pAST%":17.5615324388,"TOR":5.8499785298,"AST\/TO":0.7692307692,"PPR":-5.2812054007,"USG%":33.0229331922,"aSP":24.7777777778,"ORtg":73.1646676421,"DRtg":94.493868426,"Floor%":29.7462524088,"Stop%":0.569032981,"FFI":38.786249661,"PIE":0.6724949563,"AV":0.3986735252},"J. Garcia":{"TEAM":"NU","SP":29.0,"GP":2.0,"MPG":11.45,"EWA":-0.0818254593,"PER":3.6379400364,"WS":-0.0476524958,"OWS":-0.0466796882,"DWS":-0.0009728076,"EFF":1.5,"GmSc":0.3,"TS%":32.1691176471,"EFG%":30.0,"PPWS":0.6392694064,"FTR":0.2,"REB%":8.1665059831,"OREB%":4.0309035942,"DREB%":12.4109400138,"AR":4.8451787241,"pAST%":18.9588435105,"TOR":4.8451787241,"AST\/TO":1.0,"PPR":-2.9928044395,"USG%":25.8094566544,"aSP":29.0,"ORtg":67.8986654269,"DRtg":98.595340471,"Floor%":34.3114706827,"Stop%":0.4750026429,"FFI":39.5948860378,"PIE":-0.0672494956,"AV":0.1085479551},"E. Dela Cruz":{"TEAM":"NU","SP":8.0,"GP":9.0,"MPG":3.5648148148,"EWA":-0.0984605517,"PER":4.6515103714,"WS":0.0076845076,"OWS":-0.0252233787,"DWS":0.0329078863,"EFF":1.1111111111,"GmSc":0.1,"TS%":28.5714285714,"EFG%":28.5714285714,"PPWS":0.5714285714,"FTR":0.0,"REB%":11.6579524371,"OREB%":5.7542457542,"DREB%":17.7170198222,"AR":6.9166499396,"pAST%":23.5534655489,"TOR":3.4583249698,"AST\/TO":2.0,"PPR":2.1361627532,"USG%":12.8724586992,"aSP":8.0,"ORtg":71.4775217814,"DRtg":90.7370047974,"Floor%":34.4417895029,"Stop%":0.6551628274,"FFI":36.714839337,"PIE":-0.1344989913,"AV":0.2677815834},"T. Garcia":{"TEAM":"NU","SP":16.1428571429,"GP":7.0,"MPG":9.4666666667,