{"I. Manansala":{"TEAM":"NU","SP":40.9230769231,"GP":13.0,"MPG":22.5897435897,"EWA":1.4418945612,"PER":20.6890399595,"WS":1.2101530255,"OWS":0.8711275194,"DWS":0.3390255062,"EFF":9.9230769231,"GmSc":6.4,"TS%":48.4822934233,"EFG%":43.5643564356,"PPWS":0.9696458685,"FTR":0.396039604,"REB%":12.7633661152,"OREB%":8.4012030125,"DREB%":17.1255292178,"AR":2.8074596284,"pAST%":12.0511090625,"hAST%":9.8944591029,"TOR":3.3689515541,"hTO%":11.8733509235,"AST\/TO":0.8333333333,"STL\/TO":0.5555555556,"PPR":-2.7719310969,"USG%":21.3954359215,"STL%":null,"BLK%":8.9070175879,"aSP":40.9230769231,"ORtg":97.5997798702,"DRtg":87.2902979862,"Floor%":46.7044335231,"Stop%":0.649854508,"FFI":49.2043393476,"PIE":9.4087403599,"AV":1.8227327128,"DRE\/100":6.8887235787,"DRE\/75":5.166542684,"POS":41.0992963952},"S. Enriquez":{"TEAM":"NU","SP":30.1538461538,"GP":13.0,"MPG":17.5474358974,"EWA":0.9543579817,"PER":19.2291161391,"WS":0.8416617599,"OWS":0.7400160572,"DWS":0.1016457027,"EFF":5.6923076923,"GmSc":4.5846153846,"TS%":52.0833333333,"EFG%":47.0588235294,"PPWS":1.0416666667,"FTR":0.2941176471,"REB%":3.7437623959,"OREB%":2.0798679977,"DREB%":5.407656794,"AR":6.0236524503,"pAST%":23.9154423544,"hAST%":21.5889464594,"TOR":3.3732453722,"hTO%":12.0898100173,"AST\/TO":1.7857142857,"STL\/TO":0.8571428571,"PPR":1.18948457,"USG%":18.3085489469,"STL%":null,"BLK%":11.4664754803,"aSP":30.1538461538,"ORtg":103.0141046284,"DRtg":92.4075651141,"Floor%":41.771975437,"Stop%":0.5336143284,"FFI":47.8079563742,"PIE":6.1696658098,"AV":1.2014466618,"DRE\/100":3.3503457667,"DRE\/75":2.512759325,"POS":31.9254296119},"K. Padrones":{"TEAM":"NU","SP":28.7692307692,"GP":13.0,"MPG":19.241025641,"EWA":0.8307610614,"PER":17.4957585292,"WS":0.8162954186,"OWS":0.6636744692,"DWS":0.1526209494,"EFF":7.7692307692,"GmSc":4.5692307692,"TS%":54.3820933165,"EFG%":52.8846153846,"PPWS":1.0876418663,"FTR":0.5,"REB%":12.3291908549,"OREB%":12.5188707142,"DREB%":12.1395109956,"AR":1.5381666248,"pAST%":6.0901068111,"hAST%":8.2899099953,"TOR":3.0763332495,"hTO%":16.5798199905,"AST\/TO":0.5,"STL\/TO":0.2857142857,"PPR":-3.7967526374,"USG%":14.2402911067,"STL%":null,"BLK%":83.6575958952,"aSP":28.7692307692,"ORtg":102.9210328326,"DRtg":91.2195364403,"Floor%":50.4564604537,"Stop%":0.560600738,"FFI":55.3885369843,"PIE":5.1928020566,"AV":1.5171262948,"DRE\/100":1.9687960228,"DRE\/75":1.4765970171,"POS":35.0067105731},"J. Figueroa":{"TEAM":"NU","SP":53.0769230769,"GP":13.0,"MPG":30.6192307692,"EWA":0.8989644802,"PER":15.359426216,"WS":0.7982739444,"OWS":0.3400767408,"DWS":0.4581972036,"EFF":11.0769230769,"GmSc":6.1230769231,"TS%":45.2079566004,"EFG%":41.726618705,"PPWS":0.904159132,"FTR":0.2589928058,"REB%":10.8466731521,"OREB%":4.7677684185,"DREB%":16.9255778856,"AR":5.2471427899,"pAST%":22.1851347247,"hAST%":16.044587063,"TOR":6.0756390199,"hTO%":18.577942915,"AST\/TO":0.8636363636,"STL\/TO":0.2954545455,"PPR":-4.7717341693,"USG%":22.9768886724,"STL%":null,"BLK%":26.2850814218,"aSP":53.0769230769,"ORtg":82.7330984067,"DRtg":87.3144975139,"Floor%":38.6301292796,"Stop%":0.6493048088,"FFI":45.0101834971,"PIE":10.1799485861,"AV":1.9794866372,"DRE\/100":2.5068634817,"DRE\/75":1.8801476113,"POS":55.7079736553},"P. Palacielo":{"TEAM":"NU","SP":37.1538461538,"GP":13.0,"MPG":20.9269230769,"EWA":0.58939097,"PER":15.1746254351,"WS":0.513387609,"OWS":0.097053386,"DWS":0.416334223,"EFF":8.1538461538,"GmSc":4.0307692308,"TS%":41.9089976052,"EFG%":41.2844036697,"PPWS":0.8381799521,"FTR":0.1651376147,"REB%":13.4287251297,"OREB%":8.0223552723,"DREB%":18.8350949871,"AR":2.0203573139,"pAST%":9.2344876147,"hAST%":6.6702241195,"TOR":4.646821822,"hTO%":15.3415154749,"AST\/TO":0.4347826087,"STL\/TO":0.4347826087,"PPR":-6.1090431458,"USG%":23.6568088111,"STL%":null,"BLK%":76.9180419773,"aSP":37.1538461538,"ORtg":79.6904942398,"DRtg":84.5766953685,"Floor%":40.1190143944,"Stop%":0.7114947639,"FFI":44.433591287,"PIE":5.3984575835,"AV":1.5731136672,"DRE\/100":2.3527511499,"DRE\/75":1.7645633624,"POS":38.0739963143},"G. Santiago":{"TEAM":"NU","SP":19.0,"GP":13.0,"MPG":10.2487179487,"EWA":0.1826203175,"PER":13.5750675868,"WS":0.368408898,"OWS":0.1829345805,"DWS":0.1854743175,"EFF":3.2307692308,"GmSc":1.8307692308,"TS%":38.056206089,"EFG%":27.380952381,"PPWS":0.7611241218,"FTR":0.5,"REB%":12.1076208616,"OREB%":7.1221299186,"DREB%":17.0931118046,"AR":2.0626902949,"pAST%":7.5675182712,"hAST%":8.1645983018,"TOR":2.0626902949,"hTO%":8.1645983018,"AST\/TO":1.0,"STL\/TO":1.2,"PPR":-1.2728667836,"USG%":19.4158993622,"STL%":null,"BLK%":19.6324305603,"aSP":19.0,"ORtg":88.0106768233,"DRtg":85.5747647541,"Floor%":38.6581561834,"Stop%":0.6888233337,"FFI":44.3611343624,"PIE":2.0051413882,"AV":0.7856293018,"DRE\/100":6.7449034093,"DRE\/75":5.058677557,"POS":18.6462982624},"P. Francisco":{"TEAM":"NU","SP":18.0769230769,"GP":13.0,"MPG":9.7217948718,"EWA":0.3521298765,"PER":16.4202720705,"WS":0.2874807426,"OWS":0.1722850463,"DWS":0.1151956963,"EFF":3.0,"GmSc":2.1153846154,"TS%":42.8153717627,"EFG%":41.4893617021,"PPWS":0.8563074353,"FTR":0.0425531915,"REB%":6.7573356076,"OREB%":6.7573356076,"DREB%":6.7573356076,"AR":2.6093861876,"pAST%":10.8671737628,"hAST%":9.8554533509,"TOR":3.0442838856,"hTO%":11.4980289093,"AST\/TO":0.8571428571,"STL\/TO":1.1428571429,"PPR":-2.4153415169,"USG%":19.9732800269,"STL%":null,"BLK%":82.7860476854,"aSP":18.0769230769,"ORtg":87.6824016565,"DRtg":89.0443352492,"Floor%":36.5338295795,"Stop%":0.6100110522,"FFI":42.8244387033,"PIE":2.3136246787,"AV":0.7431545832,"DRE\/100":0.9088862368,"DRE\/75":0.6816646776,"POS":17.6876256847},"T. Garcia":{"TEAM":"NU","SP":18.6363636364,"GP":11.0,"MPG":10.6318181818,"EWA":0.0204071916,"PER":11.1707349738,"WS":0.1149687642,"OWS":0.1043652509,"DWS":0.0106035133,"EFF":2.4545454545,"GmSc":1.3272727273,"TS%":52.2317188984,"EFG%":46.875,"PPWS":1.044634378,"FTR":0.71875,"REB%":3.6511953764,"OREB%":1.6227535006,"DREB%":5.6796372522,"AR":7.0496563563,"pAST%":29.4713853629,"hAST%":19.9680511182,"TOR":8.4595876276,"hTO%":23.9616613419,"AST\/TO":0.8333333333,"STL\/TO":0.1666666667,"PPR":-6.960442629,"USG%":23.6452461569,"STL%":null,"BLK%":0.0,"aSP":18.6363636364,"ORtg":82.6053989779,"DRtg":94.9696941526,"Floor%":41.9704541189,"Stop%":0.475414838,"FFI":52.7409037932,"PIE":0.5141388175,"AV":0.5640317198,"DRE\/100":-5.9562217372,"DRE\/75":-4.4671663029,"POS":19.3433026337},"N. Tulabut":{"TEAM":"NU","SP":14.1,"GP":10.0,"MPG":6.4866666667,"EWA":0.1219851762,"PER":14.5999106511,"WS":0.1148403402,"OWS":0.0517770091,"DWS":0.0630633311,"EFF":2.5,"GmSc":1.25,"TS%":42.8921568627,"EFG%":43.3333333333,"PPWS":0.8578431373,"FTR":0.2,"REB%":13.1656926805,"OREB%":11.7028379382,"DREB%":14.6285474227,"AR":5.9313475602,"pAST%":22.9133531132,"hAST%":23.8744884038,"TOR":5.0840121945,"hTO%":20.4638472033,"AST\/TO":1.1666666667,"STL\/TO":0.3333333333,"PPR":-2.0915307437,"USG%":15.826967219,"STL%":null,"BLK%":40.3241649279,"aSP":14.1,"ORtg":83.9722349311,"DRtg":88.6059975877,"Floor%":39.4631585206,"Stop%":0.619968017,"FFI":46.4028978724,"PIE":1.3881748072,"AV":0.5323971375,"DRE\/100":2.2859452306,"DRE\/75":1.7144589229,"POS":11.801702613},"K. Perciano":{"TEAM":"NU","SP":12.4166666667,"GP":12.0,"MPG":7.1013888889,"EWA":-0.0982419951,"PER":8.5027724205,"WS":0.075375162,"OWS":0.0315487115,"DWS":0.0438264505,"EFF":1.9166666667,"GmSc":0.5916666667,"TS%":48.5274431058,"EFG%":48.275862069,"PPWS":0.9705488621,"FTR":0.0689655172,"REB%":7.7946439661,"OREB%":3.3405616997,"DREB%":12.2487262324,"AR":0.6449890951,"pAST%":2.9397658929,"hAST%":2.6399155227,"TOR":4.514923666,"hTO%":18.4794086589,"AST\/TO":0.1428571429,"STL\/TO":0.1428571429,"PPR":-7.5623173987,"USG%":19.9063421218,"STL%":null,"BLK%":30.6946313122,"aSP":12.4166666667,"ORtg":80.314909216,"DRtg":91.9115696072,"Floor%":40.2478839706,"Stop%":0.5448810076,"FFI":44.8842090097,"PIE":0.205655527,"AV":0.5001227174,"DRE\/100":-3.5888739816,"DRE\/75":-2.6916554862,"POS":12.920115078},"D. Lim":{"TEAM":"NU","SP":15.8461538462,"GP":13.0,"MPG":13.0628205128,"EWA":-0.5808805762,"PER":3.944526697,"WS":0.0439566876,