{"I. Manansala":{"TEAM":"NU","SP":39.7272727273,"GP":11.0,"MPG":22.7575757576,"EWA":1.0519004512,"PER":19.2660182701,"WS":0.9051003982,"OWS":0.6629320677,"DWS":0.2421683305,"EFF":9.5454545455,"GmSc":6.0909090909,"TS%":46.0965084347,"EFG%":40.2298850575,"PPWS":0.9219301687,"FTR":0.3908045977,"REB%":12.5546889861,"OREB%":8.9562112512,"DREB%":16.1839888001,"AR":2.6233730573,"pAST%":10.7480186733,"hAST%":9.3779306033,"TOR":3.0606019002,"hTO%":10.9409190372,"AST\/TO":0.8571428571,"STL\/TO":0.6428571429,"PPR":-2.4319353516,"USG%":21.0433884195,"STL%":null,"BLK%":0.0,"aSP":39.7272727273,"ORtg":96.3608792108,"DRtg":89.2980909161,"Floor%":47.1156771828,"Stop%":0.6304293545,"FFI":47.9801147637,"PIE":8.4173088322,"AV":1.5619699685,"DRE\/100":5.8104420451,"DRE\/75":4.3578315338,"POS":41.5842149425},"S. Enriquez":{"TEAM":"NU","SP":31.9090909091,"GP":11.0,"MPG":17.903030303,"EWA":0.8785753965,"PER":19.7871794868,"WS":0.7052940808,"OWS":0.6339447726,"DWS":0.0713493082,"EFF":6.2727272727,"GmSc":4.9,"TS%":52.1751910641,"EFG%":47.5409836066,"PPWS":1.0435038213,"FTR":0.262295082,"REB%":4.2874899128,"OREB%":2.3718244505,"DREB%":6.2195636447,"AR":6.9473354141,"pAST%":27.003849276,"hAST%":23.355754858,"TOR":3.8905078319,"hTO%":13.0792227205,"AST\/TO":1.7857142857,"STL\/TO":0.7142857143,"PPR":1.3739437667,"USG%":18.9248552696,"STL%":null,"BLK%":13.0201552002,"aSP":31.9090909091,"ORtg":102.3226163947,"DRtg":93.6957574749,"Floor%":41.6520580388,"Stop%":0.5298795558,"FFI":47.4525576043,"PIE":6.7575577949,"AV":1.1400332638,"DRE\/100":3.5445536146,"DRE\/75":2.6584152109,"POS":32.7136540453},"J. Figueroa":{"TEAM":"NU","SP":52.1818181818,"GP":11.0,"MPG":30.3045454545,"EWA":0.783599392,"PER":15.5448680902,"WS":0.6992438231,"OWS":0.3599833608,"DWS":0.3392604623,"EFF":11.2727272727,"GmSc":6.2818181818,"TS%":45.783317944,"EFG%":41.7391304348,"PPWS":0.9156663589,"FTR":0.2956521739,"REB%":10.8352791316,"OREB%":4.7640930055,"DREB%":16.9584668518,"AR":5.0893078803,"pAST%":20.8124801641,"hAST%":15.8195550112,"TOR":5.7459927681,"hTO%":17.8607879159,"AST\/TO":0.8857142857,"STL\/TO":0.3142857143,"PPR":-4.3628089878,"USG%":22.4804155844,"STL%":null,"BLK%":15.3838461923,"aSP":52.1818181818,"ORtg":84.8651390847,"DRtg":88.9321743107,"Floor%":40.4161409745,"Stop%":0.6387958008,"FFI":45.6467551917,"PIE":10.0177830468,"AV":1.769485341,"DRE\/100":3.1233133446,"DRE\/75":2.3424850085,"POS":55.3745594584},"K. Padrones":{"TEAM":"NU","SP":29.8181818182,"GP":11.0,"MPG":19.4651515151,"EWA":0.7686597392,"PER":18.0357207555,"WS":0.6800918,"OWS":0.5552702547,"DWS":0.1248215453,"EFF":8.3636363636,"GmSc":4.7818181818,"TS%":54.4982698962,"EFG%":54.0816326531,"PPWS":1.0899653979,"FTR":0.4081632653,"REB%":12.9256197634,"OREB%":12.6525858722,"DREB%":13.2009922746,"AR":1.5335511528,"pAST%":6.0254896471,"hAST%":7.8125,"TOR":3.3226941645,"hTO%":16.9270833333,"AST\/TO":0.4615384615,"STL\/TO":0.2307692308,"PPR":-4.2649259338,"USG%":15.0213488123,"STL%":null,"BLK%":95.8020729174,"aSP":29.8181818182,"ORtg":101.8485442387,"DRtg":92.0920351358,"Floor%":49.7251373881,"Stop%":0.5665476288,"FFI":54.4549456741,"PIE":5.3941908714,"AV":1.4145606597,"DRE\/100":2.297673235,"DRE\/75":1.7232549262,"POS":35.5680698646},"G. Santiago":{"TEAM":"NU","SP":15.7272727273,"GP":11.0,"MPG":9.1106060606,"EWA":0.0880992433,"PER":12.5869663632,"WS":0.2722053115,"OWS":0.1685107606,"DWS":0.1036945508,"EFF":2.6363636364,"GmSc":1.5090909091,"TS%":41.2541254125,"EFG%":28.5714285714,"PPWS":0.8250825083,"FTR":0.6785714286,"REB%":10.7655871411,"OREB%":6.5251403276,"DREB%":15.0423546983,"AR":1.0921631831,"pAST%":3.8235157807,"hAST%":4.7214353163,"TOR":2.1843263663,"hTO%":9.4428706327,"AST\/TO":0.5,"STL\/TO":1.0,"PPR":-2.699903467,"USG%":18.2952079915,"STL%":null,"BLK%":25.5855901956,"aSP":15.7272727273,"ORtg":91.8130430606,"DRtg":88.8088153298,"Floor%":40.537309662,"Stop%":0.641616324,"FFI":47.3660893311,"PIE":1.1855364552,"AV":0.5950852745,"DRE\/100":5.4299366614,"DRE\/75":4.0724524961,"POS":16.6475289247},"P. Palacielo":{"TEAM":"NU","SP":35.0,"GP":11.0,"MPG":19.8136363636,"EWA":0.2298825741,"PER":12.9400457621,"WS":0.2647985364,"OWS":-0.0475803403,"DWS":0.3123788767,"EFF":7.2727272727,"GmSc":3.1818181818,"TS%":38.4048821549,"EFG%":37.5,"PPWS":0.7680976431,"FTR":0.1818181818,"REB%":13.7744078741,"OREB%":8.1438262053,"DREB%":19.4532172232,"AR":2.510964755,"pAST%":10.6601542815,"hAST%":8.1274382315,"TOR":4.519736559,"hTO%":14.6293888166,"AST\/TO":0.5555555556,"STL\/TO":0.3888888889,"PPR":-5.2761878164,"USG%":23.5614179167,"STL%":null,"BLK%":94.1170934289,"aSP":35.0,"ORtg":76.6853734607,"DRtg":85.9121564684,"Floor%":38.6744520521,"Stop%":0.7078465535,"FFI":43.2261038286,"PIE":3.6158861885,"AV":1.2737910571,"DRE\/100":1.5102066234,"DRE\/75":1.1326549675,"POS":36.2048454596},"P. Francisco":{"TEAM":"NU","SP":18.4545454545,"GP":11.0,"MPG":9.9712121212,"EWA":0.3123281587,"PER":16.54356419,"WS":0.2479574232,"OWS":0.1507769989,"DWS":0.0971804242,"EFF":3.1818181818,"GmSc":2.2,"TS%":42.8571428571,"EFG%":42.8571428571,"PPWS":0.8571428571,"FTR":0.0,"REB%":6.8427264766,"OREB%":6.8136703132,"DREB%":6.872031515,"AR":2.9936987784,"pAST%":12.2911131528,"hAST%":11.1111111111,"TOR":2.9936987784,"hTO%":11.1111111111,"AST\/TO":1.0,"STL\/TO":1.3333333333,"PPR":-1.8501579791,"USG%":19.8804744209,"STL%":null,"BLK%":46.7546433206,"aSP":18.4545454545,"ORtg":88.4138248477,"DRtg":89.8895113821,"Floor%":37.4231168953,"Stop%":0.6169069084,"FFI":42.7571665109,"PIE":2.3710729105,"AV":0.6852226948,"DRE\/100":1.9579385607,"DRE\/75":1.4684539206,"POS":18.2200877854},"N. Tulabut":{"TEAM":"NU","SP":14.25,"GP":8.0,"MPG":6.375,"EWA":0.2006711969,"PER":18.7288059938,"WS":0.1528314619,"OWS":0.1004021614,"DWS":0.0524293005,"EFF":3.0,"GmSc":1.625,"TS%":48.3630952381,"EFG%":50.0,"PPWS":0.9672619048,"FTR":0.0769230769,"REB%":12.876792508,"OREB%":10.9903834145,"DREB%":14.7793592812,"AR":6.4384090394,"pAST%":25.3456221198,"hAST%":25.5972696246,"TOR":4.2922726929,"hTO%":17.0648464164,"AST\/TO":1.5,"STL\/TO":0.5,"PPR":0.0,"USG%":15.5346850064,"STL%":null,"BLK%":50.2765208647,"aSP":14.25,"ORtg":94.5810761419,"DRtg":88.8573513897,"Floor%":43.507711602,"Stop%":0.6405065784,"FFI":47.2788546635,"PIE":1.7190278601,"AV":0.5163440021,"DRE\/100":5.3763729665,"DRE\/75":4.0322797248,"POS":11.648840504},"D. Lim":{"TEAM":"NU","SP":16.3636363636,"GP":11.0,"MPG":13.8227272727,"EWA":-0.3797603505,"PER":5.7998204236,"WS":0.122000907,"OWS":0.019265805,"DWS":0.1027351021,"EFF":2.4545454545,"GmSc":0.8909090909,"TS%":35.3178607467,"EFG%":32.4324324324,"PPWS":0.7063572149,"FTR":0.1621621622,"REB%":7.0956347122,"OREB%":1.2287834137,"DREB%":13.0127374138,"AR":1.4396968585,"pAST%":5.033633826,"hAST%":8.576329331,"TOR":1.0797726439,"hTO%":6.4322469983,"AST\/TO":1.3333333333,"STL\/TO":1.6666666667,"PPR":-0.2224394326,"USG%":12.7396330435,"STL%":null,"BLK%":0.0,"aSP":16.3636363636,"ORtg":79.6131380133,"DRtg":91.4182571815,"Floor%":32.2223096845,"Stop%":0.5819531255,"FFI":40.3812189272,"PIE":0.8298755187,"AV":0.5640317198,"DRE\/100":2.054419028,"DRE\/75":1.540814271,"POS":25.2578424048},"T. Garcia":{"TEAM":"NU","SP":18.6666666667,"GP":9.0,"MPG":10.7166666667,"EWA":0.0427212251,"PER":11.7103023574,"WS":0.1014716927,"OWS":0.1081451048,"DWS":-0.0066734121,"EFF":2.6666666667,"GmSc":1.4111111111,"TS%":53.6087866109,"EFG%":48.275862069,"PPWS":1.0721757322,"FTR":0.724137931,"REB%":3.8907882273,"OREB%":1.9371334168,"DREB%":5.8611766978,"AR":6.8088929188,"pAST%":28.492488344,"hAST%":18.115942029,"TOR":9.0785238918,"hTO%":24.154589372,"AST\/TO":0.75,"STL\/TO":0.125,"PPR":-8.4160287958,"USG%":25.5472169423,"STL%":null,"BLK%":0.0,"aSP":18.6666666667,"ORtg":84.0657412379,"DRtg":96.8317952489,"Floor%":42.7455689397,"Stop%":0.4581760824,"FFI":53.2902095035,"PIE":0.3556609366,"AV":0.5163440021,"DRE\/100":-6.3781350856,"DRE\/75":-4.7836013142,"POS":19.5822338408},"P. Yu":{"TEAM":"NU","SP":18.0,"GP":11.0,"MPG":13.3515151515,"EWA":-0.21127431,"PER":7.9285245358,"WS":0.0648389744,"OWS":0.0698502198,"DWS":-0.0050112454,"EFF":2.3636363636,