{"K. Padrones":{"TEAM":"NU","MINS":214.1166666666,"FGM":25.0,"FGA":49.0,"FG%":51.0204081633,"2PM":22.0,"2PA":41.0,"2P%":53.6585365854,"3PM":3.0,"3PA":8.0,"3P%":37.5,"FTM":10.0,"FTA":20.0,"FT%":50.0,"PTS":63.0,"OFF":29.0,"DEF":30.0,"REB":59.0,"AST":6.0,"TO":13.0,"STL":3.0,"BLK":8.0,"STK":11.0,"PF":28.0,"Fls on:":20.0,"+\/-":-47.0,"GW":3.0,"GP":11.0},"K. Perciano":{"TEAM":"NU","MINS":85.0666666668,"FGM":14.0,"FGA":29.0,"FG%":48.275862069,"2PM":14.0,"2PA":29.0,"2P%":48.275862069,"3PM":0.0,"3PA":0.0,"3P%":0.0,"FTM":1.0,"FTA":2.0,"FT%":50.0,"PTS":29.0,"OFF":3.0,"DEF":11.0,"REB":14.0,"AST":1.0,"TO":7.0,"STL":1.0,"BLK":1.0,"STK":2.0,"PF":19.0,"Fls on:":3.0,"+\/-":-31.0,"GW":3.0,"GP":11.0},"S. Enriquez":{"TEAM":"NU","MINS":196.9333333334,"FGM":22.0,"FGA":61.0,"FG%":36.0655737705,"2PM":8.0,"2PA":24.0,"2P%":33.3333333333,"3PM":14.0,"3PA":37.0,"3P%":37.8378378378,"FTM":13.0,"FTA":16.0,"FT%":81.25,"PTS":71.0,"OFF":5.0,"DEF":13.0,"REB":18.0,"AST":25.0,"TO":14.0,"STL":10.0,"BLK":1.0,"STK":11.0,"PF":9.0,"Fls on:":16.0,"+\/-":17.0,"GW":3.0,"GP":11.0},"N. Tulabut":{"TEAM":"NU","MINS":51.0000000001,"FGM":6.0,"FGA":13.0,"FG%":46.1538461538,"2PM":5.0,"2PA":8.0,"2P%":62.5,"3PM":1.0,"3PA":5.0,"3P%":20.0,"FTM":0.0,"FTA":1.0,"FT%":0.0,"PTS":13.0,"OFF":6.0,"DEF":8.0,"REB":14.0,"AST":6.0,"TO":4.0,"STL":2.0,"BLK":1.0,"STK":3.0,"PF":6.0,"Fls on:":2.0,"+\/-":-14.0,"GW":2.0,"GP":8.0},"M. Diassana":{"TEAM":"NU","MINS":4.0666666667,"FGM":0.0,"FGA":0.0,"FG%":0.0,"2PM":0.0,"2PA":0.0,"2P%":0.0,"3PM":0.0,"3PA":0.0,"3P%":0.0,"FTM":0.0,"FTA":0.0,"FT%":0.0,"PTS":0.0,"OFF":1.0,"DEF":1.0,"REB":2.0,"AST":0.0,"TO":0.0,"STL":0.0,"BLK":1.0,"STK":1.0,"PF":1.0,"Fls on:":0.0,"+\/-":-1.0,"GW":0.0,"GP":1.0},"J. Figueroa":{"TEAM":"NU","MINS":333.35,"FGM":45.0,"FGA":115.0,"FG%":39.1304347826,"2PM":39.0,"2PA":87.0,"2P%":44.8275862069,"3PM":6.0,"3PA":28.0,"3P%":21.4285714286,"FTM":23.0,"FTA":34.0,"FT%":67.6470588235,"PTS":119.0,"OFF":17.0,"DEF":60.0,"REB":77.0,"AST":31.0,"TO":35.0,"STL":11.0,"BLK":2.0,"STK":13.0,"PF":30.0,"Fls on:":44.0,"+\/-":-28.0,"GW":3.0,"GP":11.0},"B. Parks":{"TEAM":"NU","MINS":35.0166666667,"FGM":2.0,"FGA":6.0,"FG%":33.3333333333,"2PM":2.0,"2PA":4.0,"2P%":50.0,"3PM":0.0,"3PA":2.0,"3P%":0.0,"FTM":2.0,"FTA":4.0,"FT%":50.0,"PTS":6.0,"OFF":3.0,"DEF":6.0,"REB":9.0,"AST":2.0,"TO":2.0,"STL":2.0,"BLK":0.0,"STK":2.0,"PF":3.0,"Fls on:":2.0,"+\/-":13.0,"GW":3.0,"GP":9.0},"R. Jumamoy":{"TEAM":"NU","MINS":147.2833333334,"FGM":17.0,"FGA":79.0,"FG%":21.5189873418,"2PM":7.0,"2PA":36.0,"2P%":19.4444444444,"3PM":10.0,"3PA":43.0,"3P%":23.2558139535,"FTM":12.0,"FTA":13.0,"FT%":92.3076923077,"PTS":56.0,"OFF":6.0,"DEF":10.0,"REB":16.0,"AST":15.0,"TO":15.0,"STL":8.0,"BLK":1.0,"STK":9.0,"PF":13.0,"Fls on:":21.0,"+\/-":-27.0,"GW":3.0,"GP":11.0},"D. Lim":{"TEAM":"NU","MINS":152.05,"FGM":9.0,"FGA":37.0,"FG%":24.3243243243,"2PM":3.0,"2PA":16.0,"2P%":18.75,"3PM":6.0,"3PA":21.0,"3P%":28.5714285714,"FTM":4.0,"FTA":6.0,"FT%":66.6666666667,"PTS":28.0,"OFF":2.0,"DEF":21.0,"REB":23.0,"AST":4.0,"TO":3.0,"STL":5.0,"BLK":0.0,"STK":5.0,"PF":19.0,"Fls on:":9.0,"+\/-":-33.0,"GW":3.0,"GP":11.0},"E. Dela Cruz":{"TEAM":"NU","MINS":35.5166666667,"FGM":2.0,"FGA":7.0,"FG%":28.5714285714,"2PM":2.0,"2PA":7.0,"2P%":28.5714285714,"3PM":0.0,"3PA":0.0,"3P%":0.0,"FTM":0.0,"FTA":0.0,"FT%":0.0,"PTS":4.0,"OFF":3.0,"DEF":6.0,"REB":9.0,"AST":4.0,"TO":2.0,"STL":1.0,"BLK":0.0,"STK":1.0,"PF":11.0,"Fls on:":0.0,"+\/-":-15.0,"GW":2.0,"GP":10.0},"J. Garcia":{"TEAM":"NU","MINS":22.9,"FGM":3.0,"FGA":10.0,"FG%":30.0,"2PM":3.0,"2PA":10.0,"2P%":30.0,"3PM":0.0,"3PA":0.0,"3P%":0.0,"FTM":1.0,"FTA":2.0,"FT%":50.0,"PTS":7.0,"OFF":1.0,"DEF":3.0,"REB":4.0,"AST":2.0,"TO":2.0,"STL":0.0,"BLK":0.0,"STK":0.0,"PF":3.0,"Fls on:":2.0,"+\/-":3.0,"GW":1.0,"GP":2.0},"P. Palacielo":{"TEAM":"NU","MINS":217.95,"FGM":33.0,"FGA":88.0,"FG%":37.5,"2PM":33.0,"2PA":86.0,"2P%":38.3720930233,"3PM":0.0,"3PA":2.0,"3P%":0.0,"FTM":7.0,"FTA":16.0,"FT%":43.75,"PTS":73.0,"OFF":19.0,"DEF":45.0,"REB":64.0,"AST":10.0,"TO":18.0,"STL":7.0,"BLK":8.0,"STK":15.0,"PF":36.0,"Fls on:":19.0,"+\/-":2.0,"GW":3.0,"GP":11.0},"P. Yu":{"TEAM":"NU","MINS":146.8666666667,"FGM":9.0,"FGA":41.0,"FG%":21.9512195122,"2PM":3.0,"2PA":12.0,"2P%":25.0,"3PM":6.0,"3PA":29.0,"3P%":20.6896551724,"FTM":7.0,"FTA":11.0,"FT%":63.6363636364,"PTS":31.0,"OFF":8.0,"DEF":16.0,"REB":24.0,"AST":11.0,"TO":5.0,"STL":1.0,"BLK":0.0,"STK":1.0,"PF":9.0,"Fls on:":7.0,"+\/-":-6.0,"GW":3.0,"GP":11.0},"T. Garcia":{"TEAM":"NU","MINS":96.45,"FGM":14.0,"FGA":29.0,"FG%":48.275862069,"2PM":14.0,"2PA":28.0,"2P%":50.0,"3PM":0.0,"3PA":1.0,"3P%":0.0,"FTM":13.0,"FTA":21.0,"FT%":61.9047619048,"PTS":41.0,"OFF":2.0,"DEF":6.0,"REB":8.0,"AST":12.0,"TO":16.0,"STL":2.0,"BLK":0.0,"STK":2.0,"PF":20.0,"Fls on:":14.0,"+\/-":-30.0,"GW":2.0,"GP":9.0},"P. Francisco":{"TEAM":"NU","MINS":109.6833333332,"FGM":15.0,"FGA":42.0,"FG%":35.7142857143,"2PM":9.0,"2PA":20.0,"2P%":45.0,"3PM":6.0,"3PA":22.0,"3P%":27.2727272727,"FTM":0.0,"FTA":0.0,"FT%":0.0,"PTS":36.0,"OFF":8.0,"DEF":8.0,"REB":16.0,"AST":6.0,"TO":6.0,"STL":8.0,"BLK":2.0,"STK":10.0,"PF":10.0,"Fls on:":5.0,"+\/-":2.0,"GW":3.0,"GP":11.0},"G. Santiago":{"TEAM":"NU","MINS":100.2166666667,"FGM":6.0,"FGA":28.0,"FG%":21.4285714286,"2PM":2.0,"2PA":10.0,"2P%":20.0,"3PM":4.0,"3PA":18.0,"3P%":22.2222222222,"FTM":14.0,"FTA":19.0,"FT%":73.6842105263,"PTS":30.0,"OFF":7.0,"DEF":16.0,"REB":23.0,"AST":2.0,"TO":4.0,"STL":4.0,"BLK":1.0,"STK":5.0,"PF":15.0,"Fls on:":16.0,"+\/-":5.0,"GW":3.0,"GP":11.0},"I. Manansala":{"TEAM":"NU","MINS":250.3333333332,"FGM":34.0,"FGA":87.0,"FG%":39.0804597701,"2PM":32.0,"2PA":69.0,"2P%":46.3768115942,"3PM":2.0,"3PA":18.0,"3P%":11.1111111111,"FTM":24.0,"FTA":34.0,"FT%":70.5882352941,"PTS":94.0,"OFF":24.0,"DEF":43.0,"REB":67.0,"AST":12.0,"TO":14.0,"STL":9.0,"BLK":0.0,"STK":9.0,"PF":22.0,"Fls on:":38.0,"+\/-":20.0,"GW":3.0,"GP":11.0}}