{"K. Padrones":{"TEAM":"NU","MINS":20.3240740741,"FGM":4.1002277904,"FGA":7.5444191344,"FG%":54.347826087,"2PM":3.6082004556,"2PA":6.2323462415,"2P%":57.8947368421,"3PM":0.4920273349,"3PA":1.3120728929,"3P%":37.5,"FTM":1.6400911162,"FTA":3.2801822323,"FT%":50.0,"PTS":10.3325740319,"OFF":4.2642369021,"DEF":4.7562642369,"REB":9.020501139,"AST":0.8200455581,"TO":1.3120728929,"STL":0.3280182232,"BLK":1.1480637813,"STK":1.4760820046,"PF":3.6082004556,"Fls on:":2.9521640091,"+\/-":-7.3804100228,"GW":2.0,"GP":9.0},"K. Perciano":{"TEAM":"NU","MINS":7.0851851852,"FGM":5.1751176163,"FGA":11.2911657083,"FG%":45.8333333333,"2PM":5.1751176163,"2PA":11.2911657083,"2P%":45.8333333333,"3PM":0.0,"3PA":0.0,"3P%":0.0,"FTM":0.4704652378,"FTA":0.9409304757,"FT%":50.0,"PTS":10.8207004704,"OFF":0.9409304757,"DEF":3.2932566649,"REB":4.2341871406,"AST":0.4704652378,"TO":3.2932566649,"STL":0.4704652378,"BLK":0.0,"STK":0.4704652378,"PF":6.116048092,"Fls on:":0.4704652378,"+\/-":-18.348144276,"GW":2.0,"GP":9.0},"S. Enriquez":{"TEAM":"NU","MINS":18.6944444444,"FGM":3.5661218425,"FGA":8.9153046062,"FG%":40.0,"2PM":1.426448737,"2PA":3.3878157504,"2P%":42.1052631579,"3PM":2.1396731055,"3PA":5.5274888559,"3P%":38.7096774194,"FTM":2.1396731055,"FTA":2.4962852897,"FT%":85.7142857143,"PTS":11.411589896,"OFF":0.5349182764,"DEF":1.9613670134,"REB":2.4962852897,"AST":4.1010401189,"TO":1.6047548291,"STL":1.0698365527,"BLK":0.1783060921,"STK":1.2481426449,"PF":1.6047548291,"Fls on:":2.4962852897,"+\/-":0.5349182764,"GW":2.0,"GP":9.0},"G. Santiago":{"TEAM":"NU","MINS":8.2462962963,"FGM":1.6168874916,"FGA":9.7013249495,"FG%":16.6666666667,"2PM":0.4042218729,"2PA":3.6379968561,"2P%":11.1111111111,"3PM":1.2126656187,"3PA":6.0633280934,"3P%":20.0,"FTM":4.0422187289,"FTA":4.8506624747,"FT%":83.3333333333,"PTS":8.4886593308,"OFF":2.4253312374,"DEF":4.4464406018,"REB":6.8717718392,"AST":0.8084437458,"TO":0.8084437458,"STL":1.6168874916,"BLK":0.4042218729,"STK":2.0211093645,"PF":4.8506624747,"Fls on:":4.0422187289,"+\/-":-5.2548843476,"GW":2.0,"GP":9.0},"M. Diassana":{"TEAM":"NU","MINS":4.0666666667,"FGM":0.0,"FGA":0.0,"FG%":0.0,"2PM":0.0,"2PA":0.0,"2P%":0.0,"3PM":0.0,"3PA":0.0,"3P%":0.0,"FTM":0.0,"FTA":0.0,"FT%":0.0,"PTS":0.0,"OFF":7.3770491803,"DEF":7.3770491803,"REB":14.7540983605,"AST":0.0,"TO":0.0,"STL":0.0,"BLK":7.3770491803,"STK":7.3770491803,"PF":7.3770491803,"Fls on:":0.0,"+\/-":-7.3770491803,"GW":0.0,"GP":1.0},"J. Figueroa":{"TEAM":"NU","MINS":30.9444444444,"FGM":3.9856373429,"FGA":10.4488330341,"FG%":38.1443298969,"2PM":3.447037702,"2PA":7.8635547576,"2P%":43.8356164384,"3PM":0.5385996409,"3PA":2.5852782765,"3P%":20.8333333333,"FTM":2.1543985637,"FTA":3.2315978456,"FT%":66.6666666667,"PTS":10.6642728905,"OFF":1.6157989228,"DEF":5.4937163375,"REB":7.1095152603,"AST":2.5852782765,"TO":2.8007181329,"STL":0.6463195691,"BLK":0.2154398564,"STK":0.8617594255,"PF":2.908438061,"Fls on:":4.0933572711,"+\/-":-2.1543985637,"GW":2.0,"GP":9.0},"I. Manansala":{"TEAM":"NU","MINS":23.2203703704,"FGM":4.1630114044,"FGA":9.9050961002,"FG%":42.0289855072,"2PM":3.8759071696,"2PA":7.6082622219,"2P%":50.9433962264,"3PM":0.2871042348,"3PA":2.2968338783,"3P%":12.5,"FTM":2.7274902305,"FTA":4.019459287,"FT%":67.8571428571,"PTS":11.3406172741,"OFF":2.8710423479,"DEF":4.737219874,"REB":7.6082622219,"AST":1.4355211739,"TO":1.4355211739,"STL":0.8613127044,"BLK":0.0,"STK":0.8613127044,"PF":2.7274902305,"Fls on:":4.4501156392,"+\/-":1.0048648218,"GW":2.0,"GP":9.0},"N. Tulabut":{"TEAM":"NU","MINS":5.1805555556,"FGM":2.8954423592,"FGA":6.7560321716,"FG%":42.8571428571,"2PM":2.8954423592,"2PA":3.8605898123,"2P%":75.0,"3PM":0.0,"3PA":2.8954423592,"3P%":0.0,"FTM":0.0,"FTA":0.9651474531,"FT%":0.0,"PTS":5.7908847185,"OFF":3.8605898123,"DEF":3.8605898123,"REB":7.7211796246,"AST":4.8257372654,"TO":2.8954423592,"STL":0.0,"BLK":0.9651474531,"STK":0.9651474531,"PF":3.8605898123,"Fls on:":1.9302949062,"+\/-":-4.8257372654,"GW":1.0,"GP":6.0},"T. Garcia":{"TEAM":"NU","MINS":9.4666666667,"FGM":4.5271629779,"FGA":9.5070422535,"FG%":47.619047619,"2PM":4.5271629779,"2PA":9.5070422535,"2P%":47.619047619,"3PM":0.0,"3PA":0.0,"3P%":0.0,"FTM":3.1690140845,"FTA":5.4325955734,"FT%":58.3333333333,"PTS":12.2233400402,"OFF":0.9054325956,"DEF":0.9054325956,"REB":1.8108651911,"AST":3.6217303823,"TO":4.9798792757,"STL":0.0,"BLK":0.0,"STK":0.0,"PF":6.7907444668,"Fls on:":3.6217303823,"+\/-":-11.3179074447,"GW":1.0,"GP":7.0},"P. Francisco":{"TEAM":"NU","MINS":11.1074074074,"FGM":4.5015005002,"FGA":11.4038012671,"FG%":39.4736842105,"2PM":2.7009003001,"2PA":6.0020006669,"2P%":45.0,"3PM":1.8006002001,"3PA":5.4018006002,"3P%":33.3333333333,"FTM":0.0,"FTA":0.0,"FT%":0.0,"PTS":10.8036012004,"OFF":2.4008002668,"DEF":2.4008002668,"REB":4.8016005335,"AST":1.8006002001,"TO":0.9003001,"STL":2.4008002668,"BLK":0.6002000667,"STK":3.0010003334,"PF":2.7009003001,"Fls on:":1.2004001334,"+\/-":5.4018006002,"GW":2.0,"GP":9.0},"P. Palacielo":{"TEAM":"NU","MINS":20.7944444444,"FGM":4.328079081,"FGA":11.8621426663,"FG%":36.4864864865,"2PM":4.328079081,"2PA":11.5415442159,"2P%":37.5,"3PM":0.0,"3PA":0.3205984504,"3P%":0.0,"FTM":0.4808976757,"FTA":1.2823938018,"FT%":37.5,"PTS":9.1370558376,"OFF":2.2441891531,"DEF":6.4119690088,"REB":8.6561581619,"AST":1.6029922522,"TO":2.5647876035,"STL":0.9617953513,"BLK":0.9617953513,"STK":1.9235907026,"PF":4.6486775314,"Fls on:":2.2441891531,"+\/-":-0.9617953513,"GW":2.0,"GP":9.0},"E. Dela Cruz":{"TEAM":"NU","MINS":3.5648148148,"FGM":1.8701298701,"FGA":6.5454545454,"FG%":28.5714285714,"2PM":1.8701298701,"2PA":6.5454545454,"2P%":28.5714285714,"3PM":0.0,"3PA":0.0,"3P%":0.0,"FTM":0.0,"FTA":0.0,"FT%":0.0,"PTS":3.7402597403,"OFF":1.8701298701,"DEF":5.6103896104,"REB":7.4805194805,"AST":3.7402597403,"TO":1.8701298701,"STL":0.9350649351,"BLK":0.0,"STK":0.9350649351,"PF":9.3506493506,"Fls on:":0.0,"+\/-":-8.4155844156,"GW":2.0,"GP":9.0},"P. Yu":{"TEAM":"NU","MINS":13.2,"FGM":0.7575757576,"FGA":7.3232323232,"FG%":10.3448275862,"2PM":0.5050505051,"2PA":2.2727272727,"2P%":22.2222222222,"3PM":0.2525252525,"3PA":5.0505050505,"3P%":5.0,"FTM":1.7676767677,"FTA":2.7777777778,"FT%":63.6363636364,"PTS":3.5353535354,"OFF":1.7676767677,"DEF":3.7878787879,"REB":5.5555555556,"AST":2.2727272727,"TO":1.0101010101,"STL":0.2525252525,"BLK":0.0,"STK":0.2525252525,"PF":2.2727272727,"Fls on:":1.5151515152,"+\/-":-2.0202020202,"GW":2.0,"GP":9.0},"D. Lim":{"TEAM":"NU","MINS":13.4574074074,"FGM":1.733865419,"FGA":6.9354616761,"FG%":25.0,"2PM":0.4953901197,"2PA":2.2292555387,"2P%":22.2222222222,"3PM":1.2384752993,"3PA":4.7062061373,"3P%":26.3157894737,"FTM":0.2476950599,"FTA":0.7430851796,"FT%":33.3333333333,"PTS":4.9539011972,"OFF":0.2476950599,"DEF":3.9631209578,"REB":4.2108160176,"AST":0.9907802394,"TO":0.2476950599,"STL":0.7430851796,"BLK":0.0,"STK":0.7430851796,"PF":3.467730838,"Fls on:":1.4861703592,"+\/-":-7.9262419155,"GW":2.0,"GP":9.0},"R. Jumamoy":{"TEAM":"NU","MINS":13.6981481482,"FGM":3.8934703258,"FGA":17.0339326754,"FG%":22.8571428571,"2PM":1.7033932675,"2PA":8.2736244423,"2P%":20.5882352941,"3PM":2.1900770583,"3PA":8.7603082331,"3P%":25.0,"FTM":2.9201027444,"FTA":3.1634446397,"FT%":92.3076923077,"PTS":12.8971204542,"OFF":1.2167094768,"DEF":1.9467351629,"REB":3.1634446397,"AST":2.4334189536,"TO":3.1634446397,"STL":1.9467351629,"BLK":0.2433418954,"STK":2.1900770583,"PF":2.1900770583,"Fls on:":4.3801541165,"+\/-":-5.1101798026,"GW":2.0,"GP":9.0},"B. Parks":{"TEAM":"NU","MINS":2.2404761905,"FGM":1.912858661,"FGA":3.825717322,"FG%":50.0,"2PM":1.912858661,"2PA":3.825717322,"2P%":50.0,"3PM":0.0,"3PA":0.0,"3P%":0.0,"FTM":1.912858661,"FTA":3.825717322,"FT%":50.0,"PTS":5.738575983,"OFF":1.912858661,"DEF":5.738575983,"REB":7.651434644,"AST":1.912858661,"TO":3.825717322,"STL":0.0,"BLK":0.0,"STK":0.0,"PF":3.825717322,"Fls on:":1.912858661,"+\/-":5.738575983,"GW":2.0,"GP":7.0},"J. Garcia":{"TEAM":"NU","MINS":11.45,"FGM":3.9301310044,"FGA":13.1004366812,"FG%":30.0,"2PM":3.9301310044,"2PA":13.1004366812,"2P%":30.0,"3PM":0.0,"3PA":0.0,"3P%":0.0,"FTM":1.3100436681,