{"I. Manansala":{"TEAM":"NU","MINS":22.8583333333,"FGM":4.3747721473,"FGA":10.4994531535,"FG%":41.6666666667,"2PM":3.7185563252,"2PA":7.9839591688,"2P%":46.5753424658,"3PM":0.6562158221,"3PA":2.5154939847,"3P%":26.0869565217,"FTM":2.8436018957,"FTA":4.1560335399,"FT%":68.4210526316,"PTS":12.2493620124,"OFF":2.8436018957,"DEF":5.2497265767,"REB":8.0933284725,"AST":1.5311702515,"TO":1.7499088589,"STL":0.9843237331,"BLK":0.0,"STK":0.9843237331,"PF":2.5154939847,"Fls on:":4.812249362,"+\/-":3.8279256289,"GW":4.0,"GP":12.0},"T. Garcia":{"TEAM":"NU","MINS":10.8366666667,"FGM":4.1525684405,"FGA":8.305136881,"FG%":50.0,"2PM":4.1525684405,"2PA":8.0282989849,"2P%":51.724137931,"3PM":0.0,"3PA":0.276837896,"3P%":0.0,"FTM":3.5988926484,"FTA":5.8135958167,"FT%":61.9047619048,"PTS":11.9040295294,"OFF":0.5536757921,"DEF":1.6610273762,"REB":2.2147031683,"AST":3.8757305444,"TO":4.7062442325,"STL":0.5536757921,"BLK":0.0,"STK":0.5536757921,"PF":5.8135958167,"Fls on:":3.8757305444,"+\/-":-6.0904337127,"GW":3.0,"GP":10.0},"R. Jumamoy":{"TEAM":"NU","MINS":13.4875,"FGM":3.3364226135,"FGA":15.5699721965,"FG%":21.4285714286,"2PM":1.297497683,"2PA":7.0435588508,"2P%":18.4210526316,"3PM":2.0389249305,"3PA":8.5264133457,"3P%":23.9130434783,"FTM":2.4096385542,"FTA":2.9657089898,"FT%":81.25,"PTS":11.1214087118,"OFF":1.1121408712,"DEF":2.2242817424,"REB":3.3364226135,"AST":3.1510658017,"TO":3.3364226135,"STL":1.6682113068,"BLK":0.1853568119,"STK":1.8535681186,"PF":2.7803521779,"Fls on:":4.077849861,"+\/-":-5.375347544,"GW":4.0,"GP":12.0},"S. Enriquez":{"TEAM":"NU","MINS":17.5125,"FGM":3.426124197,"FGA":9.2790863669,"FG%":36.9230769231,"2PM":1.142041399,"2PA":3.5688793719,"2P%":32.0,"3PM":2.284082798,"3PA":5.710206995,"3P%":40.0,"FTM":1.8558172734,"FTA":2.284082798,"FT%":81.25,"PTS":10.9921484654,"OFF":0.7137758744,"DEF":1.8558172734,"REB":2.5695931478,"AST":3.5688793719,"TO":1.9985724483,"STL":1.4275517488,"BLK":0.1427551749,"STK":1.5703069236,"PF":1.2847965739,"Fls on:":2.4268379729,"+\/-":1.5703069236,"GW":4.0,"GP":12.0},"J. Figueroa":{"TEAM":"NU","MINS":30.2402777778,"FGM":4.1335599137,"FGA":10.7472557755,"FG%":38.4615384615,"2PM":3.3895191292,"2PA":7.8537638359,"2P%":43.1578947368,"3PM":0.7440407845,"3PA":2.8934919396,"3P%":25.7142857143,"FTM":1.9014375603,"FTA":2.8108207413,"FT%":67.6470588235,"PTS":10.912598172,"OFF":1.6534239655,"DEF":5.6216414826,"REB":7.275065448,"AST":2.8934919396,"TO":3.3068479309,"STL":0.9920543793,"BLK":0.1653423965,"STK":1.1573967758,"PF":2.6454783447,"Fls on:":3.7202039223,"+\/-":-1.3227391724,"GW":4.0,"GP":12.0},"P. Palacielo":{"TEAM":"NU","MINS":20.3666666667,"FGM":4.9099836334,"FGA":12.1522094926,"FG%":40.404040404,"2PM":4.9099836334,"2PA":11.906710311,"2P%":41.2371134021,"3PM":0.0,"3PA":0.2454991817,"3P%":0.0,"FTM":0.9819967267,"FTA":2.209492635,"FT%":44.4444444444,"PTS":10.8019639935,"OFF":2.5777414075,"DEF":6.0147299509,"REB":8.5924713584,"AST":1.2274959083,"TO":2.3322422259,"STL":1.1047463175,"BLK":0.9819967267,"STK":2.0867430442,"PF":4.41898527,"Fls on:":2.5777414075,"+\/-":-0.2454991817,"GW":4.0,"GP":12.0},"K. Perciano":{"TEAM":"NU","MINS":7.1013888889,"FGM":4.9286133385,"FGA":10.209270487,"FG%":48.275862069,"2PM":4.9286133385,"2PA":10.209270487,"2P%":48.275862069,"3PM":0.0,"3PA":0.0,"3P%":0.0,"FTM":0.3520438099,"FTA":0.7040876198,"FT%":50.0,"PTS":10.209270487,"OFF":1.0561314297,"DEF":3.8724819089,"REB":4.9286133385,"AST":0.3520438099,"TO":2.4643066693,"STL":0.3520438099,"BLK":0.3520438099,"STK":0.7040876198,"PF":6.688832388,"Fls on:":1.0561314297,"+\/-":-10.9133581068,"GW":4.0,"GP":12.0},"P. Francisco":{"TEAM":"NU","MINS":9.6652777778,"FGM":3.8798677971,"FGA":11.3809455382,"FG%":34.0909090909,"2PM":2.3279206783,"2PA":5.4318149159,"2P%":42.8571428571,"3PM":1.5519471188,"3PA":5.9491306222,"3P%":26.0869565217,"FTM":0.5173157063,"FTA":0.5173157063,"FT%":100.0,"PTS":9.8289984193,"OFF":2.0692628251,"DEF":2.0692628251,"REB":4.1385256502,"AST":1.5519471188,"TO":1.5519471188,"STL":2.0692628251,"BLK":0.5173157063,"STK":2.5865785314,"PF":2.5865785314,"Fls on:":1.5519471188,"+\/-":-1.2932892657,"GW":4.0,"GP":12.0},"J. Garcia":{"TEAM":"NU","MINS":11.45,"FGM":3.9301310044,"FGA":13.1004366812,"FG%":30.0,"2PM":3.9301310044,"2PA":13.1004366812,"2P%":30.0,"3PM":0.0,"3PA":0.0,"3P%":0.0,"FTM":1.3100436681,"FTA":2.6200873362,"FT%":50.0,"PTS":9.1703056769,"OFF":1.3100436681,"DEF":3.9301310044,"REB":5.2401746725,"AST":2.6200873362,"TO":2.6200873362,"STL":0.0,"BLK":0.0,"STK":0.0,"PF":3.9301310044,"Fls on:":2.6200873362,"+\/-":3.9301310044,"GW":1.0,"GP":2.0},"G. Santiago":{"TEAM":"NU","MINS":9.8652777778,"FGM":1.7738983528,"FGA":8.3626636632,"FG%":21.2121212121,"2PM":0.7602421512,"2PA":3.0409686048,"2P%":25.0,"3PM":1.0136562016,"3PA":5.3216950584,"3P%":19.0476190476,"FTM":4.0546248064,"FTA":5.3216950584,"FT%":76.1904761905,"PTS":8.6160777136,"OFF":2.534140504,"DEF":5.8285231592,"REB":8.3626636632,"AST":1.267070252,"TO":1.0136562016,"STL":1.267070252,"BLK":0.2534140504,"STK":1.5204843024,"PF":4.0546248064,"Fls on:":4.3080388568,"+\/-":5.3216950584,"GW":4.0,"GP":12.0},"K. Padrones":{"TEAM":"NU","MINS":19.5194444444,"FGM":3.2019353921,"FGA":6.4038707841,"FG%":50.0,"2PM":2.817703145,"2PA":5.3792514587,"2P%":52.380952381,"3PM":0.384232247,"3PA":1.0246193255,"3P%":37.5,"FTM":1.5369289882,"FTA":2.817703145,"FT%":54.5454545455,"PTS":8.3250320194,"OFF":3.9703998862,"DEF":3.8423224705,"REB":7.8127223566,"AST":0.8965419098,"TO":1.6650064039,"STL":0.5123096627,"BLK":1.0246193255,"STK":1.5369289882,"PF":3.7142450548,"Fls on:":2.6896257293,"+\/-":-6.0196385371,"GW":4.0,"GP":12.0},"N. Tulabut":{"TEAM":"NU","MINS":6.4759259259,"FGM":3.0883614527,"FGA":7.2061767229,"FG%":42.8571428571,"2PM":2.5736345439,"2PA":4.1178152702,"2P%":62.5,"3PM":0.5147269088,"3PA":3.0883614527,"3P%":16.6666666667,"FTM":0.5147269088,"FTA":1.5441807263,"FT%":33.3333333333,"PTS":7.2061767229,"OFF":3.6030883614,"DEF":4.632542179,"REB":8.2356305405,"AST":3.6030883614,"TO":2.5736345439,"STL":1.0294538176,"BLK":0.5147269088,"STK":1.5441807263,"PF":3.6030883614,"Fls on:":1.5441807263,"+\/-":-11.8387189019,"GW":3.0,"GP":9.0},"P. Yu":{"TEAM":"NU","MINS":13.6625,"FGM":1.6468435499,"FGA":8.2342177493,"FG%":20.0,"2PM":0.54894785,"2PA":2.5617566331,"2P%":21.4285714286,"3PM":1.0978956999,"3PA":5.6724611162,"3P%":19.3548387097,"FTM":1.2808783166,"FTA":2.0128087832,"FT%":63.6363636364,"PTS":5.6724611162,"OFF":1.4638609332,"DEF":3.2936870997,"REB":4.7575480329,"AST":2.0128087832,"TO":0.9149130833,"STL":0.3659652333,"BLK":0.0,"STK":0.3659652333,"PF":2.0128087832,"Fls on:":1.2808783166,"+\/-":-0.7319304666,"GW":4.0,"GP":12.0},"D. Lim":{"TEAM":"NU","MINS":13.2625,"FGM":1.6965127238,"FGA":7.5400565504,"FG%":22.5,"2PM":0.5655042413,"2PA":3.5815268615,"2P%":15.7894736842,"3PM":1.1310084826,"3PA":3.958529689,"3P%":28.5714285714,"FTM":0.754005655,"FTA":1.1310084826,"FT%":66.6666666667,"PTS":5.2780395853,"OFF":0.3770028275,"DEF":3.958529689,"REB":4.3355325165,"AST":1.1310084826,"TO":0.5655042413,"STL":0.9425070688,"BLK":0.0,"STK":0.9425070688,"PF":4.1470311027,"Fls on:":1.6965127238,"+\/-":-6.0320452403,"GW":4.0,"GP":12.0},"B. Parks":{"TEAM":"NU","MINS":3.905,"FGM":1.5364916773,"FGA":5.3777208707,"FG%":28.5714285714,"2PM":1.5364916773,"2PA":3.0729833547,"2P%":50.0,"3PM":0.0,"3PA":2.304737516,"3P%":0.0,"FTM":1.5364916773,"FTA":3.0729833547,"FT%":50.0,"PTS":4.609475032,"OFF":2.304737516,"DEF":4.609475032,"REB":6.914212548,"AST":1.5364916773,"TO":1.5364916773,"STL":1.5364916773,"BLK":0.0,"STK":1.5364916773,"PF":3.0729833547,"Fls on:":1.5364916773,"+\/-":9.218950064,"GW":4.0,"GP":10.0},"E. Dela Cruz":{"TEAM":"NU","MINS":3.5516666667,"FGM":1.6893477241,"FGA":5.9127170343,"FG%":28.5714285714,"2PM":1.6893477241,"2PA":5.9127170343,"2P%":28.5714285714,"3PM":0.0,"3PA":0.0,"3P%":0.0,"FTM":0.0,"FTA":0.0,"FT%":0.0,"PTS":3.3786954481,"OFF":2.5340215861,"DEF":5.0680431722,"REB":7.6020647583,"AST":3.3786954481,"TO":1.6893477241,"STL":0.844673862,"BLK":0.0,"STK":0.844673862,"PF":9.2914124824,"Fls on:":0.0,"+\/-":-12.6701079305,"GW":2.0,