{"J. Figueroa":{"TEAM":"NU","MINS":30.6192307692,"FGM":4.0769230769,"FGA":10.6923076923,"FG%":38.1294964029,"2PM":3.3076923077,"2PA":7.7692307692,"2P%":42.5742574257,"3PM":0.7692307692,"3PA":2.9230769231,"3P%":26.3157894737,"FTM":1.8461538462,"FTA":2.7692307692,"FT%":66.6666666667,"PTS":10.7692307692,"OFF":1.5384615385,"DEF":5.4615384615,"REB":7.0,"AST":2.9230769231,"TO":3.3846153846,"STL":1.0,"BLK":0.3076923077,"STK":1.3076923077,"PF":2.5384615385,"Fls on:":3.7692307692,"+\/-":-2.1538461538,"GW":4.0,"GP":13.0},"I. Manansala":{"TEAM":"NU","MINS":22.5897435897,"FGM":3.1538461538,"FGA":7.7692307692,"FG%":40.5940594059,"2PM":2.6923076923,"2PA":5.7692307692,"2P%":46.6666666667,"3PM":0.4615384615,"3PA":2.0,"3P%":23.0769230769,"FTM":2.0769230769,"FTA":3.0769230769,"FT%":67.5,"PTS":8.8461538462,"OFF":2.0,"DEF":4.0769230769,"REB":6.0769230769,"AST":1.1538461538,"TO":1.3846153846,"STL":0.7692307692,"BLK":0.0769230769,"STK":0.8461538462,"PF":1.8461538462,"Fls on:":3.6153846154,"+\/-":1.6153846154,"GW":4.0,"GP":13.0},"P. Palacielo":{"TEAM":"NU","MINS":20.9269230769,"FGM":3.4615384615,"FGA":8.3846153846,"FG%":41.2844036697,"2PM":3.4615384615,"2PA":8.1538461538,"2P%":42.4528301887,"3PM":0.0,"3PA":0.2307692308,"3P%":0.0,"FTM":0.6153846154,"FTA":1.3846153846,"FT%":44.4444444444,"PTS":7.5384615385,"OFF":1.7692307692,"DEF":4.1538461538,"REB":5.9230769231,"AST":0.7692307692,"TO":1.7692307692,"STL":0.7692307692,"BLK":0.6153846154,"STK":1.3846153846,"PF":2.9230769231,"Fls on:":1.6923076923,"+\/-":-0.3846153846,"GW":4.0,"GP":13.0},"S. Enriquez":{"TEAM":"NU","MINS":17.5474358974,"FGM":1.8461538462,"FGA":5.2307692308,"FG%":35.2941176471,"2PM":0.6153846154,"2PA":1.9230769231,"2P%":32.0,"3PM":1.2307692308,"3PA":3.3076923077,"3P%":37.2093023256,"FTM":1.2307692308,"FTA":1.5384615385,"FT%":80.0,"PTS":6.1538461538,"OFF":0.3846153846,"DEF":1.0,"REB":1.3846153846,"AST":1.9230769231,"TO":1.0769230769,"STL":0.9230769231,"BLK":0.0769230769,"STK":1.0,"PF":0.8461538462,"Fls on:":1.4615384615,"+\/-":0.6153846154,"GW":4.0,"GP":13.0},"K. Padrones":{"TEAM":"NU","MINS":19.241025641,"FGM":2.0,"FGA":4.0,"FG%":50.0,"2PM":1.7692307692,"2PA":3.3846153846,"2P%":52.2727272727,"3PM":0.2307692308,"3PA":0.6153846154,"3P%":37.5,"FTM":1.0769230769,"FTA":2.0,"FT%":53.8461538462,"PTS":5.3076923077,"OFF":2.5384615385,"DEF":2.4615384615,"REB":5.0,"AST":0.5384615385,"TO":1.0769230769,"STL":0.3076923077,"BLK":0.6153846154,"STK":0.9230769231,"PF":2.3076923077,"Fls on:":1.7692307692,"+\/-":-4.3076923077,"GW":4.0,"GP":13.0},"R. Jumamoy":{"TEAM":"NU","MINS":13.6307692308,"FGM":1.4615384615,"FGA":6.6923076923,"FG%":21.8390804598,"2PM":0.6153846154,"2PA":3.1538461538,"2P%":19.512195122,"3PM":0.8461538462,"3PA":3.5384615385,"3P%":23.9130434783,"FTM":1.1538461538,"FTA":1.4615384615,"FT%":78.9473684211,"PTS":4.9230769231,"OFF":0.4615384615,"DEF":1.2307692308,"REB":1.6923076923,"AST":1.3846153846,"TO":1.5384615385,"STL":0.6923076923,"BLK":0.0769230769,"STK":0.7692307692,"PF":1.3076923077,"Fls on:":1.9230769231,"+\/-":-2.8461538462,"GW":4.0,"GP":13.0},"T. Garcia":{"TEAM":"NU","MINS":10.6318181818,"FGM":1.3636363636,"FGA":2.9090909091,"FG%":46.875,"2PM":1.3636363636,"2PA":2.8181818182,"2P%":48.3870967742,"3PM":0.0,"3PA":0.0909090909,"3P%":0.0,"FTM":1.2727272727,"FTA":2.0909090909,"FT%":60.8695652174,"PTS":4.0,"OFF":0.1818181818,"DEF":0.6363636364,"REB":0.8181818182,"AST":1.3636363636,"TO":1.6363636364,"STL":0.2727272727,"BLK":0.0,"STK":0.2727272727,"PF":1.9090909091,"Fls on:":1.3636363636,"+\/-":-2.0,"GW":3.0,"GP":11.0},"J. Garcia":{"TEAM":"NU","MINS":11.45,"FGM":1.5,"FGA":5.0,"FG%":30.0,"2PM":1.5,"2PA":5.0,"2P%":30.0,"3PM":0.0,"3PA":0.0,"3P%":0.0,"FTM":0.5,"FTA":1.0,"FT%":50.0,"PTS":3.5,"OFF":0.5,"DEF":1.5,"REB":2.0,"AST":1.0,"TO":1.0,"STL":0.0,"BLK":0.0,"STK":0.0,"PF":1.5,"Fls on:":1.0,"+\/-":1.5,"GW":1.0,"GP":2.0},"P. Francisco":{"TEAM":"NU","MINS":9.7217948718,"FGM":1.2307692308,"FGA":3.6153846154,"FG%":34.0425531915,"2PM":0.6923076923,"2PA":1.6153846154,"2P%":42.8571428571,"3PM":0.5384615385,"3PA":2.0,"3P%":26.9230769231,"FTM":0.1538461538,"FTA":0.1538461538,"FT%":100.0,"PTS":3.1538461538,"OFF":0.6923076923,"DEF":0.6923076923,"REB":1.3846153846,"AST":0.4615384615,"TO":0.5384615385,"STL":0.6153846154,"BLK":0.3076923077,"STK":0.9230769231,"PF":0.7692307692,"Fls on:":0.4615384615,"+\/-":-0.6153846154,"GW":4.0,"GP":13.0},"G. Santiago":{"TEAM":"NU","MINS":10.2487179487,"FGM":0.6923076923,"FGA":3.2307692308,"FG%":21.4285714286,"2PM":0.3076923077,"2PA":1.2307692308,"2P%":25.0,"3PM":0.3846153846,"3PA":2.0,"3P%":19.2307692308,"FTM":1.2307692308,"FTA":1.6153846154,"FT%":76.1904761905,"PTS":3.0,"OFF":0.7692307692,"DEF":1.8461538462,"REB":2.6153846154,"AST":0.3846153846,"TO":0.3846153846,"STL":0.4615384615,"BLK":0.0769230769,"STK":0.5384615385,"PF":1.3076923077,"Fls on:":1.3076923077,"+\/-":0.7692307692,"GW":4.0,"GP":13.0},"K. Perciano":{"TEAM":"NU","MINS":7.1013888889,"FGM":1.1666666667,"FGA":2.4166666667,"FG%":48.275862069,"2PM":1.1666666667,"2PA":2.4166666667,"2P%":48.275862069,"3PM":0.0,"3PA":0.0,"3P%":0.0,"FTM":0.0833333333,"FTA":0.1666666667,"FT%":50.0,"PTS":2.4166666667,"OFF":0.25,"DEF":0.9166666667,"REB":1.1666666667,"AST":0.0833333333,"TO":0.5833333333,"STL":0.0833333333,"BLK":0.0833333333,"STK":0.1666666667,"PF":1.5833333333,"Fls on:":0.25,"+\/-":-2.5833333333,"GW":4.0,"GP":12.0},"P. Yu":{"TEAM":"NU","MINS":13.641025641,"FGM":0.6923076923,"FGA":3.8461538462,"FG%":18.0,"2PM":0.2307692308,"2PA":1.2307692308,"2P%":18.75,"3PM":0.4615384615,"3PA":2.6153846154,"3P%":17.6470588235,"FTM":0.5384615385,"FTA":0.8461538462,"FT%":63.6363636364,"PTS":2.3846153846,"OFF":0.6153846154,"DEF":1.4615384615,"REB":2.0769230769,"AST":0.9230769231,"TO":0.3846153846,"STL":0.1538461538,"BLK":0.0,"STK":0.1538461538,"PF":0.9230769231,"Fls on:":0.5384615385,"+\/-":-0.1538461538,"GW":4.0,"GP":13.0},"D. Lim":{"TEAM":"NU","MINS":13.0628205128,"FGM":0.6923076923,"FGA":3.2307692308,"FG%":21.4285714286,"2PM":0.2307692308,"2PA":1.4615384615,"2P%":15.7894736842,"3PM":0.4615384615,"3PA":1.7692307692,"3P%":26.0869565217,"FTM":0.3076923077,"FTA":0.4615384615,"FT%":66.6666666667,"PTS":2.1538461538,"OFF":0.1538461538,"DEF":1.7692307692,"REB":1.9230769231,"AST":0.4615384615,"TO":0.3076923077,"STL":0.3846153846,"BLK":0.0,"STK":0.3846153846,"PF":1.7692307692,"Fls on:":0.6923076923,"+\/-":-2.2307692308,"GW":4.0,"GP":13.0},"N. Tulabut":{"TEAM":"NU","MINS":6.4866666667,"FGM":0.6,"FGA":1.5,"FG%":40.0,"2PM":0.5,"2PA":0.8,"2P%":62.5,"3PM":0.1,"3PA":0.7,"3P%":14.2857142857,"FTM":0.1,"FTA":0.3,"FT%":33.3333333333,"PTS":1.4,"OFF":0.8,"DEF":1.0,"REB":1.8,"AST":0.7,"TO":0.6,"STL":0.2,"BLK":0.1,"STK":0.3,"PF":0.7,"Fls on:":0.3,"+\/-":-2.5,"GW":3.0,"GP":10.0},"B. Parks":{"TEAM":"NU","MINS":3.7606060606,"FGM":0.1818181818,"FGA":0.6363636364,"FG%":28.5714285714,"2PM":0.1818181818,"2PA":0.3636363636,"2P%":50.0,"3PM":0.0,"3PA":0.2727272727,"3P%":0.0,"FTM":0.1818181818,"FTA":0.3636363636,"FT%":50.0,"PTS":0.5454545455,"OFF":0.2727272727,"DEF":0.5454545455,"REB":0.8181818182,"AST":0.1818181818,"TO":0.1818181818,"STL":0.1818181818,"BLK":0.0,"STK":0.1818181818,"PF":0.3636363636,"Fls on:":0.1818181818,"+\/-":0.9090909091,"GW":4.0,"GP":11.0},"E. Dela Cruz":{"TEAM":"NU","MINS":3.3863636364,"FGM":0.1818181818,"FGA":0.6363636364,"FG%":28.5714285714,"2PM":0.1818181818,"2PA":0.6363636364,"2P%":28.5714285714,"3PM":0.0,"3PA":0.0,"3P%":0.0,"FTM":0.0,"FTA":0.0,"FT%":0.0,"PTS":0.3636363636,"OFF":0.2727272727,"DEF":0.5454545455,"REB":0.8181818182,"AST":0.3636363636,"TO":0.1818181818,"STL":0.0909090909,"BLK":0.0,"STK":0.0909090909,"PF":1.0,"Fls on:":0.0,"+\/-":-1.1818181818,"GW":2.0,"GP":11.0},"M. Diassana":{"TEAM":"NU","MINS":4.0666666667,"FGM":0.0,"FGA":0.0,"FG%":0.0,"2PM":0.0,"2PA":0.0,"2P%":0.0,"3PM":0.0,"3PA":0.0,"3P%":0.0,"FTM":0.0,"FTA":0.0,"FT%":0.0,"PTS":0.0,"OFF":1.0,"DEF":1.0,"REB":2.0,"AST":0.0,"TO":0.0,"STL":0.0,"BLK":1.0,"STK":1.0,"PF":1.0,"Fls on:":0.0,"+\/-":-1.0,"GW":0.0,"GP":1.0}}