{"K. Padrones":{"TEAM":"NU","MINS":20.3240740741,"FGM":2.7777777778,"FGA":5.1111111111,"FG%":54.347826087,"2PM":2.4444444444,"2PA":4.2222222222,"2P%":57.8947368421,"3PM":0.3333333333,"3PA":0.8888888889,"3P%":37.5,"FTM":1.1111111111,"FTA":2.2222222222,"FT%":50.0,"PTS":7.0,"OFF":2.8888888889,"DEF":3.2222222222,"REB":6.1111111111,"AST":0.5555555556,"TO":0.8888888889,"STL":0.2222222222,"BLK":0.7777777778,"STK":1.0,"PF":2.4444444444,"Fls on:":2.0,"+\/-":-5.0,"GW":2.0,"GP":9.0},"K. Perciano":{"TEAM":"NU","MINS":7.0851851852,"FGM":1.2222222222,"FGA":2.6666666667,"FG%":45.8333333333,"2PM":1.2222222222,"2PA":2.6666666667,"2P%":45.8333333333,"3PM":0.0,"3PA":0.0,"3P%":0.0,"FTM":0.1111111111,"FTA":0.2222222222,"FT%":50.0,"PTS":2.5555555556,"OFF":0.2222222222,"DEF":0.7777777778,"REB":1.0,"AST":0.1111111111,"TO":0.7777777778,"STL":0.1111111111,"BLK":0.0,"STK":0.1111111111,"PF":1.4444444444,"Fls on:":0.1111111111,"+\/-":-4.3333333333,"GW":2.0,"GP":9.0},"S. Enriquez":{"TEAM":"NU","MINS":18.6944444444,"FGM":2.2222222222,"FGA":5.5555555556,"FG%":40.0,"2PM":0.8888888889,"2PA":2.1111111111,"2P%":42.1052631579,"3PM":1.3333333333,"3PA":3.4444444444,"3P%":38.7096774194,"FTM":1.3333333333,"FTA":1.5555555556,"FT%":85.7142857143,"PTS":7.1111111111,"OFF":0.3333333333,"DEF":1.2222222222,"REB":1.5555555556,"AST":2.5555555556,"TO":1.0,"STL":0.6666666667,"BLK":0.1111111111,"STK":0.7777777778,"PF":1.0,"Fls on:":1.5555555556,"+\/-":0.3333333333,"GW":2.0,"GP":9.0},"G. Santiago":{"TEAM":"NU","MINS":8.2462962963,"FGM":0.4444444444,"FGA":2.6666666667,"FG%":16.6666666667,"2PM":0.1111111111,"2PA":1.0,"2P%":11.1111111111,"3PM":0.3333333333,"3PA":1.6666666667,"3P%":20.0,"FTM":1.1111111111,"FTA":1.3333333333,"FT%":83.3333333333,"PTS":2.3333333333,"OFF":0.6666666667,"DEF":1.2222222222,"REB":1.8888888889,"AST":0.2222222222,"TO":0.2222222222,"STL":0.4444444444,"BLK":0.1111111111,"STK":0.5555555556,"PF":1.3333333333,"Fls on:":1.1111111111,"+\/-":-1.4444444444,"GW":2.0,"GP":9.0},"M. Diassana":{"TEAM":"NU","MINS":4.0666666667,"FGM":0.0,"FGA":0.0,"FG%":0.0,"2PM":0.0,"2PA":0.0,"2P%":0.0,"3PM":0.0,"3PA":0.0,"3P%":0.0,"FTM":0.0,"FTA":0.0,"FT%":0.0,"PTS":0.0,"OFF":1.0,"DEF":1.0,"REB":2.0,"AST":0.0,"TO":0.0,"STL":0.0,"BLK":1.0,"STK":1.0,"PF":1.0,"Fls on:":0.0,"+\/-":-1.0,"GW":0.0,"GP":1.0},"J. Figueroa":{"TEAM":"NU","MINS":30.9444444444,"FGM":4.1111111111,"FGA":10.7777777778,"FG%":38.1443298969,"2PM":3.5555555556,"2PA":8.1111111111,"2P%":43.8356164384,"3PM":0.5555555556,"3PA":2.6666666667,"3P%":20.8333333333,"FTM":2.2222222222,"FTA":3.3333333333,"FT%":66.6666666667,"PTS":11.0,"OFF":1.6666666667,"DEF":5.6666666667,"REB":7.3333333333,"AST":2.6666666667,"TO":2.8888888889,"STL":0.6666666667,"BLK":0.2222222222,"STK":0.8888888889,"PF":3.0,"Fls on:":4.2222222222,"+\/-":-2.2222222222,"GW":2.0,"GP":9.0},"I. Manansala":{"TEAM":"NU","MINS":23.2203703704,"FGM":3.2222222222,"FGA":7.6666666667,"FG%":42.0289855072,"2PM":3.0,"2PA":5.8888888889,"2P%":50.9433962264,"3PM":0.2222222222,"3PA":1.7777777778,"3P%":12.5,"FTM":2.1111111111,"FTA":3.1111111111,"FT%":67.8571428571,"PTS":8.7777777778,"OFF":2.2222222222,"DEF":3.6666666667,"REB":5.8888888889,"AST":1.1111111111,"TO":1.1111111111,"STL":0.6666666667,"BLK":0.0,"STK":0.6666666667,"PF":2.1111111111,"Fls on:":3.4444444444,"+\/-":0.7777777778,"GW":2.0,"GP":9.0},"N. Tulabut":{"TEAM":"NU","MINS":5.1805555556,"FGM":0.5,"FGA":1.1666666667,"FG%":42.8571428571,"2PM":0.5,"2PA":0.6666666667,"2P%":75.0,"3PM":0.0,"3PA":0.5,"3P%":0.0,"FTM":0.0,"FTA":0.1666666667,"FT%":0.0,"PTS":1.0,"OFF":0.6666666667,"DEF":0.6666666667,"REB":1.3333333333,"AST":0.8333333333,"TO":0.5,"STL":0.0,"BLK":0.1666666667,"STK":0.1666666667,"PF":0.6666666667,"Fls on:":0.3333333333,"+\/-":-0.8333333333,"GW":1.0,"GP":6.0},"T. Garcia":{"TEAM":"NU","MINS":9.4666666667,"FGM":1.4285714286,"FGA":3.0,"FG%":47.619047619,"2PM":1.4285714286,"2PA":3.0,"2P%":47.619047619,"3PM":0.0,"3PA":0.0,"3P%":0.0,"FTM":1.0,"FTA":1.7142857143,"FT%":58.3333333333,"PTS":3.8571428571,"OFF":0.2857142857,"DEF":0.2857142857,"REB":0.5714285714,"AST":1.1428571429,"TO":1.5714285714,"STL":0.0,"BLK":0.0,"STK":0.0,"PF":2.1428571429,"Fls on:":1.1428571429,"+\/-":-3.5714285714,"GW":1.0,"GP":7.0},"P. Francisco":{"TEAM":"NU","MINS":11.1074074074,"FGM":1.6666666667,"FGA":4.2222222222,"FG%":39.4736842105,"2PM":1.0,"2PA":2.2222222222,"2P%":45.0,"3PM":0.6666666667,"3PA":2.0,"3P%":33.3333333333,"FTM":0.0,"FTA":0.0,"FT%":0.0,"PTS":4.0,"OFF":0.8888888889,"DEF":0.8888888889,"REB":1.7777777778,"AST":0.6666666667,"TO":0.3333333333,"STL":0.8888888889,"BLK":0.2222222222,"STK":1.1111111111,"PF":1.0,"Fls on:":0.4444444444,"+\/-":2.0,"GW":2.0,"GP":9.0},"P. Palacielo":{"TEAM":"NU","MINS":20.7944444444,"FGM":3.0,"FGA":8.2222222222,"FG%":36.4864864865,"2PM":3.0,"2PA":8.0,"2P%":37.5,"3PM":0.0,"3PA":0.2222222222,"3P%":0.0,"FTM":0.3333333333,"FTA":0.8888888889,"FT%":37.5,"PTS":6.3333333333,"OFF":1.5555555556,"DEF":4.4444444444,"REB":6.0,"AST":1.1111111111,"TO":1.7777777778,"STL":0.6666666667,"BLK":0.6666666667,"STK":1.3333333333,"PF":3.2222222222,"Fls on:":1.5555555556,"+\/-":-0.6666666667,"GW":2.0,"GP":9.0},"E. Dela Cruz":{"TEAM":"NU","MINS":3.5648148148,"FGM":0.2222222222,"FGA":0.7777777778,"FG%":28.5714285714,"2PM":0.2222222222,"2PA":0.7777777778,"2P%":28.5714285714,"3PM":0.0,"3PA":0.0,"3P%":0.0,"FTM":0.0,"FTA":0.0,"FT%":0.0,"PTS":0.4444444444,"OFF":0.2222222222,"DEF":0.6666666667,"REB":0.8888888889,"AST":0.4444444444,"TO":0.2222222222,"STL":0.1111111111,"BLK":0.0,"STK":0.1111111111,"PF":1.1111111111,"Fls on:":0.0,"+\/-":-1.0,"GW":2.0,"GP":9.0},"P. Yu":{"TEAM":"NU","MINS":13.2,"FGM":0.3333333333,"FGA":3.2222222222,"FG%":10.3448275862,"2PM":0.2222222222,"2PA":1.0,"2P%":22.2222222222,"3PM":0.1111111111,"3PA":2.2222222222,"3P%":5.0,"FTM":0.7777777778,"FTA":1.2222222222,"FT%":63.6363636364,"PTS":1.5555555556,"OFF":0.7777777778,"DEF":1.6666666667,"REB":2.4444444444,"AST":1.0,"TO":0.4444444444,"STL":0.1111111111,"BLK":0.0,"STK":0.1111111111,"PF":1.0,"Fls on:":0.6666666667,"+\/-":-0.8888888889,"GW":2.0,"GP":9.0},"D. Lim":{"TEAM":"NU","MINS":13.4574074074,"FGM":0.7777777778,"FGA":3.1111111111,"FG%":25.0,"2PM":0.2222222222,"2PA":1.0,"2P%":22.2222222222,"3PM":0.5555555556,"3PA":2.1111111111,"3P%":26.3157894737,"FTM":0.1111111111,"FTA":0.3333333333,"FT%":33.3333333333,"PTS":2.2222222222,"OFF":0.1111111111,"DEF":1.7777777778,"REB":1.8888888889,"AST":0.4444444444,"TO":0.1111111111,"STL":0.3333333333,"BLK":0.0,"STK":0.3333333333,"PF":1.5555555556,"Fls on:":0.6666666667,"+\/-":-3.5555555556,"GW":2.0,"GP":9.0},"R. Jumamoy":{"TEAM":"NU","MINS":13.6981481482,"FGM":1.7777777778,"FGA":7.7777777778,"FG%":22.8571428571,"2PM":0.7777777778,"2PA":3.7777777778,"2P%":20.5882352941,"3PM":1.0,"3PA":4.0,"3P%":25.0,"FTM":1.3333333333,"FTA":1.4444444444,"FT%":92.3076923077,"PTS":5.8888888889,"OFF":0.5555555556,"DEF":0.8888888889,"REB":1.4444444444,"AST":1.1111111111,"TO":1.4444444444,"STL":0.8888888889,"BLK":0.1111111111,"STK":1.0,"PF":1.0,"Fls on:":2.0,"+\/-":-2.3333333333,"GW":2.0,"GP":9.0},"B. Parks":{"TEAM":"NU","MINS":2.2404761905,"FGM":0.1428571429,"FGA":0.2857142857,"FG%":50.0,"2PM":0.1428571429,"2PA":0.2857142857,"2P%":50.0,"3PM":0.0,"3PA":0.0,"3P%":0.0,"FTM":0.1428571429,"FTA":0.2857142857,"FT%":50.0,"PTS":0.4285714286,"OFF":0.1428571429,"DEF":0.4285714286,"REB":0.5714285714,"AST":0.1428571429,"TO":0.2857142857,"STL":0.0,"BLK":0.0,"STK":0.0,"PF":0.2857142857,"Fls on:":0.1428571429,"+\/-":0.4285714286,"GW":2.0,"GP":7.0},"J. Garcia":{"TEAM":"NU","MINS":11.45,"FGM":1.5,"FGA":5.0,"FG%":30.0,"2PM":1.5,"2PA":5.0,"2P%":30.0,"3PM":0.0,"3PA":0.0,"3P%":0.0,"FTM":0.5,"FTA":1.0,"FT%":50.0,"PTS":3.5,"OFF":0.5,"DEF":1.5,"REB":2.0,"AST":1.0,"TO":1.0,"STL":0.0,"BLK":0.0,"STK":0.0,"PF":1.5,"Fls on:":1.0,"+\/-":1.5,"GW":1.0,"GP":2.0}}