{"I. Manansala":{"TEAM":"NU","MINS":22.5897435897,"FGM":4.1884222474,"FGA":10.3178206583,"FG%":40.5940594059,"2PM":3.5754824064,"2PA":7.6617480136,"2P%":46.6666666667,"3PM":0.6129398411,"3PA":2.6560726447,"3P%":23.0769230769,"FTM":2.7582292849,"FTA":4.0862656073,"FT%":67.5,"PTS":11.7480136209,"OFF":2.6560726447,"DEF":5.4143019296,"REB":8.0703745743,"AST":1.5323496027,"TO":1.8388195233,"STL":1.0215664018,"BLK":0.1021566402,"STK":1.123723042,"PF":2.4517593644,"Fls on:":4.8013620885,"+\/-":2.1452894438,"GW":4.0,"GP":13.0},"T. Garcia":{"TEAM":"NU","MINS":10.6318181818,"FGM":3.8477982044,"FGA":8.2086361693,"FG%":46.875,"2PM":3.8477982044,"2PA":7.952116289,"2P%":48.3870967742,"3PM":0.0,"3PA":0.2565198803,"3P%":0.0,"FTM":3.5912783241,"FTA":5.8999572467,"FT%":60.8695652174,"PTS":11.2868747328,"OFF":0.5130397606,"DEF":1.795639162,"REB":2.3086789226,"AST":3.8477982044,"TO":4.6173578452,"STL":0.7695596409,"BLK":0.0,"STK":0.7695596409,"PF":5.3869174861,"Fls on:":3.8477982044,"+\/-":-5.6434373664,"GW":3.0,"GP":11.0},"R. Jumamoy":{"TEAM":"NU","MINS":13.6307692308,"FGM":3.2167042889,"FGA":14.7291196388,"FG%":21.8390804598,"2PM":1.3544018059,"2PA":6.9413092551,"2P%":19.512195122,"3PM":1.8623024831,"3PA":7.7878103837,"3P%":23.9130434783,"FTM":2.539503386,"FTA":3.2167042889,"FT%":78.9473684211,"PTS":10.8352144469,"OFF":1.0158013544,"DEF":2.7088036117,"REB":3.7246049661,"AST":3.0474040632,"TO":3.3860045147,"STL":1.5237020316,"BLK":0.1693002257,"STK":1.6930022573,"PF":2.8781038375,"Fls on:":4.2325056433,"+\/-":-6.2641083521,"GW":4.0,"GP":13.0},"P. Palacielo":{"TEAM":"NU","MINS":20.9269230769,"FGM":4.9623231024,"FGA":12.0198492924,"FG%":41.2844036697,"2PM":4.9623231024,"2PA":11.6890277523,"2P%":42.4528301887,"3PM":0.0,"3PA":0.3308215402,"3P%":0.0,"FTM":0.8821907738,"FTA":1.9849292409,"FT%":44.4444444444,"PTS":10.8068369785,"OFF":2.5362984745,"DEF":5.9547877228,"REB":8.4910861974,"AST":1.1027384672,"TO":2.5362984745,"STL":1.1027384672,"BLK":0.8821907738,"STK":1.9849292409,"PF":4.1904061753,"Fls on:":2.4260246278,"+\/-":-0.5513692336,"GW":4.0,"GP":13.0},"J. Figueroa":{"TEAM":"NU","MINS":30.6192307692,"FGM":3.9944730561,"FGA":10.4760708454,"FG%":38.1294964029,"2PM":3.2407988946,"2PA":7.6121090315,"2P%":42.5742574257,"3PM":0.7536741615,"3PA":2.8639618138,"3P%":26.3157894737,"FTM":1.8088179877,"FTA":2.7132269815,"FT%":66.6666666667,"PTS":10.5514382615,"OFF":1.5073483231,"DEF":5.3510865469,"REB":6.85843487,"AST":2.8639618138,"TO":3.3161663108,"STL":0.97977641,"BLK":0.3014696646,"STK":1.2812460746,"PF":2.4871247331,"Fls on:":3.6930033915,"+\/-":-2.1102876523,"GW":4.0,"GP":13.0},"S. Enriquez":{"TEAM":"NU","MINS":17.5474358974,"FGM":3.1562796814,"FGA":8.9427924308,"FG%":35.2941176471,"2PM":1.0520932271,"2PA":3.2877913348,"2P%":32.0,"3PM":2.1041864543,"3PA":5.6550010959,"3P%":37.2093023256,"FTM":2.1041864543,"FTA":2.6302330679,"FT%":80.0,"PTS":10.5209322715,"OFF":0.657558267,"DEF":1.7096514941,"REB":2.3672097611,"AST":3.2877913348,"TO":1.8411631475,"STL":1.5781398407,"BLK":0.1315116534,"STK":1.7096514941,"PF":1.4466281873,"Fls on:":2.4987214145,"+\/-":1.0520932271,"GW":4.0,"GP":13.0},"K. Perciano":{"TEAM":"NU","MINS":7.1013888889,"FGM":4.9286133385,"FGA":10.209270487,"FG%":48.275862069,"2PM":4.9286133385,"2PA":10.209270487,"2P%":48.275862069,"3PM":0.0,"3PA":0.0,"3P%":0.0,"FTM":0.3520438099,"FTA":0.7040876198,"FT%":50.0,"PTS":10.209270487,"OFF":1.0561314297,"DEF":3.8724819089,"REB":4.9286133385,"AST":0.3520438099,"TO":2.4643066693,"STL":0.3520438099,"BLK":0.3520438099,"STK":0.7040876198,"PF":6.688832388,"Fls on:":1.0561314297,"+\/-":-10.9133581068,"GW":4.0,"GP":12.0},"P. Francisco":{"TEAM":"NU","MINS":9.7217948718,"FGM":3.7979691415,"FGA":11.1565343532,"FG%":34.0425531915,"2PM":2.1363576421,"2PA":4.9848344982,"2P%":42.8571428571,"3PM":1.6616114994,"3PA":6.1716998549,"3P%":26.9230769231,"FTM":0.4747461427,"FTA":0.4747461427,"FT%":100.0,"PTS":9.7322959251,"OFF":2.1363576421,"DEF":2.1363576421,"REB":4.2727152842,"AST":1.4242384281,"TO":1.6616114994,"STL":1.8989845708,"BLK":0.9494922854,"STK":2.8484768561,"PF":2.3737307134,"Fls on:":1.4242384281,"+\/-":-1.8989845708,"GW":4.0,"GP":13.0},"J. Garcia":{"TEAM":"NU","MINS":11.45,"FGM":3.9301310044,"FGA":13.1004366812,"FG%":30.0,"2PM":3.9301310044,"2PA":13.1004366812,"2P%":30.0,"3PM":0.0,"3PA":0.0,"3P%":0.0,"FTM":1.3100436681,"FTA":2.6200873362,"FT%":50.0,"PTS":9.1703056769,"OFF":1.3100436681,"DEF":3.9301310044,"REB":5.2401746725,"AST":2.6200873362,"TO":2.6200873362,"STL":0.0,"BLK":0.0,"STK":0.0,"PF":3.9301310044,"Fls on:":2.6200873362,"+\/-":3.9301310044,"GW":1.0,"GP":2.0},"G. Santiago":{"TEAM":"NU","MINS":10.2487179487,"FGM":2.0265198899,"FGA":9.4570928196,"FG%":21.4285714286,"2PM":0.9006755066,"2PA":3.6027020265,"2P%":25.0,"3PM":1.1258443833,"3PA":5.8543907931,"3P%":19.2307692308,"FTM":3.6027020265,"FTA":4.7285464098,"FT%":76.1904761905,"PTS":8.7815861896,"OFF":2.2516887666,"DEF":5.4040530398,"REB":7.6557418064,"AST":1.1258443833,"TO":1.1258443833,"STL":1.3510132599,"BLK":0.2251688767,"STK":1.5761821366,"PF":3.8278709032,"Fls on:":3.8278709032,"+\/-":2.2516887666,"GW":4.0,"GP":13.0},"K. Padrones":{"TEAM":"NU","MINS":19.241025641,"FGM":3.118336887,"FGA":6.236673774,"FG%":50.0,"2PM":2.7585287846,"2PA":5.2771855011,"2P%":52.2727272727,"3PM":0.3598081023,"3PA":0.9594882729,"3P%":37.5,"FTM":1.6791044776,"FTA":3.118336887,"FT%":53.8461538462,"PTS":8.2755863539,"OFF":3.9578891258,"DEF":3.8379530917,"REB":7.7958422175,"AST":0.8395522388,"TO":1.6791044776,"STL":0.4797441365,"BLK":0.9594882729,"STK":1.4392324094,"PF":3.5980810235,"Fls on:":2.7585287846,"+\/-":-6.7164179104,"GW":4.0,"GP":13.0},"N. Tulabut":{"TEAM":"NU","MINS":6.4866666667,"FGM":2.7749229188,"FGA":6.937307297,"FG%":40.0,"2PM":2.3124357657,"2PA":3.6998972251,"2P%":62.5,"3PM":0.4624871531,"3PA":3.2374100719,"3P%":14.2857142857,"FTM":0.4624871531,"FTA":1.3874614594,"FT%":33.3333333333,"PTS":6.4748201439,"OFF":3.6998972251,"DEF":4.6248715313,"REB":8.3247687564,"AST":3.2374100719,"TO":2.7749229188,"STL":0.9249743063,"BLK":0.4624871531,"STK":1.3874614594,"PF":3.2374100719,"Fls on:":1.3874614594,"+\/-":-11.5621788284,"GW":3.0,"GP":10.0},"P. Yu":{"TEAM":"NU","MINS":13.641025641,"FGM":1.522556391,"FGA":8.4586466165,"FG%":18.0,"2PM":0.507518797,"2PA":2.7067669173,"2P%":18.75,"3PM":1.015037594,"3PA":5.7518796992,"3P%":17.6470588235,"FTM":1.1842105263,"FTA":1.8609022556,"FT%":63.6363636364,"PTS":5.2443609023,"OFF":1.3533834586,"DEF":3.2142857143,"REB":4.5676691729,"AST":2.030075188,"TO":0.8458646617,"STL":0.3383458647,"BLK":0.0,"STK":0.3383458647,"PF":2.030075188,"Fls on:":1.1842105263,"+\/-":-0.3383458647,"GW":4.0,"GP":13.0},"D. Lim":{"TEAM":"NU","MINS":13.0628205128,"FGM":1.589949946,"FGA":7.4197664148,"FG%":21.4285714286,"2PM":0.5299833153,"2PA":3.3565609972,"2P%":15.7894736842,"3PM":1.0599666307,"3PA":4.0632054176,"3P%":26.0869565217,"FTM":0.7066444205,"FTA":1.0599666307,"FT%":66.6666666667,"PTS":4.9465109432,"OFF":0.3533222102,"DEF":4.0632054176,"REB":4.4165276278,"AST":1.0599666307,"TO":0.7066444205,"STL":0.8833055256,"BLK":0.0,"STK":0.8833055256,"PF":4.0632054176,"Fls on:":1.589949946,"+\/-":-5.1231720483,"GW":4.0,"GP":13.0},"B. Parks":{"TEAM":"NU","MINS":3.7606060606,"FGM":1.450443191,"FGA":5.0765511684,"FG%":28.5714285714,"2PM":1.450443191,"2PA":2.9008863819,"2P%":50.0,"3PM":0.0,"3PA":2.1756647865,"3P%":0.0,"FTM":1.450443191,"FTA":2.9008863819,"FT%":50.0,"PTS":4.3513295729,"OFF":2.1756647865,"DEF":4.3513295729,"REB":6.5269943594,"AST":1.450443191,"TO":1.450443191,"STL":1.450443191,"BLK":0.0,"STK":1.450443191,"PF":2.9008863819,"Fls on:":1.450443191,"+\/-":7.2522159549,"GW":4.0,"GP":11.0},"E. Dela Cruz":{"TEAM":"NU","MINS":3.3863636364,"FGM":1.610738255,"FGA":5.6375838926,"FG%":28.5714285714,"2PM":1.610738255,"2PA":5.6375838926,"2P%":28.5714285714,"3PM":0.0,"3PA":0.0,"3P%":0.0,"FTM":0.0,"FTA":0.0,"FT%":0.0,"PTS":3.2214765101,"OFF":2.4161073826,"DEF":4.8322147651,"REB":7.2483221477,"AST":3.2214765101,"TO":1.610738255,"STL":0.8053691275,"BLK":0.0,"STK":0.8053691275,"PF":8.8590604027,