{"R. Finney":{"TEAM":"UE","MINS":2.1833333334,"FGM":0.0,"FGA":1.0,"FG%":0.0,"2PM":0.0,"2PA":1.0,"2P%":0.0,"3PM":0.0,"3PA":0.0,"3P%":0.0,"FTM":0.0,"FTA":0.0,"FT%":0.0,"PTS":0.0,"OFF":0.0,"DEF":1.0,"REB":1.0,"AST":0.0,"TO":1.0,"STL":1.0,"BLK":0.0,"STK":1.0,"PF":0.0,"Fls on:":0.0,"+\/-":2.0,"GW":1.0,"GP":2.0},"R. Go":{"TEAM":"UE","MINS":11.6833333334,"FGM":0.0,"FGA":1.0,"FG%":0.0,"2PM":0.0,"2PA":1.0,"2P%":0.0,"3PM":0.0,"3PA":0.0,"3P%":0.0,"FTM":0.0,"FTA":0.0,"FT%":0.0,"PTS":0.0,"OFF":0.0,"DEF":1.0,"REB":1.0,"AST":0.0,"TO":0.0,"STL":0.0,"BLK":0.0,"STK":0.0,"PF":2.0,"Fls on:":0.0,"+\/-":-13.0,"GW":2.0,"GP":4.0},"N. Mulingtapang":{"TEAM":"UE","MINS":131.8166666666,"FGM":7.0,"FGA":28.0,"FG%":25.0,"2PM":6.0,"2PA":18.0,"2P%":33.3333333333,"3PM":1.0,"3PA":10.0,"3P%":10.0,"FTM":11.0,"FTA":14.0,"FT%":78.5714285714,"PTS":26.0,"OFF":2.0,"DEF":6.0,"REB":8.0,"AST":18.0,"TO":10.0,"STL":3.0,"BLK":0.0,"STK":3.0,"PF":12.0,"Fls on:":16.0,"+\/-":1.0,"GW":6.0,"GP":12.0},"P. Momowei":{"TEAM":"UE","MINS":418.6166666667,"FGM":56.0,"FGA":139.0,"FG%":40.2877697842,"2PM":54.0,"2PA":132.0,"2P%":40.9090909091,"3PM":2.0,"3PA":7.0,"3P%":28.5714285714,"FTM":41.0,"FTA":94.0,"FT%":43.6170212766,"PTS":155.0,"OFF":43.0,"DEF":124.0,"REB":167.0,"AST":20.0,"TO":55.0,"STL":15.0,"BLK":11.0,"STK":26.0,"PF":36.0,"Fls on:":104.0,"+\/-":1.0,"GW":6.0,"GP":12.0},"J. Jimenez":{"TEAM":"UE","MINS":14.0833333334,"FGM":0.0,"FGA":4.0,"FG%":0.0,"2PM":0.0,"2PA":3.0,"2P%":0.0,"3PM":0.0,"3PA":1.0,"3P%":0.0,"FTM":0.0,"FTA":0.0,"FT%":0.0,"PTS":0.0,"OFF":1.0,"DEF":0.0,"REB":1.0,"AST":1.0,"TO":0.0,"STL":1.0,"BLK":0.0,"STK":1.0,"PF":2.0,"Fls on:":1.0,"+\/-":-6.0,"GW":3.0,"GP":3.0},"R. Malaga III":{"TEAM":"UE","MINS":40.7166666668,"FGM":2.0,"FGA":7.0,"FG%":28.5714285714,"2PM":2.0,"2PA":5.0,"2P%":40.0,"3PM":0.0,"3PA":2.0,"3P%":0.0,"FTM":4.0,"FTA":4.0,"FT%":100.0,"PTS":8.0,"OFF":1.0,"DEF":4.0,"REB":5.0,"AST":1.0,"TO":2.0,"STL":1.0,"BLK":1.0,"STK":2.0,"PF":16.0,"Fls on:":3.0,"+\/-":-7.0,"GW":3.0,"GP":8.0},"K. Spandonis":{"TEAM":"UE","MINS":26.9166666667,"FGM":1.0,"FGA":5.0,"FG%":20.0,"2PM":0.0,"2PA":2.0,"2P%":0.0,"3PM":1.0,"3PA":3.0,"3P%":33.3333333333,"FTM":3.0,"FTA":5.0,"FT%":60.0,"PTS":6.0,"OFF":1.0,"DEF":0.0,"REB":1.0,"AST":1.0,"TO":0.0,"STL":1.0,"BLK":0.0,"STK":1.0,"PF":6.0,"Fls on:":2.0,"+\/-":-2.0,"GW":4.0,"GP":7.0},"D. Fikes":{"TEAM":"UE","MINS":219.7666666664,"FGM":25.0,"FGA":68.0,"FG%":36.7647058824,"2PM":16.0,"2PA":31.0,"2P%":51.6129032258,"3PM":9.0,"3PA":37.0,"3P%":24.3243243243,"FTM":13.0,"FTA":22.0,"FT%":59.0909090909,"PTS":72.0,"OFF":15.0,"DEF":26.0,"REB":41.0,"AST":13.0,"TO":22.0,"STL":6.0,"BLK":5.0,"STK":11.0,"PF":33.0,"Fls on:":22.0,"+\/-":-19.0,"GW":6.0,"GP":12.0},"D. Robles":{"TEAM":"UE","MINS":7.8666666668,"FGM":1.0,"FGA":2.0,"FG%":50.0,"2PM":1.0,"2PA":2.0,"2P%":50.0,"3PM":0.0,"3PA":0.0,"3P%":0.0,"FTM":0.0,"FTA":0.0,"FT%":0.0,"PTS":2.0,"OFF":1.0,"DEF":0.0,"REB":1.0,"AST":0.0,"TO":0.0,"STL":0.0,"BLK":1.0,"STK":1.0,"PF":0.0,"Fls on:":0.0,"+\/-":2.0,"GW":3.0,"GP":5.0},"E. Galang":{"TEAM":"UE","MINS":263.9333333334,"FGM":22.0,"FGA":78.0,"FG%":28.2051282051,"2PM":7.0,"2PA":21.0,"2P%":33.3333333333,"3PM":15.0,"3PA":57.0,"3P%":26.3157894737,"FTM":6.0,"FTA":8.0,"FT%":75.0,"PTS":65.0,"OFF":5.0,"DEF":28.0,"REB":33.0,"AST":14.0,"TO":11.0,"STL":10.0,"BLK":7.0,"STK":17.0,"PF":29.0,"Fls on:":13.0,"+\/-":-2.0,"GW":5.0,"GP":11.0},"H. Cruz-Dumont":{"TEAM":"UE","MINS":49.4833333333,"FGM":0.0,"FGA":5.0,"FG%":0.0,"2PM":0.0,"2PA":5.0,"2P%":0.0,"3PM":0.0,"3PA":0.0,"3P%":0.0,"FTM":0.0,"FTA":2.0,"FT%":0.0,"PTS":0.0,"OFF":2.0,"DEF":7.0,"REB":9.0,"AST":3.0,"TO":7.0,"STL":1.0,"BLK":0.0,"STK":1.0,"PF":14.0,"Fls on:":2.0,"+\/-":-14.0,"GW":3.0,"GP":9.0},"J. Abate":{"TEAM":"UE","MINS":295.1166666667,"FGM":32.0,"FGA":83.0,"FG%":38.5542168675,"2PM":23.0,"2PA":53.0,"2P%":43.3962264151,"3PM":9.0,"3PA":30.0,"3P%":30.0,"FTM":17.0,"FTA":23.0,"FT%":73.9130434783,"PTS":90.0,"OFF":14.0,"DEF":28.0,"REB":42.0,"AST":27.0,"TO":21.0,"STL":8.0,"BLK":1.0,"STK":9.0,"PF":32.0,"Fls on:":26.0,"+\/-":-34.0,"GW":6.0,"GP":12.0},"R. Maga":{"TEAM":"UE","MINS":252.3499999999,"FGM":36.0,"FGA":92.0,"FG%":39.1304347826,"2PM":27.0,"2PA":68.0,"2P%":39.7058823529,"3PM":9.0,"3PA":24.0,"3P%":37.5,"FTM":5.0,"FTA":7.0,"FT%":71.4285714286,"PTS":86.0,"OFF":14.0,"DEF":22.0,"REB":36.0,"AST":15.0,"TO":18.0,"STL":6.0,"BLK":3.0,"STK":9.0,"PF":18.0,"Fls on:":12.0,"+\/-":8.0,"GW":6.0,"GP":12.0},"G. Wilson":{"TEAM":"UE","MINS":138.7999999999,"FGM":19.0,"FGA":44.0,"FG%":43.1818181818,"2PM":15.0,"2PA":32.0,"2P%":46.875,"3PM":4.0,"3PA":12.0,"3P%":33.3333333333,"FTM":14.0,"FTA":18.0,"FT%":77.7777777778,"PTS":56.0,"OFF":5.0,"DEF":7.0,"REB":12.0,"AST":15.0,"TO":12.0,"STL":6.0,"BLK":0.0,"STK":6.0,"PF":5.0,"Fls on:":13.0,"+\/-":-4.0,"GW":6.0,"GP":12.0},"J. Cruz-Dumont":{"TEAM":"UE","MINS":236.7333333332,"FGM":22.0,"FGA":65.0,"FG%":33.8461538462,"2PM":11.0,"2PA":35.0,"2P%":31.4285714286,"3PM":11.0,"3PA":30.0,"3P%":36.6666666667,"FTM":12.0,"FTA":14.0,"FT%":85.7142857143,"PTS":67.0,"OFF":8.0,"DEF":30.0,"REB":38.0,"AST":23.0,"TO":7.0,"STL":7.0,"BLK":3.0,"STK":10.0,"PF":18.0,"Fls on:":12.0,"+\/-":-44.0,"GW":6.0,"GP":12.0},"W. Lingolingo":{"TEAM":"UE","MINS":288.8666666667,"FGM":35.0,"FGA":98.0,"FG%":35.7142857143,"2PM":14.0,"2PA":33.0,"2P%":42.4242424242,"3PM":21.0,"3PA":65.0,"3P%":32.3076923077,"FTM":19.0,"FTA":22.0,"FT%":86.3636363636,"PTS":110.0,"OFF":16.0,"DEF":38.0,"REB":54.0,"AST":6.0,"TO":10.0,"STL":17.0,"BLK":1.0,"STK":18.0,"PF":29.0,"Fls on:":22.0,"+\/-":31.0,"GW":6.0,"GP":12.0}}