{"W. Lingolingo":{"TEAM":"UE","SP":41.2307692308,"GP":13.0,"MPG":24.3153846154,"EWA":1.2908401281,"PER":19.0281260914,"WS":1.3502799896,"OWS":0.9492499104,"DWS":0.4010300792,"EFF":9.1538461538,"GmSc":6.1846153846,"TS%":49.5798319328,"EFG%":44.9074074074,"PPWS":0.9915966387,"FTR":0.2314814815,"REB%":9.6675867467,"OREB%":6.1382426683,"DREB%":13.3125355443,"AR":1.2344330115,"pAST%":5.2704661322,"hAST%":5.0724637681,"TOR":2.1161708768,"hTO%":8.6956521739,"AST\/TO":0.5833333333,"STL\/TO":1.4166666667,"PPR":-2.3909801208,"USG%":19.8093009891,"STL%":null,"BLK%":8.7876551021,"aSP":41.2307692308,"ORtg":101.278741334,"DRtg":86.8726094368,"Floor%":41.6093584879,"Stop%":0.6457526435,"FFI":47.1337909996,"PIE":7.8260869565,"AV":1.7156983212,"DRE\/100":7.5835921527,"DRE\/75":5.6876941146,"POS":43.6201505832},"J. Abate":{"TEAM":"UE","SP":39.6153846154,"GP":13.0,"MPG":23.9538461538,"EWA":0.8237415768,"PER":16.1370217388,"WS":0.9579757999,"OWS":0.777553575,"DWS":0.1804222249,"EFF":8.0,"GmSc":5.0538461538,"TS%":49.5098039216,"EFG%":45.0549450549,"PPWS":0.9901960784,"FTR":0.2747252747,"REB%":7.2809845157,"OREB%":5.296254757,"DREB%":9.3307246904,"AR":5.0122578668,"pAST%":21.1678980684,"hAST%":18.5430463576,"TOR":3.7591934001,"hTO%":13.9072847682,"AST\/TO":1.3333333333,"STL\/TO":0.4285714286,"PPR":-0.7722487466,"USG%":18.8802984121,"STL%":null,"BLK%":17.8405766074,"aSP":39.6153846154,"ORtg":96.8510085565,"DRtg":91.883221075,"Floor%":43.3876328296,"Stop%":0.530113603,"FFI":47.2623097442,"PIE":6.2915601023,"AV":1.5507997051,"DRE\/100":1.1335052427,"DRE\/75":0.8501289321,"POS":42.9715751079},"J. Cruz-Dumont":{"TEAM":"UE","SP":34.0769230769,"GP":13.0,"MPG":19.691025641,"EWA":0.6764757529,"PER":16.1317374695,"WS":0.8512001449,"OWS":0.6384335661,"DWS":0.2127665788,"EFF":6.6923076923,"GmSc":4.2384615385,"TS%":45.0394866732,"EFG%":39.8648648649,"PPWS":0.9007897335,"FTR":0.2162162162,"REB%":7.5093751475,"OREB%":3.0319138081,"DREB%":12.1334970703,"AR":5.4440524625,"pAST%":21.8666309325,"hAST%":21.7315716273,"TOR":1.9598588865,"hTO%":7.8233657858,"AST\/TO":2.7777777778,"STL\/TO":0.8888888889,"PPR":3.0866964774,"USG%":16.8130361732,"STL%":null,"BLK%":32.5542027476,"aSP":34.0769230769,"ORtg":99.6722877398,"DRtg":90.0529523955,"Floor%":41.7873097798,"Stop%":0.5723540577,"FFI":44.3056072292,"PIE":6.189258312,"AV":1.3565010827,"DRE\/100":4.4504665869,"DRE\/75":3.3378499402,"POS":35.3243642733},"P. Momowei":{"TEAM":"UE","SP":70.0833333333,"GP":12.0,"MPG":34.8847222222,"EWA":1.2703954422,"PER":16.9198403601,"WS":0.8411218734,"OWS":-0.1319276001,"DWS":0.9730494736,"EFF":14.75,"GmSc":7.7916666667,"TS%":42.9696163229,"EFG%":41.0071942446,"PPWS":0.8593923265,"FTR":0.6762589928,"REB%":19.6630480253,"OREB%":9.965302682,"DREB%":29.6784459136,"AR":2.663222575,"pAST%":11.7499143706,"hAST%":7.8320802005,"TOR":7.3238620813,"hTO%":21.5382205514,"AST\/TO":0.3636363636,"STL\/TO":0.2727272727,"PPR":-10.2582027408,"USG%":26.8743823195,"STL%":null,"BLK%":72.9917320274,"aSP":70.0833333333,"ORtg":76.1898761487,"DRtg":79.1980512066,"Floor%":39.2303630963,"Stop%":0.8228724471,"FFI":51.708857606,"PIE":11.6624040921,"AV":2.3107909342,"DRE\/100":7.5495609833,"DRE\/75":5.6621707375,"POS":62.5808252864},"R. Maga":{"TEAM":"UE","SP":33.8461538462,"GP":13.0,"MPG":21.7192307692,"EWA":0.5458008584,"PER":14.7054603343,"WS":0.5649438727,"OWS":0.4539111952,"DWS":0.1110326775,"EFF":6.2307692308,"GmSc":4.1153846154,"TS%":47.6594941487,"EFG%":46.0784313725,"PPWS":0.953189883,"FTR":0.0882352941,"REB%":6.80812779,"OREB%":4.8103734911,"DREB%":8.8713191276,"AR":2.9614025773,"pAST%":13.4435590271,"hAST%":10.6413166856,"TOR":3.9485367698,"hTO%":14.1884222474,"AST\/TO":0.75,"STL\/TO":0.3,"PPR":-3.6501544642,"USG%":21.3239281703,"STL%":null,"BLK%":29.5141963284,"aSP":33.8461538462,"ORtg":89.2179631948,"DRtg":93.2363574859,"Floor%":39.2627439018,"Stop%":0.4988848015,"FFI":44.7298424666,"PIE":5.4731457801,"AV":1.2857142857,"DRE\/100":-2.0997961803,"DRE\/75":-1.5748471353,"POS":38.9628266914},"D. Fikes":{"TEAM":"UE","SP":33.3846153846,"GP":13.0,"MPG":18.7717948718,"EWA":0.422480301,"PER":14.299792672,"WS":0.5319194488,"OWS":0.297449648,"DWS":0.2344698008,"EFF":6.2307692308,"GmSc":3.3461538462,"TS%":47.0274036229,"EFG%":44.0789473684,"PPWS":0.9405480725,"FTR":0.3026315789,"REB%":10.3008226028,"OREB%":8.3485047104,"DREB%":12.3170892507,"AR":3.6548100761,"pAST%":15.5533302883,"hAST%":12.6863304789,"TOR":5.4822151141,"hTO%":19.0294957184,"AST\/TO":0.6666666667,"STL\/TO":0.2916666667,"PPR":-5.6310400927,"USG%":21.5694664131,"STL%":null,"BLK%":68.2966807814,"aSP":33.3846153846,"ORtg":85.9269320357,"DRtg":89.1105911968,"Floor%":39.007651225,"Stop%":0.594102649,"FFI":47.4701997951,"PIE":3.2225063939,"AV":1.2857142857,"DRE\/100":0.2240682527,"DRE\/75":0.1680511896,"POS":33.6753266286},"G. Wilson":{"TEAM":"UE","SP":24.1538461538,"GP":13.0,"MPG":12.2346153846,"EWA":0.6182837425,"PER":18.6335826619,"WS":0.4958639077,"OWS":0.4414418102,"DWS":0.0544220975,"EFF":3.8461538462,"GmSc":3.0923076923,"TS%":52.7055516514,"EFG%":46.9387755102,"PPWS":1.054111033,"FTR":0.3673469388,"REB%":4.0286595023,"OREB%":3.6597897029,"DREB%":4.4096117422,"AR":5.6076421601,"pAST%":24.6350270408,"hAST%":18.4077312471,"TOR":4.9066868901,"hTO%":16.1067648412,"AST\/TO":1.1428571429,"STL\/TO":0.5,"PPR":-2.1599520339,"USG%":21.3136291303,"STL%":null,"BLK%":0.0,"aSP":24.1538461538,"ORtg":96.5927166715,"DRtg":93.607634088,"Floor%":44.4383213736,"Stop%":0.4903161729,"FFI":48.7910005038,"PIE":4.0920716113,"AV":0.8953816888,"DRE\/100":-0.8088495749,"DRE\/75":-0.6066371812,"POS":21.9480700736},"E. Galang":{"TEAM":"UE","SP":33.4166666667,"GP":12.0,"MPG":24.2555555556,"EWA":-0.1261582652,"PER":9.9487971383,"WS":0.4351319974,"OWS":0.1491730392,"DWS":0.2859589582,"EFF":5.5,"GmSc":2.9166666667,"TS%":39.4168466523,"EFG%":36.0465116279,"PPWS":0.788336933,"FTR":0.1744186047,"REB%":6.7735821612,"OREB%":1.999849584,"DREB%":11.7036797746,"AR":2.6812020724,"pAST%":10.4253584433,"hAST%":11.8043844857,"TOR":2.2981732049,"hTO%":10.1180438449,"AST\/TO":1.1666666667,"STL\/TO":0.8333333333,"PPR":-0.9442245652,"USG%":17.1775635233,"STL%":null,"BLK%":76.3475339746,"aSP":33.4166666667,"ORtg":82.4409950582,"DRtg":88.9532762517,"Floor%":32.8789666823,"Stop%":0.5977332934,"FFI":41.8603103365,"PIE":2.6598465473,"AV":1.1026524758,"DRE\/100":1.5437432591,"DRE\/75":1.1578074444,"POS":43.5128213083},"K. Spandonis":{"TEAM":"UE","SP":11.25,"GP":8.0,"MPG":3.9375,"EWA":-0.0087816023,"PER":10.2596501385,"WS":0.0919233839,"OWS":0.0846517301,"DWS":0.0072716537,"EFF":0.625,"GmSc":0.4625,"TS%":44.1176470588,"EFG%":37.5,"PPWS":0.8823529412,"FTR":0.625,"REB%":3.1294666366,"OREB%":3.0798389007,"DREB%":3.1807199437,"AR":1.7696338999,"pAST%":6.6568520771,"hAST%":8.9285714286,"TOR":0.0,"hTO%":0.0,"AST\/TO":null,"STL\/TO":null,"PPR":2.1812087047,"USG%":15.4778975972,"STL%":null,"BLK%":0.0,"aSP":11.25,"ORtg":105.0222123545,"DRtg":94.4168709848,"Floor%":43.8968999738,"Stop%":0.4716399344,"FFI":49.9909677801,"PIE":-0.1534526854,"AV":0.1592238821,"DRE\/100":0.4920976612,"DRE\/75":0.3690732459,"POS":7.0636079025},"R. Malaga III":{"TEAM":"UE","SP":9.6666666667,"GP":9.0,"MPG":5.3444444445,"EWA":-0.1820487784,"PER":3.2125562441,"WS":0.071558363,"OWS":0.0271069305,"DWS":0.0444514326,"EFF":1.1111111111,"GmSc":0.0333333333,"TS%":38.6597938144,"EFG%":22.2222222222,"PPWS":0.7731958763,"FTR":0.6666666667,"REB%":8.1977712309,"OREB%":6.0508269463,"DREB%":10.4150393168,"AR":1.1589078555,"pAST%":4.167969157,"hAST%":6.8306010929,"TOR":2.3178157109,"hTO%":13.6612021858,"AST\/TO":0.5,"STL\/TO":0.5,"PPR":-2.856884582,"USG%":13.5547541511,"STL%":null,"BLK%":57.7500577499,"aSP":9.6666666667,"ORtg":83.9159553261,"DRtg":89.3771127634,"Floor%":39.8783403432,"Stop%":0.5879516438,"FFI":44.5196003504,"PIE":-0.9207161125,"AV":0.2677815834,"DRE\/100":-1.9623763978,"DRE\/75":-1.4717822984,"POS":9.5875707968},"D. Robles":{"TEAM":"UE","SP":10.6,"GP":5.0,"MPG":1.5733333334,"EWA":0.0401985784,"PER":21.0910774385,"WS":0.0242517689,"OWS":0.0245034859,