{"R. Finney":{"TEAM":"UE","MINS":2.1833333334,"FGM":0.0,"FGA":1.0,"FG%":0.0,"2PM":0.0,"2PA":1.0,"2P%":0.0,"3PM":0.0,"3PA":0.0,"3P%":0.0,"FTM":0.0,"FTA":0.0,"FT%":0.0,"PTS":0.0,"OFF":0.0,"DEF":1.0,"REB":1.0,"AST":0.0,"TO":1.0,"STL":1.0,"BLK":0.0,"STK":1.0,"PF":0.0,"Fls on:":0.0,"+\/-":2.0,"GW":1.0,"GP":2.0},"R. Go":{"TEAM":"UE","MINS":19.8000000001,"FGM":2.0,"FGA":3.0,"FG%":66.6666666667,"2PM":2.0,"2PA":3.0,"2P%":66.6666666667,"3PM":0.0,"3PA":0.0,"3P%":0.0,"FTM":0.0,"FTA":0.0,"FT%":0.0,"PTS":4.0,"OFF":0.0,"DEF":1.0,"REB":1.0,"AST":0.0,"TO":0.0,"STL":0.0,"BLK":0.0,"STK":0.0,"PF":2.0,"Fls on:":1.0,"+\/-":-17.0,"GW":2.0,"GP":5.0},"N. Mulingtapang":{"TEAM":"UE","MINS":142.3666666666,"FGM":7.0,"FGA":33.0,"FG%":21.2121212121,"2PM":6.0,"2PA":21.0,"2P%":28.5714285714,"3PM":1.0,"3PA":12.0,"3P%":8.3333333333,"FTM":11.0,"FTA":14.0,"FT%":78.5714285714,"PTS":26.0,"OFF":2.0,"DEF":6.0,"REB":8.0,"AST":19.0,"TO":10.0,"STL":3.0,"BLK":0.0,"STK":3.0,"PF":15.0,"Fls on:":16.0,"+\/-":-6.0,"GW":6.0,"GP":14.0},"P. Momowei":{"TEAM":"UE","MINS":449.95,"FGM":59.0,"FGA":151.0,"FG%":39.0728476821,"2PM":57.0,"2PA":142.0,"2P%":40.1408450704,"3PM":2.0,"3PA":9.0,"3P%":22.2222222222,"FTM":46.0,"FTA":103.0,"FT%":44.6601941748,"PTS":166.0,"OFF":45.0,"DEF":134.0,"REB":179.0,"AST":21.0,"TO":57.0,"STL":16.0,"BLK":11.0,"STK":27.0,"PF":39.0,"Fls on:":112.0,"+\/-":-3.0,"GW":6.0,"GP":13.0},"J. Jimenez":{"TEAM":"UE","MINS":14.0833333334,"FGM":0.0,"FGA":4.0,"FG%":0.0,"2PM":0.0,"2PA":3.0,"2P%":0.0,"3PM":0.0,"3PA":1.0,"3P%":0.0,"FTM":0.0,"FTA":0.0,"FT%":0.0,"PTS":0.0,"OFF":1.0,"DEF":0.0,"REB":1.0,"AST":1.0,"TO":0.0,"STL":1.0,"BLK":0.0,"STK":1.0,"PF":2.0,"Fls on:":1.0,"+\/-":-6.0,"GW":3.0,"GP":3.0},"R. Malaga III":{"TEAM":"UE","MINS":48.1000000001,"FGM":2.0,"FGA":9.0,"FG%":22.2222222222,"2PM":2.0,"2PA":7.0,"2P%":28.5714285714,"3PM":0.0,"3PA":2.0,"3P%":0.0,"FTM":5.0,"FTA":6.0,"FT%":83.3333333333,"PTS":9.0,"OFF":3.0,"DEF":5.0,"REB":8.0,"AST":1.0,"TO":2.0,"STL":1.0,"BLK":1.0,"STK":2.0,"PF":17.0,"Fls on:":5.0,"+\/-":-14.0,"GW":3.0,"GP":9.0},"K. Spandonis":{"TEAM":"UE","MINS":31.5,"FGM":2.0,"FGA":8.0,"FG%":25.0,"2PM":0.0,"2PA":2.0,"2P%":0.0,"3PM":2.0,"3PA":6.0,"3P%":33.3333333333,"FTM":3.0,"FTA":5.0,"FT%":60.0,"PTS":9.0,"OFF":1.0,"DEF":1.0,"REB":2.0,"AST":1.0,"TO":0.0,"STL":1.0,"BLK":0.0,"STK":1.0,"PF":6.0,"Fls on:":2.0,"+\/-":-9.0,"GW":4.0,"GP":8.0},"D. Fikes":{"TEAM":"UE","MINS":267.3333333331,"FGM":31.0,"FGA":82.0,"FG%":37.8048780488,"2PM":21.0,"2PA":37.0,"2P%":56.7567567568,"3PM":10.0,"3PA":45.0,"3P%":22.2222222222,"FTM":16.0,"FTA":25.0,"FT%":64.0,"PTS":88.0,"OFF":23.0,"DEF":33.0,"REB":56.0,"AST":16.0,"TO":26.0,"STL":7.0,"BLK":6.0,"STK":13.0,"PF":40.0,"Fls on:":28.0,"+\/-":-23.0,"GW":6.0,"GP":14.0},"D. Robles":{"TEAM":"UE","MINS":7.8666666668,"FGM":1.0,"FGA":2.0,"FG%":50.0,"2PM":1.0,"2PA":2.0,"2P%":50.0,"3PM":0.0,"3PA":0.0,"3P%":0.0,"FTM":0.0,"FTA":0.0,"FT%":0.0,"PTS":2.0,"OFF":1.0,"DEF":0.0,"REB":1.0,"AST":0.0,"TO":0.0,"STL":0.0,"BLK":1.0,"STK":1.0,"PF":0.0,"Fls on:":0.0,"+\/-":2.0,"GW":3.0,"GP":5.0},"E. Galang":{"TEAM":"UE","MINS":315.5666666667,"FGM":24.0,"FGA":92.0,"FG%":26.0869565217,"2PM":7.0,"2PA":25.0,"2P%":28.0,"3PM":17.0,"3PA":67.0,"3P%":25.3731343284,"FTM":11.0,"FTA":17.0,"FT%":64.7058823529,"PTS":76.0,"OFF":6.0,"DEF":36.0,"REB":42.0,"AST":16.0,"TO":12.0,"STL":10.0,"BLK":8.0,"STK":18.0,"PF":35.0,"Fls on:":17.0,"+\/-":-16.0,"GW":5.0,"GP":13.0},"H. Cruz-Dumont":{"TEAM":"UE","MINS":67.4333333333,"FGM":1.0,"FGA":7.0,"FG%":14.2857142857,"2PM":1.0,"2PA":7.0,"2P%":14.2857142857,"3PM":0.0,"3PA":0.0,"3P%":0.0,"FTM":0.0,"FTA":2.0,"FT%":0.0,"PTS":2.0,"OFF":4.0,"DEF":14.0,"REB":18.0,"AST":4.0,"TO":7.0,"STL":1.0,"BLK":0.0,"STK":1.0,"PF":15.0,"Fls on:":4.0,"+\/-":-17.0,"GW":3.0,"GP":11.0},"J. Abate":{"TEAM":"UE","MINS":325.15,"FGM":39.0,"FGA":95.0,"FG%":41.0526315789,"2PM":28.0,"2PA":61.0,"2P%":45.9016393443,"3PM":11.0,"3PA":34.0,"3P%":32.3529411765,"FTM":20.0,"FTA":27.0,"FT%":74.0740740741,"PTS":109.0,"OFF":17.0,"DEF":30.0,"REB":47.0,"AST":29.0,"TO":24.0,"STL":9.0,"BLK":2.0,"STK":11.0,"PF":33.0,"Fls on:":29.0,"+\/-":-29.0,"GW":6.0,"GP":14.0},"R. Maga":{"TEAM":"UE","MINS":308.0666666666,"FGM":46.0,"FGA":111.0,"FG%":41.4414414414,"2PM":33.0,"2PA":78.0,"2P%":42.3076923077,"3PM":13.0,"3PA":33.0,"3P%":39.3939393939,"FTM":7.0,"FTA":11.0,"FT%":63.6363636364,"PTS":112.0,"OFF":14.0,"DEF":26.0,"REB":40.0,"AST":15.0,"TO":22.0,"STL":6.0,"BLK":4.0,"STK":10.0,"PF":21.0,"Fls on:":15.0,"+\/-":-1.0,"GW":6.0,"GP":14.0},"G. Wilson":{"TEAM":"UE","MINS":172.5666666666,"FGM":22.0,"FGA":53.0,"FG%":41.5094339623,"2PM":18.0,"2PA":40.0,"2P%":45.0,"3PM":4.0,"3PA":13.0,"3P%":30.7692307692,"FTM":15.0,"FTA":19.0,"FT%":78.9473684211,"PTS":63.0,"OFF":6.0,"DEF":7.0,"REB":13.0,"AST":20.0,"TO":17.0,"STL":7.0,"BLK":1.0,"STK":8.0,"PF":7.0,"Fls on:":18.0,"+\/-":-14.0,"GW":6.0,"GP":14.0},"J. Cruz-Dumont":{"TEAM":"UE","MINS":284.6333333332,"FGM":27.0,"FGA":83.0,"FG%":32.5301204819,"2PM":15.0,"2PA":48.0,"2P%":31.25,"3PM":12.0,"3PA":35.0,"3P%":34.2857142857,"FTM":21.0,"FTA":23.0,"FT%":91.3043478261,"PTS":87.0,"OFF":9.0,"DEF":33.0,"REB":42.0,"AST":29.0,"TO":10.0,"STL":12.0,"BLK":3.0,"STK":15.0,"PF":23.0,"Fls on:":18.0,"+\/-":-56.0,"GW":6.0,"GP":14.0},"W. Lingolingo":{"TEAM":"UE","MINS":342.1833333333,"FGM":41.0,"FGA":115.0,"FG%":35.652173913,"2PM":20.0,"2PA":42.0,"2P%":47.619047619,"3PM":21.0,"3PA":73.0,"3P%":28.7671232877,"FTM":21.0,"FTA":25.0,"FT%":84.0,"PTS":124.0,"OFF":24.0,"DEF":47.0,"REB":71.0,"AST":11.0,"TO":14.0,"STL":17.0,"BLK":2.0,"STK":19.0,"PF":37.0,"Fls on:":26.0,"+\/-":37.0,"GW":6.0,"GP":14.0}}