{"W. Lingolingo":{"TEAM":"UE","SP":44.6,"GP":10.0,"MPG":23.1966666667,"EWA":1.2773515121,"PER":21.8882994944,"WS":1.246293517,"OWS":0.804173086,"DWS":0.442120431,"EFF":10.1,"GmSc":7.02,"TS%":54.3735224586,"EFG%":50.641025641,"PPWS":1.0874704492,"FTR":0.1923076923,"REB%":9.3503889744,"OREB%":5.2519361044,"DREB%":13.3974827859,"AR":1.4415192916,"pAST%":6.3760487272,"TOR":1.9220257221,"AST\/TO":0.75,"PPR":-1.7807091082,"USG%":19.526280898,"aSP":44.6,"ORtg":106.4025039243,"DRtg":83.1685484943,"Floor%":42.3031634898,"Stop%":0.698291803,"FFI":48.7109064314,"PIE":9.1267235719,"AV":1.5171262948},"J. Abate":{"TEAM":"UE","SP":41.5,"GP":10.0,"MPG":24.745,"EWA":0.60515155,"PER":15.7355571449,"WS":0.8341964191,"OWS":0.6383635593,"DWS":0.1958328597,"EFF":8.3,"GmSc":5.27,"TS%":51.1587771203,"EFG%":46.4788732394,"PPWS":1.0231755424,"FTR":0.323943662,"REB%":7.7460972028,"OREB%":4.9233142521,"DREB%":10.5335069336,"AR":4.279183724,"pAST%":18.3777744999,"TOR":3.37830294,"AST\/TO":1.2666666667,"PPR":-0.9737509574,"USG%":19.0002988416,"aSP":41.5,"ORtg":98.4827799051,"DRtg":91.2939493697,"Floor%":44.4059904606,"Stop%":0.5121595402,"FFI":48.5907913408,"PIE":6.7629678267,"AV":1.309451069},"P. Momowei":{"TEAM":"UE","SP":71.6,"GP":10.0,"MPG":35.2783333333,"EWA":0.8293134178,"PER":15.545053063,"WS":0.6566855237,"OWS":-0.2572075081,"DWS":0.9138930319,"EFF":14.1,"GmSc":7.53,"TS%":42.6099401509,"EFG%":39.5652173913,"PPWS":0.852198803,"FTR":0.7652173913,"REB%":19.4454345557,"OREB%":9.2088561378,"DREB%":29.5537350486,"AR":2.8435393065,"pAST%":12.5226901289,"TOR":7.5827714839,"AST\/TO":0.375,"PPR":-10.5378742531,"USG%":27.96887692,"aSP":71.6,"ORtg":74.9129040308,"DRtg":78.1779780503,"Floor%":38.855303813,"Stop%":0.8126130758,"FFI":52.2504261827,"PIE":12.0814182534,"AV":1.9484759055},"E. Galang":{"TEAM":"UE","SP":39.0,"GP":9.0,"MPG":25.0055555556,"EWA":0.3294229042,"PER":13.7621907911,"WS":0.647433762,"OWS":0.3434920314,"DWS":0.3039417306,"EFF":7.3333333333,"GmSc":4.5666666667,"TS%":46.749136939,"EFG%":44.696969697,"PPWS":0.9349827388,"FTR":0.1212121212,"REB%":6.2757526491,"OREB%":1.3533371603,"DREB%":11.1364837332,"AR":2.9716456343,"pAST%":12.1949050703,"TOR":1.9810970895,"AST\/TO":1.5,"PPR":0.0,"USG%":16.8487960957,"aSP":39.0,"ORtg":92.6571350946,"DRtg":87.2176347675,"Floor%":36.282433366,"Stop%":0.6055375375,"FFI":44.4723628566,"PIE":5.1214707814,"AV":1.1026524758},"J. Cruz-Dumont":{"TEAM":"UE","SP":34.9,"GP":10.0,"MPG":18.8016666667,"EWA":0.375113757,"PER":14.8301692308,"WS":0.6063280822,"OWS":0.3404882374,"DWS":0.2658398448,"EFF":6.5,"GmSc":3.86,"TS%":42.9017160686,"EFG%":36.9565217391,"PPWS":0.8580343214,"FTR":0.2608695652,"REB%":9.1215653143,"OREB%":3.7797707569,"DREB%":14.3964200902,"AR":5.63186249,"pAST%":21.6922422643,"TOR":2.0748967069,"AST\/TO":2.7142857143,"PPR":3.1123604531,"USG%":15.1620289653,"aSP":34.9,"ORtg":95.7299964108,"DRtg":86.7556945018,"Floor%":39.3354741834,"Stop%":0.6161194138,"FFI":43.9328821486,"PIE":5.9093893631,"AV":1.0900984516},"G. Wilson":{"TEAM":"UE","SP":27.4,"GP":10.0,"MPG":12.1366666667,"EWA":0.6136512012,"PER":20.9829133294,"WS":0.478849203,"OWS":0.3977033114,"DWS":0.0811458915,"EFF":4.4,"GmSc":3.6,"TS%":56.4791133845,"EFG%":50.0,"PPWS":1.1295822677,"FTR":0.4615384615,"REB%":4.571724645,"OREB%":3.3459876728,"DREB%":5.7821015048,"AR":5.5103173579,"pAST%":25.569362222,"TOR":5.5103173579,"AST\/TO":1.0,"PPR":-3.4034481418,"USG%":23.7463815518,"aSP":27.4,"ORtg":98.7985706054,"DRtg":92.189207653,"Floor%":45.8712357209,"Stop%":0.4916514505,"FFI":51.2146951182,"PIE":4.9901510177,"AV":0.8135237058},"R. Maga":{"TEAM":"UE","SP":32.5,"GP":10.0,"MPG":19.1366666667,"EWA":0.3145146135,"PER":14.1234717282,"WS":0.3907514672,"OWS":0.2576436438,"DWS":0.1331078234,"EFF":5.4,"GmSc":3.6,"TS%":48.5944976077,"EFG%":47.7272727273,"PPWS":0.9718899522,"FTR":0.0303030303,"REB%":5.0081129233,"OREB%":3.1830886039,"DREB%":6.8102672637,"AR":3.7859236414,"pAST%":17.4775424783,"TOR":3.7859236414,"AST\/TO":1.0,"PPR":-2.338376167,"USG%":20.4176564368,"aSP":32.5,"ORtg":88.6037725366,"DRtg":91.9926401653,"Floor%":39.1006383642,"Stop%":0.4961543115,"FFI":44.2355913559,"PIE":4.7275114905,"AV":0.9485845026},"D. Fikes":{"TEAM":"UE","SP":33.2,"GP":10.0,"MPG":18.18,"EWA":0.118568729,"PER":12.1309083894,"WS":0.3288029233,"OWS":0.102611863,"DWS":0.2261910603,"EFF":5.3,"GmSc":2.79,"TS%":46.3565387118,"EFG%":43.5185185185,"PPWS":0.9271307742,"FTR":0.3148148148,"REB%":9.1560227902,"OREB%":6.701177732,"DREB%":11.580105379,"AR":3.6785965347,"pAST%":15.5313668897,"TOR":5.517894802,"AST\/TO":0.6666666667,"PPR":-5.6802139183,"USG%":21.3844511041,"aSP":33.2,"ORtg":82.4416349996,"DRtg":87.9931449338,"Floor%":37.1411501964,"Stop%":0.5877725725,"FFI":47.0903914755,"PIE":2.4950755089,"AV":0.9353789829},"N. Mulingtapang":{"TEAM":"UE","SP":22.7,"GP":10.0,"MPG":12.0883333333,"EWA":-0.0883413094,"PER":9.3510958344,"WS":0.1582036658,"OWS":0.1166236027,"DWS":0.0415800632,"EFF":2.4,"GmSc":1.49,"TS%":42.6136363636,"EFG%":29.5454545455,"PPWS":0.8522727273,"FTR":0.6363636364,"REB%":2.9209116235,"OREB%":1.6796830438,"DREB%":4.1465859603,"AR":8.2985242658,"pAST%":30.6787241628,"TOR":4.1492621329,"AST\/TO":2.0,"PPR":2.5627922275,"USG%":15.0363839218,"aSP":22.7,"ORtg":87.2774620708,"DRtg":94.5558512132,"Floor%":40.181060076,"Stop%":0.4374376673,"FFI":45.6622574392,"PIE":1.5758371635,"AV":0.5163440021},"D. Robles":{"TEAM":"UE","SP":10.6,"GP":5.0,"MPG":1.5733333334,"EWA":0.0396222223,"PER":20.9438135817,"WS":0.025819308,"OWS":0.0238641846,"DWS":0.0019551234,"EFF":0.6,"GmSc":0.48,"TS%":50.0,"EFG%":50.0,"PPWS":1.0,"FTR":0.0,"REB%":6.4120375317,"OREB%":12.905446098,"DREB%":0.0,"AR":0.0,"pAST%":0.0,"TOR":0.0,"AST\/TO":null,"PPR":0.0,"USG%":12.4357898714,"aSP":10.6,"ORtg":115.3424410296,"DRtg":95.2516000537,"Floor%":56.379896923,"Stop%":0.4214998314,"FFI":47.5810892196,"PIE":0.2626395272,"AV":0.1085479551},"R. Malaga III":{"TEAM":"UE","SP":9.8571428571,"GP":7.0,"MPG":4.9166666667,"EWA":-0.2217311865,"PER":-2.1295307964,"WS":0.0134767077,"OWS":-0.0338200092,"DWS":0.0472967168,"EFF":0.7142857143,"GmSc":-0.4,"TS%":38.0710659898,"EFG%":28.5714285714,"PPWS":0.7614213198,"FTR":0.2857142857,"REB%":5.8624343148,"OREB%":2.949816251,"DREB%":8.7385534053,"AR":0.0,"pAST%":0.0,"TOR":3.2385900726,"AST\/TO":0.0,"PPR":-6.0009465783,"USG%":14.0417833064,"aSP":9.8571428571,"ORtg":68.0295297799,"DRtg":87.044953244,"Floor%":31.5304506754,"Stop%":0.6094932319,"FFI":40.4946014463,"PIE":-1.4445173999,"AV":0.1592238821},"K. Spandonis":{"TEAM":"UE","SP":12.3333333333,"GP":6.0,"MPG":3.75,"EWA":-0.1191855345,"PER":0.172758918,"WS":0.0076001663,"OWS":-0.0053941136,"DWS":0.0129942799,"EFF":0.0,"GmSc":-0.1,"TS%":28.8461538462,"EFG%":0.0,"PPWS":0.5769230769,"FTR":1.6666666667,"REB%":0.0,"OREB%":0.0,"DREB%":0.0,"AR":2.4769216667,"pAST%":8.3073727934,"TOR":0.0,"AST\/TO":null,"PPR":3.0597418973,"USG%":11.3045935781,"aSP":12.3333333333,"ORtg":75.35839402,"DRtg":92.8531834239,"Floor%":40.8072130079,"Stop%":0.4764414547,"FFI":50.0,"PIE":-0.7879185817,"AV":0.0},"R. Go":{"TEAM":"UE","SP":8.0,"GP":4.0,"MPG":2.9208333334,"EWA":-0.0958877019,"PER":-5.6765147551,"WS":-0.017978333,"OWS":-0.0223033967,"DWS":0.0043250636,"EFF":0.0,"GmSc":-0.3,"TS%":0.0,"EFG%":0.0,"PPWS":0.0,"FTR":0.0,"REB%":4.3173776248,"OREB%":0.0,"DREB%":8.5806527731,"AR":0.0,"pAST%":0.0,"TOR":0.0,"AST\/TO":null,"PPR":0.0,"USG%":4.1866567899,"aSP":8.0,"ORtg":0.0,"DRtg":94.3646844082,"Floor%":0.0,"Stop%":0.4418168125,"FFI":25.0,"PIE":-0.2626395272,"AV":0.0},"R. Finney":{"TEAM":"UE","SP":10.0,"GP":2.0,"MPG":1.0916666667,"EWA":-0.025362176,"PER":-12.528690284,"WS":-0.0291159005,"OWS":-0.0523616771,"DWS":0.0232457765,"EFF":0.0,"GmSc":-0.2,"TS%":0.0,"EFG%":0.0,"PPWS":0.0,"FTR":0.0,"REB%":23.1029138543,"OREB%":0.0,"DREB%":45.9163175099,"AR":0.0,"pAST%":0.0,"TOR":25.5255286252,"AST\/TO":0.0,"PPR":-47.297536961,"USG%":44.806815414,"aSP":10.0,"ORtg":0.0,"DRtg":19.4450496181,"Floor%":0.0,"Stop%":2.1580350482,"FFI":18.6186178437,"PIE":0.0,"AV":0.0},"J. Jimenez":{"TEAM":"UE","SP":18.3333333333,"GP":3.0,