{"R. Finney":{"TEAM":"UE","MINS":2.1833333334,"FGM":0.0,"FGA":1.0,"FG%":0.0,"2PM":0.0,"2PA":1.0,"2P%":0.0,"3PM":0.0,"3PA":0.0,"3P%":0.0,"FTM":0.0,"FTA":0.0,"FT%":0.0,"PTS":0.0,"OFF":0.0,"DEF":1.0,"REB":1.0,"AST":0.0,"TO":1.0,"STL":1.0,"BLK":0.0,"STK":1.0,"PF":0.0,"Fls on:":0.0,"+\/-":2.0,"GW":1.0,"GP":2.0},"R. Go":{"TEAM":"UE","MINS":11.6833333334,"FGM":0.0,"FGA":1.0,"FG%":0.0,"2PM":0.0,"2PA":1.0,"2P%":0.0,"3PM":0.0,"3PA":0.0,"3P%":0.0,"FTM":0.0,"FTA":0.0,"FT%":0.0,"PTS":0.0,"OFF":0.0,"DEF":1.0,"REB":1.0,"AST":0.0,"TO":0.0,"STL":0.0,"BLK":0.0,"STK":0.0,"PF":2.0,"Fls on:":0.0,"+\/-":-13.0,"GW":2.0,"GP":4.0},"N. Mulingtapang":{"TEAM":"UE","MINS":120.8833333333,"FGM":6.0,"FGA":22.0,"FG%":27.2727272727,"2PM":5.0,"2PA":14.0,"2P%":35.7142857143,"3PM":1.0,"3PA":8.0,"3P%":12.5,"FTM":11.0,"FTA":14.0,"FT%":78.5714285714,"PTS":24.0,"OFF":2.0,"DEF":5.0,"REB":7.0,"AST":18.0,"TO":9.0,"STL":3.0,"BLK":0.0,"STK":3.0,"PF":11.0,"Fls on:":16.0,"+\/-":8.0,"GW":6.0,"GP":10.0},"P. Momowei":{"TEAM":"UE","MINS":352.7833333334,"FGM":45.0,"FGA":115.0,"FG%":39.1304347826,"2PM":44.0,"2PA":110.0,"2P%":40.0,"3PM":1.0,"3PA":5.0,"3P%":20.0,"FTM":40.0,"FTA":88.0,"FT%":45.4545454545,"PTS":131.0,"OFF":32.0,"DEF":104.0,"REB":136.0,"AST":18.0,"TO":48.0,"STL":12.0,"BLK":10.0,"STK":22.0,"PF":28.0,"Fls on:":93.0,"+\/-":26.0,"GW":6.0,"GP":10.0},"J. Jimenez":{"TEAM":"UE","MINS":14.0833333334,"FGM":0.0,"FGA":4.0,"FG%":0.0,"2PM":0.0,"2PA":3.0,"2P%":0.0,"3PM":0.0,"3PA":1.0,"3P%":0.0,"FTM":0.0,"FTA":0.0,"FT%":0.0,"PTS":0.0,"OFF":1.0,"DEF":0.0,"REB":1.0,"AST":1.0,"TO":0.0,"STL":1.0,"BLK":0.0,"STK":1.0,"PF":2.0,"Fls on:":1.0,"+\/-":-6.0,"GW":3.0,"GP":3.0},"R. Malaga III":{"TEAM":"UE","MINS":34.4166666668,"FGM":2.0,"FGA":7.0,"FG%":28.5714285714,"2PM":2.0,"2PA":5.0,"2P%":40.0,"3PM":0.0,"3PA":2.0,"3P%":0.0,"FTM":2.0,"FTA":2.0,"FT%":100.0,"PTS":6.0,"OFF":1.0,"DEF":3.0,"REB":4.0,"AST":0.0,"TO":2.0,"STL":1.0,"BLK":1.0,"STK":2.0,"PF":15.0,"Fls on:":2.0,"+\/-":-9.0,"GW":3.0,"GP":7.0},"K. Spandonis":{"TEAM":"UE","MINS":22.5,"FGM":0.0,"FGA":3.0,"FG%":0.0,"2PM":0.0,"2PA":2.0,"2P%":0.0,"3PM":0.0,"3PA":1.0,"3P%":0.0,"FTM":3.0,"FTA":5.0,"FT%":60.0,"PTS":3.0,"OFF":0.0,"DEF":0.0,"REB":0.0,"AST":1.0,"TO":0.0,"STL":1.0,"BLK":0.0,"STK":1.0,"PF":6.0,"Fls on:":2.0,"+\/-":4.0,"GW":4.0,"GP":6.0},"D. Fikes":{"TEAM":"UE","MINS":181.7999999998,"FGM":20.0,"FGA":54.0,"FG%":37.037037037,"2PM":13.0,"2PA":23.0,"2P%":56.5217391304,"3PM":7.0,"3PA":31.0,"3P%":22.5806451613,"FTM":10.0,"FTA":17.0,"FT%":58.8235294118,"PTS":57.0,"OFF":12.0,"DEF":21.0,"REB":33.0,"AST":12.0,"TO":18.0,"STL":6.0,"BLK":4.0,"STK":10.0,"PF":26.0,"Fls on:":15.0,"+\/-":-10.0,"GW":6.0,"GP":10.0},"D. Robles":{"TEAM":"UE","MINS":7.8666666668,"FGM":1.0,"FGA":2.0,"FG%":50.0,"2PM":1.0,"2PA":2.0,"2P%":50.0,"3PM":0.0,"3PA":0.0,"3P%":0.0,"FTM":0.0,"FTA":0.0,"FT%":0.0,"PTS":2.0,"OFF":1.0,"DEF":0.0,"REB":1.0,"AST":0.0,"TO":0.0,"STL":0.0,"BLK":1.0,"STK":1.0,"PF":0.0,"Fls on:":0.0,"+\/-":2.0,"GW":3.0,"GP":5.0},"E. Galang":{"TEAM":"UE","MINS":225.0500000001,"FGM":22.0,"FGA":66.0,"FG%":33.3333333333,"2PM":7.0,"2PA":19.0,"2P%":36.8421052632,"3PM":15.0,"3PA":47.0,"3P%":31.914893617,"FTM":6.0,"FTA":8.0,"FT%":75.0,"PTS":65.0,"OFF":3.0,"DEF":25.0,"REB":28.0,"AST":12.0,"TO":8.0,"STL":10.0,"BLK":5.0,"STK":15.0,"PF":23.0,"Fls on:":13.0,"+\/-":2.0,"GW":5.0,"GP":9.0},"H. Cruz-Dumont":{"TEAM":"UE","MINS":45.6666666666,"FGM":0.0,"FGA":5.0,"FG%":0.0,"2PM":0.0,"2PA":5.0,"2P%":0.0,"3PM":0.0,"3PA":0.0,"3P%":0.0,"FTM":0.0,"FTA":0.0,"FT%":0.0,"PTS":0.0,"OFF":2.0,"DEF":6.0,"REB":8.0,"AST":2.0,"TO":7.0,"STL":1.0,"BLK":0.0,"STK":1.0,"PF":13.0,"Fls on:":1.0,"+\/-":-7.0,"GW":3.0,"GP":7.0},"J. Abate":{"TEAM":"UE","MINS":247.45,"FGM":29.0,"FGA":71.0,"FG%":40.8450704225,"2PM":21.0,"2PA":46.0,"2P%":45.652173913,"3PM":8.0,"3PA":25.0,"3P%":32.0,"FTM":17.0,"FTA":23.0,"FT%":73.9130434783,"PTS":83.0,"OFF":12.0,"DEF":26.0,"REB":38.0,"AST":19.0,"TO":15.0,"STL":5.0,"BLK":1.0,"STK":6.0,"PF":25.0,"Fls on:":19.0,"+\/-":-10.0,"GW":6.0,"GP":10.0},"R. Maga":{"TEAM":"UE","MINS":191.3666666666,"FGM":28.0,"FGA":66.0,"FG%":42.4242424242,"2PM":21.0,"2PA":50.0,"2P%":42.0,"3PM":7.0,"3PA":16.0,"3P%":43.75,"FTM":2.0,"FTA":2.0,"FT%":100.0,"PTS":65.0,"OFF":6.0,"DEF":13.0,"REB":19.0,"AST":13.0,"TO":13.0,"STL":6.0,"BLK":2.0,"STK":8.0,"PF":14.0,"Fls on:":8.0,"+\/-":6.0,"GW":6.0,"GP":10.0},"G. Wilson":{"TEAM":"UE","MINS":121.3666666666,"FGM":18.0,"FGA":39.0,"FG%":46.1538461538,"2PM":15.0,"2PA":29.0,"2P%":51.724137931,"3PM":3.0,"3PA":10.0,"3P%":30.0,"FTM":14.0,"FTA":18.0,"FT%":77.7777777778,"PTS":53.0,"OFF":4.0,"DEF":7.0,"REB":11.0,"AST":12.0,"TO":12.0,"STL":5.0,"BLK":0.0,"STK":5.0,"PF":4.0,"Fls on:":13.0,"+\/-":12.0,"GW":6.0,"GP":10.0},"J. Cruz-Dumont":{"TEAM":"UE","MINS":188.0166666666,"FGM":13.0,"FGA":46.0,"FG%":28.2608695652,"2PM":5.0,"2PA":24.0,"2P%":20.8333333333,"3PM":8.0,"3PA":22.0,"3P%":36.3636363636,"FTM":10.0,"FTA":12.0,"FT%":83.3333333333,"PTS":44.0,"OFF":7.0,"DEF":27.0,"REB":34.0,"AST":19.0,"TO":7.0,"STL":7.0,"BLK":3.0,"STK":10.0,"PF":15.0,"Fls on:":10.0,"+\/-":-54.0,"GW":6.0,"GP":10.0},"W. Lingolingo":{"TEAM":"UE","MINS":231.9666666667,"FGM":30.0,"FGA":78.0,"FG%":38.4615384615,"2PM":11.0,"2PA":24.0,"2P%":45.8333333333,"3PM":19.0,"3PA":54.0,"3P%":35.1851851852,"FTM":13.0,"FTA":15.0,"FT%":86.6666666667,"PTS":92.0,"OFF":12.0,"DEF":31.0,"REB":43.0,"AST":6.0,"TO":8.0,"STL":17.0,"BLK":1.0,"STK":18.0,"PF":25.0,"Fls on:":16.0,"+\/-":32.0,"GW":6.0,"GP":10.0}}