{"W. Lingolingo":{"TEAM":"UE","SP":44.0,"GP":8.0,"MPG":22.76875,"EWA":0.9333243247,"PER":21.1191045435,"WS":0.8437839209,"OWS":0.6079368068,"DWS":0.2358471142,"EFF":9.875,"GmSc":6.6625,"TS%":54.2508917955,"EFG%":50.0,"PPWS":1.0782865583,"FTR":0.1935483871,"REB%":10.3670450551,"OREB%":6.6925480047,"DREB%":14.0768738079,"AR":1.2287806053,"pAST%":5.2210268699,"TOR":2.1503660592,"AST\/TO":0.5714285714,"PPR":-2.463102747,"USG%":19.9912138104,"aSP":44.0,"ORtg":106.8735492324,"DRtg":87.8733333029,"Floor%":41.7161184761,"Stop%":0.6687107514,"FFI":48.7041438926,"PIE":7.7743902439,"AV":1.261830509},"G. Wilson":{"TEAM":"UE","SP":31.375,"GP":8.0,"MPG":13.8604166667,"EWA":0.7178453243,"PER":23.8324975366,"WS":0.4846569954,"OWS":0.4606306627,"DWS":0.0240263327,"EFF":5.75,"GmSc":4.7625,"TS%":57.9019073569,"EFG%":52.7027027027,"PPWS":1.1434977578,"FTR":0.4324324324,"REB%":5.063010751,"OREB%":3.6646554007,"DREB%":6.4748118258,"AR":5.5509836008,"pAST%":25.797783003,"TOR":4.0370789824,"AST\/TO":1.375,"PPR":-0.6224895633,"USG%":23.0073955672,"aSP":31.375,"ORtg":107.7503349339,"DRtg":96.2420425345,"Floor%":50.2741190258,"Stop%":0.4766003136,"FFI":52.2912289021,"PIE":6.25,"AV":0.8411028006},"J. Abate":{"TEAM":"UE","SP":41.5,"GP":8.0,"MPG":24.24375,"EWA":0.4810777609,"PER":15.8056473289,"WS":0.5157580847,"OWS":0.4484579173,"DWS":0.0673001675,"EFF":8.0,"GmSc":5.2375,"TS%":52.1778584392,"EFG%":46.4285714286,"PPWS":1.0310048562,"FTR":0.4107142857,"REB%":7.3680181141,"OREB%":5.761589675,"DREB%":8.9898929806,"AR":4.0390737581,"pAST%":17.0593555143,"TOR":4.3275790265,"AST\/TO":0.9333333333,"PPR":-3.0250146989,"USG%":20.5038115981,"aSP":41.5,"ORtg":96.7442405057,"DRtg":95.2304811807,"Floor%":45.2298069633,"Stop%":0.4998215164,"FFI":49.8025660355,"PIE":5.6402439024,"AV":1.0774960475},"R. Maga":{"TEAM":"UE","SP":34.5,"GP":8.0,"MPG":19.05625,"EWA":0.4627383584,"PER":16.9210436233,"WS":0.4147888282,"OWS":0.3497486723,"DWS":0.0650401559,"EFF":6.375,"GmSc":4.4375,"TS%":51.0590015129,"EFG%":50.0,"PPWS":1.0198300283,"FTR":0.0384615385,"REB%":5.3564245448,"OREB%":2.6654588806,"DREB%":8.0732648788,"AR":4.0374651685,"pAST%":18.2206405694,"TOR":2.5692960163,"AST\/TO":1.5714285714,"PPR":0.2263814947,"USG%":19.2553229739,"aSP":34.5,"ORtg":98.7321251421,"DRtg":94.6123246611,"Floor%":43.4016276752,"Stop%":0.5140117955,"FFI":45.467690849,"PIE":5.7926829268,"AV":0.908779114},"P. Momowei":{"TEAM":"UE","SP":69.125,"GP":8.0,"MPG":35.2791666667,"EWA":0.4588293344,"PER":14.087675548,"WS":0.2406474809,"OWS":-0.2764183131,"DWS":0.5170657941,"EFF":12.625,"GmSc":6.7625,"TS%":41.7622011137,"EFG%":40.5555555556,"PPWS":0.8181271305,"FTR":0.8111111111,"REB%":18.4448150235,"OREB%":7.918698364,"DREB%":29.0721443432,"AR":2.7756408009,"pAST%":11.8296842337,"TOR":7.1373620595,"AST\/TO":0.3888888889,"PPR":-9.7825039916,"USG%":27.4647054167,"aSP":69.125,"ORtg":73.8821842237,"DRtg":83.7029728729,"Floor%":38.6217978827,"Stop%":0.7644447225,"FFI":53.1882880468,"PIE":9.5274390244,"AV":1.5171262948},"J. Cruz-Dumont":{"TEAM":"UE","SP":37.875,"GP":8.0,"MPG":20.0541666667,"EWA":0.4229896558,"PER":16.1194548608,"WS":0.5209174466,"OWS":0.3602032064,"DWS":0.1607142402,"EFF":7.5,"GmSc":4.55,"TS%":44.0379403794,"EFG%":37.1794871795,"PPWS":0.8724832215,"FTR":0.3076923077,"REB%":9.5435309275,"OREB%":3.7992342169,"DREB%":15.3430612604,"AR":5.5804459734,"pAST%":20.8504428683,"TOR":1.3951114934,"AST\/TO":4.0,"PPR":4.3023302149,"USG%":14.7526180671,"aSP":37.875,"ORtg":102.6771427976,"DRtg":90.1480537293,"Floor%":42.2783471009,"Stop%":0.6164927181,"FFI":44.8982484572,"PIE":6.3262195122,"AV":1.026583177},"E. Galang":{"TEAM":"UE","SP":42.0,"GP":7.0,"MPG":25.9619047619,"EWA":0.3373746021,"PER":14.5514175547,"WS":0.4616890427,"OWS":0.3026418272,"DWS":0.1590472155,"EFF":8.0,"GmSc":5.1,"TS%":46.0709318498,"EFG%":43.5185185185,"PPWS":0.9169550173,"FTR":0.1481481481,"REB%":6.1783218133,"OREB%":1.6769730636,"DREB%":10.7229527626,"AR":3.6947936267,"pAST%":14.744656342,"TOR":1.8473968133,"AST\/TO":2.0,"PPR":1.1394230736,"USG%":17.1345357331,"aSP":42.0,"ORtg":95.1835188544,"DRtg":91.1306343931,"Floor%":38.3581417974,"Stop%":0.5939367903,"FFI":44.503175039,"PIE":5.0304878049,"AV":0.9748139276},"N. Mulingtapang":{"TEAM":"UE","SP":21.375,"GP":8.0,"MPG":11.6166666667,"EWA":-0.0309736169,"PER":10.1500899923,"WS":0.1379582242,"OWS":0.1608201925,"DWS":-0.0228619682,"EFF":2.25,"GmSc":1.6125,"TS%":43.720190779,"EFG%":28.9473684211,"PPWS":0.8576998051,"FTR":0.7368421053,"REB%":3.2950512449,"OREB%":2.1862403498,"DREB%":4.4145237832,"AR":6.0210470028,"pAST%":21.8231416231,"TOR":2.4084188011,"AST\/TO":2.5,"PPR":2.9708917251,"USG%":15.3819873376,"aSP":21.375,"ORtg":96.3294307471,"DRtg":99.8335682484,"Floor%":44.5956871039,"Stop%":0.394153958,"FFI":47.466722317,"PIE":1.3719512195,"AV":0.4161358043},"D. Robles":{"TEAM":"UE","SP":10.6666666667,"GP":3.0,"MPG":2.0777777778,"EWA":-0.0335545605,"PER":0.0,"WS":-0.0201241683,"OWS":-0.0210188539,"DWS":0.0008946856,"EFF":0.0,"GmSc":0.0,"TS%":0.0,"EFG%":0.0,"PPWS":0.0,"FTR":0.0,"REB%":0.0,"OREB%":0.0,"DREB%":0.0,"AR":0.0,"pAST%":0.0,"TOR":0.0,"AST\/TO":null,"PPR":0.0,"USG%":7.8645901089,"aSP":10.6666666667,"ORtg":0.0,"DRtg":96.8098489002,"Floor%":0.0,"Stop%":0.4635658627,"FFI":25.0,"PIE":-0.0762195122,"AV":0.0},"R. Malaga III":{"TEAM":"UE","SP":10.2,"GP":5.0,"MPG":4.7366666667,"EWA":-0.0404307642,"PER":7.3886487275,"WS":0.0747854672,"OWS":0.0524918655,"DWS":0.0222936017,"EFF":1.4,"GmSc":0.26,"TS%":61.4754098361,"EFG%":50.0,"PPWS":1.2121212121,"FTR":0.5,"REB%":4.3099239366,"OREB%":4.2894004892,"DREB%":4.3306447247,"AR":0.0,"pAST%":0.0,"TOR":2.362657149,"AST\/TO":0.0,"PPR":-4.3716640375,"USG%":12.1711311756,"aSP":10.2,"ORtg":108.694310704,"DRtg":90.6171378363,"Floor%":50.207446465,"Stop%":0.6057245159,"FFI":52.7672158106,"PIE":-0.762195122,"AV":0.2049293843},"D. Fikes":{"TEAM":"UE","SP":34.125,"GP":8.0,"MPG":19.2416666667,"EWA":-0.0614791019,"PER":10.0172304359,"WS":0.1159162955,"OWS":-0.0113528407,"DWS":0.1272691362,"EFF":5.0,"GmSc":2.375,"TS%":43.7062937063,"EFG%":39.7727272727,"PPWS":0.8641382621,"FTR":0.3863636364,"REB%":9.6149661922,"OREB%":6.5994349234,"DREB%":12.659492954,"AR":3.6350539289,"pAST%":14.4545659866,"TOR":5.8160862863,"AST\/TO":0.625,"PPR":-6.2776010078,"USG%":21.4901202002,"aSP":34.125,"ORtg":78.8134901223,"DRtg":91.5062331079,"Floor%":36.1147614977,"Stop%":0.5853146203,"FFI":46.5704108676,"PIE":1.6006097561,"AV":0.7574006941},"R. Go":{"TEAM":"UE","SP":8.5,"GP":2.0,"MPG":3.9833333334,"EWA":-0.0654929847,"PER":-5.7039622576,"WS":-0.0195283142,"OWS":-0.0210188539,"DWS":0.0014905397,"EFF":0.0,"GmSc":-0.4,"TS%":0.0,"EFG%":0.0,"PPWS":0.0,"FTR":0.0,"REB%":6.4062781526,"OREB%":0.0,"DREB%":12.8741551335,"AR":0.0,"pAST%":0.0,"TOR":0.0,"AST\/TO":null,"PPR":0.0,"USG%":6.1534659012,"aSP":8.5,"ORtg":0.0,"DRtg":96.4716852107,"Floor%":0.0,"Stop%":0.4713286816,"FFI":25.0,"PIE":-0.1524390244,"AV":0.0},"J. Jimenez":{"TEAM":"UE","SP":20.0,"GP":2.0,"MPG":6.6083333334,"EWA":-0.0929786931,"PER":-3.320265313,"WS":-0.0552199044,"OWS":-0.0614435699,"DWS":0.0062236655,"EFF":-0.5,"GmSc":-0.4,"TS%":0.0,"EFG%":0.0,"PPWS":0.0,"FTR":0.0,"REB%":3.8615396683,"OREB%":7.6863027683,"DREB%":0.0,"AR":4.2337147651,"pAST%":13.8353449829,"TOR":0.0,"AST\/TO":null,"PPR":5.2224754916,"USG%":14.836603787,"aSP":20.0,"ORtg":28.8198656313,"DRtg":94.2687431471,"Floor%":12.8727151043,"Stop%":0.521898985,"FFI":26.5372605537,"PIE":-0.381097561,"AV":null},"K. Spandonis":{"TEAM":"UE","SP":13.25,"GP":4.0,"MPG":3.3583333333,"EWA":-0.1086207488,"PER":-5.4326827651,"WS":-0.0202718296,"OWS":-0.0310640932,"DWS":0.0107922636,"EFF":0.0,"GmSc":-0.425,"TS%":0.0,"EFG%":0.0,"PPWS":0.0,"FTR":0.0,"REB%":0.0,"OREB%":0.0,"DREB%":0.0,"AR":4.1654290431,"pAST%":13.6121942574,"TOR":0.0,"AST\/TO":null,"PPR":5.1382420159,"USG%":7.298651863,"aSP":13.25,"ORtg":27.7598239389,"DRtg":91.6877679015,"Floor%":12.0246762112,"Stop%":0.5811473434,"FFI":25.0,"PIE":-0.762195122,"AV":0.0},"H. Cruz-Dumont":{"TEAM":"UE","SP":9.2,"GP":5.0,"MPG":4.83,"EWA":-0.207676043,"PER":-6.4648383648,