{"W. Lingolingo":{"TEAM":"UE","SP":46.4444444444,"GP":9.0,"MPG":22.612962963,"EWA":1.2362394597,"PER":23.0295224664,"WS":1.0978065371,"OWS":0.7551728631,"DWS":0.342633674,"EFF":10.6666666667,"GmSc":7.3444444444,"TS%":56.3763608087,"EFG%":52.8169014085,"PPWS":1.1204121056,"FTR":0.1971830986,"REB%":10.4491799778,"OREB%":6.0647893585,"DREB%":14.699974207,"AR":1.3658343588,"pAST%":5.9171954247,"TOR":2.185334974,"AST\/TO":0.625,"PPR":-2.3621215326,"USG%":20.4206783001,"aSP":46.4444444444,"ORtg":108.7492188171,"DRtg":85.3258253691,"Floor%":42.8083760593,"Stop%":0.693837755,"FFI":49.7511311705,"PIE":9.1033538672,"AV":1.4604413811},"P. Momowei":{"TEAM":"UE","SP":72.3333333333,"GP":9.0,"MPG":34.9166666667,"EWA":0.779079358,"PER":15.8031328865,"WS":0.5937878147,"OWS":-0.1043609136,"DWS":0.6981487283,"EFF":14.1111111111,"GmSc":7.7555555556,"TS%":42.8180771445,"EFG%":39.7058823529,"PPWS":0.8386187456,"FTR":0.8235294118,"REB%":19.1736402727,"OREB%":8.8373678827,"DREB%":29.1949569943,"AR":3.0074723631,"pAST%":12.7140430969,"TOR":6.8994954213,"AST\/TO":0.4358974359,"PPR":-9.0693672797,"USG%":27.6364084368,"aSP":72.3333333333,"ORtg":77.6115139245,"DRtg":81.2783634564,"Floor%":40.3155602124,"Stop%":0.7870043147,"FFI":53.2778938389,"PIE":11.1567419576,"AV":1.801496804},"G. Wilson":{"TEAM":"UE","SP":30.5555555556,"GP":9.0,"MPG":12.7740740741,"EWA":0.6711674394,"PER":22.5542408229,"WS":0.4866146866,"OWS":0.4260399695,"DWS":0.0605747171,"EFF":5.1111111111,"GmSc":4.1888888889,"TS%":57.7090592334,"EFG%":51.3157894737,"PPWS":1.1385606874,"FTR":0.4736842105,"REB%":4.8445522643,"OREB%":3.5786770493,"DREB%":6.0718551043,"AR":5.8027961803,"pAST%":26.3440871144,"TOR":5.319229832,"AST\/TO":1.0909090909,"PPR":-2.6880958695,"USG%":24.1616975434,"aSP":30.5555555556,"ORtg":102.5537923596,"DRtg":94.0265724889,"Floor%":47.5666313882,"Stop%":0.4935594833,"FFI":52.0175068992,"PIE":5.4757015743,"AV":0.8411028006},"J. Abate":{"TEAM":"UE","SP":42.3333333333,"GP":9.0,"MPG":23.9907407407,"EWA":0.5741840395,"PER":16.1651636563,"WS":0.7149115463,"OWS":0.588266392,"DWS":0.1266451543,"EFF":8.4444444444,"GmSc":5.3666666667,"TS%":53.4797490017,"EFG%":48.3333333333,"PPWS":1.0574550582,"FTR":0.3833333333,"REB%":7.7385692441,"OREB%":5.7164911507,"DREB%":9.6990327695,"AR":4.3771432965,"pAST%":18.2102660871,"TOR":3.8621852617,"AST\/TO":1.1333333333,"PPR":-1.7493660825,"USG%":19.238886821,"aSP":42.3333333333,"ORtg":100.5285423951,"DRtg":93.5778203337,"Floor%":45.9730993704,"Stop%":0.5038890912,"FFI":50.2610852481,"PIE":6.0917180014,"AV":1.2257189472},"E. Galang":{"TEAM":"UE","SP":43.0,"GP":8.0,"MPG":25.875,"EWA":0.4841355206,"PER":15.5210260697,"WS":0.6561816551,"OWS":0.4267551436,"DWS":0.2294265115,"EFF":8.5,"GmSc":5.5125,"TS%":49.6031746032,"EFG%":47.5806451613,"PPWS":0.9878419453,"FTR":0.1290322581,"REB%":6.3596893536,"OREB%":1.4906832298,"DREB%":11.08033241,"AR":3.222841228,"pAST%":12.9835001352,"TOR":1.8799907163,"AST\/TO":1.7142857143,"PPR":0.4976512428,"USG%":17.0970799168,"aSP":43.0,"ORtg":98.7001816634,"DRtg":89.6527815556,"Floor%":38.661818818,"Stop%":0.5942376523,"FFI":45.7958809024,"PIE":5.8863791923,"AV":1.1276190125},"J. Cruz-Dumont":{"TEAM":"UE","SP":36.5555555556,"GP":9.0,"MPG":19.1203703704,"EWA":0.3980102799,"PER":15.4689142624,"WS":0.5781209734,"OWS":0.3777093138,"DWS":0.2004116596,"EFF":6.8888888889,"GmSc":4.1777777778,"TS%":44.6428571429,"EFG%":38.6363636364,"PPWS":0.8853118712,"FTR":0.2727272727,"REB%":9.1212799215,"OREB%":3.5863023175,"DREB%":14.4876016983,"AR":5.1690315483,"pAST%":19.4827707702,"TOR":1.6153223588,"AST\/TO":3.2,"PPR":3.3922222247,"USG%":15.3934342417,"aSP":36.5555555556,"ORtg":100.8166830961,"DRtg":89.2294384783,"Floor%":41.3396367352,"Stop%":0.6039823809,"FFI":44.8588844193,"PIE":5.8179329227,"AV":1.0521422787},"R. Maga":{"TEAM":"UE","SP":34.5555555556,"GP":9.0,"MPG":19.3203703704,"EWA":0.3899830759,"PER":15.327999516,"WS":0.3994516968,"OWS":0.3156812103,"DWS":0.0837704865,"EFF":5.8888888889,"GmSc":4.0888888889,"TS%":50.9049773756,"EFG%":50.0,"PPWS":1.0169491525,"FTR":0.0327868852,"REB%":4.95021275,"OREB%":2.957648122,"DREB%":6.8820621122,"AR":3.836642198,"pAST%":17.361401826,"TOR":3.5169220148,"AST\/TO":1.0909090909,"PPR":-1.777291796,"USG%":20.4543130617,"aSP":34.5555555556,"ORtg":93.3609943997,"DRtg":94.3660251291,"Floor%":41.0248941261,"Stop%":0.4857457879,"FFI":45.2041023994,"PIE":5.2703627652,"AV":0.9353789829},"D. Robles":{"TEAM":"UE","SP":13.25,"GP":4.0,"MPG":1.775,"EWA":0.0422151443,"PER":22.7710478825,"WS":0.0241321673,"OWS":0.0230988333,"DWS":0.0010333341,"EFF":0.75,"GmSc":0.6,"TS%":50.0,"EFG%":50.0,"PPWS":1.0,"FTR":0.0,"REB%":7.1313959707,"OREB%":14.486921529,"DREB%":0.0,"AR":0.0,"pAST%":0.0,"TOR":0.0,"AST\/TO":null,"PPR":0.0,"USG%":13.7469432142,"aSP":13.25,"ORtg":116.1315680173,"DRtg":96.8951577275,"Floor%":56.6749594662,"Stop%":0.4275289131,"FFI":47.8973843058,"PIE":0.2737850787,"AV":0.1085479551},"R. Finney":{"TEAM":"UE","SP":19.0,"GP":1.0,"MPG":1.4166666667,"EWA":0.0018025017,"PER":13.3774318167,"WS":-0.0064999648,"OWS":-0.0216240519,"DWS":0.015124087,"EFF":0.0,"GmSc":0.3,"TS%":0.0,"EFG%":0.0,"PPWS":0.0,"FTR":0.0,"REB%":0.0,"OREB%":0.0,"DREB%":0.0,"AR":0.0,"pAST%":0.0,"TOR":0.0,"AST\/TO":null,"PPR":0.0,"USG%":34.4482224071,"aSP":19.0,"ORtg":0.0,"DRtg":17.6842685043,"Floor%":0.0,"Stop%":2.2508458963,"FFI":25.0,"PIE":0.0,"AV":0.0},"N. Mulingtapang":{"TEAM":"UE","SP":25.1111111111,"GP":9.0,"MPG":12.7055555556,"EWA":-0.0137837095,"PER":10.5777152941,"WS":0.1781709942,"OWS":0.1642167972,"DWS":0.0139541969,"EFF":2.7777777778,"GmSc":1.8555555556,"TS%":44.1826215022,"EFG%":30.9523809524,"PPWS":0.8679927667,"FTR":0.6666666667,"REB%":2.6567334355,"OREB%":1.7989880692,"DREB%":3.4883425165,"AR":8.7511342483,"pAST%":31.4629545559,"TOR":3.8893929993,"AST\/TO":2.25,"PPR":3.6034563101,"USG%":15.0053866038,"aSP":25.1111111111,"ORtg":92.6085988319,"DRtg":97.0720003146,"Floor%":42.5512426627,"Stop%":0.4234582595,"FFI":46.768401745,"PIE":1.916495551,"AV":0.5323971375},"D. Fikes":{"TEAM":"UE","SP":34.1111111111,"GP":9.0,"MPG":18.5240740741,"EWA":-0.015382078,"PER":10.6345477754,"WS":0.2234374234,"OWS":0.044366925,"DWS":0.1790704984,"EFF":5.1111111111,"GmSc":2.5111111111,"TS%":45.7317073171,"EFG%":42.2222222222,"PPWS":0.9043805935,"FTR":0.3777777778,"REB%":9.1111906934,"OREB%":6.1695776981,"DREB%":11.9631700518,"AR":4.0015683347,"pAST%":15.7568676417,"TOR":5.6688884741,"AST\/TO":0.7058823529,"PPR":-5.5610772691,"USG%":20.3383296908,"aSP":34.1111111111,"ORtg":81.3138003151,"DRtg":89.9103406499,"Floor%":36.6620061175,"Stop%":0.5883090246,"FFI":47.3722489766,"PIE":1.9849418207,"AV":0.8411028006},"K. Spandonis":{"TEAM":"UE","SP":14.4,"GP":5.0,"MPG":3.3566666667,"EWA":-0.0855267281,"PER":0.5771763517,"WS":0.0159644432,"OWS":0.0039437844,"DWS":0.0120206588,"EFF":0.2,"GmSc":-0.1,"TS%":30.1204819277,"EFG%":0.0,"PPWS":0.5839416058,"FTR":1.5,"REB%":0.0,"OREB%":0.0,"DREB%":0.0,"AR":3.3124534965,"pAST%":10.7788196195,"TOR":0.0,"AST\/TO":null,"PPR":4.0919089281,"USG%":9.6537123769,"aSP":14.4,"ORtg":83.2019291192,"DRtg":92.6023455975,"Floor%":42.5833798968,"Stop%":0.5263430703,"FFI":47.5,"PIE":-0.6844626968,"AV":0.0476190476},"R. Go":{"TEAM":"UE","SP":10.6666666667,"GP":3.0,"MPG":3.4611111111,"EWA":-0.0881269199,"PER":-6.2395610573,"WS":-0.0188115707,"OWS":-0.0216240519,"DWS":0.0028124812,"EFF":0.0,"GmSc":-0.4,"TS%":0.0,"EFG%":0.0,"PPWS":0.0,"FTR":0.0,"REB%":4.876363858,"OREB%":0.0,"DREB%":9.6041404516,"AR":0.0,"pAST%":0.0,"TOR":0.0,"AST\/TO":null,"PPR":0.0,"USG%":4.6999982418,"aSP":10.6666666667,"ORtg":0.0,"DRtg":95.9524387599,"Floor%":0.0,"Stop%":0.4492289031,"FFI":25.0,"PIE":-0.2737850787,"AV":0.0},"J. Jimenez":{"TEAM":"UE","SP":18.3333333333,"GP":3.0,"MPG":4.6944444445,"EWA":-0.1073349679,"PER":-4.4990498561,"WS":-0.0534441227,"OWS":-0.0625829184,"DWS":0.0091387957,"EFF":-0.3333333333,"GmSc":-0.4,"TS%":0.0,"EFG%":0.0,"PPWS":0.0,"FTR":0.0,"REB%":3.5952363119,"OREB%":7.303465765,"DREB%":0.0,"AR":3.9475037526,"pAST%":12.8452915464,"TOR":0.0,"AST\/TO":null,"PPR":4.8763932433,