{"N. Mulingtapang":{"TEAM":"UE","MINS":92.9333333333,"FGM":5.0,"FGA":19.0,"FG%":26.3157894737,"2PM":4.0,"2PA":12.0,"2P%":33.3333333333,"3PM":1.0,"3PA":7.0,"3P%":14.2857142857,"FTM":11.0,"FTA":14.0,"FT%":78.5714285714,"PTS":22.0,"OFF":2.0,"DEF":4.0,"REB":6.0,"AST":10.0,"TO":4.0,"STL":1.0,"BLK":0.0,"STK":1.0,"PF":8.0,"Fls on:":12.0,"+\/-":-1.0,"GP":8.0},"P. Momowei":{"TEAM":"UE","MINS":282.2333333334,"FGM":36.0,"FGA":90.0,"FG%":40.0,"2PM":35.0,"2PA":85.0,"2P%":41.1764705882,"3PM":1.0,"3PA":5.0,"3P%":20.0,"FTM":29.0,"FTA":73.0,"FT%":39.7260273973,"PTS":102.0,"OFF":22.0,"DEF":80.0,"REB":102.0,"AST":14.0,"TO":36.0,"STL":8.0,"BLK":9.0,"STK":17.0,"PF":23.0,"Fls on:":74.0,"+\/-":22.0,"GP":8.0},"R. Go":{"TEAM":"UE","MINS":7.9666666667,"FGM":0.0,"FGA":1.0,"FG%":0.0,"2PM":0.0,"2PA":1.0,"2P%":0.0,"3PM":0.0,"3PA":0.0,"3P%":0.0,"FTM":0.0,"FTA":0.0,"FT%":0.0,"PTS":0.0,"OFF":0.0,"DEF":1.0,"REB":1.0,"AST":0.0,"TO":0.0,"STL":0.0,"BLK":0.0,"STK":0.0,"PF":1.0,"Fls on:":0.0,"+\/-":-9.0,"GP":2.0},"J. Jimenez":{"TEAM":"UE","MINS":13.2166666667,"FGM":0.0,"FGA":4.0,"FG%":0.0,"2PM":0.0,"2PA":3.0,"2P%":0.0,"3PM":0.0,"3PA":1.0,"3P%":0.0,"FTM":0.0,"FTA":0.0,"FT%":0.0,"PTS":0.0,"OFF":1.0,"DEF":0.0,"REB":1.0,"AST":1.0,"TO":0.0,"STL":1.0,"BLK":0.0,"STK":1.0,"PF":1.0,"Fls on:":1.0,"+\/-":-8.0,"GP":2.0},"R. Malaga III":{"TEAM":"UE","MINS":23.6833333334,"FGM":2.0,"FGA":4.0,"FG%":50.0,"2PM":2.0,"2PA":3.0,"2P%":66.6666666667,"3PM":0.0,"3PA":1.0,"3P%":0.0,"FTM":2.0,"FTA":2.0,"FT%":100.0,"PTS":6.0,"OFF":1.0,"DEF":1.0,"REB":2.0,"AST":0.0,"TO":1.0,"STL":1.0,"BLK":1.0,"STK":2.0,"PF":11.0,"Fls on:":2.0,"+\/-":-12.0,"GP":5.0},"K. Spandonis":{"TEAM":"UE","MINS":13.4333333333,"FGM":0.0,"FGA":2.0,"FG%":0.0,"2PM":0.0,"2PA":2.0,"2P%":0.0,"3PM":0.0,"3PA":0.0,"3P%":0.0,"FTM":0.0,"FTA":0.0,"FT%":0.0,"PTS":0.0,"OFF":0.0,"DEF":0.0,"REB":0.0,"AST":1.0,"TO":0.0,"STL":1.0,"BLK":0.0,"STK":1.0,"PF":5.0,"Fls on:":0.0,"+\/-":12.0,"GP":4.0},"D. Fikes":{"TEAM":"UE","MINS":153.9333333332,"FGM":15.0,"FGA":44.0,"FG%":34.0909090909,"2PM":10.0,"2PA":20.0,"2P%":50.0,"3PM":5.0,"3PA":24.0,"3P%":20.8333333333,"FTM":10.0,"FTA":17.0,"FT%":58.8235294118,"PTS":45.0,"OFF":10.0,"DEF":19.0,"REB":29.0,"AST":10.0,"TO":16.0,"STL":5.0,"BLK":3.0,"STK":8.0,"PF":23.0,"Fls on:":14.0,"+\/-":-20.0,"GP":8.0},"D. Robles":{"TEAM":"UE","MINS":6.2333333334,"FGM":0.0,"FGA":1.0,"FG%":0.0,"2PM":0.0,"2PA":1.0,"2P%":0.0,"3PM":0.0,"3PA":0.0,"3P%":0.0,"FTM":0.0,"FTA":0.0,"FT%":0.0,"PTS":0.0,"OFF":0.0,"DEF":0.0,"REB":0.0,"AST":0.0,"TO":0.0,"STL":0.0,"BLK":1.0,"STK":1.0,"PF":0.0,"Fls on:":0.0,"+\/-":0.0,"GP":3.0},"E. Galang":{"TEAM":"UE","MINS":181.7333333334,"FGM":18.0,"FGA":54.0,"FG%":33.3333333333,"2PM":7.0,"2PA":17.0,"2P%":41.1764705882,"3PM":11.0,"3PA":37.0,"3P%":29.7297297297,"FTM":6.0,"FTA":8.0,"FT%":75.0,"PTS":53.0,"OFF":3.0,"DEF":19.0,"REB":22.0,"AST":12.0,"TO":6.0,"STL":8.0,"BLK":5.0,"STK":13.0,"PF":19.0,"Fls on:":12.0,"+\/-":2.0,"GP":7.0},"H. Cruz-Dumont":{"TEAM":"UE","MINS":24.1499999999,"FGM":0.0,"FGA":1.0,"FG%":0.0,"2PM":0.0,"2PA":1.0,"2P%":0.0,"3PM":0.0,"3PA":0.0,"3P%":0.0,"FTM":0.0,"FTA":0.0,"FT%":0.0,"PTS":0.0,"OFF":2.0,"DEF":4.0,"REB":6.0,"AST":1.0,"TO":4.0,"STL":1.0,"BLK":0.0,"STK":1.0,"PF":7.0,"Fls on:":0.0,"+\/-":-15.0,"GP":5.0},"J. Abate":{"TEAM":"UE","MINS":193.95,"FGM":24.0,"FGA":56.0,"FG%":42.8571428571,"2PM":20.0,"2PA":40.0,"2P%":50.0,"3PM":4.0,"3PA":16.0,"3P%":25.0,"FTM":17.0,"FTA":23.0,"FT%":73.9130434783,"PTS":69.0,"OFF":11.0,"DEF":17.0,"REB":28.0,"AST":14.0,"TO":15.0,"STL":5.0,"BLK":1.0,"STK":6.0,"PF":21.0,"Fls on:":18.0,"+\/-":-20.0,"GP":8.0},"R. Maga":{"TEAM":"UE","MINS":152.45,"FGM":23.0,"FGA":52.0,"FG%":44.2307692308,"2PM":17.0,"2PA":41.0,"2P%":41.4634146341,"3PM":6.0,"3PA":11.0,"3P%":54.5454545455,"FTM":2.0,"FTA":2.0,"FT%":100.0,"PTS":54.0,"OFF":4.0,"DEF":12.0,"REB":16.0,"AST":11.0,"TO":7.0,"STL":6.0,"BLK":0.0,"STK":6.0,"PF":11.0,"Fls on:":8.0,"+\/-":2.0,"GP":8.0},"G. Wilson":{"TEAM":"UE","MINS":110.8833333333,"FGM":18.0,"FGA":37.0,"FG%":48.6486486486,"2PM":15.0,"2PA":29.0,"2P%":51.724137931,"3PM":3.0,"3PA":8.0,"3P%":37.5,"FTM":12.0,"FTA":16.0,"FT%":75.0,"PTS":51.0,"OFF":4.0,"DEF":7.0,"REB":11.0,"AST":11.0,"TO":8.0,"STL":4.0,"BLK":0.0,"STK":4.0,"PF":3.0,"Fls on:":12.0,"+\/-":12.0,"GP":8.0},"J. Cruz-Dumont":{"TEAM":"UE","MINS":160.4333333333,"FGM":11.0,"FGA":39.0,"FG%":28.2051282051,"2PM":4.0,"2PA":20.0,"2P%":20.0,"3PM":7.0,"3PA":19.0,"3P%":36.8421052632,"FTM":10.0,"FTA":12.0,"FT%":83.3333333333,"PTS":39.0,"OFF":6.0,"DEF":24.0,"REB":30.0,"AST":16.0,"TO":4.0,"STL":6.0,"BLK":3.0,"STK":9.0,"PF":14.0,"Fls on:":10.0,"+\/-":-45.0,"GP":8.0},"W. Lingolingo":{"TEAM":"UE","MINS":182.15,"FGM":23.0,"FGA":62.0,"FG%":37.0967741935,"2PM":7.0,"2PA":19.0,"2P%":36.8421052632,"3PM":16.0,"3PA":43.0,"3P%":37.2093023256,"FTM":11.0,"FTA":12.0,"FT%":91.6666666667,"PTS":73.0,"OFF":12.0,"DEF":25.0,"REB":37.0,"AST":4.0,"TO":7.0,"STL":12.0,"BLK":0.0,"STK":12.0,"PF":22.0,"Fls on:":14.0,"+\/-":25.0,"GP":8.0}}