{"W. Lingolingo":{"TEAM":"UE","SP":41.8333333333,"GP":12.0,"MPG":24.0722222222,"EWA":1.2780116211,"PER":19.7126956789,"WS":1.3354226949,"OWS":0.912431604,"DWS":0.422991091,"EFF":9.3333333333,"GmSc":6.425,"TS%":51.0772659733,"EFG%":46.4285714286,"PPWS":1.0215453195,"FTR":0.2244897959,"REB%":9.2888177256,"OREB%":5.43694489,"DREB%":13.2375930224,"AR":1.1543162514,"pAST%":4.9889480942,"hAST%":4.851228978,"TOR":1.923860419,"hTO%":8.08538163,"AST\/TO":0.6,"STL\/TO":1.7,"PPR":-2.1356698877,"USG%":19.5834723459,"STL%":null,"BLK%":9.6833699419,"aSP":41.8333333333,"ORtg":102.9963673059,"DRtg":85.4465666414,"Floor%":41.5392021347,"Stop%":0.6595024261,"FFI":47.5451993835,"PIE":8.3660864683,"AV":1.6394350745,"DRE\/100":8.5611113039,"DRE\/75":6.4208334779,"POS":43.3156857488},"J. Cruz-Dumont":{"TEAM":"UE","SP":34.9166666667,"GP":12.0,"MPG":19.7277777778,"EWA":0.7396969098,"PER":17.1004454605,"WS":0.8999348807,"OWS":0.6713339672,"DWS":0.2286009135,"EFF":7.1666666667,"GmSc":4.5916666667,"TS%":47.0770095559,"EFG%":42.3076923077,"PPWS":0.9415401911,"FTR":0.2153846154,"REB%":7.9760578334,"OREB%":3.3171335129,"DREB%":12.7521877972,"AR":5.3993242888,"pAST%":21.8539428155,"hAST%":22.7362593911,"TOR":1.6432726096,"hTO%":6.919731119,"AST\/TO":3.2857142857,"STL\/TO":1.0,"PPR":3.6194255231,"USG%":15.8711942394,"STL%":null,"BLK%":35.4475150308,"aSP":34.9166666667,"ORtg":104.0406372653,"DRtg":89.072563554,"Floor%":43.251536553,"Stop%":0.5759398442,"FFI":45.406454704,"PIE":7.0185289163,"AV":1.3447902252,"DRE\/100":5.5785182929,"DRE\/75":4.1838887197,"POS":35.4982691193},"P. Momowei":{"TEAM":"UE","SP":70.0833333333,"GP":12.0,"MPG":34.8847222222,"EWA":1.2254783268,"PER":16.7041695349,"WS":0.8768324441,"OWS":-0.1453394274,"DWS":1.0221718714,"EFF":14.75,"GmSc":7.7916666667,"TS%":42.9696163229,"EFG%":41.0071942446,"PPWS":0.8593923265,"FTR":0.6762589928,"REB%":19.8227574455,"OREB%":10.0828735017,"DREB%":29.8076699161,"AR":2.6551219319,"pAST%":11.8338672955,"hAST%":7.8320802005,"TOR":7.3015853128,"hTO%":21.5382205514,"AST\/TO":0.3636363636,"STL\/TO":0.2727272727,"PPR":-10.2341681191,"USG%":27.0271722498,"STL%":null,"BLK%":73.5021637199,"aSP":70.0833333333,"ORtg":76.0265720051,"DRtg":78.3389690503,"Floor%":39.1169173558,"Stop%":0.8232999195,"FFI":51.7379409621,"PIE":12.8017967434,"AV":2.3107909342,"DRE\/100":7.5009757836,"DRE\/75":5.6257318377,"POS":62.7717562285},"J. Abate":{"TEAM":"UE","SP":39.5833333333,"GP":12.0,"MPG":24.5930555556,"EWA":0.4935694231,"PER":14.1816350836,"WS":0.7773176187,"OWS":0.5793175083,"DWS":0.1980001105,"EFF":7.5,"GmSc":4.525,"TS%":48.324742268,"EFG%":43.9759036145,"PPWS":0.9664948454,"FTR":0.2771084337,"REB%":7.0716321966,"OREB%":4.6565758022,"DREB%":9.5474447266,"AR":5.0844152997,"pAST%":21.3227684719,"hAST%":19.1326530612,"TOR":3.9545452331,"hTO%":14.880952381,"AST\/TO":1.2857142857,"STL\/TO":0.380952381,"PPR":-1.0452202658,"USG%":18.5888488205,"STL%":null,"BLK%":9.4782949021,"aSP":39.5833333333,"ORtg":92.9978673299,"DRtg":91.2156346876,"Floor%":41.7197733885,"Stop%":0.5265518935,"FFI":46.689666804,"PIE":5.6709713644,"AV":1.3914339235,"DRE\/100":0.3578370796,"DRE\/75":0.2683778097,"POS":44.2528760416},"G. Wilson":{"TEAM":"UE","SP":24.8333333333,"GP":12.0,"MPG":11.5666666667,"EWA":0.6662890187,"PER":20.4687098528,"WS":0.5254759105,"OWS":0.4573730184,"DWS":0.0681028921,"EFF":4.0,"GmSc":3.275,"TS%":53.9291217257,"EFG%":47.7272727273,"PPWS":1.0785824345,"FTR":0.4090909091,"REB%":4.2959170888,"OREB%":3.5360053747,"DREB%":5.0749460787,"AR":6.0058265097,"pAST%":26.9759913677,"hAST%":19.0065889508,"TOR":4.8046612078,"hTO%":15.2052711607,"AST\/TO":1.25,"STL\/TO":0.5,"PPR":-1.4815654216,"USG%":22.1376628765,"STL%":null,"BLK%":0.0,"aSP":24.8333333333,"ORtg":99.3468343559,"DRtg":92.5264264355,"Floor%":45.4928909383,"Stop%":0.4963441616,"FFI":49.7333085003,"PIE":4.5480067378,"AV":0.8683836407,"DRE\/100":0.6000422609,"DRE\/75":0.4500316957,"POS":20.8131220237},"R. Maga":{"TEAM":"UE","SP":33.8333333333,"GP":12.0,"MPG":21.0291666667,"EWA":0.3702939998,"PER":13.7694390315,"WS":0.4336658774,"OWS":0.2922303988,"DWS":0.1414354787,"EFF":5.8333333333,"GmSc":3.75,"TS%":45.2250736222,"EFG%":44.0217391304,"PPWS":0.9045014724,"FTR":0.0760869565,"REB%":7.0886462286,"OREB%":5.4457425355,"DREB%":8.7728808321,"AR":3.3033830773,"pAST%":15.0544783937,"hAST%":11.711430356,"TOR":3.9640596927,"hTO%":14.0537164272,"AST\/TO":0.8333333333,"STL\/TO":0.3333333333,"PPR":-3.2596200597,"USG%":21.5410545273,"STL%":null,"BLK%":33.2538474009,"aSP":33.8333333333,"ORtg":85.8972643085,"DRtg":92.0187469493,"Floor%":38.4245350921,"Stop%":0.5080438429,"FFI":43.8481335839,"PIE":4.8848961258,"AV":1.1524026155,"DRE\/100":-2.7203433912,"DRE\/75":-2.0402575434,"POS":37.8399952643},"E. Galang":{"TEAM":"UE","SP":33.6363636364,"GP":11.0,"MPG":23.9939393939,"EWA":-0.1040160915,"PER":10.0278592674,"WS":0.4015685882,"OWS":0.1185128781,"DWS":0.2830557101,"EFF":5.4545454545,"GmSc":2.9454545455,"TS%":39.8675171737,"EFG%":37.8205128205,"PPWS":0.7973503435,"FTR":0.1025641026,"REB%":6.2127490002,"OREB%":1.8595511973,"DREB%":10.6754612133,"AR":2.9478459393,"pAST%":11.6798876506,"hAST%":13.1430717236,"TOR":2.3161646666,"hTO%":10.3266992114,"AST\/TO":1.2727272727,"STL\/TO":0.9090909091,"PPR":-0.6492841643,"USG%":16.8510066786,"STL%":null,"BLK%":74.1869900748,"aSP":33.6363636364,"ORtg":81.9377643886,"DRtg":88.2959469345,"Floor%":32.1661132581,"Stop%":0.5938372919,"FFI":41.4595357395,"PIE":2.8074115665,"AV":1.026583177,"DRE\/100":1.2685169689,"DRE\/75":0.9513877267,"POS":43.1748232078},"D. Fikes":{"TEAM":"UE","SP":31.6666666667,"GP":12.0,"MPG":18.3138888889,"EWA":0.1496980935,"PER":12.1891483447,"WS":0.3789841344,"OWS":0.1552259988,"DWS":0.2237581357,"EFF":5.25,"GmSc":2.7083333333,"TS%":46.3439752832,"EFG%":43.3823529412,"PPWS":0.9268795057,"FTR":0.3235294118,"REB%":9.2701368758,"OREB%":6.6997996574,"DREB%":11.9051366658,"AR":3.2873997737,"pAST%":13.9597940036,"hAST%":11.5370962016,"TOR":5.5632919248,"hTO%":19.5243166489,"AST\/TO":0.5909090909,"STL\/TO":0.2727272727,"PPR":-6.2381701962,"USG%":21.8037240847,"STL%":null,"BLK%":63.6402881209,"aSP":31.6666666667,"ORtg":82.5434807564,"DRtg":88.6907059724,"Floor%":37.1641157423,"Stop%":0.5847399084,"FFI":47.1550193032,"PIE":2.2459292532,"AV":1.0648443168,"DRE\/100":-0.8497804426,"DRE\/75":-0.637335332,"POS":32.9541098709},"R. Malaga III":{"TEAM":"UE","SP":9.875,"GP":8.0,"MPG":5.0895833334,"EWA":-0.1620679967,"PER":2.8194267675,"WS":0.077833061,"OWS":0.0313895149,"DWS":0.0464435462,"EFF":1.125,"GmSc":-0.025,"TS%":45.6621004566,"EFG%":28.5714285714,"PPWS":0.9132420091,"FTR":0.5714285714,"REB%":6.1018552182,"OREB%":2.4107943316,"DREB%":9.8857729825,"AR":1.3648935236,"pAST%":5.0288635816,"hAST%":8.5034013605,"TOR":2.7297870472,"hTO%":17.0068027211,"AST\/TO":0.5,"STL\/TO":0.5,"PPR":-3.3670287436,"USG%":12.703533116,"STL%":null,"BLK%":68.6992091001,"aSP":9.875,"ORtg":86.8282231678,"DRtg":87.8000339673,"Floor%":38.8231045472,"Stop%":0.605265809,"FFI":44.7997121045,"PIE":-0.8983717013,"AV":0.2474358297,"DRE\/100":-1.4373751739,"DRE\/75":-1.0780313804,"POS":9.1582235418},"K. Spandonis":{"TEAM":"UE","SP":11.7142857143,"GP":7.0,"MPG":3.8452380952,"EWA":-0.0448881372,"PER":7.4679818309,"WS":0.0649420176,"OWS":0.058297065,"DWS":0.0066449526,"EFF":0.4285714286,"GmSc":0.3,"TS%":41.6666666667,"EFG%":30.0,"PPWS":0.8333333333,"FTR":1.0,"REB%":1.8460473434,"OREB%":3.6467929115,"DREB%":0.0,"AR":2.0646655592,"pAST%":7.4251682265,"hAST%":12.1951219512,"TOR":0.0,"hTO%":0.0,"AST\/TO":null,"STL\/TO":null,"PPR":2.5466412448,"USG%":12.8586592987,"STL%":null,"BLK%":0.0,"aSP":11.7142857143,"ORtg":103.3326414129,"DRtg":94.2990753172,"Floor%":46.5612287343,"Stop%":0.4554927431,"FFI":52.7293585823,"PIE":-0.3930376193,"AV":0.1085479551,"DRE\/100":-1.9100909043,"DRE\/75":-1.4325681782,"POS":6.9191420478},"N. Mulingtapang":{"TEAM":"UE","SP":19.3333333333,"GP":12.0,"MPG":10.9847222222,"EWA":-0.217116786,"PER":7.5093052987,"WS":0.0561175324,"OWS":0.0318495753,"DWS":0.0242679571,"EFF":1.75,"GmSc":1.0,"TS%":38.056206089,