{"R. Finney":{"TEAM":"UE","MINS":2.1833333334,"FGM":0.0,"FGA":1.0,"FG%":0.0,"2PM":0.0,"2PA":1.0,"2P%":0.0,"3PM":0.0,"3PA":0.0,"3P%":0.0,"FTM":0.0,"FTA":0.0,"FT%":0.0,"PTS":0.0,"OFF":0.0,"DEF":1.0,"REB":1.0,"AST":0.0,"TO":1.0,"STL":1.0,"BLK":0.0,"STK":1.0,"PF":0.0,"Fls on:":0.0,"+\/-":2.0,"GW":1.0,"GP":2.0},"R. Go":{"TEAM":"UE","MINS":11.6833333334,"FGM":0.0,"FGA":1.0,"FG%":0.0,"2PM":0.0,"2PA":1.0,"2P%":0.0,"3PM":0.0,"3PA":0.0,"3P%":0.0,"FTM":0.0,"FTA":0.0,"FT%":0.0,"PTS":0.0,"OFF":0.0,"DEF":1.0,"REB":1.0,"AST":0.0,"TO":0.0,"STL":0.0,"BLK":0.0,"STK":0.0,"PF":2.0,"Fls on:":0.0,"+\/-":-13.0,"GW":2.0,"GP":4.0},"N. Mulingtapang":{"TEAM":"UE","MINS":127.0166666666,"FGM":7.0,"FGA":25.0,"FG%":28.0,"2PM":6.0,"2PA":17.0,"2P%":35.2941176471,"3PM":1.0,"3PA":8.0,"3P%":12.5,"FTM":11.0,"FTA":14.0,"FT%":78.5714285714,"PTS":26.0,"OFF":2.0,"DEF":6.0,"REB":8.0,"AST":18.0,"TO":10.0,"STL":3.0,"BLK":0.0,"STK":3.0,"PF":12.0,"Fls on:":16.0,"+\/-":4.0,"GW":6.0,"GP":11.0},"P. Momowei":{"TEAM":"UE","MINS":392.7833333334,"FGM":53.0,"FGA":133.0,"FG%":39.8496240602,"2PM":51.0,"2PA":126.0,"2P%":40.4761904762,"3PM":2.0,"3PA":7.0,"3P%":28.5714285714,"FTM":41.0,"FTA":92.0,"FT%":44.5652173913,"PTS":149.0,"OFF":39.0,"DEF":118.0,"REB":157.0,"AST":20.0,"TO":49.0,"STL":15.0,"BLK":10.0,"STK":25.0,"PF":32.0,"Fls on:":100.0,"+\/-":18.0,"GW":6.0,"GP":11.0},"J. Jimenez":{"TEAM":"UE","MINS":14.0833333334,"FGM":0.0,"FGA":4.0,"FG%":0.0,"2PM":0.0,"2PA":3.0,"2P%":0.0,"3PM":0.0,"3PA":1.0,"3P%":0.0,"FTM":0.0,"FTA":0.0,"FT%":0.0,"PTS":0.0,"OFF":1.0,"DEF":0.0,"REB":1.0,"AST":1.0,"TO":0.0,"STL":1.0,"BLK":0.0,"STK":1.0,"PF":2.0,"Fls on:":1.0,"+\/-":-6.0,"GW":3.0,"GP":3.0},"R. Malaga III":{"TEAM":"UE","MINS":34.4166666668,"FGM":2.0,"FGA":7.0,"FG%":28.5714285714,"2PM":2.0,"2PA":5.0,"2P%":40.0,"3PM":0.0,"3PA":2.0,"3P%":0.0,"FTM":2.0,"FTA":2.0,"FT%":100.0,"PTS":6.0,"OFF":1.0,"DEF":3.0,"REB":4.0,"AST":0.0,"TO":2.0,"STL":1.0,"BLK":1.0,"STK":2.0,"PF":15.0,"Fls on:":2.0,"+\/-":-9.0,"GW":3.0,"GP":7.0},"K. Spandonis":{"TEAM":"UE","MINS":22.5,"FGM":0.0,"FGA":3.0,"FG%":0.0,"2PM":0.0,"2PA":2.0,"2P%":0.0,"3PM":0.0,"3PA":1.0,"3P%":0.0,"FTM":3.0,"FTA":5.0,"FT%":60.0,"PTS":3.0,"OFF":0.0,"DEF":0.0,"REB":0.0,"AST":1.0,"TO":0.0,"STL":1.0,"BLK":0.0,"STK":1.0,"PF":6.0,"Fls on:":2.0,"+\/-":4.0,"GW":4.0,"GP":6.0},"D. Fikes":{"TEAM":"UE","MINS":192.9333333331,"FGM":21.0,"FGA":60.0,"FG%":35.0,"2PM":14.0,"2PA":27.0,"2P%":51.8518518519,"3PM":7.0,"3PA":33.0,"3P%":21.2121212121,"FTM":11.0,"FTA":18.0,"FT%":61.1111111111,"PTS":60.0,"OFF":12.0,"DEF":22.0,"REB":34.0,"AST":12.0,"TO":19.0,"STL":6.0,"BLK":4.0,"STK":10.0,"PF":29.0,"Fls on:":16.0,"+\/-":-21.0,"GW":6.0,"GP":11.0},"D. Robles":{"TEAM":"UE","MINS":7.8666666668,"FGM":1.0,"FGA":2.0,"FG%":50.0,"2PM":1.0,"2PA":2.0,"2P%":50.0,"3PM":0.0,"3PA":0.0,"3P%":0.0,"FTM":0.0,"FTA":0.0,"FT%":0.0,"PTS":2.0,"OFF":1.0,"DEF":0.0,"REB":1.0,"AST":0.0,"TO":0.0,"STL":0.0,"BLK":1.0,"STK":1.0,"PF":0.0,"Fls on:":0.0,"+\/-":2.0,"GW":3.0,"GP":5.0},"E. Galang":{"TEAM":"UE","MINS":247.2500000001,"FGM":22.0,"FGA":73.0,"FG%":30.1369863014,"2PM":7.0,"2PA":21.0,"2P%":33.3333333333,"3PM":15.0,"3PA":52.0,"3P%":28.8461538462,"FTM":6.0,"FTA":8.0,"FT%":75.0,"PTS":65.0,"OFF":4.0,"DEF":27.0,"REB":31.0,"AST":12.0,"TO":9.0,"STL":10.0,"BLK":6.0,"STK":16.0,"PF":24.0,"Fls on:":13.0,"+\/-":1.0,"GW":5.0,"GP":10.0},"H. Cruz-Dumont":{"TEAM":"UE","MINS":45.6833333333,"FGM":0.0,"FGA":5.0,"FG%":0.0,"2PM":0.0,"2PA":5.0,"2P%":0.0,"3PM":0.0,"3PA":0.0,"3P%":0.0,"FTM":0.0,"FTA":0.0,"FT%":0.0,"PTS":0.0,"OFF":2.0,"DEF":6.0,"REB":8.0,"AST":2.0,"TO":7.0,"STL":1.0,"BLK":0.0,"STK":1.0,"PF":13.0,"Fls on:":1.0,"+\/-":-9.0,"GW":3.0,"GP":8.0},"J. Abate":{"TEAM":"UE","MINS":278.35,"FGM":32.0,"FGA":81.0,"FG%":39.5061728395,"2PM":23.0,"2PA":52.0,"2P%":44.2307692308,"3PM":9.0,"3PA":29.0,"3P%":31.0344827586,"FTM":17.0,"FTA":23.0,"FT%":73.9130434783,"PTS":90.0,"OFF":14.0,"DEF":27.0,"REB":41.0,"AST":25.0,"TO":19.0,"STL":7.0,"BLK":1.0,"STK":8.0,"PF":30.0,"Fls on:":21.0,"+\/-":-12.0,"GW":6.0,"GP":11.0},"R. Maga":{"TEAM":"UE","MINS":223.7666666666,"FGM":33.0,"FGA":82.0,"FG%":40.243902439,"2PM":26.0,"2PA":63.0,"2P%":41.2698412698,"3PM":7.0,"3PA":19.0,"3P%":36.8421052632,"FTM":4.0,"FTA":4.0,"FT%":100.0,"PTS":77.0,"OFF":11.0,"DEF":19.0,"REB":30.0,"AST":13.0,"TO":15.0,"STL":6.0,"BLK":2.0,"STK":8.0,"PF":15.0,"Fls on:":10.0,"+\/-":6.0,"GW":6.0,"GP":11.0},"G. Wilson":{"TEAM":"UE","MINS":130.5666666666,"FGM":18.0,"FGA":40.0,"FG%":45.0,"2PM":15.0,"2PA":29.0,"2P%":51.724137931,"3PM":3.0,"3PA":11.0,"3P%":27.2727272727,"FTM":14.0,"FTA":18.0,"FT%":77.7777777778,"PTS":53.0,"OFF":4.0,"DEF":7.0,"REB":11.0,"AST":14.0,"TO":12.0,"STL":6.0,"BLK":0.0,"STK":6.0,"PF":4.0,"Fls on:":13.0,"+\/-":4.0,"GW":6.0,"GP":11.0},"J. Cruz-Dumont":{"TEAM":"UE","MINS":209.9999999999,"FGM":15.0,"FGA":51.0,"FG%":29.4117647059,"2PM":7.0,"2PA":29.0,"2P%":24.1379310345,"3PM":8.0,"3PA":22.0,"3P%":36.3636363636,"FTM":10.0,"FTA":12.0,"FT%":83.3333333333,"PTS":48.0,"OFF":8.0,"DEF":28.0,"REB":36.0,"AST":21.0,"TO":7.0,"STL":7.0,"BLK":3.0,"STK":10.0,"PF":17.0,"Fls on:":10.0,"+\/-":-61.0,"GW":6.0,"GP":11.0},"W. Lingolingo":{"TEAM":"UE","MINS":257.95,"FGM":32.0,"FGA":88.0,"FG%":36.3636363636,"2PM":12.0,"2PA":29.0,"2P%":41.3793103448,"3PM":20.0,"3PA":59.0,"3P%":33.8983050847,"FTM":13.0,"FTA":15.0,"FT%":86.6666666667,"PTS":97.0,"OFF":15.0,"DEF":33.0,"REB":48.0,"AST":6.0,"TO":9.0,"STL":17.0,"BLK":1.0,"STK":18.0,"PF":27.0,"Fls on:":16.0,"+\/-":35.0,"GW":6.0,"GP":11.0}}