{"W. Lingolingo":{"TEAM":"UE","SP":41.5714285714,"GP":14.0,"MPG":24.4416666667,"EWA":1.3464809831,"PER":18.7292887126,"WS":1.3981793913,"OWS":0.9925514788,"DWS":0.4056279126,"EFF":9.5,"GmSc":6.1785714286,"TS%":49.2063492063,"EFG%":44.7826086957,"PPWS":0.9841269841,"FTR":0.2173913043,"REB%":10.2374468865,"OREB%":6.8427161306,"DREB%":13.7108434174,"AR":1.7844243919,"pAST%":7.5989591729,"hAST%":7.2847682119,"TOR":2.2710855897,"hTO%":9.2715231788,"AST\/TO":0.7857142857,"STL\/TO":1.2142857143,"PPR":-1.9967149305,"USG%":19.5345598107,"STL%":null,"BLK%":16.2034614645,"aSP":41.5714285714,"ORtg":100.7106910124,"DRtg":87.6620377804,"Floor%":41.8505131708,"Stop%":0.6439962724,"FFI":46.9746848722,"PIE":7.7824660103,"AV":1.8649596332,"DRE\/100":7.2710463903,"DRE\/75":5.4532847927,"POS":44.0318059584},"J. Cruz-Dumont":{"TEAM":"UE","SP":36.2857142857,"GP":14.0,"MPG":20.3309523809,"EWA":1.0175577214,"PER":18.0057044852,"WS":1.0950404672,"OWS":0.8414575209,"DWS":0.2535829463,"EFF":7.5,"GmSc":5.0214285714,"TS%":46.7139175258,"EFG%":39.7590361446,"PPWS":0.9342783505,"FTR":0.2771084337,"REB%":7.2804076451,"OREB%":3.0848417162,"DREB%":11.5731970268,"AR":5.655572286,"pAST%":22.7423799957,"hAST%":21.9497426582,"TOR":1.95019734,"hTO%":7.5688767787,"AST\/TO":2.9,"STL\/TO":1.2,"PPR":3.360602877,"USG%":17.2978286916,"STL%":null,"BLK%":29.2194578399,"aSP":36.2857142857,"ORtg":103.1778111853,"DRtg":89.8068563161,"Floor%":43.2694064953,"Stop%":0.5944813908,"FFI":45.1896599721,"PIE":7.1261134552,"AV":1.5619699685,"DRE\/100":5.8322471699,"DRE\/75":4.3741853774,"POS":36.6263300452},"J. Abate":{"TEAM":"UE","SP":38.1428571429,"GP":14.0,"MPG":23.225,"EWA":0.8677488787,"PER":16.1842172726,"WS":0.9552095475,"OWS":0.8010768563,"DWS":0.1541326911,"EFF":7.7857142857,"GmSc":4.9785714286,"TS%":50.9917664671,"EFG%":46.8421052632,"PPWS":1.0198353293,"FTR":0.2842105263,"REB%":7.13191675,"OREB%":5.1008352618,"DREB%":9.2100642978,"AR":4.9508362039,"pAST%":21.0893753182,"hAST%":18.138603953,"TOR":4.0972437549,"hTO%":15.0112584438,"AST\/TO":1.2083333333,"STL\/TO":0.375,"PPR":-1.4709204965,"USG%":19.2186985249,"STL%":null,"BLK%":17.0522972642,"aSP":38.1428571429,"ORtg":96.5043928292,"DRtg":92.8429220825,"Floor%":43.3247931111,"Stop%":0.5243913415,"FFI":47.9958561136,"PIE":6.2353492733,"AV":1.6063884716,"DRE\/100":0.8793407602,"DRE\/75":0.6595055701,"POS":41.8399738173},"P. Momowei":{"TEAM":"UE","SP":68.6923076923,"GP":13.0,"MPG":34.6115384615,"EWA":1.2551556212,"PER":16.426984773,"WS":0.8430801472,"OWS":-0.1677623932,"DWS":1.0108425404,"EFF":14.3846153846,"GmSc":7.5846153846,"TS%":42.2779136104,"EFG%":39.7350993377,"PPWS":0.8455582722,"FTR":0.6821192053,"REB%":19.6282210505,"OREB%":9.7571816923,"DREB%":29.7280010712,"AR":2.5907133149,"pAST%":11.3355079002,"hAST%":7.6552930884,"TOR":7.0319361405,"hTO%":20.7786526684,"AST\/TO":0.3684210526,"STL\/TO":0.2807017544,"PPR":-9.7942317603,"USG%":26.8806440149,"STL%":null,"BLK%":67.7743071562,"aSP":68.6923076923,"ORtg":76.0335264707,"DRtg":79.9337375765,"Floor%":39.2342796761,"Stop%":0.8224103727,"FFI":51.3192801179,"PIE":11.2517580872,"AV":2.4080300941,"DRE\/100":7.6525389934,"DRE\/75":5.7394042451,"POS":62.3528896881},"R. Maga":{"TEAM":"UE","SP":33.1428571429,"GP":14.0,"MPG":22.0047619048,"EWA":0.5470732487,"PER":14.389413211,"WS":0.5494884026,"OWS":0.4646408495,"DWS":0.0848475531,"EFF":6.1428571429,"GmSc":4.1142857143,"TS%":48.3425414365,"EFG%":47.2972972973,"PPWS":0.9668508287,"FTR":0.0990990991,"REB%":6.4063025815,"OREB%":4.4336301402,"DREB%":8.4246875749,"AR":2.7027810679,"pAST%":12.3725431664,"hAST%":9.8141847684,"TOR":3.9640788996,"hTO%":14.3941376603,"AST\/TO":0.6818181818,"STL\/TO":0.2727272727,"PPR":-3.9921119686,"USG%":21.3631358023,"STL%":null,"BLK%":35.9958090594,"aSP":33.1428571429,"ORtg":88.7558458408,"DRtg":94.2894262607,"Floor%":39.5080426233,"Stop%":0.4909976152,"FFI":45.3011117086,"PIE":5.2508204407,"AV":1.3447902252,"DRE\/100":-2.4998246396,"DRE\/75":-1.8748684797,"POS":39.6417077266},"D. Fikes":{"TEAM":"UE","SP":32.5714285714,"GP":14.0,"MPG":19.0952380952,"EWA":0.3768617254,"PER":13.6535114768,"WS":0.5387325633,"OWS":0.3138895031,"DWS":0.2248430601,"EFF":6.2142857143,"GmSc":3.2714285714,"TS%":47.311827957,"EFG%":43.9024390244,"PPWS":0.9462365591,"FTR":0.3048780488,"REB%":10.3353949927,"OREB%":8.3936500213,"DREB%":12.3221358369,"AR":3.3222414137,"pAST%":14.0198614704,"hAST%":11.8518518519,"TOR":5.3986422973,"hTO%":19.2592592593,"AST\/TO":0.6153846154,"STL\/TO":0.2692307692,"PPR":-5.8782714929,"USG%":21.2533940369,"STL%":null,"BLK%":62.220685909,"aSP":32.5714285714,"ORtg":85.953483728,"DRtg":90.1699247258,"Floor%":38.8473607009,"Stop%":0.5860996611,"FFI":47.4632157714,"PIE":3.0473511486,"AV":1.3565010827,"DRE\/100":-0.0279621953,"DRE\/75":-0.0209716465,"POS":34.4001835065},"G. Wilson":{"TEAM":"UE","SP":23.9285714286,"GP":14.0,"MPG":12.3261904762,"EWA":0.5715914051,"PER":17.4777094317,"WS":0.434523737,"OWS":0.3974634047,"DWS":0.0370603323,"EFF":3.7142857143,"GmSc":2.95,"TS%":51.3363754889,"EFG%":45.2830188679,"PPWS":1.0267275098,"FTR":0.358490566,"REB%":3.7168805773,"OREB%":3.3921142766,"DREB%":4.0491726569,"AR":6.4333533268,"pAST%":27.9021564381,"hAST%":20.3334688898,"TOR":5.4683503278,"hTO%":17.2834485563,"AST\/TO":1.1764705882,"STL\/TO":0.4117647059,"PPR":-2.1776129835,"USG%":21.680633268,"STL%":null,"BLK%":16.064963653,"aSP":23.9285714286,"ORtg":93.176580118,"DRtg":94.731207288,"Floor%":42.8449523152,"Stop%":0.4807987407,"FFI":47.8019013111,"PIE":3.8912330052,"AV":0.9221110216,"DRE\/100":-2.2056000724,"DRE\/75":-1.6542000543,"POS":22.2057044904},"E. Galang":{"TEAM":"UE","SP":32.2307692308,"GP":13.0,"MPG":24.2743589744,"EWA":-0.2640832736,"PER":9.1379231647,"WS":0.3665307738,"OWS":0.1052699809,"DWS":0.2612607929,"EFF":5.0769230769,"GmSc":2.6615384615,"TS%":38.198632891,"EFG%":35.3260869565,"PPWS":0.7639726578,"FTR":0.1847826087,"REB%":6.5667477428,"OREB%":1.8549673191,"DREB%":11.3877138091,"AR":2.8144476749,"pAST%":10.8616242007,"hAST%":12.5509883903,"TOR":2.1108357562,"hTO%":9.4132412928,"AST\/TO":1.3333333333,"STL\/TO":0.8333333333,"PPR":-0.4330258185,"USG%":16.8670947246,"STL%":null,"BLK%":70.2806099771,"aSP":32.2307692308,"ORtg":81.0662075349,"DRtg":90.2656866199,"Floor%":32.5850283384,"Stop%":0.5838889198,"FFI":41.7454584378,"PIE":2.2503516174,"AV":1.1026524758,"DRE\/100":1.0778649892,"DRE\/75":0.8083987419,"POS":43.7304001687},"K. Spandonis":{"TEAM":"UE","SP":11.25,"GP":8.0,"MPG":3.9375,"EWA":-0.0102598421,"PER":10.1653243582,"WS":0.0881290717,"OWS":0.0830215268,"DWS":0.0051075449,"EFF":0.625,"GmSc":0.4625,"TS%":44.1176470588,"EFG%":37.5,"PPWS":0.8823529412,"FTR":0.625,"REB%":3.1326480666,"OREB%":3.0971738289,"DREB%":3.1689443454,"AR":1.762194189,"pAST%":6.6225165563,"hAST%":8.9285714286,"TOR":0.0,"hTO%":0.0,"AST\/TO":null,"STL\/TO":null,"PPR":2.1690240337,"USG%":15.4605188368,"STL%":null,"BLK%":0.0,"aSP":11.25,"ORtg":104.7669234541,"DRtg":95.1143993182,"Floor%":43.821488129,"Stop%":0.4719524408,"FFI":49.9944347658,"PIE":-0.1406469761,"AV":0.1592238821,"DRE\/100":0.4546150437,"DRE\/75":0.3409612828,"POS":7.0934293608},"R. Malaga III":{"TEAM":"UE","SP":9.6666666667,"GP":9.0,"MPG":5.3444444445,"EWA":-0.1814421415,"PER":3.2379063515,"WS":0.0672846973,"OWS":0.0260466738,"DWS":0.0412380235,"EFF":1.1111111111,"GmSc":0.0333333333,"TS%":38.6597938144,"EFG%":22.2222222222,"PPWS":0.7731958763,"FTR":0.6666666667,"REB%":8.2061051224,"OREB%":6.0848841337,"DREB%":10.3764809647,"AR":1.1540356955,"pAST%":4.1474108307,"hAST%":6.8306010929,"TOR":2.308071391,"hTO%":13.6612021858,"AST\/TO":0.5,"STL\/TO":0.5,"PPR":-2.8409254496,"USG%":13.5395347181,"STL%":null,"BLK%":57.6357011999,"aSP":9.6666666667,"ORtg":83.8621551702,"DRtg":90.051355006,"Floor%":39.8697680807,"Stop%":0.5888369396,"FFI":44.5288478679,"PIE":-0.8438818565,"AV":0.2677815834,"DRE\/100":-1.9895401706,"DRE\/75":-1.492155128,"POS":9.6280480355},"R. Go":{"TEAM":"UE","SP":8.0,"GP":5.0,"MPG":3.96,"EWA":-0.0204620511,"PER":8.7427917801,"WS":0.0368876985,"OWS":0.0435220004,"DWS":-0.0066343019,