{"W. Lingolingo":{"TEAM":"UE","SP":42.2727272727,"GP":11.0,"MPG":23.45,"EWA":1.1852760598,"PER":20.0559173489,"WS":1.2246210724,"OWS":0.7851770258,"DWS":0.4394440466,"EFF":9.2727272727,"GmSc":6.3545454545,"TS%":51.2684989429,"EFG%":47.7272727273,"PPWS":1.0253699789,"FTR":0.1704545455,"REB%":9.2830309096,"OREB%":5.7368506602,"DREB%":12.9105455684,"AR":1.2990818976,"pAST%":5.6414837102,"hAST%":5.4744525547,"TOR":1.9486228464,"hTO%":8.2116788321,"AST\/TO":0.6666666667,"STL\/TO":1.8888888889,"PPR":-2.0071380892,"USG%":19.4655906228,"STL%":null,"BLK%":10.9907018662,"aSP":42.2727272727,"ORtg":102.3521390317,"DRtg":83.9473385002,"Floor%":40.7742128101,"Stop%":0.6743931641,"FFI":47.3079416932,"PIE":8.0287597364,"AV":1.5283781985,"DRE\/100":9.0537670284,"DRE\/75":6.7903252713,"POS":41.987695038},"P. Momowei":{"TEAM":"UE","SP":73.9090909091,"GP":11.0,"MPG":35.7075757576,"EWA":1.323551284,"PER":17.5930421713,"WS":0.9781406191,"OWS":-0.0562924865,"DWS":1.0344331056,"EFF":15.5454545455,"GmSc":8.5090909091,"TS%":42.9444316348,"EFG%":40.6015037594,"PPWS":0.8588886327,"FTR":0.6917293233,"REB%":19.9402542873,"OREB%":9.7955623515,"DREB%":30.3176226437,"AR":2.8437915346,"pAST%":12.6843433882,"hAST%":8.2481029363,"TOR":6.9672892599,"hTO%":20.207852194,"AST\/TO":0.4081632653,"STL\/TO":0.306122449,"PPR":-9.4026929014,"USG%":27.4524612247,"STL%":null,"BLK%":72.1785092644,"aSP":73.9090909091,"ORtg":77.2995945819,"DRtg":77.1882332111,"Floor%":39.8055390198,"Stop%":0.8295328986,"FFI":51.8338315087,"PIE":13.7207908928,"AV":2.2517894915,"DRE\/100":8.7128151656,"DRE\/75":6.5346113742,"POS":63.935130126},"J. Abate":{"TEAM":"UE","SP":42.0909090909,"GP":11.0,"MPG":25.3045454545,"EWA":0.6180412759,"PER":15.2829529893,"WS":0.856054659,"OWS":0.6355956621,"DWS":0.2204589969,"EFF":8.1818181818,"GmSc":5.0727272727,"TS%":49.3854258121,"EFG%":45.0617283951,"PPWS":0.9877085162,"FTR":0.2839506173,"REB%":7.3481281621,"OREB%":4.9619756396,"DREB%":9.7890089535,"AR":5.0161393851,"pAST%":21.3134511128,"hAST%":18.5020722321,"TOR":3.8122659327,"hTO%":14.0615748964,"AST\/TO":1.3157894737,"STL\/TO":0.3684210526,"PPR":-0.8680172183,"USG%":19.1742479649,"STL%":null,"BLK%":10.1852040467,"aSP":42.0909090909,"ORtg":95.1887060242,"DRtg":90.5726073038,"Floor%":42.7654697876,"Stop%":0.5223253386,"FFI":47.323279262,"PIE":6.2911923307,"AV":1.3914339235,"DRE\/100":0.9493334611,"DRE\/75":0.7120000958,"POS":45.3082958473},"J. Cruz-Dumont":{"TEAM":"UE","SP":33.5454545455,"GP":11.0,"MPG":19.0909090909,"EWA":0.3929070268,"PER":14.5806815418,"WS":0.6553011116,"OWS":0.3964011852,"DWS":0.2588999264,"EFF":6.3636363636,"GmSc":3.7727272727,"TS%":42.6439232409,"EFG%":37.2549019608,"PPWS":0.8528784648,"FTR":0.2352941176,"REB%":8.5519922255,"OREB%":3.7582746103,"DREB%":13.4556574924,"AR":5.5849695914,"pAST%":21.5083798883,"hAST%":24.9169435216,"TOR":1.8616565305,"hTO%":8.3056478405,"AST\/TO":3.0,"STL\/TO":1.0,"PPR":3.4516084674,"USG%":14.6046293033,"STL%":null,"BLK%":40.500736377,"aSP":33.5454545455,"ORtg":96.5475588203,"DRtg":87.3686601745,"Floor%":40.299695754,"Stop%":0.5958645847,"FFI":43.7176133385,"PIE":5.6920311564,"AV":1.1524026155,"DRE\/100":4.9383077284,"DRE\/75":3.7037307963,"POS":34.1826553905},"E. Galang":{"TEAM":"UE","SP":35.8,"GP":10.0,"MPG":24.725,"EWA":0.1018003107,"PER":11.6475778547,"WS":0.5287713182,"OWS":0.2190770913,"DWS":0.3096942269,"EFF":6.2,"GmSc":3.68,"TS%":42.4725561945,"EFG%":40.4109589041,"PPWS":0.8494511239,"FTR":0.1095890411,"REB%":6.2547432185,"OREB%":1.5960316849,"DREB%":11.0203059341,"AR":2.7106020262,"pAST%":10.8483491196,"hAST%":12.3051681706,"TOR":2.0329515196,"hTO%":9.228876128,"AST\/TO":1.3333333333,"STL\/TO":1.1111111111,"PPR":-0.418799814,"USG%":16.7638881414,"STL%":null,"BLK%":68.7980152815,"aSP":35.8,"ORtg":86.2059578454,"DRtg":87.2254956832,"Floor%":33.7947513507,"Stop%":0.5991505967,"FFI":42.6191876351,"PIE":3.9544637507,"AV":1.0521422787,"DRE\/100":2.6851678788,"DRE\/75":2.0138759091,"POS":44.2706080944},"G. Wilson":{"TEAM":"UE","SP":26.0,"GP":11.0,"MPG":11.8696969697,"EWA":0.6451365536,"PER":20.751512429,"WS":0.5113454133,"OWS":0.4203202465,"DWS":0.0910251667,"EFF":4.1818181818,"GmSc":3.4272727273,"TS%":55.3005008347,"EFG%":48.75,"PPWS":1.1060100167,"FTR":0.45,"REB%":4.2028555103,"OREB%":3.0223551244,"DREB%":5.4104315932,"AR":5.9884790104,"pAST%":26.9069264952,"hAST%":18.9393939394,"TOR":5.1329820089,"hTO%":16.2337662338,"AST\/TO":1.1666666667,"STL\/TO":0.5,"PPR":-2.1148481802,"USG%":22.2424616395,"STL%":null,"BLK%":0.0,"aSP":26.0,"ORtg":98.9170637841,"DRtg":91.2620837523,"Floor%":45.9293935792,"Stop%":0.5064999906,"FFI":50.5712255227,"PIE":4.7932893948,"AV":0.8411028006,"DRE\/100":1.0736334416,"DRE\/75":0.8052250812,"POS":21.2529303436},"R. Maga":{"TEAM":"UE","SP":33.5454545455,"GP":11.0,"MPG":20.3424242424,"EWA":0.3758312396,"PER":14.1959308429,"WS":0.4393252005,"OWS":0.280182825,"DWS":0.1591423755,"EFF":5.8181818182,"GmSc":3.7909090909,"TS%":45.964660936,"EFG%":44.512195122,"PPWS":0.9192932187,"FTR":0.0487804878,"REB%":6.6882108124,"OREB%":4.8497026384,"DREB%":8.5688866051,"AR":3.2446568459,"pAST%":14.9390424387,"hAST%":11.6320687187,"TOR":3.7438348222,"hTO%":13.4216177523,"AST\/TO":0.8666666667,"STL\/TO":0.4,"PPR":-2.9307564821,"USG%":21.3908996906,"STL%":null,"BLK%":25.3393553975,"aSP":33.5454545455,"ORtg":86.8548781477,"DRtg":91.1600196627,"Floor%":38.865625717,"Stop%":0.5088426373,"FFI":43.570567188,"PIE":5.092869982,"AV":1.0774960475,"DRE\/100":-2.2505455726,"DRE\/75":-1.6879091795,"POS":36.423518355},"D. Fikes":{"TEAM":"UE","SP":30.8181818182,"GP":11.0,"MPG":17.5393939394,"EWA":0.0091714021,"PER":10.9155486429,"WS":0.2758623467,"OWS":0.0487469715,"DWS":0.2271153752,"EFF":4.6363636364,"GmSc":2.2909090909,"TS%":44.1696113074,"EFG%":40.8333333333,"PPWS":0.8833922261,"FTR":0.3,"REB%":8.7913534453,"OREB%":6.1360910621,"DREB%":11.507516342,"AR":3.4737198564,"pAST%":14.5485539619,"hAST%":12.1310149616,"TOR":5.5000564394,"hTO%":19.2074403558,"AST\/TO":0.6315789474,"STL\/TO":0.3157894737,"PPR":-5.9037532528,"USG%":21.8351315266,"STL%":null,"BLK%":58.7778482321,"aSP":30.8181818182,"ORtg":79.7193784513,"DRtg":87.7733840069,"Floor%":36.0670341604,"Stop%":0.5865750788,"FFI":45.6855374359,"PIE":1.6776512882,"AV":0.908779114,"DRE\/100":-1.2768817155,"DRE\/75":-0.9576612866,"POS":31.4046364127},"N. Mulingtapang":{"TEAM":"UE","SP":21.0909090909,"GP":11.0,"MPG":11.546969697,"EWA":-0.1268148143,"PER":8.8131942529,"WS":0.1309014958,"OWS":0.0857602792,"DWS":0.0451412167,"EFF":2.1818181818,"GmSc":1.2818181818,"TS%":41.7201540436,"EFG%":30.0,"PPWS":0.8344030809,"FTR":0.56,"REB%":3.142051992,"OREB%":1.553413597,"DREB%":4.7671270475,"AR":7.9146662626,"pAST%":29.4468308716,"hAST%":30.4259634888,"TOR":4.3970368125,"hTO%":16.9033130494,"AST\/TO":1.8,"STL\/TO":0.3,"PPR":1.6304671936,"USG%":15.7057260246,"STL%":null,"BLK%":0.0,"aSP":21.0909090909,"ORtg":83.8888178986,"DRtg":93.7459482449,"Floor%":38.9001905015,"Stop%":0.4494885873,"FFI":44.6114235163,"PIE":1.3181545836,"AV":0.5163440021,"DRE\/100":-3.9936104614,"DRE\/75":-2.9952078461,"POS":20.6750806929},"D. Robles":{"TEAM":"UE","SP":10.6,"GP":5.0,"MPG":1.5733333334,"EWA":0.0403645479,"PER":21.1334840694,"WS":0.0261111045,"OWS":0.0240144592,"DWS":0.0020966453,"EFF":0.6,"GmSc":0.48,"TS%":50.0,"EFG%":50.0,"PPWS":1.0,"FTR":0.0,"REB%":6.3415196586,"OREB%":12.5408527778,"DREB%":0.0,"AR":0.0,"pAST%":0.0,"hAST%":0.0,"TOR":0.0,"hTO%":0.0,"AST\/TO":null,"STL\/TO":null,"PPR":0.0,"USG%":12.3220398724,"STL%":null,"BLK%":360.3879084335,"aSP":10.6,"ORtg":115.435921189,"DRtg":94.3918696094,"Floor%":56.5368407602,"Stop%":0.4346629462,"FFI":47.5081705556,"PIE":0.2396644697,"AV":0.1085479551,"DRE\/100":-6.4320067126,"DRE\/75":-4.8240050344,"POS":2.8170848697},"R. Malaga III":{"TEAM":"UE","SP":9.8571428571,"GP":7.0,"MPG":4.9166666667,"EWA":-0.2189406822,"PER":-1.9665599406,"WS":0.0156089353,"OWS":-0.0308498791,"DWS":0.0464588144,"EFF":0.7142857143,"GmSc":-0.4,"TS%":38.0710659898,"EFG%":28.5714285714,"PPWS":0.7614213198,"FTR":0.2857142857,"REB%":5.7979608308,