{"R. Finney":{"TEAM":"UE","MINS":2.1833333334,"FGM":0.0,"FGA":1.0,"FG%":0.0,"2PM":0.0,"2PA":1.0,"2P%":0.0,"3PM":0.0,"3PA":0.0,"3P%":0.0,"FTM":0.0,"FTA":0.0,"FT%":0.0,"PTS":0.0,"OFF":0.0,"DEF":1.0,"REB":1.0,"AST":0.0,"TO":1.0,"STL":1.0,"BLK":0.0,"STK":1.0,"PF":0.0,"Fls on:":0.0,"+\/-":2.0,"GW":1.0,"GP":2.0},"R. Go":{"TEAM":"UE","MINS":11.6833333334,"FGM":0.0,"FGA":1.0,"FG%":0.0,"2PM":0.0,"2PA":1.0,"2P%":0.0,"3PM":0.0,"3PA":0.0,"3P%":0.0,"FTM":0.0,"FTA":0.0,"FT%":0.0,"PTS":0.0,"OFF":0.0,"DEF":1.0,"REB":1.0,"AST":0.0,"TO":0.0,"STL":0.0,"BLK":0.0,"STK":0.0,"PF":2.0,"Fls on:":0.0,"+\/-":-13.0,"GW":2.0,"GP":4.0},"N. Mulingtapang":{"TEAM":"UE","MINS":140.5499999999,"FGM":7.0,"FGA":33.0,"FG%":21.2121212121,"2PM":6.0,"2PA":21.0,"2P%":28.5714285714,"3PM":1.0,"3PA":12.0,"3P%":8.3333333333,"FTM":11.0,"FTA":14.0,"FT%":78.5714285714,"PTS":26.0,"OFF":2.0,"DEF":6.0,"REB":8.0,"AST":18.0,"TO":10.0,"STL":3.0,"BLK":0.0,"STK":3.0,"PF":13.0,"Fls on:":16.0,"+\/-":-5.0,"GW":6.0,"GP":13.0},"P. Momowei":{"TEAM":"UE","MINS":418.6166666667,"FGM":56.0,"FGA":139.0,"FG%":40.2877697842,"2PM":54.0,"2PA":132.0,"2P%":40.9090909091,"3PM":2.0,"3PA":7.0,"3P%":28.5714285714,"FTM":41.0,"FTA":94.0,"FT%":43.6170212766,"PTS":155.0,"OFF":43.0,"DEF":124.0,"REB":167.0,"AST":20.0,"TO":55.0,"STL":15.0,"BLK":11.0,"STK":26.0,"PF":36.0,"Fls on:":104.0,"+\/-":1.0,"GW":6.0,"GP":12.0},"J. Jimenez":{"TEAM":"UE","MINS":14.0833333334,"FGM":0.0,"FGA":4.0,"FG%":0.0,"2PM":0.0,"2PA":3.0,"2P%":0.0,"3PM":0.0,"3PA":1.0,"3P%":0.0,"FTM":0.0,"FTA":0.0,"FT%":0.0,"PTS":0.0,"OFF":1.0,"DEF":0.0,"REB":1.0,"AST":1.0,"TO":0.0,"STL":1.0,"BLK":0.0,"STK":1.0,"PF":2.0,"Fls on:":1.0,"+\/-":-6.0,"GW":3.0,"GP":3.0},"R. Malaga III":{"TEAM":"UE","MINS":48.1000000001,"FGM":2.0,"FGA":9.0,"FG%":22.2222222222,"2PM":2.0,"2PA":7.0,"2P%":28.5714285714,"3PM":0.0,"3PA":2.0,"3P%":0.0,"FTM":5.0,"FTA":6.0,"FT%":83.3333333333,"PTS":9.0,"OFF":3.0,"DEF":5.0,"REB":8.0,"AST":1.0,"TO":2.0,"STL":1.0,"BLK":1.0,"STK":2.0,"PF":17.0,"Fls on:":5.0,"+\/-":-14.0,"GW":3.0,"GP":9.0},"K. Spandonis":{"TEAM":"UE","MINS":31.5,"FGM":2.0,"FGA":8.0,"FG%":25.0,"2PM":0.0,"2PA":2.0,"2P%":0.0,"3PM":2.0,"3PA":6.0,"3P%":33.3333333333,"FTM":3.0,"FTA":5.0,"FT%":60.0,"PTS":9.0,"OFF":1.0,"DEF":1.0,"REB":2.0,"AST":1.0,"TO":0.0,"STL":1.0,"BLK":0.0,"STK":1.0,"PF":6.0,"Fls on:":2.0,"+\/-":-9.0,"GW":4.0,"GP":8.0},"D. Fikes":{"TEAM":"UE","MINS":244.0333333331,"FGM":29.0,"FGA":76.0,"FG%":38.1578947368,"2PM":20.0,"2PA":35.0,"2P%":57.1428571429,"3PM":9.0,"3PA":41.0,"3P%":21.9512195122,"FTM":14.0,"FTA":23.0,"FT%":60.8695652174,"PTS":81.0,"OFF":21.0,"DEF":30.0,"REB":51.0,"AST":16.0,"TO":24.0,"STL":7.0,"BLK":6.0,"STK":13.0,"PF":36.0,"Fls on:":24.0,"+\/-":-10.0,"GW":6.0,"GP":13.0},"D. Robles":{"TEAM":"UE","MINS":7.8666666668,"FGM":1.0,"FGA":2.0,"FG%":50.0,"2PM":1.0,"2PA":2.0,"2P%":50.0,"3PM":0.0,"3PA":0.0,"3P%":0.0,"FTM":0.0,"FTA":0.0,"FT%":0.0,"PTS":2.0,"OFF":1.0,"DEF":0.0,"REB":1.0,"AST":0.0,"TO":0.0,"STL":0.0,"BLK":1.0,"STK":1.0,"PF":0.0,"Fls on:":0.0,"+\/-":2.0,"GW":3.0,"GP":5.0},"E. Galang":{"TEAM":"UE","MINS":291.0666666667,"FGM":23.0,"FGA":86.0,"FG%":26.7441860465,"2PM":7.0,"2PA":24.0,"2P%":29.1666666667,"3PM":16.0,"3PA":62.0,"3P%":25.8064516129,"FTM":11.0,"FTA":15.0,"FT%":73.3333333333,"PTS":73.0,"OFF":6.0,"DEF":34.0,"REB":40.0,"AST":14.0,"TO":12.0,"STL":10.0,"BLK":8.0,"STK":18.0,"PF":33.0,"Fls on:":16.0,"+\/-":-11.0,"GW":5.0,"GP":12.0},"H. Cruz-Dumont":{"TEAM":"UE","MINS":64.3,"FGM":1.0,"FGA":7.0,"FG%":14.2857142857,"2PM":1.0,"2PA":7.0,"2P%":14.2857142857,"3PM":0.0,"3PA":0.0,"3P%":0.0,"FTM":0.0,"FTA":2.0,"FT%":0.0,"PTS":2.0,"OFF":4.0,"DEF":13.0,"REB":17.0,"AST":4.0,"TO":7.0,"STL":1.0,"BLK":0.0,"STK":1.0,"PF":14.0,"Fls on:":4.0,"+\/-":-16.0,"GW":3.0,"GP":10.0},"J. Abate":{"TEAM":"UE","MINS":311.4,"FGM":36.0,"FGA":91.0,"FG%":39.5604395604,"2PM":26.0,"2PA":59.0,"2P%":44.0677966102,"3PM":10.0,"3PA":32.0,"3P%":31.25,"FTM":19.0,"FTA":25.0,"FT%":76.0,"PTS":101.0,"OFF":17.0,"DEF":29.0,"REB":46.0,"AST":28.0,"TO":21.0,"STL":9.0,"BLK":2.0,"STK":11.0,"PF":33.0,"Fls on:":27.0,"+\/-":-33.0,"GW":6.0,"GP":13.0},"R. Maga":{"TEAM":"UE","MINS":282.3499999999,"FGM":41.0,"FGA":102.0,"FG%":40.1960784314,"2PM":29.0,"2PA":72.0,"2P%":40.2777777778,"3PM":12.0,"3PA":30.0,"3P%":40.0,"FTM":7.0,"FTA":9.0,"FT%":77.7777777778,"PTS":101.0,"OFF":14.0,"DEF":25.0,"REB":39.0,"AST":15.0,"TO":20.0,"STL":6.0,"BLK":3.0,"STK":9.0,"PF":19.0,"Fls on:":13.0,"+\/-":4.0,"GW":6.0,"GP":13.0},"G. Wilson":{"TEAM":"UE","MINS":159.0499999999,"FGM":21.0,"FGA":49.0,"FG%":42.8571428571,"2PM":17.0,"2PA":37.0,"2P%":45.9459459459,"3PM":4.0,"3PA":12.0,"3P%":33.3333333333,"FTM":14.0,"FTA":18.0,"FT%":77.7777777778,"PTS":60.0,"OFF":6.0,"DEF":7.0,"REB":13.0,"AST":16.0,"TO":14.0,"STL":7.0,"BLK":0.0,"STK":7.0,"PF":7.0,"Fls on:":17.0,"+\/-":-3.0,"GW":6.0,"GP":13.0},"J. Cruz-Dumont":{"TEAM":"UE","MINS":255.9833333332,"FGM":24.0,"FGA":74.0,"FG%":32.4324324324,"2PM":13.0,"2PA":42.0,"2P%":30.9523809524,"3PM":11.0,"3PA":32.0,"3P%":34.375,"FTM":14.0,"FTA":16.0,"FT%":87.5,"PTS":73.0,"OFF":8.0,"DEF":31.0,"REB":39.0,"AST":25.0,"TO":9.0,"STL":8.0,"BLK":3.0,"STK":11.0,"PF":21.0,"Fls on:":13.0,"+\/-":-48.0,"GW":6.0,"GP":13.0},"W. Lingolingo":{"TEAM":"UE","MINS":316.1,"FGM":38.0,"FGA":108.0,"FG%":35.1851851852,"2PM":17.0,"2PA":38.0,"2P%":44.7368421053,"3PM":21.0,"3PA":70.0,"3P%":30.0,"FTM":21.0,"FTA":25.0,"FT%":84.0,"PTS":118.0,"OFF":20.0,"DEF":42.0,"REB":62.0,"AST":7.0,"TO":12.0,"STL":17.0,"BLK":1.0,"STK":18.0,"PF":32.0,"Fls on:":25.0,"+\/-":39.0,"GW":6.0,"GP":13.0}}