{"G. Wilson":{"TEAM":"UE","MINS":12.2346153846,"FGM":3.9610185476,"FGA":9.2423766111,"FG%":42.8571428571,"2PM":3.2065388243,"2PA":6.9789374411,"2P%":45.9459459459,"3PM":0.7544797234,"3PA":2.2634391701,"3P%":33.3333333333,"FTM":2.6406790318,"FTA":3.3951587551,"FT%":77.7777777778,"PTS":11.3171958504,"OFF":1.131719585,"DEF":1.3203395159,"REB":2.4520591009,"AST":3.0179188934,"TO":2.6406790318,"STL":1.3203395159,"BLK":0.0,"STK":1.3203395159,"PF":1.3203395159,"Fls on:":3.2065388243,"+\/-":-0.5658597925,"GW":6.0,"GP":13.0},"W. Lingolingo":{"TEAM":"UE","MINS":24.3153846154,"FGM":3.6064536539,"FGA":10.2499209111,"FG%":35.1851851852,"2PM":1.6134134767,"2PA":3.6064536539,"2P%":44.7368421053,"3PM":1.9930401772,"3PA":6.6434672572,"3P%":30.0,"FTM":1.9930401772,"FTA":2.3726668776,"FT%":84.0,"PTS":11.1989876621,"OFF":1.8981335021,"DEF":3.9860803543,"REB":5.8842138564,"AST":0.6643467257,"TO":1.1388801012,"STL":1.6134134767,"BLK":0.0949066751,"STK":1.7083201519,"PF":3.0370136033,"Fls on:":2.3726668776,"+\/-":3.701360329,"GW":6.0,"GP":13.0},"P. Momowei":{"TEAM":"UE","MINS":34.8847222222,"FGM":4.0132181391,"FGA":9.9613807381,"FG%":40.2877697842,"2PM":3.8698889199,"2PA":9.4597284708,"2P%":40.9090909091,"3PM":0.1433292193,"3PA":0.5016522674,"3P%":28.5714285714,"FTM":2.9382489947,"FTA":6.7364733049,"FT%":43.6170212766,"PTS":11.1080144922,"OFF":3.081578214,"DEF":8.8864115937,"REB":11.9679898077,"AST":1.4332921925,"TO":3.9415535295,"STL":1.0749691444,"BLK":0.7883107059,"STK":1.8632798503,"PF":2.5799259466,"Fls on:":7.4531194012,"+\/-":0.0716646096,"GW":6.0,"GP":12.0},"R. Maga":{"TEAM":"UE","MINS":21.7192307692,"FGM":4.3562953781,"FGA":10.8376128918,"FG%":40.1960784314,"2PM":3.0812820967,"2PA":7.6500796883,"2P%":40.2777777778,"3PM":1.2750132814,"3PA":3.1875332035,"3P%":40.0,"FTM":0.7437577475,"FTA":0.956259961,"FT%":77.7777777778,"PTS":10.731361785,"OFF":1.487515495,"DEF":2.6562776696,"REB":4.1437931645,"AST":1.5937666017,"TO":2.1250221356,"STL":0.6375066407,"BLK":0.3187533203,"STK":0.956259961,"PF":2.0187710289,"Fls on:":1.3812643882,"+\/-":0.4250044271,"GW":6.0,"GP":13.0},"D. Fikes":{"TEAM":"UE","MINS":18.7717948718,"FGM":3.5650867368,"FGA":9.3429859309,"FG%":38.1578947368,"2PM":2.4586805081,"2PA":4.3026908892,"2P%":57.1428571429,"3PM":1.1064062287,"3PA":5.0402950417,"3P%":21.9512195122,"FTM":1.7210763557,"FTA":2.8274825843,"FT%":60.8695652174,"PTS":9.9576560579,"OFF":2.5816145335,"DEF":3.6880207622,"REB":6.2696352957,"AST":1.9669444065,"TO":2.9504166098,"STL":0.8605381778,"BLK":0.7376041524,"STK":1.5981423303,"PF":4.4256249146,"Fls on:":2.9504166098,"+\/-":-1.2293402541,"GW":6.0,"GP":13.0},"J. Abate":{"TEAM":"UE","MINS":23.9538461538,"FGM":3.4682080925,"FGA":8.7668593449,"FG%":39.5604395604,"2PM":2.5048169557,"2PA":5.6840077071,"2P%":44.0677966102,"3PM":0.9633911368,"3PA":3.0828516378,"3P%":31.25,"FTM":1.8304431599,"FTA":2.408477842,"FT%":76.0,"PTS":9.7302504817,"OFF":1.6377649326,"DEF":2.7938342967,"REB":4.4315992293,"AST":2.697495183,"TO":2.0231213873,"STL":0.8670520231,"BLK":0.1926782274,"STK":1.0597302505,"PF":3.1791907514,"Fls on:":2.6011560694,"+\/-":-3.1791907514,"GW":6.0,"GP":13.0},"K. Spandonis":{"TEAM":"UE","MINS":3.9375,"FGM":1.9047619048,"FGA":7.619047619,"FG%":25.0,"2PM":0.0,"2PA":1.9047619048,"2P%":0.0,"3PM":1.9047619048,"3PA":5.7142857143,"3P%":33.3333333333,"FTM":2.8571428571,"FTA":4.7619047619,"FT%":60.0,"PTS":8.5714285714,"OFF":0.9523809524,"DEF":0.9523809524,"REB":1.9047619048,"AST":0.9523809524,"TO":0.0,"STL":0.9523809524,"BLK":0.0,"STK":0.9523809524,"PF":5.7142857143,"Fls on:":1.9047619048,"+\/-":-8.5714285714,"GW":4.0,"GP":8.0},"J. Cruz-Dumont":{"TEAM":"UE","MINS":19.691025641,"FGM":2.8126831174,"FGA":8.672439612,"FG%":32.4324324324,"2PM":1.5235366886,"2PA":4.9221954554,"2P%":30.9523809524,"3PM":1.2891464288,"3PA":3.7502441565,"3P%":34.375,"FTM":1.6407318185,"FTA":1.8751220783,"FT%":87.5,"PTS":8.5552444821,"OFF":0.9375610391,"DEF":3.6330490266,"REB":4.5706100658,"AST":2.9298782473,"TO":1.054756169,"STL":0.9375610391,"BLK":0.3515853897,"STK":1.2891464288,"PF":2.4610977277,"Fls on:":1.5235366886,"+\/-":-5.6253662348,"GW":6.0,"GP":13.0},"D. Robles":{"TEAM":"UE","MINS":1.5733333334,"FGM":3.813559322,"FGA":7.6271186439,"FG%":50.0,"2PM":3.813559322,"2PA":7.6271186439,"2P%":50.0,"3PM":0.0,"3PA":0.0,"3P%":0.0,"FTM":0.0,"FTA":0.0,"FT%":0.0,"PTS":7.6271186439,"OFF":3.813559322,"DEF":0.0,"REB":3.813559322,"AST":0.0,"TO":0.0,"STL":0.0,"BLK":3.813559322,"STK":3.813559322,"PF":0.0,"Fls on:":0.0,"+\/-":7.6271186439,"GW":3.0,"GP":5.0},"E. Galang":{"TEAM":"UE","MINS":24.2555555556,"FGM":2.3705909299,"FGA":8.8639486945,"FG%":26.7441860465,"2PM":0.7214841961,"2PA":2.4736601008,"2P%":29.1666666667,"3PM":1.6491067339,"3PA":6.3902885937,"3P%":25.8064516129,"FTM":1.1337608795,"FTA":1.546037563,"FT%":73.3333333333,"PTS":7.5240494732,"OFF":0.6184150252,"DEF":3.5043518094,"REB":4.1227668346,"AST":1.4429683921,"TO":1.2368300504,"STL":1.0306917087,"BLK":0.8245533669,"STK":1.8552450756,"PF":3.4012826386,"Fls on:":1.6491067339,"+\/-":-1.1337608795,"GW":5.0,"GP":12.0},"R. Malaga III":{"TEAM":"UE","MINS":5.3444444445,"FGM":1.2474012474,"FGA":5.6133056133,"FG%":22.2222222222,"2PM":1.2474012474,"2PA":4.3659043659,"2P%":28.5714285714,"3PM":0.0,"3PA":1.2474012474,"3P%":0.0,"FTM":3.1185031185,"FTA":3.7422037422,"FT%":83.3333333333,"PTS":5.6133056133,"OFF":1.8711018711,"DEF":3.1185031185,"REB":4.9896049896,"AST":0.6237006237,"TO":1.2474012474,"STL":0.6237006237,"BLK":0.6237006237,"STK":1.2474012474,"PF":10.6029106029,"Fls on:":3.1185031185,"+\/-":-8.7318087318,"GW":3.0,"GP":9.0},"N. Mulingtapang":{"TEAM":"UE","MINS":10.8115384615,"FGM":1.4941302028,"FGA":7.0437566702,"FG%":21.2121212121,"2PM":1.280683031,"2PA":4.4823906083,"2P%":28.5714285714,"3PM":0.2134471718,"3PA":2.5613660619,"3P%":8.3333333333,"FTM":2.3479188901,"FTA":2.9882604056,"FT%":78.5714285714,"PTS":5.5496264675,"OFF":0.4268943437,"DEF":1.280683031,"REB":1.7075773746,"AST":3.8420490929,"TO":2.1344717183,"STL":0.6403415155,"BLK":0.0,"STK":0.6403415155,"PF":2.7748132337,"Fls on:":3.4151547492,"+\/-":-1.0672358591,"GW":6.0,"GP":13.0},"H. Cruz-Dumont":{"TEAM":"UE","MINS":6.43,"FGM":0.466562986,"FGA":3.265940902,"FG%":14.2857142857,"2PM":0.466562986,"2PA":3.265940902,"2P%":14.2857142857,"3PM":0.0,"3PA":0.0,"3P%":0.0,"FTM":0.0,"FTA":0.933125972,"FT%":0.0,"PTS":0.933125972,"OFF":1.866251944,"DEF":6.065318818,"REB":7.9315707621,"AST":1.866251944,"TO":3.265940902,"STL":0.466562986,"BLK":0.0,"STK":0.466562986,"PF":6.531881804,"Fls on:":1.866251944,"+\/-":-7.465007776,"GW":3.0,"GP":10.0},"R. Finney":{"TEAM":"UE","MINS":1.0916666667,"FGM":0.0,"FGA":13.7404580148,"FG%":0.0,"2PM":0.0,"2PA":13.7404580148,"2P%":0.0,"3PM":0.0,"3PA":0.0,"3P%":0.0,"FTM":0.0,"FTA":0.0,"FT%":0.0,"PTS":0.0,"OFF":0.0,"DEF":13.7404580148,"REB":13.7404580148,"AST":0.0,"TO":13.7404580148,"STL":13.7404580148,"BLK":0.0,"STK":13.7404580148,"PF":0.0,"Fls on:":0.0,"+\/-":27.4809160297,"GW":1.0,"GP":2.0},"R. Go":{"TEAM":"UE","MINS":2.9208333334,"FGM":0.0,"FGA":2.5677603424,"FG%":0.0,"2PM":0.0,"2PA":2.5677603424,"2P%":0.0,"3PM":0.0,"3PA":0.0,"3P%":0.0,"FTM":0.0,"FTA":0.0,"FT%":0.0,"PTS":0.0,"OFF":0.0,"DEF":2.5677603424,"REB":2.5677603424,"AST":0.0,"TO":0.0,"STL":0.0,"BLK":0.0,"STK":0.0,"PF":5.1355206847,"Fls on:":0.0,"+\/-":-33.3808844506,"GW":2.0,"GP":4.0},"J. Jimenez":{"TEAM":"UE","MINS":4.6944444445,"FGM":0.0,"FGA":8.5207100591,"FG%":0.0,"2PM":0.0,"2PA":6.3905325443,"2P%":0.0,"3PM":0.0,"3PA":2.1301775148,"3P%":0.0,"FTM":0.0,"FTA":0.0,"FT%":0.0,"PTS":0.0,"OFF":2.1301775148,"DEF":0.0,"REB":2.1301775148,"AST":2.1301775148,"TO":0.0,"STL":2.1301775148,"BLK":0.0,"STK":2.1301775148,"PF":4.2603550296,"Fls on:":2.1301775148,"+\/-":-12.7810650887,"GW":3.0,"GP":3.0}}