{"N. Mulingtapang":{"TEAM":"UE","MINS":11.6166666667,"FGM":0.625,"FGA":2.375,"FG%":26.3157894737,"2PM":0.5,"2PA":1.5,"2P%":33.3333333333,"3PM":0.125,"3PA":0.875,"3P%":14.2857142857,"FTM":1.375,"FTA":1.75,"FT%":78.5714285714,"PTS":2.75,"OFF":0.25,"DEF":0.5,"REB":0.75,"AST":1.25,"TO":0.5,"STL":0.125,"BLK":0.0,"STK":0.125,"PF":1.0,"Fls on:":1.5,"+\/-":-0.125,"GW":5.0,"GP":8.0},"P. Momowei":{"TEAM":"UE","MINS":35.2791666667,"FGM":4.5,"FGA":11.25,"FG%":40.0,"2PM":4.375,"2PA":10.625,"2P%":41.1764705882,"3PM":0.125,"3PA":0.625,"3P%":20.0,"FTM":3.625,"FTA":9.125,"FT%":39.7260273973,"PTS":12.75,"OFF":2.75,"DEF":10.0,"REB":12.75,"AST":1.75,"TO":4.5,"STL":1.0,"BLK":1.125,"STK":2.125,"PF":2.875,"Fls on:":9.25,"+\/-":2.75,"GW":5.0,"GP":8.0},"R. Go":{"TEAM":"UE","MINS":3.9833333334,"FGM":0.0,"FGA":0.5,"FG%":0.0,"2PM":0.0,"2PA":0.5,"2P%":0.0,"3PM":0.0,"3PA":0.0,"3P%":0.0,"FTM":0.0,"FTA":0.0,"FT%":0.0,"PTS":0.0,"OFF":0.0,"DEF":0.5,"REB":0.5,"AST":0.0,"TO":0.0,"STL":0.0,"BLK":0.0,"STK":0.0,"PF":0.5,"Fls on:":0.0,"+\/-":-4.5,"GW":1.0,"GP":2.0},"J. Jimenez":{"TEAM":"UE","MINS":6.6083333334,"FGM":0.0,"FGA":2.0,"FG%":0.0,"2PM":0.0,"2PA":1.5,"2P%":0.0,"3PM":0.0,"3PA":0.5,"3P%":0.0,"FTM":0.0,"FTA":0.0,"FT%":0.0,"PTS":0.0,"OFF":0.5,"DEF":0.0,"REB":0.5,"AST":0.5,"TO":0.0,"STL":0.5,"BLK":0.0,"STK":0.5,"PF":0.5,"Fls on:":0.5,"+\/-":-4.0,"GW":2.0,"GP":2.0},"R. Malaga III":{"TEAM":"UE","MINS":4.7366666667,"FGM":0.4,"FGA":0.8,"FG%":50.0,"2PM":0.4,"2PA":0.6,"2P%":66.6666666667,"3PM":0.0,"3PA":0.2,"3P%":0.0,"FTM":0.4,"FTA":0.4,"FT%":100.0,"PTS":1.2,"OFF":0.2,"DEF":0.2,"REB":0.4,"AST":0.0,"TO":0.2,"STL":0.2,"BLK":0.2,"STK":0.4,"PF":2.2,"Fls on:":0.4,"+\/-":-2.4,"GW":2.0,"GP":5.0},"K. Spandonis":{"TEAM":"UE","MINS":3.3583333333,"FGM":0.0,"FGA":0.5,"FG%":0.0,"2PM":0.0,"2PA":0.5,"2P%":0.0,"3PM":0.0,"3PA":0.0,"3P%":0.0,"FTM":0.0,"FTA":0.0,"FT%":0.0,"PTS":0.0,"OFF":0.0,"DEF":0.0,"REB":0.0,"AST":0.25,"TO":0.0,"STL":0.25,"BLK":0.0,"STK":0.25,"PF":1.25,"Fls on:":0.0,"+\/-":3.0,"GW":3.0,"GP":4.0},"D. Fikes":{"TEAM":"UE","MINS":19.2416666667,"FGM":1.875,"FGA":5.5,"FG%":34.0909090909,"2PM":1.25,"2PA":2.5,"2P%":50.0,"3PM":0.625,"3PA":3.0,"3P%":20.8333333333,"FTM":1.25,"FTA":2.125,"FT%":58.8235294118,"PTS":5.625,"OFF":1.25,"DEF":2.375,"REB":3.625,"AST":1.25,"TO":2.0,"STL":0.625,"BLK":0.375,"STK":1.0,"PF":2.875,"Fls on:":1.75,"+\/-":-2.5,"GW":5.0,"GP":8.0},"D. Robles":{"TEAM":"UE","MINS":2.0777777778,"FGM":0.0,"FGA":0.3333333333,"FG%":0.0,"2PM":0.0,"2PA":0.3333333333,"2P%":0.0,"3PM":0.0,"3PA":0.0,"3P%":0.0,"FTM":0.0,"FTA":0.0,"FT%":0.0,"PTS":0.0,"OFF":0.0,"DEF":0.0,"REB":0.0,"AST":0.0,"TO":0.0,"STL":0.0,"BLK":0.3333333333,"STK":0.3333333333,"PF":0.0,"Fls on:":0.0,"+\/-":0.0,"GW":2.0,"GP":3.0},"E. Galang":{"TEAM":"UE","MINS":25.9619047619,"FGM":2.5714285714,"FGA":7.7142857143,"FG%":33.3333333333,"2PM":1.0,"2PA":2.4285714286,"2P%":41.1764705882,"3PM":1.5714285714,"3PA":5.2857142857,"3P%":29.7297297297,"FTM":0.8571428571,"FTA":1.1428571429,"FT%":75.0,"PTS":7.5714285714,"OFF":0.4285714286,"DEF":2.7142857143,"REB":3.1428571429,"AST":1.7142857143,"TO":0.8571428571,"STL":1.1428571429,"BLK":0.7142857143,"STK":1.8571428571,"PF":2.7142857143,"Fls on:":1.7142857143,"+\/-":0.2857142857,"GW":4.0,"GP":7.0},"H. Cruz-Dumont":{"TEAM":"UE","MINS":4.83,"FGM":0.0,"FGA":0.2,"FG%":0.0,"2PM":0.0,"2PA":0.2,"2P%":0.0,"3PM":0.0,"3PA":0.0,"3P%":0.0,"FTM":0.0,"FTA":0.0,"FT%":0.0,"PTS":0.0,"OFF":0.4,"DEF":0.8,"REB":1.2,"AST":0.2,"TO":0.8,"STL":0.2,"BLK":0.0,"STK":0.2,"PF":1.4,"Fls on:":0.0,"+\/-":-3.0,"GW":2.0,"GP":5.0},"J. Abate":{"TEAM":"UE","MINS":24.24375,"FGM":3.0,"FGA":7.0,"FG%":42.8571428571,"2PM":2.5,"2PA":5.0,"2P%":50.0,"3PM":0.5,"3PA":2.0,"3P%":25.0,"FTM":2.125,"FTA":2.875,"FT%":73.9130434783,"PTS":8.625,"OFF":1.375,"DEF":2.125,"REB":3.5,"AST":1.75,"TO":1.875,"STL":0.625,"BLK":0.125,"STK":0.75,"PF":2.625,"Fls on:":2.25,"+\/-":-2.5,"GW":5.0,"GP":8.0},"R. Maga":{"TEAM":"UE","MINS":19.05625,"FGM":2.875,"FGA":6.5,"FG%":44.2307692308,"2PM":2.125,"2PA":5.125,"2P%":41.4634146341,"3PM":0.75,"3PA":1.375,"3P%":54.5454545455,"FTM":0.25,"FTA":0.25,"FT%":100.0,"PTS":6.75,"OFF":0.5,"DEF":1.5,"REB":2.0,"AST":1.375,"TO":0.875,"STL":0.75,"BLK":0.0,"STK":0.75,"PF":1.375,"Fls on:":1.0,"+\/-":0.25,"GW":5.0,"GP":8.0},"G. Wilson":{"TEAM":"UE","MINS":13.8604166667,"FGM":2.25,"FGA":4.625,"FG%":48.6486486486,"2PM":1.875,"2PA":3.625,"2P%":51.724137931,"3PM":0.375,"3PA":1.0,"3P%":37.5,"FTM":1.5,"FTA":2.0,"FT%":75.0,"PTS":6.375,"OFF":0.5,"DEF":0.875,"REB":1.375,"AST":1.375,"TO":1.0,"STL":0.5,"BLK":0.0,"STK":0.5,"PF":0.375,"Fls on:":1.5,"+\/-":1.5,"GW":5.0,"GP":8.0},"J. Cruz-Dumont":{"TEAM":"UE","MINS":20.0541666667,"FGM":1.375,"FGA":4.875,"FG%":28.2051282051,"2PM":0.5,"2PA":2.5,"2P%":20.0,"3PM":0.875,"3PA":2.375,"3P%":36.8421052632,"FTM":1.25,"FTA":1.5,"FT%":83.3333333333,"PTS":4.875,"OFF":0.75,"DEF":3.0,"REB":3.75,"AST":2.0,"TO":0.5,"STL":0.75,"BLK":0.375,"STK":1.125,"PF":1.75,"Fls on:":1.25,"+\/-":-5.625,"GW":5.0,"GP":8.0},"W. Lingolingo":{"TEAM":"UE","MINS":22.76875,"FGM":2.875,"FGA":7.75,"FG%":37.0967741935,"2PM":0.875,"2PA":2.375,"2P%":36.8421052632,"3PM":2.0,"3PA":5.375,"3P%":37.2093023256,"FTM":1.375,"FTA":1.5,"FT%":91.6666666667,"PTS":9.125,"OFF":1.5,"DEF":3.125,"REB":4.625,"AST":0.5,"TO":0.875,"STL":1.5,"BLK":0.0,"STK":1.5,"PF":2.75,"Fls on:":1.75,"+\/-":3.125,"GW":5.0,"GP":8.0}}