{"P. Momowei":{"TEAM":"UE","MINS":34.6115384615,"FGM":4.5384615385,"FGA":11.6153846154,"FG%":39.0728476821,"2PM":4.3846153846,"2PA":10.9230769231,"2P%":40.1408450704,"3PM":0.1538461538,"3PA":0.6923076923,"3P%":22.2222222222,"FTM":3.5384615385,"FTA":7.9230769231,"FT%":44.6601941748,"PTS":12.7692307692,"OFF":3.4615384615,"DEF":10.3076923077,"REB":13.7692307692,"AST":1.6153846154,"TO":4.3846153846,"STL":1.2307692308,"BLK":0.8461538462,"STK":2.0769230769,"PF":3.0,"Fls on:":8.6153846154,"+\/-":-0.2307692308,"GW":6.0,"GP":13.0},"W. Lingolingo":{"TEAM":"UE","MINS":24.4416666667,"FGM":2.9285714286,"FGA":8.2142857143,"FG%":35.652173913,"2PM":1.4285714286,"2PA":3.0,"2P%":47.619047619,"3PM":1.5,"3PA":5.2142857143,"3P%":28.7671232877,"FTM":1.5,"FTA":1.7857142857,"FT%":84.0,"PTS":8.8571428571,"OFF":1.7142857143,"DEF":3.3571428571,"REB":5.0714285714,"AST":0.7857142857,"TO":1.0,"STL":1.2142857143,"BLK":0.1428571429,"STK":1.3571428571,"PF":2.6428571429,"Fls on:":1.8571428571,"+\/-":2.6428571429,"GW":6.0,"GP":14.0},"R. Maga":{"TEAM":"UE","MINS":22.0047619048,"FGM":3.2857142857,"FGA":7.9285714286,"FG%":41.4414414414,"2PM":2.3571428571,"2PA":5.5714285714,"2P%":42.3076923077,"3PM":0.9285714286,"3PA":2.3571428571,"3P%":39.3939393939,"FTM":0.5,"FTA":0.7857142857,"FT%":63.6363636364,"PTS":8.0,"OFF":1.0,"DEF":1.8571428571,"REB":2.8571428571,"AST":1.0714285714,"TO":1.5714285714,"STL":0.4285714286,"BLK":0.2857142857,"STK":0.7142857143,"PF":1.5,"Fls on:":1.0714285714,"+\/-":-0.0714285714,"GW":6.0,"GP":14.0},"J. Abate":{"TEAM":"UE","MINS":23.225,"FGM":2.7857142857,"FGA":6.7857142857,"FG%":41.0526315789,"2PM":2.0,"2PA":4.3571428571,"2P%":45.9016393443,"3PM":0.7857142857,"3PA":2.4285714286,"3P%":32.3529411765,"FTM":1.4285714286,"FTA":1.9285714286,"FT%":74.0740740741,"PTS":7.7857142857,"OFF":1.2142857143,"DEF":2.1428571429,"REB":3.3571428571,"AST":2.0714285714,"TO":1.7142857143,"STL":0.6428571429,"BLK":0.1428571429,"STK":0.7857142857,"PF":2.3571428571,"Fls on:":2.0714285714,"+\/-":-2.0714285714,"GW":6.0,"GP":14.0},"D. Fikes":{"TEAM":"UE","MINS":19.0952380952,"FGM":2.2142857143,"FGA":5.8571428571,"FG%":37.8048780488,"2PM":1.5,"2PA":2.6428571429,"2P%":56.7567567568,"3PM":0.7142857143,"3PA":3.2142857143,"3P%":22.2222222222,"FTM":1.1428571429,"FTA":1.7857142857,"FT%":64.0,"PTS":6.2857142857,"OFF":1.6428571429,"DEF":2.3571428571,"REB":4.0,"AST":1.1428571429,"TO":1.8571428571,"STL":0.5,"BLK":0.4285714286,"STK":0.9285714286,"PF":2.8571428571,"Fls on:":2.0,"+\/-":-1.6428571429,"GW":6.0,"GP":14.0},"J. Cruz-Dumont":{"TEAM":"UE","MINS":20.3309523809,"FGM":1.9285714286,"FGA":5.9285714286,"FG%":32.5301204819,"2PM":1.0714285714,"2PA":3.4285714286,"2P%":31.25,"3PM":0.8571428571,"3PA":2.5,"3P%":34.2857142857,"FTM":1.5,"FTA":1.6428571429,"FT%":91.3043478261,"PTS":6.2142857143,"OFF":0.6428571429,"DEF":2.3571428571,"REB":3.0,"AST":2.0714285714,"TO":0.7142857143,"STL":0.8571428571,"BLK":0.2142857143,"STK":1.0714285714,"PF":1.6428571429,"Fls on:":1.2857142857,"+\/-":-4.0,"GW":6.0,"GP":14.0},"E. Galang":{"TEAM":"UE","MINS":24.2743589744,"FGM":1.8461538462,"FGA":7.0769230769,"FG%":26.0869565217,"2PM":0.5384615385,"2PA":1.9230769231,"2P%":28.0,"3PM":1.3076923077,"3PA":5.1538461538,"3P%":25.3731343284,"FTM":0.8461538462,"FTA":1.3076923077,"FT%":64.7058823529,"PTS":5.8461538462,"OFF":0.4615384615,"DEF":2.7692307692,"REB":3.2307692308,"AST":1.2307692308,"TO":0.9230769231,"STL":0.7692307692,"BLK":0.6153846154,"STK":1.3846153846,"PF":2.6923076923,"Fls on:":1.3076923077,"+\/-":-1.2307692308,"GW":5.0,"GP":13.0},"G. Wilson":{"TEAM":"UE","MINS":12.3261904762,"FGM":1.5714285714,"FGA":3.7857142857,"FG%":41.5094339623,"2PM":1.2857142857,"2PA":2.8571428571,"2P%":45.0,"3PM":0.2857142857,"3PA":0.9285714286,"3P%":30.7692307692,"FTM":1.0714285714,"FTA":1.3571428571,"FT%":78.9473684211,"PTS":4.5,"OFF":0.4285714286,"DEF":0.5,"REB":0.9285714286,"AST":1.4285714286,"TO":1.2142857143,"STL":0.5,"BLK":0.0714285714,"STK":0.5714285714,"PF":0.5,"Fls on:":1.2857142857,"+\/-":-1.0,"GW":6.0,"GP":14.0},"N. Mulingtapang":{"TEAM":"UE","MINS":10.169047619,"FGM":0.5,"FGA":2.3571428571,"FG%":21.2121212121,"2PM":0.4285714286,"2PA":1.5,"2P%":28.5714285714,"3PM":0.0714285714,"3PA":0.8571428571,"3P%":8.3333333333,"FTM":0.7857142857,"FTA":1.0,"FT%":78.5714285714,"PTS":1.8571428571,"OFF":0.1428571429,"DEF":0.4285714286,"REB":0.5714285714,"AST":1.3571428571,"TO":0.7142857143,"STL":0.2142857143,"BLK":0.0,"STK":0.2142857143,"PF":1.0714285714,"Fls on:":1.1428571429,"+\/-":-0.4285714286,"GW":6.0,"GP":14.0},"K. Spandonis":{"TEAM":"UE","MINS":3.9375,"FGM":0.25,"FGA":1.0,"FG%":25.0,"2PM":0.0,"2PA":0.25,"2P%":0.0,"3PM":0.25,"3PA":0.75,"3P%":33.3333333333,"FTM":0.375,"FTA":0.625,"FT%":60.0,"PTS":1.125,"OFF":0.125,"DEF":0.125,"REB":0.25,"AST":0.125,"TO":0.0,"STL":0.125,"BLK":0.0,"STK":0.125,"PF":0.75,"Fls on:":0.25,"+\/-":-1.125,"GW":4.0,"GP":8.0},"R. Malaga III":{"TEAM":"UE","MINS":5.3444444445,"FGM":0.2222222222,"FGA":1.0,"FG%":22.2222222222,"2PM":0.2222222222,"2PA":0.7777777778,"2P%":28.5714285714,"3PM":0.0,"3PA":0.2222222222,"3P%":0.0,"FTM":0.5555555556,"FTA":0.6666666667,"FT%":83.3333333333,"PTS":1.0,"OFF":0.3333333333,"DEF":0.5555555556,"REB":0.8888888889,"AST":0.1111111111,"TO":0.2222222222,"STL":0.1111111111,"BLK":0.1111111111,"STK":0.2222222222,"PF":1.8888888889,"Fls on:":0.5555555556,"+\/-":-1.5555555556,"GW":3.0,"GP":9.0},"R. Go":{"TEAM":"UE","MINS":3.96,"FGM":0.4,"FGA":0.6,"FG%":66.6666666667,"2PM":0.4,"2PA":0.6,"2P%":66.6666666667,"3PM":0.0,"3PA":0.0,"3P%":0.0,"FTM":0.0,"FTA":0.0,"FT%":0.0,"PTS":0.8,"OFF":0.0,"DEF":0.2,"REB":0.2,"AST":0.0,"TO":0.0,"STL":0.0,"BLK":0.0,"STK":0.0,"PF":0.4,"Fls on:":0.2,"+\/-":-3.4,"GW":2.0,"GP":5.0},"D. Robles":{"TEAM":"UE","MINS":1.5733333334,"FGM":0.2,"FGA":0.4,"FG%":50.0,"2PM":0.2,"2PA":0.4,"2P%":50.0,"3PM":0.0,"3PA":0.0,"3P%":0.0,"FTM":0.0,"FTA":0.0,"FT%":0.0,"PTS":0.4,"OFF":0.2,"DEF":0.0,"REB":0.2,"AST":0.0,"TO":0.0,"STL":0.0,"BLK":0.2,"STK":0.2,"PF":0.0,"Fls on:":0.0,"+\/-":0.4,"GW":3.0,"GP":5.0},"H. Cruz-Dumont":{"TEAM":"UE","MINS":6.1303030303,"FGM":0.0909090909,"FGA":0.6363636364,"FG%":14.2857142857,"2PM":0.0909090909,"2PA":0.6363636364,"2P%":14.2857142857,"3PM":0.0,"3PA":0.0,"3P%":0.0,"FTM":0.0,"FTA":0.1818181818,"FT%":0.0,"PTS":0.1818181818,"OFF":0.3636363636,"DEF":1.2727272727,"REB":1.6363636364,"AST":0.3636363636,"TO":0.6363636364,"STL":0.0909090909,"BLK":0.0,"STK":0.0909090909,"PF":1.3636363636,"Fls on:":0.3636363636,"+\/-":-1.5454545455,"GW":3.0,"GP":11.0},"J. Jimenez":{"TEAM":"UE","MINS":4.6944444445,"FGM":0.0,"FGA":1.3333333333,"FG%":0.0,"2PM":0.0,"2PA":1.0,"2P%":0.0,"3PM":0.0,"3PA":0.3333333333,"3P%":0.0,"FTM":0.0,"FTA":0.0,"FT%":0.0,"PTS":0.0,"OFF":0.3333333333,"DEF":0.0,"REB":0.3333333333,"AST":0.3333333333,"TO":0.0,"STL":0.3333333333,"BLK":0.0,"STK":0.3333333333,"PF":0.6666666667,"Fls on:":0.3333333333,"+\/-":-2.0,"GW":3.0,"GP":3.0},"R. Finney":{"TEAM":"UE","MINS":1.0916666667,"FGM":0.0,"FGA":0.5,"FG%":0.0,"2PM":0.0,"2PA":0.5,"2P%":0.0,"3PM":0.0,"3PA":0.0,"3P%":0.0,"FTM":0.0,"FTA":0.0,"FT%":0.0,"PTS":0.0,"OFF":0.0,"DEF":0.5,"REB":0.5,"AST":0.0,"TO":0.5,"STL":0.5,"BLK":0.0,"STK":0.5,"PF":0.0,"Fls on:":0.0,"+\/-":1.0,"GW":1.0,"GP":2.0}}