{"G. Wilson":{"TEAM":"UE","MINS":11.5666666667,"FGM":4.1066282421,"FGA":9.5100864553,"FG%":43.1818181818,"2PM":3.242074928,"2PA":6.916426513,"2P%":46.875,"3PM":0.8645533141,"3PA":2.5936599424,"3P%":33.3333333333,"FTM":3.0259365994,"FTA":3.8904899135,"FT%":77.7777777778,"PTS":12.1037463977,"OFF":1.0806916427,"DEF":1.5129682997,"REB":2.5936599424,"AST":3.242074928,"TO":2.5936599424,"STL":1.2968299712,"BLK":0.0,"STK":1.2968299712,"PF":1.0806916427,"Fls on:":2.8097982709,"+\/-":-0.8645533141,"GW":6.0,"GP":12.0},"W. Lingolingo":{"TEAM":"UE","MINS":24.0722222222,"FGM":3.6348949919,"FGA":10.1777059774,"FG%":35.7142857143,"2PM":1.4539579968,"2PA":3.4271867067,"2P%":42.4242424242,"3PM":2.1809369952,"3PA":6.7505192707,"3P%":32.3076923077,"FTM":1.9732287099,"FTA":2.2847911378,"FT%":86.3636363636,"PTS":11.4239556889,"OFF":1.661666282,"DEF":3.9464574198,"REB":5.6081237018,"AST":0.6231248558,"TO":1.0385414263,"STL":1.7655204246,"BLK":0.1038541426,"STK":1.8693745673,"PF":3.0117701362,"Fls on:":2.2847911378,"+\/-":3.2194784214,"GW":6.0,"GP":12.0},"P. Momowei":{"TEAM":"UE","MINS":34.8847222222,"FGM":4.0132181391,"FGA":9.9613807381,"FG%":40.2877697842,"2PM":3.8698889199,"2PA":9.4597284708,"2P%":40.9090909091,"3PM":0.1433292193,"3PA":0.5016522674,"3P%":28.5714285714,"FTM":2.9382489947,"FTA":6.7364733049,"FT%":43.6170212766,"PTS":11.1080144922,"OFF":3.081578214,"DEF":8.8864115937,"REB":11.9679898077,"AST":1.4332921925,"TO":3.9415535295,"STL":1.0749691444,"BLK":0.7883107059,"STK":1.8632798503,"PF":2.5799259466,"Fls on:":7.4531194012,"+\/-":0.0716646096,"GW":6.0,"GP":12.0},"R. Maga":{"TEAM":"UE","MINS":21.0291666667,"FGM":4.2797701605,"FGA":10.9371904101,"FG%":39.1304347826,"2PM":3.2098276204,"2PA":8.0840103032,"2P%":39.7058823529,"3PM":1.0699425401,"3PA":2.853180107,"3P%":37.5,"FTM":0.5944125223,"FTA":0.8321775312,"FT%":71.4285714286,"PTS":10.2238953834,"OFF":1.6643550624,"DEF":2.6154150981,"REB":4.2797701605,"AST":1.7832375669,"TO":2.1398850802,"STL":0.7132950267,"BLK":0.3566475134,"STK":1.0699425401,"PF":2.1398850802,"Fls on:":1.4265900535,"+\/-":0.9510600357,"GW":6.0,"GP":12.0},"D. Fikes":{"TEAM":"UE","MINS":18.3138888889,"FGM":3.4127104505,"FGA":9.2825724253,"FG%":36.7647058824,"2PM":2.1841346883,"2PA":4.2317609586,"2P%":51.6129032258,"3PM":1.2285757622,"3PA":5.0508114667,"3P%":24.3243243243,"FTM":1.7746094343,"FTA":3.0031851964,"FT%":59.0909090909,"PTS":9.8286060974,"OFF":2.0476262703,"DEF":3.5492188685,"REB":5.5968451388,"AST":1.7746094343,"TO":3.0031851964,"STL":0.8190505081,"BLK":0.6825420901,"STK":1.5015925982,"PF":4.5047777946,"Fls on:":3.0031851964,"+\/-":-2.5936599424,"GW":6.0,"GP":12.0},"J. Abate":{"TEAM":"UE","MINS":24.5930555556,"FGM":3.2529508104,"FGA":8.4373411645,"FG%":38.5542168675,"2PM":2.338058395,"2PA":5.3876997797,"2P%":43.3962264151,"3PM":0.9148924154,"3PA":3.0496413848,"3P%":30.0,"FTM":1.728130118,"FTA":2.338058395,"FT%":73.9130434783,"PTS":9.1489241543,"OFF":1.4231659796,"DEF":2.8463319591,"REB":4.2694979387,"AST":2.7446772463,"TO":2.1347489693,"STL":0.8132377026,"BLK":0.1016547128,"STK":0.9148924154,"PF":3.2529508104,"Fls on:":2.6430225335,"+\/-":-3.4562602361,"GW":6.0,"GP":12.0},"J. Cruz-Dumont":{"TEAM":"UE","MINS":19.7277777778,"FGM":2.7879470572,"FGA":8.2371163053,"FG%":33.8461538462,"2PM":1.3939735286,"2PA":4.4353703182,"2P%":31.4285714286,"3PM":1.3939735286,"3PA":3.801745987,"3P%":36.6666666667,"FTM":1.5206983948,"FTA":1.7741481273,"FT%":85.7142857143,"PTS":8.4905660377,"OFF":1.0137989299,"DEF":3.801745987,"REB":4.8155449169,"AST":2.9146719234,"TO":0.8870740636,"STL":0.8870740636,"BLK":0.3801745987,"STK":1.2672486623,"PF":2.2810475922,"Fls on:":1.5206983948,"+\/-":-5.5758941143,"GW":6.0,"GP":12.0},"D. Robles":{"TEAM":"UE","MINS":1.5733333334,"FGM":3.813559322,"FGA":7.6271186439,"FG%":50.0,"2PM":3.813559322,"2PA":7.6271186439,"2P%":50.0,"3PM":0.0,"3PA":0.0,"3P%":0.0,"FTM":0.0,"FTA":0.0,"FT%":0.0,"PTS":7.6271186439,"OFF":3.813559322,"DEF":0.0,"REB":3.813559322,"AST":0.0,"TO":0.0,"STL":0.0,"BLK":3.813559322,"STK":3.813559322,"PF":0.0,"Fls on:":0.0,"+\/-":7.6271186439,"GW":3.0,"GP":5.0},"E. Galang":{"TEAM":"UE","MINS":23.9939393939,"FGM":2.5006314726,"FGA":8.865875221,"FG%":28.2051282051,"2PM":0.7956554686,"2PA":2.3869664057,"2P%":33.3333333333,"3PM":1.704976004,"3PA":6.4789088154,"3P%":26.3157894737,"FTM":0.6819904016,"FTA":0.9093205355,"FT%":75.0,"PTS":7.3882293508,"OFF":0.5683253347,"DEF":3.1826218742,"REB":3.7509472089,"AST":1.5913109371,"TO":1.2503157363,"STL":1.1366506694,"BLK":0.7956554686,"STK":1.9323061379,"PF":3.2962869411,"Fls on:":1.4776458702,"+\/-":-0.2273301339,"GW":5.0,"GP":11.0},"K. Spandonis":{"TEAM":"UE","MINS":3.8452380952,"FGM":1.1145510836,"FGA":5.5727554179,"FG%":20.0,"2PM":0.0,"2PA":2.2291021672,"2P%":0.0,"3PM":1.1145510836,"3PA":3.3436532508,"3P%":33.3333333333,"FTM":3.3436532508,"FTA":5.5727554179,"FT%":60.0,"PTS":6.6873065015,"OFF":1.1145510836,"DEF":0.0,"REB":1.1145510836,"AST":1.1145510836,"TO":0.0,"STL":1.1145510836,"BLK":0.0,"STK":1.1145510836,"PF":6.6873065015,"Fls on:":2.2291021672,"+\/-":-2.2291021672,"GW":4.0,"GP":7.0},"N. Mulingtapang":{"TEAM":"UE","MINS":10.9847222222,"FGM":1.59312176,"FGA":6.3724870401,"FG%":25.0,"2PM":1.3655329372,"2PA":4.0965988115,"2P%":33.3333333333,"3PM":0.2275888229,"3PA":2.2758882286,"3P%":10.0,"FTM":2.5034770515,"FTA":3.18624352,"FT%":78.5714285714,"PTS":5.9173093944,"OFF":0.4551776457,"DEF":1.3655329372,"REB":1.8207105829,"AST":4.0965988115,"TO":2.2758882286,"STL":0.6827664686,"BLK":0.0,"STK":0.6827664686,"PF":2.7310658743,"Fls on:":3.6414211658,"+\/-":0.2275888229,"GW":6.0,"GP":12.0},"R. Malaga III":{"TEAM":"UE","MINS":5.0895833334,"FGM":1.4735980352,"FGA":5.1575931232,"FG%":28.5714285714,"2PM":1.4735980352,"2PA":3.683995088,"2P%":40.0,"3PM":0.0,"3PA":1.4735980352,"3P%":0.0,"FTM":2.9471960704,"FTA":2.9471960704,"FT%":100.0,"PTS":5.8943921408,"OFF":0.7367990176,"DEF":2.9471960704,"REB":3.683995088,"AST":0.7367990176,"TO":1.4735980352,"STL":0.7367990176,"BLK":0.7367990176,"STK":1.4735980352,"PF":11.7887842816,"Fls on:":2.2103970528,"+\/-":-5.1575931232,"GW":3.0,"GP":8.0},"H. Cruz-Dumont":{"TEAM":"UE","MINS":5.4981481481,"FGM":0.0,"FGA":3.031323678,"FG%":0.0,"2PM":0.0,"2PA":3.031323678,"2P%":0.0,"3PM":0.0,"3PA":0.0,"3P%":0.0,"FTM":0.0,"FTA":1.2125294712,"FT%":0.0,"PTS":0.0,"OFF":1.2125294712,"DEF":4.2438531492,"REB":5.4563826204,"AST":1.8187942068,"TO":4.2438531492,"STL":0.6062647356,"BLK":0.0,"STK":0.6062647356,"PF":8.4877062984,"Fls on:":1.2125294712,"+\/-":-8.4877062984,"GW":3.0,"GP":9.0},"R. Finney":{"TEAM":"UE","MINS":1.0916666667,"FGM":0.0,"FGA":13.7404580148,"FG%":0.0,"2PM":0.0,"2PA":13.7404580148,"2P%":0.0,"3PM":0.0,"3PA":0.0,"3P%":0.0,"FTM":0.0,"FTA":0.0,"FT%":0.0,"PTS":0.0,"OFF":0.0,"DEF":13.7404580148,"REB":13.7404580148,"AST":0.0,"TO":13.7404580148,"STL":13.7404580148,"BLK":0.0,"STK":13.7404580148,"PF":0.0,"Fls on:":0.0,"+\/-":27.4809160297,"GW":1.0,"GP":2.0},"R. Go":{"TEAM":"UE","MINS":2.9208333334,"FGM":0.0,"FGA":2.5677603424,"FG%":0.0,"2PM":0.0,"2PA":2.5677603424,"2P%":0.0,"3PM":0.0,"3PA":0.0,"3P%":0.0,"FTM":0.0,"FTA":0.0,"FT%":0.0,"PTS":0.0,"OFF":0.0,"DEF":2.5677603424,"REB":2.5677603424,"AST":0.0,"TO":0.0,"STL":0.0,"BLK":0.0,"STK":0.0,"PF":5.1355206847,"Fls on:":0.0,"+\/-":-33.3808844506,"GW":2.0,"GP":4.0},"J. Jimenez":{"TEAM":"UE","MINS":4.6944444445,"FGM":0.0,"FGA":8.5207100591,"FG%":0.0,"2PM":0.0,"2PA":6.3905325443,"2P%":0.0,"3PM":0.0,"3PA":2.1301775148,"3P%":0.0,"FTM":0.0,"FTA":0.0,"FT%":0.0,"PTS":0.0,"OFF":2.1301775148,"DEF":0.0,"REB":2.1301775148,"AST":2.1301775148,"TO":0.0,"STL":2.1301775148,"BLK":0.0,"STK":2.1301775148,"PF":4.2603550296,"Fls on:":2.1301775148,"+\/-":-12.7810650887,"GW":3.0,"GP":3.0}}