{"G. Wilson":{"TEAM":"UE","MINS":12.1366666667,"FGM":4.4493271079,"FGA":9.6402087339,"FG%":46.1538461538,"2PM":3.7077725899,"2PA":7.1683603406,"2P%":51.724137931,"3PM":0.741554518,"3PA":2.4718483933,"3P%":30.0,"FTM":3.4605877506,"FTA":4.4493271079,"FT%":77.7777777778,"PTS":13.1007964845,"OFF":0.9887393573,"DEF":1.7302938753,"REB":2.7190332326,"AST":2.966218072,"TO":2.966218072,"STL":1.2359241966,"BLK":0.0,"STK":1.2359241966,"PF":0.9887393573,"Fls on:":3.2134029113,"+\/-":2.966218072,"GW":6.0,"GP":10.0},"W. Lingolingo":{"TEAM":"UE","MINS":23.1966666667,"FGM":3.8798677971,"FGA":10.0876562725,"FG%":38.4615384615,"2PM":1.4226181923,"2PA":3.1038942377,"2P%":45.8333333333,"3PM":2.4572496048,"3PA":6.9837620348,"3P%":35.1851851852,"FTM":1.6812760454,"FTA":1.9399338985,"FT%":86.6666666667,"PTS":11.8982612444,"OFF":1.5519471188,"DEF":4.0091967237,"REB":5.5611438425,"AST":0.7759735594,"TO":1.0346314126,"STL":2.1985917517,"BLK":0.1293289266,"STK":2.3279206783,"PF":3.2332231642,"Fls on:":2.0692628251,"+\/-":4.1385256502,"GW":6.0,"GP":10.0},"P. Momowei":{"TEAM":"UE","MINS":35.2783333333,"FGM":3.8267113904,"FGA":9.7793735532,"FG%":39.1304347826,"2PM":3.7416733595,"2PA":9.3541833987,"2P%":40.0,"3PM":0.0850380309,"3PA":0.4251901545,"3P%":20.0,"FTM":3.4015212359,"FTA":7.4833467189,"FT%":45.4545454545,"PTS":11.1399820475,"OFF":2.7212169887,"DEF":8.8439552133,"REB":11.565172202,"AST":1.5306845561,"TO":4.0818254831,"STL":1.0204563708,"BLK":0.850380309,"STK":1.8708366797,"PF":2.3810648651,"Fls on:":7.9085368734,"+\/-":2.2109888033,"GW":6.0,"GP":10.0},"R. Maga":{"TEAM":"UE","MINS":19.1366666667,"FGM":4.3894791848,"FGA":10.3466295071,"FG%":42.4242424242,"2PM":3.2921093886,"2PA":7.8383556872,"2P%":42.0,"3PM":1.0973697962,"3PA":2.5082738199,"3P%":43.75,"FTM":0.3135342275,"FTA":0.3135342275,"FT%":100.0,"PTS":10.1898623933,"OFF":0.9406026825,"DEF":2.0379724787,"REB":2.9785751611,"AST":2.0379724787,"TO":2.0379724787,"STL":0.9406026825,"BLK":0.3135342275,"STK":1.2541369099,"PF":2.1947395924,"Fls on:":1.2541369099,"+\/-":0.9406026825,"GW":6.0,"GP":10.0},"J. Abate":{"TEAM":"UE","MINS":24.745,"FGM":3.5158617903,"FGA":8.6077995555,"FG%":40.8450704225,"2PM":2.5459688826,"2PA":5.576884219,"2P%":45.652173913,"3PM":0.9698929077,"3PA":3.0309153364,"3P%":32.0,"FTM":2.0610224288,"FTA":2.7884421095,"FT%":73.9130434783,"PTS":10.062638917,"OFF":1.4548393615,"DEF":3.1521519499,"REB":4.6069913114,"AST":2.3034956557,"TO":1.8185492019,"STL":0.6061830673,"BLK":0.1212366135,"STK":0.7274196807,"PF":3.0309153364,"Fls on:":2.3034956557,"+\/-":-1.2123661346,"GW":6.0,"GP":10.0},"D. Fikes":{"TEAM":"UE","MINS":18.18,"FGM":3.300330033,"FGA":8.9108910891,"FG%":37.037037037,"2PM":2.1452145215,"2PA":3.795379538,"2P%":56.5217391304,"3PM":1.1551155116,"3PA":5.1155115512,"3P%":22.5806451613,"FTM":1.6501650165,"FTA":2.8052805281,"FT%":58.8235294118,"PTS":9.4059405941,"OFF":1.9801980198,"DEF":3.4653465347,"REB":5.4455445545,"AST":1.9801980198,"TO":2.9702970297,"STL":0.9900990099,"BLK":0.6600660066,"STK":1.6501650165,"PF":4.2904290429,"Fls on:":2.4752475248,"+\/-":-1.6501650165,"GW":6.0,"GP":10.0},"E. Galang":{"TEAM":"UE","MINS":25.0055555556,"FGM":2.9326816263,"FGA":8.7980448789,"FG%":33.3333333333,"2PM":0.933125972,"2PA":2.5327704954,"2P%":36.8421052632,"3PM":1.9995556543,"3PA":6.2652743835,"3P%":31.914893617,"FTM":0.7998222617,"FTA":1.0664296823,"FT%":75.0,"PTS":8.6647411686,"OFF":0.3999111309,"DEF":3.3325927572,"REB":3.732503888,"AST":1.5996445234,"TO":1.0664296823,"STL":1.3330371029,"BLK":0.6665185514,"STK":1.9995556543,"PF":3.0659853366,"Fls on:":1.7329482337,"+\/-":0.2666074206,"GW":5.0,"GP":9.0},"D. Robles":{"TEAM":"UE","MINS":1.5733333334,"FGM":3.813559322,"FGA":7.6271186439,"FG%":50.0,"2PM":3.813559322,"2PA":7.6271186439,"2P%":50.0,"3PM":0.0,"3PA":0.0,"3P%":0.0,"FTM":0.0,"FTA":0.0,"FT%":0.0,"PTS":7.6271186439,"OFF":3.813559322,"DEF":0.0,"REB":3.813559322,"AST":0.0,"TO":0.0,"STL":0.0,"BLK":3.813559322,"STK":3.813559322,"PF":0.0,"Fls on:":0.0,"+\/-":7.6271186439,"GW":3.0,"GP":5.0},"J. Cruz-Dumont":{"TEAM":"UE","MINS":18.8016666667,"FGM":2.0742841947,"FGA":7.3397748427,"FG%":28.2608695652,"2PM":0.7978016133,"2PA":3.829447744,"2P%":20.8333333333,"3PM":1.2764825813,"3PA":3.5103270987,"3P%":36.3636363636,"FTM":1.5956032267,"FTA":1.914723872,"FT%":83.3333333333,"PTS":7.0206541973,"OFF":1.1169222587,"DEF":4.308128712,"REB":5.4250509707,"AST":3.0316461307,"TO":1.1169222587,"STL":1.1169222587,"BLK":0.478680968,"STK":1.5956032267,"PF":2.39340484,"Fls on:":1.5956032267,"+\/-":-8.616257424,"GW":6.0,"GP":10.0},"N. Mulingtapang":{"TEAM":"UE","MINS":12.0883333333,"FGM":1.4890390183,"FGA":5.4598097339,"FG%":27.2727272727,"2PM":1.2408658486,"2PA":3.4744243761,"2P%":35.7142857143,"3PM":0.2481731697,"3PA":1.9853853578,"3P%":12.5,"FTM":2.729904867,"FTA":3.4744243761,"FT%":78.5714285714,"PTS":5.9561560734,"OFF":0.4963463394,"DEF":1.2408658486,"REB":1.7372121881,"AST":4.467117055,"TO":2.2335585275,"STL":0.7445195092,"BLK":0.0,"STK":0.7445195092,"PF":2.729904867,"Fls on:":3.9707707156,"+\/-":1.9853853578,"GW":6.0,"GP":10.0},"R. Malaga III":{"TEAM":"UE","MINS":4.9166666667,"FGM":1.7433414044,"FGA":6.1016949152,"FG%":28.5714285714,"2PM":1.7433414044,"2PA":4.3583535109,"2P%":40.0,"3PM":0.0,"3PA":1.7433414044,"3P%":0.0,"FTM":1.7433414044,"FTA":1.7433414044,"FT%":100.0,"PTS":5.2300242131,"OFF":0.8716707022,"DEF":2.6150121065,"REB":3.4866828087,"AST":0.0,"TO":1.7433414044,"STL":0.8716707022,"BLK":0.8716707022,"STK":1.7433414044,"PF":13.0750605326,"Fls on:":1.7433414044,"+\/-":-7.8450363196,"GW":3.0,"GP":7.0},"K. Spandonis":{"TEAM":"UE","MINS":3.75,"FGM":0.0,"FGA":4.0,"FG%":0.0,"2PM":0.0,"2PA":2.6666666667,"2P%":0.0,"3PM":0.0,"3PA":1.3333333333,"3P%":0.0,"FTM":4.0,"FTA":6.6666666667,"FT%":60.0,"PTS":4.0,"OFF":0.0,"DEF":0.0,"REB":0.0,"AST":1.3333333333,"TO":0.0,"STL":1.3333333333,"BLK":0.0,"STK":1.3333333333,"PF":8.0,"Fls on:":2.6666666667,"+\/-":5.3333333333,"GW":4.0,"GP":6.0},"R. Finney":{"TEAM":"UE","MINS":1.0916666667,"FGM":0.0,"FGA":13.7404580148,"FG%":0.0,"2PM":0.0,"2PA":13.7404580148,"2P%":0.0,"3PM":0.0,"3PA":0.0,"3P%":0.0,"FTM":0.0,"FTA":0.0,"FT%":0.0,"PTS":0.0,"OFF":0.0,"DEF":13.7404580148,"REB":13.7404580148,"AST":0.0,"TO":13.7404580148,"STL":13.7404580148,"BLK":0.0,"STK":13.7404580148,"PF":0.0,"Fls on:":0.0,"+\/-":27.4809160297,"GW":1.0,"GP":2.0},"R. Go":{"TEAM":"UE","MINS":2.9208333334,"FGM":0.0,"FGA":2.5677603424,"FG%":0.0,"2PM":0.0,"2PA":2.5677603424,"2P%":0.0,"3PM":0.0,"3PA":0.0,"3P%":0.0,"FTM":0.0,"FTA":0.0,"FT%":0.0,"PTS":0.0,"OFF":0.0,"DEF":2.5677603424,"REB":2.5677603424,"AST":0.0,"TO":0.0,"STL":0.0,"BLK":0.0,"STK":0.0,"PF":5.1355206847,"Fls on:":0.0,"+\/-":-33.3808844506,"GW":2.0,"GP":4.0},"J. Jimenez":{"TEAM":"UE","MINS":4.6944444445,"FGM":0.0,"FGA":8.5207100591,"FG%":0.0,"2PM":0.0,"2PA":6.3905325443,"2P%":0.0,"3PM":0.0,"3PA":2.1301775148,"3P%":0.0,"FTM":0.0,"FTA":0.0,"FT%":0.0,"PTS":0.0,"OFF":2.1301775148,"DEF":0.0,"REB":2.1301775148,"AST":2.1301775148,"TO":0.0,"STL":2.1301775148,"BLK":0.0,"STK":2.1301775148,"PF":4.2603550296,"Fls on:":2.1301775148,"+\/-":-12.7810650887,"GW":3.0,"GP":3.0},"H. Cruz-Dumont":{"TEAM":"UE","MINS":6.5238095238,"FGM":0.0,"FGA":3.2846715329,"FG%":0.0,"2PM":0.0,"2PA":3.2846715329,"2P%":0.0,"3PM":0.0,"3PA":0.0,"3P%":0.0,"FTM":0.0,"FTA":0.0,"FT%":0.0,"PTS":0.0,"OFF":1.3138686131,"DEF":3.9416058394,"REB":5.2554744526,"AST":1.3138686131,"TO":4.598540146,"STL":0.6569343066,"BLK":0.0,"STK":0.6569343066,"PF":8.5401459854,"Fls on:":0.6569343066,"+\/-":-4.598540146,"GW":3.0,"GP":7.0}}