{"P. Momowei":{"TEAM":"UE","MINS":35.7075757576,"FGM":4.8181818182,"FGA":12.0909090909,"FG%":39.8496240602,"2PM":4.6363636364,"2PA":11.4545454545,"2P%":40.4761904762,"3PM":0.1818181818,"3PA":0.6363636364,"3P%":28.5714285714,"FTM":3.7272727273,"FTA":8.3636363636,"FT%":44.5652173913,"PTS":13.5454545455,"OFF":3.5454545455,"DEF":10.7272727273,"REB":14.2727272727,"AST":1.8181818182,"TO":4.4545454545,"STL":1.3636363636,"BLK":0.9090909091,"STK":2.2727272727,"PF":2.9090909091,"Fls on:":9.0909090909,"+\/-":1.6363636364,"GW":6.0,"GP":11.0},"W. Lingolingo":{"TEAM":"UE","MINS":23.45,"FGM":2.9090909091,"FGA":8.0,"FG%":36.3636363636,"2PM":1.0909090909,"2PA":2.6363636364,"2P%":41.3793103448,"3PM":1.8181818182,"3PA":5.3636363636,"3P%":33.8983050847,"FTM":1.1818181818,"FTA":1.3636363636,"FT%":86.6666666667,"PTS":8.8181818182,"OFF":1.3636363636,"DEF":3.0,"REB":4.3636363636,"AST":0.5454545455,"TO":0.8181818182,"STL":1.5454545455,"BLK":0.0909090909,"STK":1.6363636364,"PF":2.4545454545,"Fls on:":1.4545454545,"+\/-":3.1818181818,"GW":6.0,"GP":11.0},"J. Abate":{"TEAM":"UE","MINS":25.3045454545,"FGM":2.9090909091,"FGA":7.3636363636,"FG%":39.5061728395,"2PM":2.0909090909,"2PA":4.7272727273,"2P%":44.2307692308,"3PM":0.8181818182,"3PA":2.6363636364,"3P%":31.0344827586,"FTM":1.5454545455,"FTA":2.0909090909,"FT%":73.9130434783,"PTS":8.1818181818,"OFF":1.2727272727,"DEF":2.4545454545,"REB":3.7272727273,"AST":2.2727272727,"TO":1.7272727273,"STL":0.6363636364,"BLK":0.0909090909,"STK":0.7272727273,"PF":2.7272727273,"Fls on:":1.9090909091,"+\/-":-1.0909090909,"GW":6.0,"GP":11.0},"R. Maga":{"TEAM":"UE","MINS":20.3424242424,"FGM":3.0,"FGA":7.4545454545,"FG%":40.243902439,"2PM":2.3636363636,"2PA":5.7272727273,"2P%":41.2698412698,"3PM":0.6363636364,"3PA":1.7272727273,"3P%":36.8421052632,"FTM":0.3636363636,"FTA":0.3636363636,"FT%":100.0,"PTS":7.0,"OFF":1.0,"DEF":1.7272727273,"REB":2.7272727273,"AST":1.1818181818,"TO":1.3636363636,"STL":0.5454545455,"BLK":0.1818181818,"STK":0.7272727273,"PF":1.3636363636,"Fls on:":0.9090909091,"+\/-":0.5454545455,"GW":6.0,"GP":11.0},"E. Galang":{"TEAM":"UE","MINS":24.725,"FGM":2.2,"FGA":7.3,"FG%":30.1369863014,"2PM":0.7,"2PA":2.1,"2P%":33.3333333333,"3PM":1.5,"3PA":5.2,"3P%":28.8461538462,"FTM":0.6,"FTA":0.8,"FT%":75.0,"PTS":6.5,"OFF":0.4,"DEF":2.7,"REB":3.1,"AST":1.2,"TO":0.9,"STL":1.0,"BLK":0.6,"STK":1.6,"PF":2.4,"Fls on:":1.3,"+\/-":0.1,"GW":5.0,"GP":10.0},"D. Fikes":{"TEAM":"UE","MINS":17.5393939394,"FGM":1.9090909091,"FGA":5.4545454545,"FG%":35.0,"2PM":1.2727272727,"2PA":2.4545454545,"2P%":51.8518518519,"3PM":0.6363636364,"3PA":3.0,"3P%":21.2121212121,"FTM":1.0,"FTA":1.6363636364,"FT%":61.1111111111,"PTS":5.4545454545,"OFF":1.0909090909,"DEF":2.0,"REB":3.0909090909,"AST":1.0909090909,"TO":1.7272727273,"STL":0.5454545455,"BLK":0.3636363636,"STK":0.9090909091,"PF":2.6363636364,"Fls on:":1.4545454545,"+\/-":-1.9090909091,"GW":6.0,"GP":11.0},"G. Wilson":{"TEAM":"UE","MINS":11.8696969697,"FGM":1.6363636364,"FGA":3.6363636364,"FG%":45.0,"2PM":1.3636363636,"2PA":2.6363636364,"2P%":51.724137931,"3PM":0.2727272727,"3PA":1.0,"3P%":27.2727272727,"FTM":1.2727272727,"FTA":1.6363636364,"FT%":77.7777777778,"PTS":4.8181818182,"OFF":0.3636363636,"DEF":0.6363636364,"REB":1.0,"AST":1.2727272727,"TO":1.0909090909,"STL":0.5454545455,"BLK":0.0,"STK":0.5454545455,"PF":0.3636363636,"Fls on:":1.1818181818,"+\/-":0.3636363636,"GW":6.0,"GP":11.0},"J. Cruz-Dumont":{"TEAM":"UE","MINS":19.0909090909,"FGM":1.3636363636,"FGA":4.6363636364,"FG%":29.4117647059,"2PM":0.6363636364,"2PA":2.6363636364,"2P%":24.1379310345,"3PM":0.7272727273,"3PA":2.0,"3P%":36.3636363636,"FTM":0.9090909091,"FTA":1.0909090909,"FT%":83.3333333333,"PTS":4.3636363636,"OFF":0.7272727273,"DEF":2.5454545455,"REB":3.2727272727,"AST":1.9090909091,"TO":0.6363636364,"STL":0.6363636364,"BLK":0.2727272727,"STK":0.9090909091,"PF":1.5454545455,"Fls on:":0.9090909091,"+\/-":-5.5454545455,"GW":6.0,"GP":11.0},"N. Mulingtapang":{"TEAM":"UE","MINS":11.546969697,"FGM":0.6363636364,"FGA":2.2727272727,"FG%":28.0,"2PM":0.5454545455,"2PA":1.5454545455,"2P%":35.2941176471,"3PM":0.0909090909,"3PA":0.7272727273,"3P%":12.5,"FTM":1.0,"FTA":1.2727272727,"FT%":78.5714285714,"PTS":2.3636363636,"OFF":0.1818181818,"DEF":0.5454545455,"REB":0.7272727273,"AST":1.6363636364,"TO":0.9090909091,"STL":0.2727272727,"BLK":0.0,"STK":0.2727272727,"PF":1.0909090909,"Fls on:":1.4545454545,"+\/-":0.3636363636,"GW":6.0,"GP":11.0},"R. Malaga III":{"TEAM":"UE","MINS":4.9166666667,"FGM":0.2857142857,"FGA":1.0,"FG%":28.5714285714,"2PM":0.2857142857,"2PA":0.7142857143,"2P%":40.0,"3PM":0.0,"3PA":0.2857142857,"3P%":0.0,"FTM":0.2857142857,"FTA":0.2857142857,"FT%":100.0,"PTS":0.8571428571,"OFF":0.1428571429,"DEF":0.4285714286,"REB":0.5714285714,"AST":0.0,"TO":0.2857142857,"STL":0.1428571429,"BLK":0.1428571429,"STK":0.2857142857,"PF":2.1428571429,"Fls on:":0.2857142857,"+\/-":-1.2857142857,"GW":3.0,"GP":7.0},"K. Spandonis":{"TEAM":"UE","MINS":3.75,"FGM":0.0,"FGA":0.5,"FG%":0.0,"2PM":0.0,"2PA":0.3333333333,"2P%":0.0,"3PM":0.0,"3PA":0.1666666667,"3P%":0.0,"FTM":0.5,"FTA":0.8333333333,"FT%":60.0,"PTS":0.5,"OFF":0.0,"DEF":0.0,"REB":0.0,"AST":0.1666666667,"TO":0.0,"STL":0.1666666667,"BLK":0.0,"STK":0.1666666667,"PF":1.0,"Fls on:":0.3333333333,"+\/-":0.6666666667,"GW":4.0,"GP":6.0},"D. Robles":{"TEAM":"UE","MINS":1.5733333334,"FGM":0.2,"FGA":0.4,"FG%":50.0,"2PM":0.2,"2PA":0.4,"2P%":50.0,"3PM":0.0,"3PA":0.0,"3P%":0.0,"FTM":0.0,"FTA":0.0,"FT%":0.0,"PTS":0.4,"OFF":0.2,"DEF":0.0,"REB":0.2,"AST":0.0,"TO":0.0,"STL":0.0,"BLK":0.2,"STK":0.2,"PF":0.0,"Fls on:":0.0,"+\/-":0.4,"GW":3.0,"GP":5.0},"R. Finney":{"TEAM":"UE","MINS":1.0916666667,"FGM":0.0,"FGA":0.5,"FG%":0.0,"2PM":0.0,"2PA":0.5,"2P%":0.0,"3PM":0.0,"3PA":0.0,"3P%":0.0,"FTM":0.0,"FTA":0.0,"FT%":0.0,"PTS":0.0,"OFF":0.0,"DEF":0.5,"REB":0.5,"AST":0.0,"TO":0.5,"STL":0.5,"BLK":0.0,"STK":0.5,"PF":0.0,"Fls on:":0.0,"+\/-":1.0,"GW":1.0,"GP":2.0},"J. Jimenez":{"TEAM":"UE","MINS":4.6944444445,"FGM":0.0,"FGA":1.3333333333,"FG%":0.0,"2PM":0.0,"2PA":1.0,"2P%":0.0,"3PM":0.0,"3PA":0.3333333333,"3P%":0.0,"FTM":0.0,"FTA":0.0,"FT%":0.0,"PTS":0.0,"OFF":0.3333333333,"DEF":0.0,"REB":0.3333333333,"AST":0.3333333333,"TO":0.0,"STL":0.3333333333,"BLK":0.0,"STK":0.3333333333,"PF":0.6666666667,"Fls on:":0.3333333333,"+\/-":-2.0,"GW":3.0,"GP":3.0},"H. Cruz-Dumont":{"TEAM":"UE","MINS":5.7104166667,"FGM":0.0,"FGA":0.625,"FG%":0.0,"2PM":0.0,"2PA":0.625,"2P%":0.0,"3PM":0.0,"3PA":0.0,"3P%":0.0,"FTM":0.0,"FTA":0.0,"FT%":0.0,"PTS":0.0,"OFF":0.25,"DEF":0.75,"REB":1.0,"AST":0.25,"TO":0.875,"STL":0.125,"BLK":0.0,"STK":0.125,"PF":1.625,"Fls on:":0.125,"+\/-":-1.125,"GW":3.0,"GP":8.0},"R. Go":{"TEAM":"UE","MINS":2.9208333334,"FGM":0.0,"FGA":0.25,"FG%":0.0,"2PM":0.0,"2PA":0.25,"2P%":0.0,"3PM":0.0,"3PA":0.0,"3P%":0.0,"FTM":0.0,"FTA":0.0,"FT%":0.0,"PTS":0.0,"OFF":0.0,"DEF":0.25,"REB":0.25,"AST":0.0,"TO":0.0,"STL":0.0,"BLK":0.0,"STK":0.0,"PF":0.5,"Fls on:":0.0,"+\/-":-3.25,"GW":2.0,"GP":4.0}}