{"P. Momowei":{"TEAM":"UE","MINS":34.8847222222,"FGM":4.6666666667,"FGA":11.5833333333,"FG%":40.2877697842,"2PM":4.5,"2PA":11.0,"2P%":40.9090909091,"3PM":0.1666666667,"3PA":0.5833333333,"3P%":28.5714285714,"FTM":3.4166666667,"FTA":7.8333333333,"FT%":43.6170212766,"PTS":12.9166666667,"OFF":3.5833333333,"DEF":10.3333333333,"REB":13.9166666667,"AST":1.6666666667,"TO":4.5833333333,"STL":1.25,"BLK":0.9166666667,"STK":2.1666666667,"PF":3.0,"Fls on:":8.6666666667,"+\/-":0.0833333333,"GW":6.0,"GP":12.0},"W. Lingolingo":{"TEAM":"UE","MINS":24.0722222222,"FGM":2.9166666667,"FGA":8.1666666667,"FG%":35.7142857143,"2PM":1.1666666667,"2PA":2.75,"2P%":42.4242424242,"3PM":1.75,"3PA":5.4166666667,"3P%":32.3076923077,"FTM":1.5833333333,"FTA":1.8333333333,"FT%":86.3636363636,"PTS":9.1666666667,"OFF":1.3333333333,"DEF":3.1666666667,"REB":4.5,"AST":0.5,"TO":0.8333333333,"STL":1.4166666667,"BLK":0.0833333333,"STK":1.5,"PF":2.4166666667,"Fls on:":1.8333333333,"+\/-":2.5833333333,"GW":6.0,"GP":12.0},"J. Abate":{"TEAM":"UE","MINS":24.5930555556,"FGM":2.6666666667,"FGA":6.9166666667,"FG%":38.5542168675,"2PM":1.9166666667,"2PA":4.4166666667,"2P%":43.3962264151,"3PM":0.75,"3PA":2.5,"3P%":30.0,"FTM":1.4166666667,"FTA":1.9166666667,"FT%":73.9130434783,"PTS":7.5,"OFF":1.1666666667,"DEF":2.3333333333,"REB":3.5,"AST":2.25,"TO":1.75,"STL":0.6666666667,"BLK":0.0833333333,"STK":0.75,"PF":2.6666666667,"Fls on:":2.1666666667,"+\/-":-2.8333333333,"GW":6.0,"GP":12.0},"R. Maga":{"TEAM":"UE","MINS":21.0291666667,"FGM":3.0,"FGA":7.6666666667,"FG%":39.1304347826,"2PM":2.25,"2PA":5.6666666667,"2P%":39.7058823529,"3PM":0.75,"3PA":2.0,"3P%":37.5,"FTM":0.4166666667,"FTA":0.5833333333,"FT%":71.4285714286,"PTS":7.1666666667,"OFF":1.1666666667,"DEF":1.8333333333,"REB":3.0,"AST":1.25,"TO":1.5,"STL":0.5,"BLK":0.25,"STK":0.75,"PF":1.5,"Fls on:":1.0,"+\/-":0.6666666667,"GW":6.0,"GP":12.0},"D. Fikes":{"TEAM":"UE","MINS":18.3138888889,"FGM":2.0833333333,"FGA":5.6666666667,"FG%":36.7647058824,"2PM":1.3333333333,"2PA":2.5833333333,"2P%":51.6129032258,"3PM":0.75,"3PA":3.0833333333,"3P%":24.3243243243,"FTM":1.0833333333,"FTA":1.8333333333,"FT%":59.0909090909,"PTS":6.0,"OFF":1.25,"DEF":2.1666666667,"REB":3.4166666667,"AST":1.0833333333,"TO":1.8333333333,"STL":0.5,"BLK":0.4166666667,"STK":0.9166666667,"PF":2.75,"Fls on:":1.8333333333,"+\/-":-1.5833333333,"GW":6.0,"GP":12.0},"E. Galang":{"TEAM":"UE","MINS":23.9939393939,"FGM":2.0,"FGA":7.0909090909,"FG%":28.2051282051,"2PM":0.6363636364,"2PA":1.9090909091,"2P%":33.3333333333,"3PM":1.3636363636,"3PA":5.1818181818,"3P%":26.3157894737,"FTM":0.5454545455,"FTA":0.7272727273,"FT%":75.0,"PTS":5.9090909091,"OFF":0.4545454545,"DEF":2.5454545455,"REB":3.0,"AST":1.2727272727,"TO":1.0,"STL":0.9090909091,"BLK":0.6363636364,"STK":1.5454545455,"PF":2.6363636364,"Fls on:":1.1818181818,"+\/-":-0.1818181818,"GW":5.0,"GP":11.0},"J. Cruz-Dumont":{"TEAM":"UE","MINS":19.7277777778,"FGM":1.8333333333,"FGA":5.4166666667,"FG%":33.8461538462,"2PM":0.9166666667,"2PA":2.9166666667,"2P%":31.4285714286,"3PM":0.9166666667,"3PA":2.5,"3P%":36.6666666667,"FTM":1.0,"FTA":1.1666666667,"FT%":85.7142857143,"PTS":5.5833333333,"OFF":0.6666666667,"DEF":2.5,"REB":3.1666666667,"AST":1.9166666667,"TO":0.5833333333,"STL":0.5833333333,"BLK":0.25,"STK":0.8333333333,"PF":1.5,"Fls on:":1.0,"+\/-":-3.6666666667,"GW":6.0,"GP":12.0},"G. Wilson":{"TEAM":"UE","MINS":11.5666666667,"FGM":1.5833333333,"FGA":3.6666666667,"FG%":43.1818181818,"2PM":1.25,"2PA":2.6666666667,"2P%":46.875,"3PM":0.3333333333,"3PA":1.0,"3P%":33.3333333333,"FTM":1.1666666667,"FTA":1.5,"FT%":77.7777777778,"PTS":4.6666666667,"OFF":0.4166666667,"DEF":0.5833333333,"REB":1.0,"AST":1.25,"TO":1.0,"STL":0.5,"BLK":0.0,"STK":0.5,"PF":0.4166666667,"Fls on:":1.0833333333,"+\/-":-0.3333333333,"GW":6.0,"GP":12.0},"N. Mulingtapang":{"TEAM":"UE","MINS":10.9847222222,"FGM":0.5833333333,"FGA":2.3333333333,"FG%":25.0,"2PM":0.5,"2PA":1.5,"2P%":33.3333333333,"3PM":0.0833333333,"3PA":0.8333333333,"3P%":10.0,"FTM":0.9166666667,"FTA":1.1666666667,"FT%":78.5714285714,"PTS":2.1666666667,"OFF":0.1666666667,"DEF":0.5,"REB":0.6666666667,"AST":1.5,"TO":0.8333333333,"STL":0.25,"BLK":0.0,"STK":0.25,"PF":1.0,"Fls on:":1.3333333333,"+\/-":0.0833333333,"GW":6.0,"GP":12.0},"R. Malaga III":{"TEAM":"UE","MINS":5.0895833334,"FGM":0.25,"FGA":0.875,"FG%":28.5714285714,"2PM":0.25,"2PA":0.625,"2P%":40.0,"3PM":0.0,"3PA":0.25,"3P%":0.0,"FTM":0.5,"FTA":0.5,"FT%":100.0,"PTS":1.0,"OFF":0.125,"DEF":0.5,"REB":0.625,"AST":0.125,"TO":0.25,"STL":0.125,"BLK":0.125,"STK":0.25,"PF":2.0,"Fls on:":0.375,"+\/-":-0.875,"GW":3.0,"GP":8.0},"K. Spandonis":{"TEAM":"UE","MINS":3.8452380952,"FGM":0.1428571429,"FGA":0.7142857143,"FG%":20.0,"2PM":0.0,"2PA":0.2857142857,"2P%":0.0,"3PM":0.1428571429,"3PA":0.4285714286,"3P%":33.3333333333,"FTM":0.4285714286,"FTA":0.7142857143,"FT%":60.0,"PTS":0.8571428571,"OFF":0.1428571429,"DEF":0.0,"REB":0.1428571429,"AST":0.1428571429,"TO":0.0,"STL":0.1428571429,"BLK":0.0,"STK":0.1428571429,"PF":0.8571428571,"Fls on:":0.2857142857,"+\/-":-0.2857142857,"GW":4.0,"GP":7.0},"D. Robles":{"TEAM":"UE","MINS":1.5733333334,"FGM":0.2,"FGA":0.4,"FG%":50.0,"2PM":0.2,"2PA":0.4,"2P%":50.0,"3PM":0.0,"3PA":0.0,"3P%":0.0,"FTM":0.0,"FTA":0.0,"FT%":0.0,"PTS":0.4,"OFF":0.2,"DEF":0.0,"REB":0.2,"AST":0.0,"TO":0.0,"STL":0.0,"BLK":0.2,"STK":0.2,"PF":0.0,"Fls on:":0.0,"+\/-":0.4,"GW":3.0,"GP":5.0},"H. Cruz-Dumont":{"TEAM":"UE","MINS":5.4981481481,"FGM":0.0,"FGA":0.5555555556,"FG%":0.0,"2PM":0.0,"2PA":0.5555555556,"2P%":0.0,"3PM":0.0,"3PA":0.0,"3P%":0.0,"FTM":0.0,"FTA":0.2222222222,"FT%":0.0,"PTS":0.0,"OFF":0.2222222222,"DEF":0.7777777778,"REB":1.0,"AST":0.3333333333,"TO":0.7777777778,"STL":0.1111111111,"BLK":0.0,"STK":0.1111111111,"PF":1.5555555556,"Fls on:":0.2222222222,"+\/-":-1.5555555556,"GW":3.0,"GP":9.0},"J. Jimenez":{"TEAM":"UE","MINS":4.6944444445,"FGM":0.0,"FGA":1.3333333333,"FG%":0.0,"2PM":0.0,"2PA":1.0,"2P%":0.0,"3PM":0.0,"3PA":0.3333333333,"3P%":0.0,"FTM":0.0,"FTA":0.0,"FT%":0.0,"PTS":0.0,"OFF":0.3333333333,"DEF":0.0,"REB":0.3333333333,"AST":0.3333333333,"TO":0.0,"STL":0.3333333333,"BLK":0.0,"STK":0.3333333333,"PF":0.6666666667,"Fls on:":0.3333333333,"+\/-":-2.0,"GW":3.0,"GP":3.0},"R. Go":{"TEAM":"UE","MINS":2.9208333334,"FGM":0.0,"FGA":0.25,"FG%":0.0,"2PM":0.0,"2PA":0.25,"2P%":0.0,"3PM":0.0,"3PA":0.0,"3P%":0.0,"FTM":0.0,"FTA":0.0,"FT%":0.0,"PTS":0.0,"OFF":0.0,"DEF":0.25,"REB":0.25,"AST":0.0,"TO":0.0,"STL":0.0,"BLK":0.0,"STK":0.0,"PF":0.5,"Fls on:":0.0,"+\/-":-3.25,"GW":2.0,"GP":4.0},"R. Finney":{"TEAM":"UE","MINS":1.0916666667,"FGM":0.0,"FGA":0.5,"FG%":0.0,"2PM":0.0,"2PA":0.5,"2P%":0.0,"3PM":0.0,"3PA":0.0,"3P%":0.0,"FTM":0.0,"FTA":0.0,"FT%":0.0,"PTS":0.0,"OFF":0.0,"DEF":0.5,"REB":0.5,"AST":0.0,"TO":0.5,"STL":0.5,"BLK":0.0,"STK":0.5,"PF":0.0,"Fls on:":0.0,"+\/-":1.0,"GW":1.0,"GP":2.0}}