{"G. Wilson":{"TEAM":"UE","MINS":11.8696969697,"FGM":4.1358182282,"FGA":9.1907071739,"FG%":45.0,"2PM":3.4465151902,"2PA":6.6632627011,"2P%":51.724137931,"3PM":0.689303038,"3PA":2.5274444728,"3P%":27.2727272727,"FTM":3.2167475109,"FTA":4.1358182282,"FT%":77.7777777778,"PTS":12.1776870054,"OFF":0.9190707174,"DEF":1.6083737554,"REB":2.5274444728,"AST":3.2167475109,"TO":2.7572121522,"STL":1.3786060761,"BLK":0.0,"STK":1.3786060761,"PF":0.9190707174,"Fls on:":2.9869798315,"+\/-":0.9190707174,"GW":6.0,"GP":11.0},"P. Momowei":{"TEAM":"UE","MINS":35.7075757576,"FGM":4.0480332669,"FGA":10.1582721602,"FG%":39.8496240602,"2PM":3.8952772945,"2PA":9.6236262571,"2P%":40.4761904762,"3PM":0.1527559723,"3PA":0.5346459032,"3P%":28.5714285714,"FTM":3.1314974329,"FTA":7.0267747274,"FT%":44.5652173913,"PTS":11.3803199389,"OFF":2.9787414605,"DEF":9.0126023677,"REB":11.9913438282,"AST":1.5275597233,"TO":3.7425213222,"STL":1.1456697925,"BLK":0.7637798617,"STK":1.9094496542,"PF":2.4440955573,"Fls on:":7.6377986167,"+\/-":1.374803751,"GW":6.0,"GP":11.0},"W. Lingolingo":{"TEAM":"UE","MINS":23.45,"FGM":3.7216514828,"FGA":10.2345415778,"FG%":36.3636363636,"2PM":1.3956193061,"2PA":3.3727466563,"2P%":41.3793103448,"3PM":2.3260321768,"3PA":6.8617949215,"3P%":33.8983050847,"FTM":1.5119209149,"FTA":1.7445241326,"FT%":86.6666666667,"PTS":11.2812560574,"OFF":1.7445241326,"DEF":3.8379530917,"REB":5.5824772243,"AST":0.697809653,"TO":1.0467144796,"STL":1.9771273503,"BLK":0.1163016088,"STK":2.0934289591,"PF":3.1401434387,"Fls on:":1.8608257414,"+\/-":4.0705563094,"GW":6.0,"GP":11.0},"R. Maga":{"TEAM":"UE","MINS":20.3424242424,"FGM":4.4242514524,"FGA":10.9935945181,"FG%":40.243902439,"2PM":3.4857738716,"2PA":8.4462982273,"2P%":41.2698412698,"3PM":0.9384775808,"3PA":2.5472962908,"3P%":36.8421052632,"FTM":0.5362729033,"FTA":0.5362729033,"FT%":100.0,"PTS":10.3232533889,"OFF":1.4747504841,"DEF":2.5472962908,"REB":4.0220467749,"AST":1.7428869358,"TO":2.0110233875,"STL":0.804409355,"BLK":0.2681364517,"STK":1.0725458066,"PF":2.0110233875,"Fls on:":1.3406822583,"+\/-":0.804409355,"GW":6.0,"GP":11.0},"J. Abate":{"TEAM":"UE","MINS":25.3045454545,"FGM":3.4488952757,"FGA":8.7300161667,"FG%":39.5061728395,"2PM":2.4788934794,"2PA":5.6044548231,"2P%":44.2307692308,"3PM":0.9700017963,"3PA":3.1255613436,"3P%":31.0344827586,"FTM":1.8322256152,"FTA":2.4788934794,"FT%":73.9130434783,"PTS":9.700017963,"OFF":1.5088916831,"DEF":2.9100053889,"REB":4.418897072,"AST":2.6944494342,"TO":2.04778157,"STL":0.7544458416,"BLK":0.1077779774,"STK":0.8622238189,"PF":3.233339321,"Fls on:":2.2633375247,"+\/-":-1.2933357284,"GW":6.0,"GP":11.0},"D. Fikes":{"TEAM":"UE","MINS":17.5393939394,"FGM":3.2653766413,"FGA":9.3296475467,"FG%":35.0,"2PM":2.1769177609,"2PA":4.198341396,"2P%":51.8518518519,"3PM":1.0884588804,"3PA":5.1313061507,"3P%":21.2121212121,"FTM":1.7104353836,"FTA":2.798894264,"FT%":61.1111111111,"PTS":9.3296475467,"OFF":1.8659295093,"DEF":3.4208707671,"REB":5.2868002764,"AST":1.8659295093,"TO":2.9543883898,"STL":0.9329647547,"BLK":0.6219765031,"STK":1.5549412578,"PF":4.5093296476,"Fls on:":2.4879060124,"+\/-":-3.2653766413,"GW":6.0,"GP":11.0},"E. Galang":{"TEAM":"UE","MINS":24.725,"FGM":2.6693629929,"FGA":8.8574317492,"FG%":30.1369863014,"2PM":0.8493427705,"2PA":2.5480283114,"2P%":33.3333333333,"3PM":1.8200202224,"3PA":6.3094034378,"3P%":28.8461538462,"FTM":0.728008089,"FTA":0.970677452,"FT%":75.0,"PTS":7.8867542973,"OFF":0.485338726,"DEF":3.2760364004,"REB":3.7613751264,"AST":1.456016178,"TO":1.0920121335,"STL":1.213346815,"BLK":0.728008089,"STK":1.9413549039,"PF":2.9120323559,"Fls on:":1.5773508595,"+\/-":0.1213346815,"GW":5.0,"GP":10.0},"D. Robles":{"TEAM":"UE","MINS":1.5733333334,"FGM":3.813559322,"FGA":7.6271186439,"FG%":50.0,"2PM":3.813559322,"2PA":7.6271186439,"2P%":50.0,"3PM":0.0,"3PA":0.0,"3P%":0.0,"FTM":0.0,"FTA":0.0,"FT%":0.0,"PTS":7.6271186439,"OFF":3.813559322,"DEF":0.0,"REB":3.813559322,"AST":0.0,"TO":0.0,"STL":0.0,"BLK":3.813559322,"STK":3.813559322,"PF":0.0,"Fls on:":0.0,"+\/-":7.6271186439,"GW":3.0,"GP":5.0},"J. Cruz-Dumont":{"TEAM":"UE","MINS":19.0909090909,"FGM":2.1428571429,"FGA":7.2857142857,"FG%":29.4117647059,"2PM":1.0,"2PA":4.1428571429,"2P%":24.1379310345,"3PM":1.1428571429,"3PA":3.1428571429,"3P%":36.3636363636,"FTM":1.4285714286,"FTA":1.7142857143,"FT%":83.3333333333,"PTS":6.8571428571,"OFF":1.1428571429,"DEF":4.0,"REB":5.1428571429,"AST":3.0,"TO":1.0,"STL":1.0,"BLK":0.4285714286,"STK":1.4285714286,"PF":2.4285714286,"Fls on:":1.4285714286,"+\/-":-8.7142857143,"GW":6.0,"GP":11.0},"N. Mulingtapang":{"TEAM":"UE","MINS":11.546969697,"FGM":1.6533263351,"FGA":5.9047369112,"FG%":28.0,"2PM":1.4171368587,"2PA":4.0152210996,"2P%":35.2941176471,"3PM":0.2361894764,"3PA":1.8895158116,"3P%":12.5,"FTM":2.5980842409,"FTA":3.3066526703,"FT%":78.5714285714,"PTS":6.1409263876,"OFF":0.4723789529,"DEF":1.4171368587,"REB":1.8895158116,"AST":4.251410576,"TO":2.3618947645,"STL":0.7085684293,"BLK":0.0,"STK":0.7085684293,"PF":2.8342737174,"Fls on:":3.7790316231,"+\/-":0.9447579058,"GW":6.0,"GP":11.0},"R. Malaga III":{"TEAM":"UE","MINS":4.9166666667,"FGM":1.7433414044,"FGA":6.1016949152,"FG%":28.5714285714,"2PM":1.7433414044,"2PA":4.3583535109,"2P%":40.0,"3PM":0.0,"3PA":1.7433414044,"3P%":0.0,"FTM":1.7433414044,"FTA":1.7433414044,"FT%":100.0,"PTS":5.2300242131,"OFF":0.8716707022,"DEF":2.6150121065,"REB":3.4866828087,"AST":0.0,"TO":1.7433414044,"STL":0.8716707022,"BLK":0.8716707022,"STK":1.7433414044,"PF":13.0750605326,"Fls on:":1.7433414044,"+\/-":-7.8450363196,"GW":3.0,"GP":7.0},"K. Spandonis":{"TEAM":"UE","MINS":3.75,"FGM":0.0,"FGA":4.0,"FG%":0.0,"2PM":0.0,"2PA":2.6666666667,"2P%":0.0,"3PM":0.0,"3PA":1.3333333333,"3P%":0.0,"FTM":4.0,"FTA":6.6666666667,"FT%":60.0,"PTS":4.0,"OFF":0.0,"DEF":0.0,"REB":0.0,"AST":1.3333333333,"TO":0.0,"STL":1.3333333333,"BLK":0.0,"STK":1.3333333333,"PF":8.0,"Fls on:":2.6666666667,"+\/-":5.3333333333,"GW":4.0,"GP":6.0},"J. Jimenez":{"TEAM":"UE","MINS":4.6944444445,"FGM":0.0,"FGA":8.5207100591,"FG%":0.0,"2PM":0.0,"2PA":6.3905325443,"2P%":0.0,"3PM":0.0,"3PA":2.1301775148,"3P%":0.0,"FTM":0.0,"FTA":0.0,"FT%":0.0,"PTS":0.0,"OFF":2.1301775148,"DEF":0.0,"REB":2.1301775148,"AST":2.1301775148,"TO":0.0,"STL":2.1301775148,"BLK":0.0,"STK":2.1301775148,"PF":4.2603550296,"Fls on:":2.1301775148,"+\/-":-12.7810650887,"GW":3.0,"GP":3.0},"H. Cruz-Dumont":{"TEAM":"UE","MINS":5.7104166667,"FGM":0.0,"FGA":3.283473185,"FG%":0.0,"2PM":0.0,"2PA":3.283473185,"2P%":0.0,"3PM":0.0,"3PA":0.0,"3P%":0.0,"FTM":0.0,"FTA":0.0,"FT%":0.0,"PTS":0.0,"OFF":1.313389274,"DEF":3.940167822,"REB":5.253557096,"AST":1.313389274,"TO":4.596862459,"STL":0.656694637,"BLK":0.0,"STK":0.656694637,"PF":8.5370302809,"Fls on:":0.656694637,"+\/-":-5.9102517329,"GW":3.0,"GP":8.0},"R. Finney":{"TEAM":"UE","MINS":1.0916666667,"FGM":0.0,"FGA":13.7404580148,"FG%":0.0,"2PM":0.0,"2PA":13.7404580148,"2P%":0.0,"3PM":0.0,"3PA":0.0,"3P%":0.0,"FTM":0.0,"FTA":0.0,"FT%":0.0,"PTS":0.0,"OFF":0.0,"DEF":13.7404580148,"REB":13.7404580148,"AST":0.0,"TO":13.7404580148,"STL":13.7404580148,"BLK":0.0,"STK":13.7404580148,"PF":0.0,"Fls on:":0.0,"+\/-":27.4809160297,"GW":1.0,"GP":2.0},"R. Go":{"TEAM":"UE","MINS":2.9208333334,"FGM":0.0,"FGA":2.5677603424,"FG%":0.0,"2PM":0.0,"2PA":2.5677603424,"2P%":0.0,"3PM":0.0,"3PA":0.0,"3P%":0.0,"FTM":0.0,"FTA":0.0,"FT%":0.0,"PTS":0.0,"OFF":0.0,"DEF":2.5677603424,"REB":2.5677603424,"AST":0.0,"TO":0.0,"STL":0.0,"BLK":0.0,"STK":0.0,"PF":5.1355206847,"Fls on:":0.0,"+\/-":-33.3808844506,"GW":2.0,"GP":4.0}}