{"P. Momowei":{"TEAM":"UE","MINS":34.6115384615,"FGM":3.9337704189,"FGA":10.0677853095,"FG%":39.0728476821,"2PM":3.8004222691,"2PA":9.4677186354,"2P%":40.1408450704,"3PM":0.1333481498,"3PA":0.6000666741,"3P%":22.2222222222,"FTM":3.0670074453,"FTA":6.8674297144,"FT%":44.6601941748,"PTS":11.0678964329,"OFF":3.0003333704,"DEF":8.9343260362,"REB":11.9346594066,"AST":1.4001555728,"TO":3.8004222691,"STL":1.0667851984,"BLK":0.7334148239,"STK":1.8002000222,"PF":2.600288921,"Fls on:":7.4674963885,"+\/-":-0.2000222247,"GW":6.0,"GP":13.0},"G. Wilson":{"TEAM":"UE","MINS":12.3261904762,"FGM":3.8246088468,"FGA":9.2138304037,"FG%":41.5094339623,"2PM":3.1292254201,"2PA":6.953834267,"2P%":45.0,"3PM":0.6953834267,"3PA":2.2599961368,"3P%":30.7692307692,"FTM":2.6076878501,"FTA":3.3030712768,"FT%":78.9473684211,"PTS":10.9522889705,"OFF":1.04307514,"DEF":1.2169209967,"REB":2.2599961368,"AST":3.4769171335,"TO":2.9553795635,"STL":1.2169209967,"BLK":0.1738458567,"STK":1.3907668534,"PF":1.2169209967,"Fls on:":3.1292254201,"+\/-":-2.4338419934,"GW":6.0,"GP":14.0},"R. Maga":{"TEAM":"UE","MINS":22.0047619048,"FGM":4.479549881,"FGA":10.8093486258,"FG%":41.4414414414,"2PM":3.213590132,"2PA":7.5957584938,"2P%":42.3076923077,"3PM":1.265959749,"3PA":3.213590132,"3P%":39.3939393939,"FTM":0.6816706341,"FTA":1.0711967107,"FT%":63.6363636364,"PTS":10.906730145,"OFF":1.3633412681,"DEF":2.5319194979,"REB":3.8952607661,"AST":1.4607227873,"TO":2.1423934213,"STL":0.5842891149,"BLK":0.3895260766,"STK":0.9738151915,"PF":2.0450119022,"Fls on:":1.4607227873,"+\/-":-0.0973815192,"GW":6.0,"GP":14.0},"W. Lingolingo":{"TEAM":"UE","MINS":24.4416666667,"FGM":3.5945643174,"FGA":10.0823145487,"FG%":35.652173913,"2PM":1.7534460085,"2PA":3.6822366178,"2P%":47.619047619,"3PM":1.8411183089,"3PA":6.4000779309,"3P%":28.7671232877,"FTM":1.8411183089,"FTA":2.1918075106,"FT%":84.0,"PTS":10.8713652525,"OFF":2.1041352102,"DEF":4.1205981199,"REB":6.2247333301,"AST":0.9643953047,"TO":1.2274122059,"STL":1.4904291072,"BLK":0.1753446008,"STK":1.6657737081,"PF":3.2438751157,"Fls on:":2.279479811,"+\/-":3.2438751157,"GW":6.0,"GP":14.0},"J. Abate":{"TEAM":"UE","MINS":23.225,"FGM":3.598339228,"FGA":8.7651852991,"FG%":41.0526315789,"2PM":2.5834230355,"2PA":5.6281716131,"2P%":45.9016393443,"3PM":1.0149161925,"3PA":3.137013686,"3P%":32.3529411765,"FTM":1.8453021682,"FTA":2.4911579271,"FT%":74.0740740741,"PTS":10.0568968169,"OFF":1.568506843,"DEF":2.7679532523,"REB":4.3364600953,"AST":2.6756881439,"TO":2.2143626019,"STL":0.8303859757,"BLK":0.1845302168,"STK":1.0149161925,"PF":3.0447485776,"Fls on:":2.6756881439,"+\/-":-2.6756881439,"GW":6.0,"GP":14.0},"D. Fikes":{"TEAM":"UE","MINS":19.0952380952,"FGM":3.4788029925,"FGA":9.2019950125,"FG%":37.8048780488,"2PM":2.3566084788,"2PA":4.1521197008,"2P%":56.7567567568,"3PM":1.1221945137,"3PA":5.0498753117,"3P%":22.2222222222,"FTM":1.7955112219,"FTA":2.8054862843,"FT%":64.0,"PTS":9.8753117207,"OFF":2.5810473815,"DEF":3.7032418953,"REB":6.2842892768,"AST":1.7955112219,"TO":2.9177057357,"STL":0.7855361596,"BLK":0.6733167082,"STK":1.4588528678,"PF":4.4887780549,"Fls on:":3.1421446384,"+\/-":-2.5810473815,"GW":6.0,"GP":14.0},"J. Cruz-Dumont":{"TEAM":"UE","MINS":20.3309523809,"FGM":2.8457664832,"FGA":8.7480969669,"FG%":32.5301204819,"2PM":1.5809813796,"2PA":5.0591404146,"2P%":31.25,"3PM":1.2647851036,"3PA":3.6889565523,"3P%":34.2857142857,"FTM":2.2133739314,"FTA":2.4241714486,"FT%":91.3043478261,"PTS":9.1696920014,"OFF":0.9485888277,"DEF":3.478159035,"REB":4.4267478627,"AST":3.0565640005,"TO":1.0539875864,"STL":1.2647851036,"BLK":0.3161962759,"STK":1.5809813796,"PF":2.4241714486,"Fls on:":1.8971776555,"+\/-":-5.9023304837,"GW":6.0,"GP":14.0},"K. Spandonis":{"TEAM":"UE","MINS":3.9375,"FGM":1.9047619048,"FGA":7.619047619,"FG%":25.0,"2PM":0.0,"2PA":1.9047619048,"2P%":0.0,"3PM":1.9047619048,"3PA":5.7142857143,"3P%":33.3333333333,"FTM":2.8571428571,"FTA":4.7619047619,"FT%":60.0,"PTS":8.5714285714,"OFF":0.9523809524,"DEF":0.9523809524,"REB":1.9047619048,"AST":0.9523809524,"TO":0.0,"STL":0.9523809524,"BLK":0.0,"STK":0.9523809524,"PF":5.7142857143,"Fls on:":1.9047619048,"+\/-":-8.5714285714,"GW":4.0,"GP":8.0},"D. Robles":{"TEAM":"UE","MINS":1.5733333334,"FGM":3.813559322,"FGA":7.6271186439,"FG%":50.0,"2PM":3.813559322,"2PA":7.6271186439,"2P%":50.0,"3PM":0.0,"3PA":0.0,"3P%":0.0,"FTM":0.0,"FTA":0.0,"FT%":0.0,"PTS":7.6271186439,"OFF":3.813559322,"DEF":0.0,"REB":3.813559322,"AST":0.0,"TO":0.0,"STL":0.0,"BLK":3.813559322,"STK":3.813559322,"PF":0.0,"Fls on:":0.0,"+\/-":7.6271186439,"GW":3.0,"GP":5.0},"E. Galang":{"TEAM":"UE","MINS":24.2743589744,"FGM":2.2816098025,"FGA":8.7461709095,"FG%":26.0869565217,"2PM":0.6654695257,"2PA":2.3766768776,"2P%":28.0,"3PM":1.6161402768,"3PA":6.3694940319,"3P%":25.3731343284,"FTM":1.0457378261,"FTA":1.6161402768,"FT%":64.7058823529,"PTS":7.2250977078,"OFF":0.5704024506,"DEF":3.4224147037,"REB":3.9928171543,"AST":1.5210732016,"TO":1.1408049012,"STL":0.950670751,"BLK":0.7605366008,"STK":1.7112073519,"PF":3.3273476286,"Fls on:":1.6161402768,"+\/-":-1.5210732016,"GW":5.0,"GP":13.0},"R. Go":{"TEAM":"UE","MINS":3.96,"FGM":3.0303030303,"FGA":4.5454545454,"FG%":66.6666666667,"2PM":3.0303030303,"2PA":4.5454545454,"2P%":66.6666666667,"3PM":0.0,"3PA":0.0,"3P%":0.0,"FTM":0.0,"FTA":0.0,"FT%":0.0,"PTS":6.0606060606,"OFF":0.0,"DEF":1.5151515151,"REB":1.5151515151,"AST":0.0,"TO":0.0,"STL":0.0,"BLK":0.0,"STK":0.0,"PF":3.0303030303,"Fls on:":1.5151515151,"+\/-":-25.7575757574,"GW":2.0,"GP":5.0},"R. Malaga III":{"TEAM":"UE","MINS":5.3444444445,"FGM":1.2474012474,"FGA":5.6133056133,"FG%":22.2222222222,"2PM":1.2474012474,"2PA":4.3659043659,"2P%":28.5714285714,"3PM":0.0,"3PA":1.2474012474,"3P%":0.0,"FTM":3.1185031185,"FTA":3.7422037422,"FT%":83.3333333333,"PTS":5.6133056133,"OFF":1.8711018711,"DEF":3.1185031185,"REB":4.9896049896,"AST":0.6237006237,"TO":1.2474012474,"STL":0.6237006237,"BLK":0.6237006237,"STK":1.2474012474,"PF":10.6029106029,"Fls on:":3.1185031185,"+\/-":-8.7318087318,"GW":3.0,"GP":9.0},"N. Mulingtapang":{"TEAM":"UE","MINS":10.169047619,"FGM":1.4750643877,"FGA":6.9538749707,"FG%":21.2121212121,"2PM":1.2643409038,"2PA":4.4251931632,"2P%":28.5714285714,"3PM":0.210723484,"3PA":2.5286818075,"3P%":8.3333333333,"FTM":2.3179583236,"FTA":2.9501287755,"FT%":78.5714285714,"PTS":5.478810583,"OFF":0.4214469679,"DEF":1.2643409038,"REB":1.6857878717,"AST":4.0037461953,"TO":2.1072348396,"STL":0.6321704519,"BLK":0.0,"STK":0.6321704519,"PF":3.1608522594,"Fls on:":3.3715757434,"+\/-":-1.2643409038,"GW":6.0,"GP":14.0},"H. Cruz-Dumont":{"TEAM":"UE","MINS":6.1303030303,"FGM":0.4448838359,"FGA":3.1141868512,"FG%":14.2857142857,"2PM":0.4448838359,"2PA":3.1141868512,"2P%":14.2857142857,"3PM":0.0,"3PA":0.0,"3P%":0.0,"FTM":0.0,"FTA":0.8897676718,"FT%":0.0,"PTS":0.8897676718,"OFF":1.7795353436,"DEF":6.2283737024,"REB":8.007909046,"AST":1.7795353436,"TO":3.1141868512,"STL":0.4448838359,"BLK":0.0,"STK":0.4448838359,"PF":6.6732575383,"Fls on:":1.7795353436,"+\/-":-7.5630252101,"GW":3.0,"GP":11.0},"R. Finney":{"TEAM":"UE","MINS":1.0916666667,"FGM":0.0,"FGA":13.7404580148,"FG%":0.0,"2PM":0.0,"2PA":13.7404580148,"2P%":0.0,"3PM":0.0,"3PA":0.0,"3P%":0.0,"FTM":0.0,"FTA":0.0,"FT%":0.0,"PTS":0.0,"OFF":0.0,"DEF":13.7404580148,"REB":13.7404580148,"AST":0.0,"TO":13.7404580148,"STL":13.7404580148,"BLK":0.0,"STK":13.7404580148,"PF":0.0,"Fls on:":0.0,"+\/-":27.4809160297,"GW":1.0,"GP":2.0},"J. Jimenez":{"TEAM":"UE","MINS":4.6944444445,"FGM":0.0,"FGA":8.5207100591,"FG%":0.0,"2PM":0.0,"2PA":6.3905325443,"2P%":0.0,"3PM":0.0,"3PA":2.1301775148,"3P%":0.0,"FTM":0.0,"FTA":0.0,"FT%":0.0,"PTS":0.0,"OFF":2.1301775148,"DEF":0.0,"REB":2.1301775148,"AST":2.1301775148,"TO":0.0,"STL":2.1301775148,"BLK":0.0,"STK":2.1301775148,"PF":4.2603550296,"Fls on:":2.1301775148,"+\/-":-12.7810650887,"GW":3.0,"GP":3.0}}