{"N. Mulingtapang":{"TEAM":"UE","MINS":11.6166666667,"FGM":1.6140602583,"FGA":6.1334289814,"FG%":26.3157894737,"2PM":1.2912482066,"2PA":3.8737446198,"2P%":33.3333333333,"3PM":0.3228120517,"3PA":2.2596843616,"3P%":14.2857142857,"FTM":3.5509325682,"FTA":4.5193687231,"FT%":78.5714285714,"PTS":7.1018651363,"OFF":0.6456241033,"DEF":1.2912482066,"REB":1.9368723099,"AST":3.2281205165,"TO":1.2912482066,"STL":0.3228120517,"BLK":0.0,"STK":0.3228120517,"PF":2.5824964132,"Fls on:":3.8737446198,"+\/-":-0.3228120517,"GP":8.0},"P. Momowei":{"TEAM":"UE","MINS":35.2791666667,"FGM":3.8266209992,"FGA":9.5665524979,"FG%":40.0,"2PM":3.7203259714,"2PA":9.0350773592,"2P%":41.1764705882,"3PM":0.1062950278,"3PA":0.5314751388,"3P%":20.0,"FTM":3.0825558049,"FTA":7.7595370261,"FT%":39.7260273973,"PTS":10.842092831,"OFF":2.3384906106,"DEF":8.5036022204,"REB":10.842092831,"AST":1.4881303886,"TO":3.8266209992,"STL":0.850360222,"BLK":0.9566552498,"STK":1.8070154718,"PF":2.4447856384,"Fls on:":7.8658320539,"+\/-":2.3384906106,"GP":8.0},"R. Go":{"TEAM":"UE","MINS":3.9833333334,"FGM":0.0,"FGA":3.7656903766,"FG%":0.0,"2PM":0.0,"2PA":3.7656903766,"2P%":0.0,"3PM":0.0,"3PA":0.0,"3P%":0.0,"FTM":0.0,"FTA":0.0,"FT%":0.0,"PTS":0.0,"OFF":0.0,"DEF":3.7656903766,"REB":3.7656903766,"AST":0.0,"TO":0.0,"STL":0.0,"BLK":0.0,"STK":0.0,"PF":3.7656903766,"Fls on:":0.0,"+\/-":-33.891213389,"GP":2.0},"J. Jimenez":{"TEAM":"UE","MINS":6.6083333334,"FGM":0.0,"FGA":9.079445145,"FG%":0.0,"2PM":0.0,"2PA":6.8095838587,"2P%":0.0,"3PM":0.0,"3PA":2.2698612862,"3P%":0.0,"FTM":0.0,"FTA":0.0,"FT%":0.0,"PTS":0.0,"OFF":2.2698612862,"DEF":0.0,"REB":2.2698612862,"AST":2.2698612862,"TO":0.0,"STL":2.2698612862,"BLK":0.0,"STK":2.2698612862,"PF":2.2698612862,"Fls on:":2.2698612862,"+\/-":-18.15889029,"GP":2.0},"R. Malaga III":{"TEAM":"UE","MINS":4.7366666667,"FGM":2.533427164,"FGA":5.0668543279,"FG%":50.0,"2PM":2.533427164,"2PA":3.8001407459,"2P%":66.6666666667,"3PM":0.0,"3PA":1.266713582,"3P%":0.0,"FTM":2.533427164,"FTA":2.533427164,"FT%":100.0,"PTS":7.6002814919,"OFF":1.266713582,"DEF":1.266713582,"REB":2.533427164,"AST":0.0,"TO":1.266713582,"STL":1.266713582,"BLK":1.266713582,"STK":2.533427164,"PF":13.9338494018,"Fls on:":2.533427164,"+\/-":-15.2005629838,"GP":5.0},"K. Spandonis":{"TEAM":"UE","MINS":3.3583333333,"FGM":0.0,"FGA":4.4665012407,"FG%":0.0,"2PM":0.0,"2PA":4.4665012407,"2P%":0.0,"3PM":0.0,"3PA":0.0,"3P%":0.0,"FTM":0.0,"FTA":0.0,"FT%":0.0,"PTS":0.0,"OFF":0.0,"DEF":0.0,"REB":0.0,"AST":2.2332506204,"TO":0.0,"STL":2.2332506204,"BLK":0.0,"STK":2.2332506204,"PF":11.1662531018,"Fls on:":0.0,"+\/-":26.7990074442,"GP":4.0},"D. Fikes":{"TEAM":"UE","MINS":19.2416666667,"FGM":2.9233434387,"FGA":8.5751407536,"FG%":34.0909090909,"2PM":1.9488956258,"2PA":3.8977912516,"2P%":50.0,"3PM":0.9744478129,"3PA":4.677349502,"3P%":20.8333333333,"FTM":1.9488956258,"FTA":3.3131225639,"FT%":58.8235294118,"PTS":8.7700303162,"OFF":1.9488956258,"DEF":3.702901689,"REB":5.6517973149,"AST":1.9488956258,"TO":3.1182330013,"STL":0.9744478129,"BLK":0.5846686877,"STK":1.5591165007,"PF":4.4824599394,"Fls on:":2.7284538761,"+\/-":-3.8977912516,"GP":8.0},"D. Robles":{"TEAM":"UE","MINS":2.0777777778,"FGM":0.0,"FGA":4.8128342245,"FG%":0.0,"2PM":0.0,"2PA":4.8128342245,"2P%":0.0,"3PM":0.0,"3PA":0.0,"3P%":0.0,"FTM":0.0,"FTA":0.0,"FT%":0.0,"PTS":0.0,"OFF":0.0,"DEF":0.0,"REB":0.0,"AST":0.0,"TO":0.0,"STL":0.0,"BLK":4.8128342245,"STK":4.8128342245,"PF":0.0,"Fls on:":0.0,"+\/-":0.0,"GP":3.0},"E. Galang":{"TEAM":"UE","MINS":25.9619047619,"FGM":2.9713866471,"FGA":8.9141599413,"FG%":33.3333333333,"2PM":1.1555392517,"2PA":2.8063096112,"2P%":41.1764705882,"3PM":1.8158473955,"3PA":6.1078503302,"3P%":29.7297297297,"FTM":0.9904622157,"FTA":1.3206162876,"FT%":75.0,"PTS":8.7490829054,"OFF":0.4952311079,"DEF":3.1364636831,"REB":3.6316947909,"AST":1.9809244314,"TO":0.9904622157,"STL":1.3206162876,"BLK":0.8253851798,"STK":2.1460014674,"PF":3.1364636831,"Fls on:":1.9809244314,"+\/-":0.3301540719,"GP":7.0},"H. Cruz-Dumont":{"TEAM":"UE","MINS":4.83,"FGM":0.0,"FGA":1.2422360248,"FG%":0.0,"2PM":0.0,"2PA":1.2422360248,"2P%":0.0,"3PM":0.0,"3PA":0.0,"3P%":0.0,"FTM":0.0,"FTA":0.0,"FT%":0.0,"PTS":0.0,"OFF":2.4844720497,"DEF":4.9689440994,"REB":7.4534161491,"AST":1.2422360248,"TO":4.9689440994,"STL":1.2422360248,"BLK":0.0,"STK":1.2422360248,"PF":8.6956521739,"Fls on:":0.0,"+\/-":-18.6335403727,"GP":5.0},"J. Abate":{"TEAM":"UE","MINS":24.24375,"FGM":3.7122969838,"FGA":8.6620262954,"FG%":42.8571428571,"2PM":3.0935808198,"2PA":6.1871616396,"2P%":50.0,"3PM":0.618716164,"3PA":2.4748646558,"3P%":25.0,"FTM":2.6295436968,"FTA":3.5576179428,"FT%":73.9130434783,"PTS":10.6728538283,"OFF":1.7014694509,"DEF":2.6295436968,"REB":4.3310131477,"AST":2.1655065739,"TO":2.3201856148,"STL":0.7733952049,"BLK":0.154679041,"STK":0.9280742459,"PF":3.2482598608,"Fls on:":2.7842227378,"+\/-":-3.0935808198,"GP":8.0},"R. Maga":{"TEAM":"UE","MINS":19.05625,"FGM":4.5260741227,"FGA":10.2328632338,"FG%":44.2307692308,"2PM":3.3453591341,"2PA":8.0682190882,"2P%":41.4634146341,"3PM":1.1807149885,"3PA":2.1646441456,"3P%":54.5454545455,"FTM":0.3935716628,"FTA":0.3935716628,"FT%":100.0,"PTS":10.6264348967,"OFF":0.7871433257,"DEF":2.361429977,"REB":3.1485733027,"AST":2.1646441456,"TO":1.3775008199,"STL":1.1807149885,"BLK":0.0,"STK":1.1807149885,"PF":2.1646441456,"Fls on:":1.5742866514,"+\/-":0.3935716628,"GP":8.0},"G. Wilson":{"TEAM":"UE","MINS":13.8604166667,"FGM":4.8699834661,"FGA":10.0105215692,"FG%":48.6486486486,"2PM":4.0583195551,"2PA":7.8460844732,"2P%":51.724137931,"3PM":0.811663911,"3PA":2.164437096,"3P%":37.5,"FTM":3.2466556441,"FTA":4.3288741921,"FT%":75.0,"PTS":13.7982864873,"OFF":1.082218548,"DEF":1.893882459,"REB":2.9761010071,"AST":2.9761010071,"TO":2.164437096,"STL":1.082218548,"BLK":0.0,"STK":1.082218548,"PF":0.811663911,"Fls on:":3.2466556441,"+\/-":3.2466556441,"GP":8.0},"J. Cruz-Dumont":{"TEAM":"UE","MINS":20.0541666667,"FGM":2.0569291502,"FGA":7.2927488053,"FG%":28.2051282051,"2PM":0.7479742364,"2PA":3.7398711822,"2P%":20.0,"3PM":1.3089549138,"3PA":3.5528776231,"3P%":36.8421052632,"FTM":1.8699355911,"FTA":2.2439227093,"FT%":83.3333333333,"PTS":7.2927488053,"OFF":1.1219613547,"DEF":4.4878454187,"REB":5.6098067733,"AST":2.9918969458,"TO":0.7479742364,"STL":1.1219613547,"BLK":0.5609806773,"STK":1.682942032,"PF":2.6179098276,"Fls on:":1.8699355911,"+\/-":-8.41471016,"GP":8.0},"W. Lingolingo":{"TEAM":"UE","MINS":22.76875,"FGM":3.7880867417,"FGA":10.2113642602,"FG%":37.0967741935,"2PM":1.1528959649,"2PA":3.1292890475,"2P%":36.8421052632,"3PM":2.6351907768,"3PA":7.0820752127,"3P%":37.2093023256,"FTM":1.8116936591,"FTA":1.9763930826,"FT%":91.6666666667,"PTS":12.0230579193,"OFF":1.9763930826,"DEF":4.1174855888,"REB":6.0938786714,"AST":0.6587976942,"TO":1.1528959649,"STL":1.9763930826,"BLK":0.0,"STK":1.9763930826,"PF":3.6233873181,"Fls on:":2.3057919297,"+\/-":4.1174855888,"GP":8.0}}