{"J. Cagulangan":{"TEAM":"UP","SP":68.9090909091,"GP":11.0,"MPG":24.5409090909,"EWA":2.2220589692,"PER":27.3650584481,"WS":1.6403774988,"OWS":1.2222293488,"DWS":0.41814815,"EFF":13.0,"GmSc":9.8909090909,"TS%":49.4799190985,"EFG%":46.062992126,"PPWS":0.989598382,"FTR":0.2047244094,"REB%":8.6171078245,"OREB%":7.7494129394,"DREB%":9.4391345578,"AR":9.9335197083,"pAST%":38.4112348517,"hAST%":23.1355470876,"TOR":6.0380217835,"hTO%":14.0627835239,"AST\/TO":1.6451612903,"STL\/TO":0.6451612903,"PPR":1.0803370947,"USG%":27.4313631545,"STL%":null,"BLK%":0.0,"aSP":68.9090909091,"ORtg":101.3816411636,"DRtg":84.8350247178,"Floor%":45.1886660482,"Stop%":0.6254902916,"FFI":46.5364401341,"PIE":10.78782453,"AV":1.9691678355,"DRE\/100":5.9954645423,"DRE\/75":4.4965984067,"POS":46.6739259852},"F. Lopez":{"TEAM":"UP","SP":52.3846153846,"GP":13.0,"MPG":18.5641025641,"EWA":2.1278309212,"PER":28.5421276999,"WS":1.5906948538,"OWS":0.9773422398,"DWS":0.613352614,"EFF":11.8461538462,"GmSc":7.7461538462,"TS%":59.9747474747,"EFG%":60.7954545455,"PPWS":1.1994949495,"FTR":0.5909090909,"REB%":13.655110626,"OREB%":3.3022162952,"DREB%":23.4631157815,"AR":4.575286525,"pAST%":18.2145716573,"hAST%":13.2175226586,"TOR":5.8825112465,"hTO%":16.9939577039,"AST\/TO":0.7777777778,"STL\/TO":0.4444444444,"PPR":-5.2365759437,"USG%":24.9688615917,"STL%":null,"BLK%":121.9639320338,"aSP":52.3846153846,"ORtg":101.9906924813,"DRtg":77.6200756253,"Floor%":49.6177803663,"Stop%":0.7918838395,"FFI":57.3716336292,"PIE":10.2954341987,"AV":2.0817148769,"DRE\/100":14.2854325658,"DRE\/75":10.7140744244,"POS":35.3067421361},"Q. Millora-Brown":{"TEAM":"UP","SP":51.5833333333,"GP":12.0,"MPG":22.3333333333,"EWA":1.8242435082,"PER":24.5018263115,"WS":1.4988260409,"OWS":0.9333377981,"DWS":0.5654882427,"EFF":14.4166666667,"GmSc":8.3,"TS%":59.4353640416,"EFG%":56.6176470588,"PPWS":1.1887072808,"FTR":0.4264705882,"REB%":20.0720535255,"OREB%":15.2398924916,"DREB%":24.6498902944,"AR":1.3733447115,"pAST%":4.8460964959,"hAST%":6.4361897757,"TOR":4.1200341345,"hTO%":19.308569327,"AST\/TO":0.3333333333,"STL\/TO":0.1904761905,"PPR":-5.9246322292,"USG%":16.5942291501,"STL%":null,"BLK%":146.4376232047,"aSP":51.5833333333,"ORtg":107.3461926429,"DRtg":80.7566440996,"Floor%":53.1434797069,"Stop%":0.7195472575,"FFI":56.0620876117,"PIE":10.9668755595,"AV":2.2715132927,"DRE\/100":9.6366108521,"DRE\/75":7.2274581391,"POS":42.4753762439},"H. Alarcon":{"TEAM":"UP","SP":43.0833333333,"GP":12.0,"MPG":17.4472222222,"EWA":1.080140476,"PER":21.1897612964,"WS":1.1113902555,"OWS":0.7152498757,"DWS":0.3961403798,"EFF":8.1666666667,"GmSc":5.3166666667,"TS%":48.1353871099,"EFG%":44.3820224719,"PPWS":0.9627077422,"FTR":0.2471910112,"REB%":9.2588292359,"OREB%":2.8548056811,"DREB%":15.3257989194,"AR":4.2693100545,"pAST%":16.1091045598,"hAST%":13.3145363409,"TOR":3.0136306267,"hTO%":9.3984962406,"AST\/TO":1.4166666667,"STL\/TO":1.0,"PPR":-0.3095441264,"USG%":23.1034262354,"STL%":null,"BLK%":46.861904576,"aSP":43.0833333333,"ORtg":100.8729994294,"DRtg":82.340912615,"Floor%":47.6999890028,"Stop%":0.6830103318,"FFI":46.2782276368,"PIE":5.9982094897,"AV":1.4832018621,"DRE\/100":7.8380771138,"DRE\/75":5.8785578353,"POS":33.1825669388},"T. Fortea":{"TEAM":"UP","SP":38.0,"GP":13.0,"MPG":15.6897435897,"EWA":1.0237156121,"PER":20.9082581156,"WS":1.0585459637,"OWS":0.8108185572,"DWS":0.2477274065,"EFF":6.3846153846,"GmSc":4.7076923077,"TS%":54.9725137431,"EFG%":51.3698630137,"PPWS":1.0994502749,"FTR":0.2191780822,"REB%":5.4647746687,"OREB%":2.4419886804,"DREB%":8.3284666575,"AR":5.9290477914,"pAST%":20.9368358769,"hAST%":19.3212365591,"TOR":4.1245549853,"hTO%":13.4408602151,"AST\/TO":1.4375,"STL\/TO":0.6875,"PPR":-0.3177392806,"USG%":20.5782164792,"STL%":null,"BLK%":12.0256423697,"aSP":38.0,"ORtg":106.8450147738,"DRtg":87.2661115187,"Floor%":43.6996466883,"Stop%":0.5694237618,"FFI":48.2928754281,"PIE":5.6401074306,"AV":1.309451069,"DRE\/100":5.3708037094,"DRE\/75":4.0281027821,"POS":29.8400490512},"J. Bayla":{"TEAM":"UP","SP":31.0,"GP":13.0,"MPG":16.0653846154,"EWA":0.2298389685,"PER":13.0320006062,"WS":0.6464823858,"OWS":0.4396551017,"DWS":0.2068272841,"EFF":4.7692307692,"GmSc":2.9384615385,"TS%":46.7213114754,"EFG%":43.0,"PPWS":0.9344262295,"FTR":0.5,"REB%":8.8176476114,"OREB%":8.1086262391,"DREB%":9.4893520693,"AR":2.7693287797,"pAST%":8.9301186988,"hAST%":13.2530120482,"TOR":2.7693287797,"hTO%":13.2530120482,"AST\/TO":1.0,"STL\/TO":0.5454545455,"PPR":-1.7067044321,"USG%":15.0665145571,"STL%":null,"BLK%":35.2333759446,"aSP":31.0,"ORtg":98.0567976595,"DRtg":88.8961166519,"Floor%":46.5222743769,"Stop%":0.531832043,"FFI":50.6293930529,"PIE":2.4171888988,"AV":1.0521422787,"DRE\/100":0.6243311296,"DRE\/75":0.4682483472,"POS":30.5544741511},"R. Torres":{"TEAM":"UP","SP":33.5,"GP":12.0,"MPG":15.0819444445,"EWA":0.1792322741,"PER":12.8105527444,"WS":0.4989371584,"OWS":0.3078115424,"DWS":0.191125616,"EFF":4.5,"GmSc":2.7,"TS%":39.6573604061,"EFG%":32.1428571429,"PPWS":0.7931472081,"FTR":0.2857142857,"REB%":6.9620700212,"OREB%":5.5042006577,"DREB%":8.3432094181,"AR":6.9725072167,"pAST%":22.5971923713,"hAST%":23.9904038385,"TOR":3.7767747424,"hTO%":12.9948020792,"AST\/TO":1.8461538462,"STL\/TO":0.6153846154,"PPR":1.6114025161,"USG%":18.361929016,"STL%":null,"BLK%":0.0,"aSP":33.5,"ORtg":91.0712920891,"DRtg":88.4183472572,"Floor%":42.0617973544,"Stop%":0.5428505192,"FFI":42.2995035888,"PIE":2.5962399284,"AV":0.9485845026,"DRE\/100":-0.0897100763,"DRE\/75":-0.0672825572,"POS":28.6840864821},"G. Abadiano":{"TEAM":"UP","SP":36.0833333333,"GP":12.0,"MPG":19.9861111111,"EWA":-0.0526044616,"PER":10.379131475,"WS":0.4916513268,"OWS":0.2550099209,"DWS":0.2366414058,"EFF":4.1666666667,"GmSc":2.7916666667,"TS%":39.691943128,"EFG%":37.5,"PPWS":0.7938388626,"FTR":0.125,"REB%":4.6475269211,"OREB%":1.6614347448,"DREB%":7.4764563514,"AR":4.8231353632,"pAST%":15.7965231079,"hAST%":18.2724252492,"TOR":3.0692679584,"hTO%":11.6279069767,"AST\/TO":1.5714285714,"STL\/TO":0.7857142857,"PPR":0.2702219122,"USG%":17.9308275435,"STL%":null,"BLK%":0.0,"aSP":36.0833333333,"ORtg":86.9627811083,"DRtg":88.9224597833,"Floor%":36.54567716,"Stop%":0.5312245089,"FFI":41.4399699593,"PIE":2.7752909579,"AV":0.8953816888,"DRE\/100":-0.7881554529,"DRE\/75":-0.5911165897,"POS":38.0112353327},"S. Torculas":{"TEAM":"UP","SP":29.0909090909,"GP":11.0,"MPG":9.5060606061,"EWA":0.5741308027,"PER":21.8560495377,"WS":0.4779752737,"OWS":0.2996476285,"DWS":0.1783276452,"EFF":4.4545454545,"GmSc":3.0272727273,"TS%":43.6478454681,"EFG%":40.8163265306,"PPWS":0.8729569094,"FTR":0.2244897959,"REB%":13.9037391849,"OREB%":13.3372905514,"DREB%":14.4403747323,"AR":3.5198251452,"pAST%":13.1614153584,"hAST%":10.1685066822,"TOR":4.0226573088,"hTO%":11.6211504939,"AST\/TO":0.875,"STL\/TO":0.625,"PPR":-3.0988948965,"USG%":25.8458604818,"STL%":null,"BLK%":70.3712837045,"aSP":29.0909090909,"ORtg":94.5435279847,"DRtg":83.698022715,"Floor%":43.9512141683,"Stop%":0.6517122087,"FFI":46.3556713341,"PIE":2.8200537153,"AV":0.8819171037,"DRE\/100":3.8827035361,"DRE\/75":2.9120276521,"POS":18.0794104853},"M. Belmonte":{"TEAM":"UP","SP":28.6923076923,"GP":13.0,"MPG":11.2076923077,"EWA":0.28650287,"PER":14.7724417889,"WS":0.4515445451,"OWS":0.2558627963,"DWS":0.1956817488,"EFF":4.6923076923,"GmSc":2.2538461538,"TS%":53.2532920217,"EFG%":51.0204081633,"PPWS":1.0650658404,"FTR":0.1224489796,"REB%":10.9763515912,"OREB%":4.1022728169,"DREB%":17.4886367458,"AR":4.6913746199,"pAST%":17.0630373216,"hAST%":15.923566879,"TOR":6.134874503,"hTO%":20.8231259187,"AST\/TO":0.7647058824,"STL\/TO":0.1176470588,"PPR":-5.5600739478,"USG%":20.5888695416,"STL%":null,"BLK%":33.6695976484,"aSP":28.6923076923,"ORtg":90.3231704151,"DRtg":86.3320360901,"Floor%":41.4759118451,"Stop%":0.590965719,"FFI":46.5316338968,"PIE":3.3124440466,"AV":1.0393889167,"DRE\/100":1.9315337623,"DRE\/75":1.4486503217,"POS":21.3157140714},"G. Stevens":{"TEAM":"UP","SP":22.5,"GP":12.0,"MPG":9.175,"EWA":0.0583785079,"PER":11.885765676,"WS":0.3242430668,"OWS":0.196420509,"DWS":0.1278225578,