{"R. Torres":{"TEAM":"UP","MINS":197.6333333334,"FGM":18.0,"FGA":58.0,"FG%":31.0344827586,"2PM":16.0,"2PA":37.0,"2P%":43.2432432432,"3PM":2.0,"3PA":21.0,"3P%":9.5238095238,"FTM":16.0,"FTA":18.0,"FT%":88.8888888889,"PTS":54.0,"OFF":11.0,"DEF":21.0,"REB":32.0,"AST":26.0,"TO":15.0,"STL":9.0,"BLK":0.0,"STK":9.0,"PF":22.0,"Fls on:":13.0,"+\/-":5.0,"GW":10.0,"GP":13.0},"C. Briones":{"TEAM":"UP","MINS":81.5166666668,"FGM":7.0,"FGA":28.0,"FG%":25.0,"2PM":4.0,"2PA":9.0,"2P%":44.4444444444,"3PM":3.0,"3PA":19.0,"3P%":15.7894736842,"FTM":1.0,"FTA":2.0,"FT%":50.0,"PTS":18.0,"OFF":3.0,"DEF":12.0,"REB":15.0,"AST":5.0,"TO":5.0,"STL":2.0,"BLK":1.0,"STK":3.0,"PF":8.0,"Fls on:":2.0,"+\/-":-31.0,"GW":10.0,"GP":12.0},"S. Alter":{"TEAM":"UP","MINS":44.6666666667,"FGM":5.0,"FGA":12.0,"FG%":41.6666666667,"2PM":5.0,"2PA":10.0,"2P%":50.0,"3PM":0.0,"3PA":2.0,"3P%":0.0,"FTM":0.0,"FTA":2.0,"FT%":0.0,"PTS":10.0,"OFF":8.0,"DEF":9.0,"REB":17.0,"AST":0.0,"TO":3.0,"STL":1.0,"BLK":0.0,"STK":1.0,"PF":10.0,"Fls on:":2.0,"+\/-":-10.0,"GW":7.0,"GP":9.0},"D. Ududo":{"TEAM":"UP","MINS":121.4833333333,"FGM":14.0,"FGA":37.0,"FG%":37.8378378378,"2PM":14.0,"2PA":37.0,"2P%":37.8378378378,"3PM":0.0,"3PA":0.0,"3P%":0.0,"FTM":11.0,"FTA":23.0,"FT%":47.8260869565,"PTS":39.0,"OFF":24.0,"DEF":18.0,"REB":42.0,"AST":2.0,"TO":14.0,"STL":2.0,"BLK":4.0,"STK":6.0,"PF":29.0,"Fls on:":25.0,"+\/-":6.0,"GW":11.0,"GP":14.0},"D. Walker":{"TEAM":"UP","MINS":21.5333333333,"FGM":1.0,"FGA":3.0,"FG%":33.3333333333,"2PM":1.0,"2PA":3.0,"2P%":33.3333333333,"3PM":0.0,"3PA":0.0,"3P%":0.0,"FTM":0.0,"FTA":0.0,"FT%":0.0,"PTS":2.0,"OFF":0.0,"DEF":1.0,"REB":1.0,"AST":4.0,"TO":1.0,"STL":2.0,"BLK":0.0,"STK":2.0,"PF":0.0,"Fls on:":0.0,"+\/-":-17.0,"GW":5.0,"GP":5.0},"Q. Millora-Brown":{"TEAM":"UP","MINS":293.3333333333,"FGM":45.0,"FGA":78.0,"FG%":57.6923076923,"2PM":44.0,"2PA":73.0,"2P%":60.2739726027,"3PM":1.0,"3PA":5.0,"3P%":20.0,"FTM":21.0,"FTA":34.0,"FT%":61.7647058824,"PTS":112.0,"OFF":48.0,"DEF":75.0,"REB":123.0,"AST":9.0,"TO":27.0,"STL":4.0,"BLK":18.0,"STK":22.0,"PF":25.0,"Fls on:":53.0,"+\/-":110.0,"GW":11.0,"GP":13.0},"J. Felicilda":{"TEAM":"UP","MINS":168.1,"FGM":13.0,"FGA":37.0,"FG%":35.1351351351,"2PM":8.0,"2PA":22.0,"2P%":36.3636363636,"3PM":5.0,"3PA":15.0,"3P%":33.3333333333,"FTM":1.0,"FTA":4.0,"FT%":25.0,"PTS":32.0,"OFF":4.0,"DEF":23.0,"REB":27.0,"AST":18.0,"TO":14.0,"STL":5.0,"BLK":0.0,"STK":5.0,"PF":16.0,"Fls on:":5.0,"+\/-":21.0,"GW":10.0,"GP":12.0},"F. Lopez":{"TEAM":"UP","MINS":265.4999999999,"FGM":51.0,"FGA":95.0,"FG%":53.6842105263,"2PM":42.0,"2PA":62.0,"2P%":67.7419354839,"3PM":9.0,"3PA":33.0,"3P%":27.2727272727,"FTM":26.0,"FTA":54.0,"FT%":48.1481481481,"PTS":137.0,"OFF":10.0,"DEF":65.0,"REB":75.0,"AST":24.0,"TO":28.0,"STL":12.0,"BLK":14.0,"STK":26.0,"PF":31.0,"Fls on:":46.0,"+\/-":68.0,"GW":11.0,"GP":14.0},"G. Abadiano":{"TEAM":"UP","MINS":261.2333333334,"FGM":24.0,"FGA":82.0,"FG%":29.2682926829,"2PM":12.0,"2PA":38.0,"2P%":31.5789473684,"3PM":12.0,"3PA":44.0,"3P%":27.2727272727,"FTM":11.0,"FTA":14.0,"FT%":78.5714285714,"PTS":71.0,"OFF":4.0,"DEF":19.0,"REB":23.0,"AST":24.0,"TO":18.0,"STL":13.0,"BLK":0.0,"STK":13.0,"PF":18.0,"Fls on:":21.0,"+\/-":65.0,"GW":10.0,"GP":13.0},"T. Fortea":{"TEAM":"UP","MINS":211.6666666667,"FGM":30.0,"FGA":77.0,"FG%":38.961038961,"2PM":12.0,"2PA":24.0,"2P%":50.0,"3PM":18.0,"3PA":53.0,"3P%":33.9622641509,"FTM":14.0,"FTA":18.0,"FT%":77.7777777778,"PTS":92.0,"OFF":5.0,"DEF":19.0,"REB":24.0,"AST":24.0,"TO":16.0,"STL":11.0,"BLK":1.0,"STK":12.0,"PF":17.0,"Fls on:":16.0,"+\/-":37.0,"GW":11.0,"GP":14.0},"G. Stevens":{"TEAM":"UP","MINS":115.7333333333,"FGM":11.0,"FGA":22.0,"FG%":50.0,"2PM":11.0,"2PA":22.0,"2P%":50.0,"3PM":0.0,"3PA":0.0,"3P%":0.0,"FTM":6.0,"FTA":17.0,"FT%":35.2941176471,"PTS":28.0,"OFF":16.0,"DEF":17.0,"REB":33.0,"AST":3.0,"TO":7.0,"STL":1.0,"BLK":2.0,"STK":3.0,"PF":27.0,"Fls on:":11.0,"+\/-":14.0,"GW":10.0,"GP":13.0},"M. Belmonte":{"TEAM":"UP","MINS":154.4499999998,"FGM":23.0,"FGA":50.0,"FG%":46.0,"2PM":19.0,"2PA":38.0,"2P%":50.0,"3PM":4.0,"3PA":12.0,"3P%":33.3333333333,"FTM":5.0,"FTA":8.0,"FT%":62.5,"PTS":55.0,"OFF":6.0,"DEF":28.0,"REB":34.0,"AST":13.0,"TO":18.0,"STL":2.0,"BLK":2.0,"STK":4.0,"PF":20.0,"Fls on:":10.0,"+\/-":37.0,"GW":11.0,"GP":14.0},"H. Alarcon":{"TEAM":"UP","MINS":233.6166666666,"FGM":49.0,"FGA":106.0,"FG%":46.2264150943,"2PM":39.0,"2PA":75.0,"2P%":52.0,"3PM":10.0,"3PA":31.0,"3P%":32.2580645161,"FTM":20.0,"FTA":27.0,"FT%":74.0740740741,"PTS":128.0,"OFF":7.0,"DEF":38.0,"REB":45.0,"AST":17.0,"TO":14.0,"STL":13.0,"BLK":4.0,"STK":17.0,"PF":30.0,"Fls on:":27.0,"+\/-":123.0,"GW":10.0,"GP":13.0},"S. Torculas":{"TEAM":"UP","MINS":106.6833333334,"FGM":19.0,"FGA":51.0,"FG%":37.2549019608,"2PM":15.0,"2PA":35.0,"2P%":42.8571428571,"3PM":4.0,"3PA":16.0,"3P%":25.0,"FTM":7.0,"FTA":11.0,"FT%":63.6363636364,"PTS":49.0,"OFF":14.0,"DEF":17.0,"REB":31.0,"AST":7.0,"TO":8.0,"STL":5.0,"BLK":3.0,"STK":8.0,"PF":9.0,"Fls on:":10.0,"+\/-":2.0,"GW":9.0,"GP":12.0},"J. Cagulangan":{"TEAM":"UP","MINS":300.8833333334,"FGM":52.0,"FGA":138.0,"FG%":37.6811594203,"2PM":36.0,"2PA":88.0,"2P%":40.9090909091,"3PM":16.0,"3PA":50.0,"3P%":32.0,"FTM":21.0,"FTA":29.0,"FT%":72.4137931034,"PTS":141.0,"OFF":23.0,"DEF":30.0,"REB":53.0,"AST":60.0,"TO":32.0,"STL":21.0,"BLK":0.0,"STK":21.0,"PF":15.0,"Fls on:":33.0,"+\/-":120.0,"GW":10.0,"GP":12.0},"J. Bayla":{"TEAM":"UP","MINS":220.5666666667,"FGM":19.0,"FGA":52.0,"FG%":36.5384615385,"2PM":14.0,"2PA":33.0,"2P%":42.4242424242,"3PM":5.0,"3PA":19.0,"3P%":26.3157894737,"FTM":15.0,"FTA":27.0,"FT%":55.5555555556,"PTS":58.0,"OFF":19.0,"DEF":23.0,"REB":42.0,"AST":11.0,"TO":12.0,"STL":7.0,"BLK":3.0,"STK":10.0,"PF":29.0,"Fls on:":19.0,"+\/-":5.0,"GW":11.0,"GP":14.0}}