{"R. Torres":{"TEAM":"UP","MINS":165.3000000001,"FGM":14.0,"FGA":49.0,"FG%":28.5714285714,"2PM":13.0,"2PA":31.0,"2P%":41.935483871,"3PM":1.0,"3PA":18.0,"3P%":5.5555555556,"FTM":14.0,"FTA":16.0,"FT%":87.5,"PTS":43.0,"OFF":9.0,"DEF":15.0,"REB":24.0,"AST":21.0,"TO":13.0,"STL":8.0,"BLK":0.0,"STK":8.0,"PF":18.0,"Fls on:":12.0,"+\/-":-10.0,"GW":8.0,"GP":11.0},"C. Briones":{"TEAM":"UP","MINS":74.9833333334,"FGM":6.0,"FGA":24.0,"FG%":25.0,"2PM":4.0,"2PA":8.0,"2P%":50.0,"3PM":2.0,"3PA":16.0,"3P%":12.5,"FTM":1.0,"FTA":2.0,"FT%":50.0,"PTS":15.0,"OFF":2.0,"DEF":11.0,"REB":13.0,"AST":5.0,"TO":4.0,"STL":1.0,"BLK":0.0,"STK":1.0,"PF":5.0,"Fls on:":2.0,"+\/-":-38.0,"GW":8.0,"GP":10.0},"S. Alter":{"TEAM":"UP","MINS":44.6666666667,"FGM":5.0,"FGA":12.0,"FG%":41.6666666667,"2PM":5.0,"2PA":10.0,"2P%":50.0,"3PM":0.0,"3PA":2.0,"3P%":0.0,"FTM":0.0,"FTA":2.0,"FT%":0.0,"PTS":10.0,"OFF":8.0,"DEF":9.0,"REB":17.0,"AST":0.0,"TO":3.0,"STL":1.0,"BLK":0.0,"STK":1.0,"PF":10.0,"Fls on:":2.0,"+\/-":-10.0,"GW":7.0,"GP":9.0},"D. Ududo":{"TEAM":"UP","MINS":109.3,"FGM":13.0,"FGA":34.0,"FG%":38.2352941176,"2PM":13.0,"2PA":34.0,"2P%":38.2352941176,"3PM":0.0,"3PA":0.0,"3P%":0.0,"FTM":11.0,"FTA":23.0,"FT%":47.8260869565,"PTS":37.0,"OFF":22.0,"DEF":16.0,"REB":38.0,"AST":2.0,"TO":14.0,"STL":2.0,"BLK":4.0,"STK":6.0,"PF":27.0,"Fls on:":24.0,"+\/-":9.0,"GW":9.0,"GP":12.0},"D. Walker":{"TEAM":"UP","MINS":21.5333333333,"FGM":1.0,"FGA":3.0,"FG%":33.3333333333,"2PM":1.0,"2PA":3.0,"2P%":33.3333333333,"3PM":0.0,"3PA":0.0,"3P%":0.0,"FTM":0.0,"FTA":0.0,"FT%":0.0,"PTS":2.0,"OFF":0.0,"DEF":1.0,"REB":1.0,"AST":4.0,"TO":1.0,"STL":2.0,"BLK":0.0,"STK":2.0,"PF":0.0,"Fls on:":0.0,"+\/-":-17.0,"GW":5.0,"GP":5.0},"Q. Millora-Brown":{"TEAM":"UP","MINS":241.8166666667,"FGM":35.0,"FGA":63.0,"FG%":55.5555555556,"2PM":34.0,"2PA":58.0,"2P%":58.6206896552,"3PM":1.0,"3PA":5.0,"3P%":20.0,"FTM":18.0,"FTA":27.0,"FT%":66.6666666667,"PTS":89.0,"OFF":33.0,"DEF":65.0,"REB":98.0,"AST":7.0,"TO":18.0,"STL":4.0,"BLK":16.0,"STK":20.0,"PF":21.0,"Fls on:":44.0,"+\/-":77.0,"GW":9.0,"GP":11.0},"J. Felicilda":{"TEAM":"UP","MINS":150.45,"FGM":12.0,"FGA":32.0,"FG%":37.5,"2PM":8.0,"2PA":20.0,"2P%":40.0,"3PM":4.0,"3PA":12.0,"3P%":33.3333333333,"FTM":1.0,"FTA":4.0,"FT%":25.0,"PTS":29.0,"OFF":4.0,"DEF":21.0,"REB":25.0,"AST":15.0,"TO":14.0,"STL":5.0,"BLK":0.0,"STK":5.0,"PF":16.0,"Fls on:":5.0,"+\/-":32.0,"GW":8.0,"GP":10.0},"F. Lopez":{"TEAM":"UP","MINS":221.1166666665,"FGM":44.0,"FGA":78.0,"FG%":56.4102564103,"2PM":37.0,"2PA":53.0,"2P%":69.8113207547,"3PM":7.0,"3PA":25.0,"3P%":28.0,"FTM":26.0,"FTA":48.0,"FT%":54.1666666667,"PTS":121.0,"OFF":7.0,"DEF":58.0,"REB":65.0,"AST":17.0,"TO":25.0,"STL":8.0,"BLK":12.0,"STK":20.0,"PF":28.0,"Fls on:":40.0,"+\/-":50.0,"GW":9.0,"GP":12.0},"G. Abadiano":{"TEAM":"UP","MINS":212.2666666667,"FGM":18.0,"FGA":65.0,"FG%":27.6923076923,"2PM":12.0,"2PA":35.0,"2P%":34.2857142857,"3PM":6.0,"3PA":30.0,"3P%":20.0,"FTM":6.0,"FTA":9.0,"FT%":66.6666666667,"PTS":48.0,"OFF":4.0,"DEF":15.0,"REB":19.0,"AST":21.0,"TO":12.0,"STL":9.0,"BLK":0.0,"STK":9.0,"PF":14.0,"Fls on:":17.0,"+\/-":48.0,"GW":8.0,"GP":11.0},"T. Fortea":{"TEAM":"UP","MINS":190.8833333334,"FGM":27.0,"FGA":66.0,"FG%":40.9090909091,"2PM":12.0,"2PA":23.0,"2P%":52.1739130435,"3PM":15.0,"3PA":43.0,"3P%":34.8837209302,"FTM":13.0,"FTA":16.0,"FT%":81.25,"PTS":82.0,"OFF":5.0,"DEF":18.0,"REB":23.0,"AST":23.0,"TO":16.0,"STL":11.0,"BLK":1.0,"STK":12.0,"PF":16.0,"Fls on:":14.0,"+\/-":48.0,"GW":9.0,"GP":12.0},"G. Stevens":{"TEAM":"UP","MINS":99.5,"FGM":10.0,"FGA":19.0,"FG%":52.6315789474,"2PM":10.0,"2PA":19.0,"2P%":52.6315789474,"3PM":0.0,"3PA":0.0,"3P%":0.0,"FTM":6.0,"FTA":17.0,"FT%":35.2941176471,"PTS":26.0,"OFF":14.0,"DEF":16.0,"REB":30.0,"AST":3.0,"TO":7.0,"STL":1.0,"BLK":2.0,"STK":3.0,"PF":23.0,"Fls on:":11.0,"+\/-":26.0,"GW":8.0,"GP":11.0},"M. Belmonte":{"TEAM":"UP","MINS":140.6999999998,"FGM":22.0,"FGA":47.0,"FG%":46.8085106383,"2PM":18.0,"2PA":36.0,"2P%":50.0,"3PM":4.0,"3PA":11.0,"3P%":36.3636363636,"FTM":5.0,"FTA":6.0,"FT%":83.3333333333,"PTS":53.0,"OFF":6.0,"DEF":27.0,"REB":33.0,"AST":13.0,"TO":16.0,"STL":2.0,"BLK":2.0,"STK":4.0,"PF":19.0,"Fls on:":9.0,"+\/-":37.0,"GW":9.0,"GP":12.0},"H. Alarcon":{"TEAM":"UP","MINS":197.0999999999,"FGM":36.0,"FGA":85.0,"FG%":42.3529411765,"2PM":31.0,"2PA":64.0,"2P%":48.4375,"3PM":5.0,"3PA":21.0,"3P%":23.8095238095,"FTM":15.0,"FTA":21.0,"FT%":71.4285714286,"PTS":92.0,"OFF":6.0,"DEF":33.0,"REB":39.0,"AST":16.0,"TO":12.0,"STL":11.0,"BLK":4.0,"STK":15.0,"PF":21.0,"Fls on:":22.0,"+\/-":96.0,"GW":8.0,"GP":11.0},"S. Torculas":{"TEAM":"UP","MINS":89.8166666667,"FGM":14.0,"FGA":40.0,"FG%":35.0,"2PM":11.0,"2PA":27.0,"2P%":40.7407407407,"3PM":3.0,"3PA":13.0,"3P%":23.0769230769,"FTM":5.0,"FTA":9.0,"FT%":55.5555555556,"PTS":36.0,"OFF":10.0,"DEF":14.0,"REB":24.0,"AST":5.0,"TO":8.0,"STL":5.0,"BLK":2.0,"STK":7.0,"PF":8.0,"Fls on:":8.0,"+\/-":2.0,"GW":7.0,"GP":10.0},"J. Cagulangan":{"TEAM":"UP","MINS":238.3333333334,"FGM":47.0,"FGA":112.0,"FG%":41.9642857143,"2PM":33.0,"2PA":71.0,"2P%":46.4788732394,"3PM":14.0,"3PA":41.0,"3P%":34.1463414634,"FTM":17.0,"FTA":22.0,"FT%":77.2727272727,"PTS":125.0,"OFF":17.0,"DEF":24.0,"REB":41.0,"AST":47.0,"TO":31.0,"STL":16.0,"BLK":0.0,"STK":16.0,"PF":10.0,"Fls on:":29.0,"+\/-":91.0,"GW":8.0,"GP":10.0},"J. Bayla":{"TEAM":"UP","MINS":201.0666666667,"FGM":18.0,"FGA":46.0,"FG%":39.1304347826,"2PM":13.0,"2PA":28.0,"2P%":46.4285714286,"3PM":5.0,"3PA":18.0,"3P%":27.7777777778,"FTM":14.0,"FTA":25.0,"FT%":56.0,"PTS":55.0,"OFF":16.0,"DEF":20.0,"REB":36.0,"AST":10.0,"TO":10.0,"STL":6.0,"BLK":3.0,"STK":9.0,"PF":23.0,"Fls on:":17.0,"+\/-":24.0,"GW":9.0,"GP":12.0}}