{"J. Cagulangan":{"TEAM":"UP","MINS":136.2,"FGM":29.0,"FGA":65.0,"FG%":44.6153846154,"2PM":21.0,"2PA":42.0,"2P%":50.0,"3PM":8.0,"3PA":23.0,"3P%":34.7826086957,"FTM":10.0,"FTA":12.0,"FT%":83.3333333333,"PTS":76.0,"OFF":8.0,"DEF":15.0,"REB":23.0,"AST":34.0,"TO":12.0,"STL":7.0,"BLK":0.0,"STK":7.0,"PF":6.0,"Fls on:":21.0,"+\/-":75.0,"GW":6.0,"GP":6.0},"C. Briones":{"TEAM":"UP","MINS":53.5666666667,"FGM":4.0,"FGA":15.0,"FG%":26.6666666667,"2PM":3.0,"2PA":6.0,"2P%":50.0,"3PM":1.0,"3PA":9.0,"3P%":11.1111111111,"FTM":0.0,"FTA":0.0,"FT%":0.0,"PTS":9.0,"OFF":1.0,"DEF":5.0,"REB":6.0,"AST":5.0,"TO":2.0,"STL":1.0,"BLK":0.0,"STK":1.0,"PF":5.0,"Fls on:":1.0,"+\/-":-29.0,"GW":7.0,"GP":7.0},"S. Alter":{"TEAM":"UP","MINS":27.8166666667,"FGM":4.0,"FGA":9.0,"FG%":44.4444444444,"2PM":4.0,"2PA":7.0,"2P%":57.1428571429,"3PM":0.0,"3PA":2.0,"3P%":0.0,"FTM":0.0,"FTA":2.0,"FT%":0.0,"PTS":8.0,"OFF":5.0,"DEF":7.0,"REB":12.0,"AST":0.0,"TO":2.0,"STL":1.0,"BLK":0.0,"STK":1.0,"PF":5.0,"Fls on:":2.0,"+\/-":0.0,"GW":5.0,"GP":5.0},"D. Ududo":{"TEAM":"UP","MINS":76.9,"FGM":12.0,"FGA":30.0,"FG%":40.0,"2PM":12.0,"2PA":30.0,"2P%":40.0,"3PM":0.0,"3PA":0.0,"3P%":0.0,"FTM":10.0,"FTA":17.0,"FT%":58.8235294118,"PTS":34.0,"OFF":17.0,"DEF":10.0,"REB":27.0,"AST":1.0,"TO":9.0,"STL":1.0,"BLK":3.0,"STK":4.0,"PF":20.0,"Fls on:":18.0,"+\/-":10.0,"GW":7.0,"GP":8.0},"Q. Millora-Brown":{"TEAM":"UP","MINS":183.9166666667,"FGM":26.0,"FGA":44.0,"FG%":59.0909090909,"2PM":25.0,"2PA":40.0,"2P%":62.5,"3PM":1.0,"3PA":4.0,"3P%":25.0,"FTM":17.0,"FTA":24.0,"FT%":70.8333333333,"PTS":70.0,"OFF":26.0,"DEF":48.0,"REB":74.0,"AST":6.0,"TO":15.0,"STL":2.0,"BLK":13.0,"STK":15.0,"PF":16.0,"Fls on:":32.0,"+\/-":73.0,"GW":7.0,"GP":8.0},"D. Walker":{"TEAM":"UP","MINS":18.3666666666,"FGM":1.0,"FGA":3.0,"FG%":33.3333333333,"2PM":1.0,"2PA":3.0,"2P%":33.3333333333,"3PM":0.0,"3PA":0.0,"3P%":0.0,"FTM":0.0,"FTA":0.0,"FT%":0.0,"PTS":2.0,"OFF":0.0,"DEF":1.0,"REB":1.0,"AST":4.0,"TO":1.0,"STL":2.0,"BLK":0.0,"STK":2.0,"PF":0.0,"Fls on:":0.0,"+\/-":-17.0,"GW":4.0,"GP":4.0},"J. Felicilda":{"TEAM":"UP","MINS":110.6666666666,"FGM":11.0,"FGA":25.0,"FG%":44.0,"2PM":7.0,"2PA":15.0,"2P%":46.6666666667,"3PM":4.0,"3PA":10.0,"3P%":40.0,"FTM":1.0,"FTA":4.0,"FT%":25.0,"PTS":27.0,"OFF":1.0,"DEF":18.0,"REB":19.0,"AST":10.0,"TO":9.0,"STL":4.0,"BLK":0.0,"STK":4.0,"PF":13.0,"Fls on:":4.0,"+\/-":28.0,"GW":6.0,"GP":7.0},"F. Lopez":{"TEAM":"UP","MINS":157.9166666665,"FGM":34.0,"FGA":58.0,"FG%":58.6206896552,"2PM":30.0,"2PA":40.0,"2P%":75.0,"3PM":4.0,"3PA":18.0,"3P%":22.2222222222,"FTM":19.0,"FTA":34.0,"FT%":55.8823529412,"PTS":91.0,"OFF":3.0,"DEF":40.0,"REB":43.0,"AST":13.0,"TO":18.0,"STL":4.0,"BLK":10.0,"STK":14.0,"PF":18.0,"Fls on:":30.0,"+\/-":19.0,"GW":7.0,"GP":8.0},"G. Abadiano":{"TEAM":"UP","MINS":134.0,"FGM":12.0,"FGA":45.0,"FG%":26.6666666667,"2PM":7.0,"2PA":26.0,"2P%":26.9230769231,"3PM":5.0,"3PA":19.0,"3P%":26.3157894737,"FTM":4.0,"FTA":6.0,"FT%":66.6666666667,"PTS":33.0,"OFF":3.0,"DEF":13.0,"REB":16.0,"AST":14.0,"TO":4.0,"STL":5.0,"BLK":0.0,"STK":5.0,"PF":7.0,"Fls on:":10.0,"+\/-":51.0,"GW":6.0,"GP":7.0},"T. Fortea":{"TEAM":"UP","MINS":118.8833333333,"FGM":20.0,"FGA":38.0,"FG%":52.6315789474,"2PM":8.0,"2PA":14.0,"2P%":57.1428571429,"3PM":12.0,"3PA":24.0,"3P%":50.0,"FTM":11.0,"FTA":14.0,"FT%":78.5714285714,"PTS":63.0,"OFF":3.0,"DEF":12.0,"REB":15.0,"AST":14.0,"TO":12.0,"STL":8.0,"BLK":1.0,"STK":9.0,"PF":12.0,"Fls on:":12.0,"+\/-":21.0,"GW":7.0,"GP":8.0},"G. Stevens":{"TEAM":"UP","MINS":46.7666666667,"FGM":2.0,"FGA":7.0,"FG%":28.5714285714,"2PM":2.0,"2PA":7.0,"2P%":28.5714285714,"3PM":0.0,"3PA":0.0,"3P%":0.0,"FTM":0.0,"FTA":6.0,"FT%":0.0,"PTS":4.0,"OFF":7.0,"DEF":8.0,"REB":15.0,"AST":2.0,"TO":4.0,"STL":1.0,"BLK":2.0,"STK":3.0,"PF":13.0,"Fls on:":5.0,"+\/-":11.0,"GW":6.0,"GP":7.0},"M. Belmonte":{"TEAM":"UP","MINS":98.0333333332,"FGM":16.0,"FGA":35.0,"FG%":45.7142857143,"2PM":12.0,"2PA":26.0,"2P%":46.1538461538,"3PM":4.0,"3PA":9.0,"3P%":44.4444444444,"FTM":1.0,"FTA":1.0,"FT%":100.0,"PTS":37.0,"OFF":5.0,"DEF":21.0,"REB":26.0,"AST":8.0,"TO":8.0,"STL":1.0,"BLK":2.0,"STK":3.0,"PF":12.0,"Fls on:":5.0,"+\/-":59.0,"GW":7.0,"GP":8.0},"H. Alarcon":{"TEAM":"UP","MINS":155.7833333333,"FGM":33.0,"FGA":70.0,"FG%":47.1428571429,"2PM":28.0,"2PA":52.0,"2P%":53.8461538462,"3PM":5.0,"3PA":18.0,"3P%":27.7777777778,"FTM":13.0,"FTA":15.0,"FT%":86.6666666667,"PTS":84.0,"OFF":3.0,"DEF":25.0,"REB":28.0,"AST":13.0,"TO":9.0,"STL":7.0,"BLK":3.0,"STK":10.0,"PF":19.0,"Fls on:":17.0,"+\/-":81.0,"GW":7.0,"GP":8.0},"S. Torculas":{"TEAM":"UP","MINS":47.0666666667,"FGM":6.0,"FGA":19.0,"FG%":31.5789473684,"2PM":5.0,"2PA":14.0,"2P%":35.7142857143,"3PM":1.0,"3PA":5.0,"3P%":20.0,"FTM":1.0,"FTA":2.0,"FT%":50.0,"PTS":14.0,"OFF":5.0,"DEF":8.0,"REB":13.0,"AST":2.0,"TO":5.0,"STL":2.0,"BLK":1.0,"STK":3.0,"PF":3.0,"Fls on:":3.0,"+\/-":-5.0,"GW":5.0,"GP":6.0},"R. Torres":{"TEAM":"UP","MINS":98.2333333333,"FGM":7.0,"FGA":30.0,"FG%":23.3333333333,"2PM":7.0,"2PA":21.0,"2P%":33.3333333333,"3PM":0.0,"3PA":9.0,"3P%":0.0,"FTM":7.0,"FTA":8.0,"FT%":87.5,"PTS":21.0,"OFF":3.0,"DEF":9.0,"REB":12.0,"AST":14.0,"TO":8.0,"STL":4.0,"BLK":0.0,"STK":4.0,"PF":14.0,"Fls on:":7.0,"+\/-":-3.0,"GW":6.0,"GP":7.0},"J. Bayla":{"TEAM":"UP","MINS":135.1166666667,"FGM":9.0,"FGA":24.0,"FG%":37.5,"2PM":4.0,"2PA":13.0,"2P%":30.7692307692,"3PM":5.0,"3PA":11.0,"3P%":45.4545454545,"FTM":9.0,"FTA":18.0,"FT%":50.0,"PTS":32.0,"OFF":9.0,"DEF":15.0,"REB":24.0,"AST":8.0,"TO":5.0,"STL":5.0,"BLK":1.0,"STK":6.0,"PF":15.0,"Fls on:":11.0,"+\/-":51.0,"GW":7.0,"GP":8.0}}