{"Q. Millora-Brown":{"TEAM":"UP","SP":53.9,"GP":10.0,"MPG":21.8316666667,"EWA":1.6755282768,"PER":26.2462699581,"WS":1.4829156189,"OWS":0.8679754912,"DWS":0.6149401277,"EFF":15.1,"GmSc":8.72,"TS%":62.5,"EFG%":58.7719298246,"PPWS":1.25,"FTR":0.4385964912,"REB%":20.0362191766,"OREB%":14.6576074509,"DREB%":24.5384053308,"AR":1.7017094167,"pAST%":5.7892745419,"TOR":4.3758242144,"AST\/TO":0.3888888889,"PPR":-6.0060629397,"USG%":17.7755155563,"aSP":53.9,"ORtg":110.4610802424,"DRtg":76.5288384144,"Floor%":54.145199946,"Stop%":0.7682630728,"FFI":56.9252847348,"PIE":12.471395881,"AV":2.051225542},"F. Lopez":{"TEAM":"UP","SP":55.8,"GP":10.0,"MPG":19.3883333333,"EWA":1.8678819739,"PER":30.1844430543,"WS":1.4383503613,"OWS":0.8750433953,"DWS":0.563306966,"EFF":13.1,"GmSc":8.74,"TS%":63.0580357143,"EFG%":62.5,"PPWS":1.2611607143,"FTR":0.5555555556,"REB%":12.7846797756,"OREB%":2.7507951517,"DREB%":21.1835787354,"AR":4.1060575793,"pAST%":15.8415423326,"TOR":5.748480611,"AST\/TO":0.7142857143,"PPR":-5.5794352462,"USG%":25.7409929421,"aSP":55.8,"ORtg":105.5220662005,"DRtg":75.8825114681,"Floor%":51.5104703099,"Stop%":0.7831199967,"FFI":57.4463722109,"PIE":11.6132723112,"AV":1.8438864676},"J. Cagulangan":{"TEAM":"UP","SP":69.125,"GP":8.0,"MPG":22.4479166667,"EWA":1.7567587608,"PER":30.4826549005,"WS":1.3892289951,"OWS":1.0806252911,"DWS":0.308603704,"EFF":13.75,"GmSc":10.225,"TS%":55.1299907149,"EFG%":51.875,"PPWS":1.1025998143,"FTR":0.175,"REB%":7.8485987263,"OREB%":6.5336426914,"DREB%":8.9492873716,"AR":12.11691558,"pAST%":45.2507415327,"TOR":5.6151560005,"AST\/TO":2.1578947368,"PPR":4.5634233438,"USG%":26.4237952357,"aSP":69.125,"ORtg":110.583433901,"DRtg":84.5356287476,"Floor%":48.7041432263,"Stop%":0.5842133827,"FFI":48.2779395382,"PIE":10.9267734554,"AV":1.6174289759},"H. Alarcon":{"TEAM":"UP","SP":49.0,"GP":9.0,"MPG":18.6518518518,"EWA":1.1829785678,"PER":24.984735433,"WS":1.1436576144,"OWS":0.7972591859,"DWS":0.3463984285,"EFF":10.2222222222,"GmSc":6.8777777778,"TS%":53.9215686275,"EFG%":50.0,"PPWS":1.0784313725,"FTR":0.2,"REB%":8.6859423813,"OREB%":2.5416997617,"DREB%":13.8290026098,"AR":4.7424312768,"pAST%":17.9972644158,"TOR":2.8454587661,"AST\/TO":1.6666666667,"PPR":0.5858326433,"USG%":24.3542285446,"aSP":49.0,"ORtg":109.4652657635,"DRtg":82.0198445318,"Floor%":50.6446845419,"Stop%":0.6420429606,"FFI":47.7969752608,"PIE":7.8375286041,"AV":1.4145606597},"T. Fortea":{"TEAM":"UP","SP":43.7,"GP":10.0,"MPG":16.135,"EWA":1.1405659489,"PER":25.0284757194,"WS":1.0703581137,"OWS":0.7590083749,"DWS":0.3113497389,"EFF":8.2,"GmSc":5.93,"TS%":64.5973154362,"EFG%":61.320754717,"PPWS":1.2919463087,"FTR":0.2830188679,"REB%":6.3257275246,"OREB%":2.644354922,"DREB%":9.4072336093,"AR":6.578627252,"pAST%":22.5347669201,"TOR":5.2629018016,"AST\/TO":1.25,"PPR":-1.6253159477,"USG%":21.1428472426,"aSP":43.7,"ORtg":111.4982439367,"DRtg":82.9958500715,"Floor%":45.7707472427,"Stop%":0.6196078137,"FFI":52.9867304397,"PIE":7.3798627002,"AV":1.2976007699},"M. Belmonte":{"TEAM":"UP","SP":34.7,"GP":10.0,"MPG":12.7783333333,"EWA":0.4863507616,"PER":18.4701763211,"WS":0.6119949402,"OWS":0.3635810816,"DWS":0.2484138585,"EFF":6.3,"GmSc":3.4,"TS%":55.8720420684,"EFG%":53.488372093,"PPWS":1.1174408414,"FTR":0.1395348837,"REB%":11.7909184888,"OREB%":5.0084778923,"DREB%":17.4681846131,"AR":4.9840373361,"pAST%":17.3693409421,"TOR":4.9840373361,"AST\/TO":1.0,"PPR":-3.0783912266,"USG%":20.354498451,"aSP":34.7,"ORtg":99.333434199,"DRtg":82.8910930411,"Floor%":45.4172832531,"Stop%":0.6220158322,"FFI":48.2440583374,"PIE":4.9199084668,"AV":1.0648443168},"J. Bayla":{"TEAM":"UP","SP":33.2,"GP":10.0,"MPG":16.555,"EWA":0.1090522497,"PER":12.1440412071,"WS":0.5478208419,"OWS":0.2681915824,"DWS":0.2796292595,"EFF":4.7,"GmSc":2.84,"TS%":47.5243147657,"EFG%":45.8333333333,"PPWS":0.9504862953,"FTR":0.5833333333,"REB%":8.8074913586,"OREB%":6.4431692339,"DREB%":10.7865556371,"AR":2.5646910471,"pAST%":7.7887117227,"TOR":2.885277428,"AST\/TO":0.8888888889,"PPR":-2.1781123601,"USG%":14.7843127811,"aSP":33.2,"ORtg":94.6161223965,"DRtg":84.7495998249,"Floor%":44.5234924336,"Stop%":0.5792948936,"FFI":52.6506478231,"PIE":2.5171624714,"AV":0.8547795014},"G. Abadiano":{"TEAM":"UP","SP":38.0,"GP":9.0,"MPG":19.1444444444,"EWA":0.0650917896,"PER":11.5793412481,"WS":0.4938586805,"OWS":0.2608253319,"DWS":0.2330333486,"EFF":4.5555555556,"GmSc":3.1777777778,"TS%":38.3589059373,"EFG%":35.7142857143,"PPWS":0.7671781187,"FTR":0.1607142857,"REB%":5.0774702069,"OREB%":2.4763010253,"DREB%":7.2547881602,"AR":5.5444884295,"pAST%":17.229579359,"TOR":1.8481628098,"AST\/TO":3.0,"PPR":3.424553908,"USG%":17.2745210792,"aSP":38.0,"ORtg":92.0166915841,"DRtg":87.2035351218,"Floor%":40.7955904944,"Stop%":0.5228870183,"FFI":41.729648074,"PIE":3.2036613272,"AV":0.771558034},"R. Torres":{"TEAM":"UP","SP":35.2222222222,"GP":9.0,"MPG":14.1240740741,"EWA":0.1388085051,"PER":13.0148742259,"WS":0.4085069519,"OWS":0.2131395966,"DWS":0.1953673553,"EFF":4.4444444444,"GmSc":2.6333333333,"TS%":38.6473429952,"EFG%":31.0810810811,"PPWS":0.7729468599,"FTR":0.2702702703,"REB%":6.4998985984,"OREB%":5.0347449849,"DREB%":7.7263106632,"AR":8.7678084369,"pAST%":26.7116949524,"TOR":3.7576321872,"AST\/TO":2.3333333333,"PPR":3.8681699118,"USG%":17.8911677073,"aSP":35.2222222222,"ORtg":91.6539023085,"DRtg":85.8590162996,"Floor%":42.4003747271,"Stop%":0.5537930696,"FFI":41.5540274367,"PIE":2.6315789474,"AV":0.7574006941},"J. Felicilda":{"TEAM":"UP","SP":32.0,"GP":9.0,"MPG":15.6648148148,"EWA":-0.111214539,"PER":9.2344138303,"WS":0.3221763701,"OWS":0.0682412049,"DWS":0.2539351652,"EFF":4.3333333333,"GmSc":1.9777777778,"TS%":44.2612942613,"EFG%":45.1612903226,"PPWS":0.8852258852,"FTR":0.1290322581,"REB%":8.2737734167,"OREB%":2.2697718406,"DREB%":13.2994443788,"AR":4.893840735,"pAST%":14.8752907118,"TOR":3.7644928731,"AST\/TO":1.3,"PPR":-0.9300557802,"USG%":13.6861270794,"aSP":32.0,"ORtg":83.7161719888,"DRtg":83.9325187608,"Floor%":37.0886939082,"Stop%":0.5980768912,"FFI":44.5128311499,"PIE":2.6887871854,"AV":0.7431545832},"G. Stevens":{"TEAM":"UP","SP":24.5555555556,"GP":9.0,"MPG":7.6185185185,"EWA":0.1485198602,"PER":15.1737907473,"WS":0.298753677,"OWS":0.1568414793,"DWS":0.1419121977,"EFF":3.2222222222,"GmSc":1.5555555556,"TS%":53.5714285714,"EFG%":61.5384615385,"PPWS":1.0714285714,"FTR":1.1538461538,"REB%":15.5944405819,"OREB%":14.0009722897,"DREB%":16.9282589069,"AR":2.3221083043,"pAST%":7.4368794854,"TOR":3.8701805072,"AST\/TO":0.6,"PPR":-4.3027513735,"USG%":16.1894731702,"aSP":24.5555555556,"ORtg":97.8381209524,"DRtg":81.9749113968,"Floor%":51.3800502967,"Stop%":0.6430758251,"FFI":68.7557262542,"PIE":0.7437070938,"AV":0.5950852745},"D. Ududo":{"TEAM":"UP","SP":27.9,"GP":10.0,"MPG":9.27,"EWA":0.1024939504,"PER":13.042360737,"WS":0.2611874622,"OWS":0.0938125133,"DWS":0.167374949,"EFF":3.3,"GmSc":1.58,"TS%":43.9221272555,"EFG%":40.625,"PPWS":0.8784425451,"FTR":0.71875,"REB%":17.3019224795,"OREB%":21.8626393384,"DREB%":13.4843581446,"AR":0.5725250847,"pAST%":1.9100919709,"TOR":6.8703010169,"AST\/TO":0.0833333333,"PPR":-12.0230862423,"USG%":26.3444235471,"aSP":27.9,"ORtg":84.0504459876,"DRtg":83.9005622056,"Floor%":43.6562859935,"Stop%":0.598811467,"FFI":54.6862026134,"PIE":-0.171624714,"AV":0.6556410848},"S. Alter":{"TEAM":"UP","SP":21.2857142857,"GP":7.0,"MPG":5.1095238095,"EWA":-0.0485448594,"PER":8.0918965286,"WS":0.072722085,"OWS":-0.0028535588,"DWS":0.0755756437,"EFF":1.5714285714,"GmSc":0.5142857143,"TS%":33.67003367,"EFG%":36.3636363636,"PPWS":0.6734006734,"FTR":0.1818181818,"REB%":17.6654636788,"OREB%":17.8937558248,"DREB%":17.4743709226,"AR":0.0,"pAST%":0.0,"TOR":2.9677395353,"AST\/TO":0.0,"PPR":-5.4990739828,"USG%":17.5114313185,"aSP":21.2857142857,"ORtg":77.9796265176,"DRtg":81.6590821075,"Floor%":38.2003995983,"Stop%":0.6503356983,"FFI":45.1095435539,"PIE":0.114416476,"AV":0.2876240645},"D. Walker":{"TEAM":"UP","SP":20.8,"GP":5.0,"MPG":4.3066666667,"EWA":0.0268310258,"PER":13.3245059668,"WS":0.0585078933,"OWS":0.0183192744,"DWS":0.0401886189,"EFF":1.2,