{"R. Torres":{"TEAM":"UP","MINS":180.9833333334,"FGM":17.0,"FGA":56.0,"FG%":30.3571428571,"2PM":15.0,"2PA":36.0,"2P%":41.6666666667,"3PM":2.0,"3PA":20.0,"3P%":10.0,"FTM":14.0,"FTA":16.0,"FT%":87.5,"PTS":50.0,"OFF":10.0,"DEF":16.0,"REB":26.0,"AST":24.0,"TO":13.0,"STL":8.0,"BLK":0.0,"STK":8.0,"PF":20.0,"Fls on:":13.0,"+\/-":-4.0,"GW":9.0,"GP":12.0},"C. Briones":{"TEAM":"UP","MINS":78.3500000001,"FGM":6.0,"FGA":25.0,"FG%":24.0,"2PM":4.0,"2PA":9.0,"2P%":44.4444444444,"3PM":2.0,"3PA":16.0,"3P%":12.5,"FTM":1.0,"FTA":2.0,"FT%":50.0,"PTS":15.0,"OFF":3.0,"DEF":11.0,"REB":14.0,"AST":5.0,"TO":5.0,"STL":2.0,"BLK":0.0,"STK":2.0,"PF":6.0,"Fls on:":2.0,"+\/-":-35.0,"GW":9.0,"GP":11.0},"S. Alter":{"TEAM":"UP","MINS":44.6666666667,"FGM":5.0,"FGA":12.0,"FG%":41.6666666667,"2PM":5.0,"2PA":10.0,"2P%":50.0,"3PM":0.0,"3PA":2.0,"3P%":0.0,"FTM":0.0,"FTA":2.0,"FT%":0.0,"PTS":10.0,"OFF":8.0,"DEF":9.0,"REB":17.0,"AST":0.0,"TO":3.0,"STL":1.0,"BLK":0.0,"STK":1.0,"PF":10.0,"Fls on:":2.0,"+\/-":-10.0,"GW":7.0,"GP":9.0},"D. Ududo":{"TEAM":"UP","MINS":112.4833333333,"FGM":13.0,"FGA":36.0,"FG%":36.1111111111,"2PM":13.0,"2PA":36.0,"2P%":36.1111111111,"3PM":0.0,"3PA":0.0,"3P%":0.0,"FTM":11.0,"FTA":23.0,"FT%":47.8260869565,"PTS":37.0,"OFF":22.0,"DEF":17.0,"REB":39.0,"AST":2.0,"TO":14.0,"STL":2.0,"BLK":4.0,"STK":6.0,"PF":27.0,"Fls on:":25.0,"+\/-":6.0,"GW":10.0,"GP":13.0},"D. Walker":{"TEAM":"UP","MINS":21.5333333333,"FGM":1.0,"FGA":3.0,"FG%":33.3333333333,"2PM":1.0,"2PA":3.0,"2P%":33.3333333333,"3PM":0.0,"3PA":0.0,"3P%":0.0,"FTM":0.0,"FTA":0.0,"FT%":0.0,"PTS":2.0,"OFF":0.0,"DEF":1.0,"REB":1.0,"AST":4.0,"TO":1.0,"STL":2.0,"BLK":0.0,"STK":2.0,"PF":0.0,"Fls on:":0.0,"+\/-":-17.0,"GW":5.0,"GP":5.0},"Q. Millora-Brown":{"TEAM":"UP","MINS":268.0,"FGM":38.0,"FGA":68.0,"FG%":55.8823529412,"2PM":37.0,"2PA":63.0,"2P%":58.7301587302,"3PM":1.0,"3PA":5.0,"3P%":20.0,"FTM":19.0,"FTA":29.0,"FT%":65.5172413793,"PTS":96.0,"OFF":41.0,"DEF":70.0,"REB":111.0,"AST":7.0,"TO":21.0,"STL":4.0,"BLK":16.0,"STK":20.0,"PF":22.0,"Fls on:":48.0,"+\/-":95.0,"GW":10.0,"GP":12.0},"J. Felicilda":{"TEAM":"UP","MINS":159.05,"FGM":13.0,"FGA":35.0,"FG%":37.1428571429,"2PM":8.0,"2PA":22.0,"2P%":36.3636363636,"3PM":5.0,"3PA":13.0,"3P%":38.4615384615,"FTM":1.0,"FTA":4.0,"FT%":25.0,"PTS":32.0,"OFF":4.0,"DEF":23.0,"REB":27.0,"AST":17.0,"TO":14.0,"STL":5.0,"BLK":0.0,"STK":5.0,"PF":16.0,"Fls on:":5.0,"+\/-":30.0,"GW":9.0,"GP":11.0},"F. Lopez":{"TEAM":"UP","MINS":241.3333333332,"FGM":49.0,"FGA":88.0,"FG%":55.6818181818,"2PM":40.0,"2PA":58.0,"2P%":68.9655172414,"3PM":9.0,"3PA":30.0,"3P%":30.0,"FTM":26.0,"FTA":52.0,"FT%":50.0,"PTS":133.0,"OFF":8.0,"DEF":60.0,"REB":68.0,"AST":21.0,"TO":27.0,"STL":12.0,"BLK":12.0,"STK":24.0,"PF":29.0,"Fls on:":44.0,"+\/-":64.0,"GW":10.0,"GP":13.0},"G. Abadiano":{"TEAM":"UP","MINS":239.8333333334,"FGM":24.0,"FGA":80.0,"FG%":30.0,"2PM":12.0,"2PA":38.0,"2P%":31.5789473684,"3PM":12.0,"3PA":42.0,"3P%":28.5714285714,"FTM":7.0,"FTA":10.0,"FT%":70.0,"PTS":67.0,"OFF":4.0,"DEF":19.0,"REB":23.0,"AST":22.0,"TO":14.0,"STL":11.0,"BLK":0.0,"STK":11.0,"PF":17.0,"Fls on:":17.0,"+\/-":66.0,"GW":9.0,"GP":12.0},"T. Fortea":{"TEAM":"UP","MINS":203.9666666667,"FGM":29.0,"FGA":73.0,"FG%":39.7260273973,"2PM":12.0,"2PA":24.0,"2P%":50.0,"3PM":17.0,"3PA":49.0,"3P%":34.693877551,"FTM":13.0,"FTA":16.0,"FT%":81.25,"PTS":88.0,"OFF":5.0,"DEF":18.0,"REB":23.0,"AST":23.0,"TO":16.0,"STL":11.0,"BLK":1.0,"STK":12.0,"PF":17.0,"Fls on:":14.0,"+\/-":37.0,"GW":10.0,"GP":13.0},"G. Stevens":{"TEAM":"UP","MINS":110.1,"FGM":11.0,"FGA":21.0,"FG%":52.380952381,"2PM":11.0,"2PA":21.0,"2P%":52.380952381,"3PM":0.0,"3PA":0.0,"3P%":0.0,"FTM":6.0,"FTA":17.0,"FT%":35.2941176471,"PTS":28.0,"OFF":16.0,"DEF":17.0,"REB":33.0,"AST":3.0,"TO":7.0,"STL":1.0,"BLK":2.0,"STK":3.0,"PF":25.0,"Fls on:":11.0,"+\/-":19.0,"GW":9.0,"GP":12.0},"M. Belmonte":{"TEAM":"UP","MINS":145.6999999998,"FGM":23.0,"FGA":49.0,"FG%":46.9387755102,"2PM":19.0,"2PA":37.0,"2P%":51.3513513514,"3PM":4.0,"3PA":12.0,"3P%":33.3333333333,"FTM":5.0,"FTA":6.0,"FT%":83.3333333333,"PTS":55.0,"OFF":6.0,"DEF":27.0,"REB":33.0,"AST":13.0,"TO":17.0,"STL":2.0,"BLK":2.0,"STK":4.0,"PF":20.0,"Fls on:":9.0,"+\/-":33.0,"GW":10.0,"GP":13.0},"H. Alarcon":{"TEAM":"UP","MINS":209.3666666666,"FGM":37.0,"FGA":89.0,"FG%":41.5730337079,"2PM":32.0,"2PA":66.0,"2P%":48.4848484848,"3PM":5.0,"3PA":23.0,"3P%":21.7391304348,"FTM":16.0,"FTA":22.0,"FT%":72.7272727273,"PTS":95.0,"OFF":6.0,"DEF":34.0,"REB":40.0,"AST":17.0,"TO":12.0,"STL":12.0,"BLK":4.0,"STK":16.0,"PF":26.0,"Fls on:":24.0,"+\/-":107.0,"GW":9.0,"GP":12.0},"S. Torculas":{"TEAM":"UP","MINS":104.5666666667,"FGM":18.0,"FGA":49.0,"FG%":36.7346938776,"2PM":14.0,"2PA":34.0,"2P%":41.1764705882,"3PM":4.0,"3PA":15.0,"3P%":26.6666666667,"FTM":7.0,"FTA":11.0,"FT%":63.6363636364,"PTS":47.0,"OFF":14.0,"DEF":16.0,"REB":30.0,"AST":7.0,"TO":8.0,"STL":5.0,"BLK":3.0,"STK":8.0,"PF":9.0,"Fls on:":9.0,"+\/-":0.0,"GW":8.0,"GP":11.0},"J. Cagulangan":{"TEAM":"UP","MINS":269.9500000001,"FGM":51.0,"FGA":127.0,"FG%":40.157480315,"2PM":36.0,"2PA":81.0,"2P%":44.4444444444,"3PM":15.0,"3PA":46.0,"3P%":32.6086956522,"FTM":20.0,"FTA":26.0,"FT%":76.9230769231,"PTS":137.0,"OFF":21.0,"DEF":27.0,"REB":48.0,"AST":51.0,"TO":31.0,"STL":20.0,"BLK":0.0,"STK":20.0,"PF":12.0,"Fls on:":31.0,"+\/-":101.0,"GW":9.0,"GP":11.0},"J. Bayla":{"TEAM":"UP","MINS":208.85,"FGM":19.0,"FGA":50.0,"FG%":38.0,"2PM":14.0,"2PA":31.0,"2P%":45.1612903226,"3PM":5.0,"3PA":19.0,"3P%":26.3157894737,"FTM":14.0,"FTA":25.0,"FT%":56.0,"PTS":57.0,"OFF":17.0,"DEF":21.0,"REB":38.0,"AST":11.0,"TO":11.0,"STL":6.0,"BLK":3.0,"STK":9.0,"PF":25.0,"Fls on:":18.0,"+\/-":13.0,"GW":10.0,"GP":13.0}}