{"R. Torres":{"TEAM":"UP","MINS":144.3833333334,"FGM":12.0,"FGA":43.0,"FG%":27.9069767442,"2PM":11.0,"2PA":28.0,"2P%":39.2857142857,"3PM":1.0,"3PA":15.0,"3P%":6.6666666667,"FTM":10.0,"FTA":12.0,"FT%":83.3333333333,"PTS":35.0,"OFF":8.0,"DEF":13.0,"REB":21.0,"AST":21.0,"TO":13.0,"STL":7.0,"BLK":0.0,"STK":7.0,"PF":17.0,"Fls on:":10.0,"+\/-":1.0,"GW":8.0,"GP":10.0},"C. Briones":{"TEAM":"UP","MINS":68.3833333334,"FGM":5.0,"FGA":20.0,"FG%":25.0,"2PM":3.0,"2PA":7.0,"2P%":42.8571428571,"3PM":2.0,"3PA":13.0,"3P%":15.3846153846,"FTM":1.0,"FTA":2.0,"FT%":50.0,"PTS":13.0,"OFF":2.0,"DEF":10.0,"REB":12.0,"AST":5.0,"TO":3.0,"STL":1.0,"BLK":0.0,"STK":1.0,"PF":5.0,"Fls on:":2.0,"+\/-":-37.0,"GW":8.0,"GP":9.0},"S. Alter":{"TEAM":"UP","MINS":37.35,"FGM":4.0,"FGA":11.0,"FG%":36.3636363636,"2PM":4.0,"2PA":9.0,"2P%":44.4444444444,"3PM":0.0,"3PA":2.0,"3P%":0.0,"FTM":0.0,"FTA":2.0,"FT%":0.0,"PTS":8.0,"OFF":6.0,"DEF":8.0,"REB":14.0,"AST":0.0,"TO":2.0,"STL":1.0,"BLK":0.0,"STK":1.0,"PF":8.0,"Fls on:":2.0,"+\/-":-2.0,"GW":7.0,"GP":8.0},"D. Ududo":{"TEAM":"UP","MINS":95.4833333333,"FGM":13.0,"FGA":32.0,"FG%":40.625,"2PM":13.0,"2PA":32.0,"2P%":40.625,"3PM":0.0,"3PA":0.0,"3P%":0.0,"FTM":11.0,"FTA":23.0,"FT%":47.8260869565,"PTS":37.0,"OFF":20.0,"DEF":14.0,"REB":34.0,"AST":1.0,"TO":12.0,"STL":1.0,"BLK":4.0,"STK":5.0,"PF":23.0,"Fls on:":23.0,"+\/-":14.0,"GW":9.0,"GP":11.0},"D. Walker":{"TEAM":"UP","MINS":21.5333333333,"FGM":1.0,"FGA":3.0,"FG%":33.3333333333,"2PM":1.0,"2PA":3.0,"2P%":33.3333333333,"3PM":0.0,"3PA":0.0,"3P%":0.0,"FTM":0.0,"FTA":0.0,"FT%":0.0,"PTS":2.0,"OFF":0.0,"DEF":1.0,"REB":1.0,"AST":4.0,"TO":1.0,"STL":2.0,"BLK":0.0,"STK":2.0,"PF":0.0,"Fls on:":0.0,"+\/-":-17.0,"GW":5.0,"GP":5.0},"Q. Millora-Brown":{"TEAM":"UP","MINS":241.8166666667,"FGM":35.0,"FGA":63.0,"FG%":55.5555555556,"2PM":34.0,"2PA":58.0,"2P%":58.6206896552,"3PM":1.0,"3PA":5.0,"3P%":20.0,"FTM":18.0,"FTA":27.0,"FT%":66.6666666667,"PTS":89.0,"OFF":33.0,"DEF":65.0,"REB":98.0,"AST":7.0,"TO":18.0,"STL":4.0,"BLK":16.0,"STK":20.0,"PF":21.0,"Fls on:":44.0,"+\/-":77.0,"GW":9.0,"GP":11.0},"J. Felicilda":{"TEAM":"UP","MINS":140.9833333333,"FGM":12.0,"FGA":31.0,"FG%":38.7096774194,"2PM":8.0,"2PA":19.0,"2P%":42.1052631579,"3PM":4.0,"3PA":12.0,"3P%":33.3333333333,"FTM":1.0,"FTA":4.0,"FT%":25.0,"PTS":29.0,"OFF":3.0,"DEF":21.0,"REB":24.0,"AST":13.0,"TO":10.0,"STL":5.0,"BLK":0.0,"STK":5.0,"PF":14.0,"Fls on:":5.0,"+\/-":44.0,"GW":8.0,"GP":9.0},"F. Lopez":{"TEAM":"UP","MINS":212.8999999998,"FGM":42.0,"FGA":75.0,"FG%":56.0,"2PM":36.0,"2PA":52.0,"2P%":69.2307692308,"3PM":6.0,"3PA":23.0,"3P%":26.0869565217,"FTM":25.0,"FTA":46.0,"FT%":54.347826087,"PTS":115.0,"OFF":7.0,"DEF":51.0,"REB":58.0,"AST":15.0,"TO":23.0,"STL":8.0,"BLK":12.0,"STK":20.0,"PF":24.0,"Fls on:":39.0,"+\/-":49.0,"GW":9.0,"GP":11.0},"G. Abadiano":{"TEAM":"UP","MINS":201.8666666667,"FGM":18.0,"FGA":64.0,"FG%":28.125,"2PM":12.0,"2PA":34.0,"2P%":35.2941176471,"3PM":6.0,"3PA":30.0,"3P%":20.0,"FTM":6.0,"FTA":9.0,"FT%":66.6666666667,"PTS":48.0,"OFF":4.0,"DEF":14.0,"REB":18.0,"AST":21.0,"TO":10.0,"STL":9.0,"BLK":0.0,"STK":9.0,"PF":12.0,"Fls on:":16.0,"+\/-":67.0,"GW":8.0,"GP":10.0},"T. Fortea":{"TEAM":"UP","MINS":178.2166666667,"FGM":26.0,"FGA":62.0,"FG%":41.935483871,"2PM":11.0,"2PA":21.0,"2P%":52.380952381,"3PM":15.0,"3PA":41.0,"3P%":36.5853658537,"FTM":13.0,"FTA":16.0,"FT%":81.25,"PTS":80.0,"OFF":4.0,"DEF":18.0,"REB":22.0,"AST":21.0,"TO":16.0,"STL":10.0,"BLK":1.0,"STK":11.0,"PF":15.0,"Fls on:":14.0,"+\/-":42.0,"GW":9.0,"GP":11.0},"G. Stevens":{"TEAM":"UP","MINS":80.6666666667,"FGM":9.0,"FGA":16.0,"FG%":56.25,"2PM":9.0,"2PA":16.0,"2P%":56.25,"3PM":0.0,"3PA":0.0,"3P%":0.0,"FTM":5.0,"FTA":15.0,"FT%":33.3333333333,"PTS":23.0,"OFF":12.0,"DEF":16.0,"REB":28.0,"AST":3.0,"TO":6.0,"STL":1.0,"BLK":2.0,"STK":3.0,"PF":20.0,"Fls on:":10.0,"+\/-":24.0,"GW":8.0,"GP":10.0},"M. Belmonte":{"TEAM":"UP","MINS":136.3166666665,"FGM":22.0,"FGA":46.0,"FG%":47.8260869565,"2PM":18.0,"2PA":35.0,"2P%":51.4285714286,"3PM":4.0,"3PA":11.0,"3P%":36.3636363636,"FTM":5.0,"FTA":6.0,"FT%":83.3333333333,"PTS":53.0,"OFF":6.0,"DEF":27.0,"REB":33.0,"AST":13.0,"TO":16.0,"STL":2.0,"BLK":2.0,"STK":4.0,"PF":18.0,"Fls on:":9.0,"+\/-":52.0,"GW":9.0,"GP":11.0},"H. Alarcon":{"TEAM":"UP","MINS":177.8499999999,"FGM":36.0,"FGA":77.0,"FG%":46.7532467532,"2PM":31.0,"2PA":57.0,"2P%":54.3859649123,"3PM":5.0,"3PA":20.0,"3P%":25.0,"FTM":13.0,"FTA":19.0,"FT%":68.4210526316,"PTS":90.0,"OFF":4.0,"DEF":28.0,"REB":32.0,"AST":15.0,"TO":11.0,"STL":8.0,"BLK":3.0,"STK":11.0,"PF":20.0,"Fls on:":19.0,"+\/-":96.0,"GW":8.0,"GP":10.0},"S. Torculas":{"TEAM":"UP","MINS":71.75,"FGM":10.0,"FGA":30.0,"FG%":33.3333333333,"2PM":8.0,"2PA":22.0,"2P%":36.3636363636,"3PM":2.0,"3PA":8.0,"3P%":25.0,"FTM":5.0,"FTA":9.0,"FT%":55.5555555556,"PTS":27.0,"OFF":8.0,"DEF":13.0,"REB":21.0,"AST":4.0,"TO":7.0,"STL":5.0,"BLK":2.0,"STK":7.0,"PF":7.0,"Fls on:":8.0,"+\/-":-7.0,"GW":7.0,"GP":9.0},"J. Cagulangan":{"TEAM":"UP","MINS":208.5333333334,"FGM":39.0,"FGA":93.0,"FG%":41.935483871,"2PM":26.0,"2PA":54.0,"2P%":48.1481481481,"3PM":13.0,"3PA":39.0,"3P%":33.3333333333,"FTM":12.0,"FTA":14.0,"FT%":85.7142857143,"PTS":103.0,"OFF":17.0,"DEF":18.0,"REB":35.0,"AST":42.0,"TO":28.0,"STL":12.0,"BLK":0.0,"STK":12.0,"PF":10.0,"Fls on:":25.0,"+\/-":86.0,"GW":8.0,"GP":9.0},"J. Bayla":{"TEAM":"UP","MINS":180.9166666667,"FGM":15.0,"FGA":41.0,"FG%":36.5853658537,"2PM":10.0,"2PA":24.0,"2P%":41.6666666667,"3PM":5.0,"3PA":17.0,"3P%":29.4117647059,"FTM":10.0,"FTA":21.0,"FT%":47.619047619,"PTS":45.0,"OFF":13.0,"DEF":20.0,"REB":33.0,"AST":9.0,"TO":9.0,"STL":6.0,"BLK":2.0,"STK":8.0,"PF":21.0,"Fls on:":15.0,"+\/-":31.0,"GW":9.0,"GP":11.0}}