{"F. Lopez":{"TEAM":"UP","SP":50.5,"GP":12.0,"MPG":18.4263888889,"EWA":1.8733022082,"PER":27.8487364369,"WS":1.4743287854,"OWS":0.8951580267,"DWS":0.5791707587,"EFF":11.8333333333,"GmSc":7.4666666667,"TS%":61.0371267151,"EFG%":60.8974358974,"PPWS":1.2207425343,"FTR":0.6153846154,"REB%":14.3105458785,"OREB%":3.2331059788,"DREB%":24.4004620662,"AR":4.0427873796,"pAST%":16.2940707022,"hAST%":12.0464852608,"TOR":5.9452755582,"hTO%":17.7154195011,"AST\/TO":0.68,"STL\/TO":0.32,"PPR":-6.0074708086,"USG%":24.7719607164,"STL%":null,"BLK%":133.1778974633,"aSP":50.5,"ORtg":101.965377322,"DRtg":76.7523128657,"Floor%":49.9692313928,"Stop%":0.7861659677,"FFI":57.750045896,"PIE":10.4972375691,"AV":1.9588309779,"DRE\/100":13.7148434759,"DRE\/75":10.2861326069,"POS":35.0418296498},"J. Cagulangan":{"TEAM":"UP","SP":67.3,"GP":10.0,"MPG":23.8333333333,"EWA":1.9983249203,"PER":27.6730059716,"WS":1.4661722974,"OWS":1.0868442978,"DWS":0.3793279996,"EFF":12.8,"GmSc":9.64,"TS%":51.3642340565,"EFG%":48.2142857143,"PPWS":1.0272846811,"FTR":0.1964285714,"REB%":8.3745868736,"OREB%":7.2846302634,"DREB%":9.3673768092,"AR":10.3697080533,"pAST%":41.6364195632,"hAST%":23.5376602564,"TOR":6.8395946735,"hTO%":15.5248397436,"AST\/TO":1.5161290323,"STL\/TO":0.5161290323,"PPR":0.1359391356,"USG%":28.2707583678,"STL%":null,"BLK%":0.0,"aSP":67.3,"ORtg":100.3771513827,"DRtg":84.184801563,"Floor%":44.7220573774,"Stop%":0.6147098435,"FFI":46.9791702414,"PIE":10.9994977398,"AV":1.8121251276,"DRE\/100":5.3020806539,"DRE\/75":3.9765604904,"POS":45.3243232676},"Q. Millora-Brown":{"TEAM":"UP","SP":51.5454545455,"GP":11.0,"MPG":21.9833333333,"EWA":1.7176504345,"PER":25.0972515271,"WS":1.454104518,"OWS":0.8759408106,"DWS":0.5781637074,"EFF":14.4545454545,"GmSc":8.3272727273,"TS%":59.4284188034,"EFG%":56.3492063492,"PPWS":1.1885683761,"FTR":0.4285714286,"REB%":19.7289588878,"OREB%":13.9370574097,"DREB%":25.0045280636,"AR":1.5221773956,"pAST%":5.5023365825,"hAST%":7.0084100921,"TOR":3.9141704458,"hTO%":18.0216259511,"AST\/TO":0.3888888889,"STL\/TO":0.2222222222,"PPR":-5.359238099,"USG%":16.9502485507,"STL%":null,"BLK%":162.3701303231,"aSP":51.5454545455,"ORtg":107.9744674123,"DRtg":78.4039852622,"Floor%":53.4902875804,"Stop%":0.7480644167,"FFI":55.7771228387,"PIE":11.4013058764,"AV":2.1322029923,"DRE\/100":10.6293874849,"DRE\/75":7.9720406137,"POS":41.8061415315},"H. Alarcon":{"TEAM":"UP","SP":44.1818181818,"GP":11.0,"MPG":17.9181818182,"EWA":1.1174926993,"PER":22.2160442698,"WS":1.095896471,"OWS":0.6913194081,"DWS":0.4045770629,"EFF":8.6363636364,"GmSc":5.7454545455,"TS%":48.8115449915,"EFG%":45.2941176471,"PPWS":0.9762308998,"FTR":0.2470588235,"REB%":9.6325729158,"OREB%":3.1089089673,"DREB%":15.5746699232,"AR":4.2686133377,"pAST%":16.6283435312,"hAST%":13.0890052356,"TOR":3.2014600033,"hTO%":9.8167539267,"AST\/TO":1.3333333333,"STL\/TO":0.9166666667,"PPR":-0.657510448,"USG%":23.787101856,"STL%":null,"BLK%":49.8018818886,"aSP":44.1818181818,"ORtg":100.4497493575,"DRtg":80.8503667726,"Floor%":47.568726967,"Stop%":0.6916301442,"FFI":46.6449462044,"PIE":6.9311903566,"AV":1.4490167616,"DRE\/100":8.0492622178,"DRE\/75":6.0369466633,"POS":34.0753621718},"T. Fortea":{"TEAM":"UP","SP":38.9166666667,"GP":12.0,"MPG":15.9069444444,"EWA":1.0417134494,"PER":21.7892344365,"WS":1.0540941477,"OWS":0.7740373674,"DWS":0.2800567803,"EFF":6.8333333333,"GmSc":4.975,"TS%":56.1336254107,"EFG%":52.2727272727,"PPWS":1.1226725082,"FTR":0.2424242424,"REB%":5.8657580881,"OREB%":2.6751329671,"DREB%":8.7719476363,"AR":6.3359725107,"pAST%":22.7608060569,"hAST%":20.5283827205,"TOR":4.4076330509,"hTO%":14.2806140664,"AST\/TO":1.4375,"STL\/TO":0.6875,"PPR":-0.3394620867,"USG%":20.5853016538,"STL%":null,"BLK%":12.8559559769,"aSP":38.9166666667,"ORtg":106.6879011647,"DRtg":85.084643648,"Floor%":44.1917120892,"Stop%":0.5939518656,"FFI":48.9785728762,"PIE":6.3284781517,"AV":1.2976007699,"DRE\/100":6.1220702706,"DRE\/75":4.5915527029,"POS":30.2505521203},"J. Bayla":{"TEAM":"UP","SP":31.4166666667,"GP":12.0,"MPG":16.7555555556,"EWA":0.284009843,"PER":13.6591567525,"WS":0.6930379781,"OWS":0.461613941,"DWS":0.2314240372,"EFF":5.0833333333,"GmSc":3.225,"TS%":48.2456140351,"EFG%":44.5652173913,"PPWS":0.9649122807,"FTR":0.5434782609,"REB%":8.7161911321,"OREB%":8.1268694622,"DREB%":9.2529763741,"AR":2.6152510223,"pAST%":8.555621043,"hAST%":12.987012987,"TOR":2.6152510223,"hTO%":12.987012987,"AST\/TO":1.0,"STL\/TO":0.6,"PPR":-1.6113475128,"USG%":14.7053314947,"STL%":null,"BLK%":36.6145384127,"aSP":31.4166666667,"ORtg":100.074547087,"DRtg":87.3712805303,"Floor%":47.5434144293,"Stop%":0.5412026569,"FFI":51.9498220064,"PIE":2.8628829734,"AV":1.0393889167,"DRE\/100":1.1493493278,"DRE\/75":0.8620119959,"POS":31.8643727215},"M. Belmonte":{"TEAM":"UP","SP":29.5833333333,"GP":12.0,"MPG":11.725,"EWA":0.3250743113,"PER":15.463918733,"WS":0.4877611122,"OWS":0.2691271813,"DWS":0.2186339309,"EFF":5.0833333333,"GmSc":2.475,"TS%":53.3843674456,"EFG%":51.0638297872,"PPWS":1.0676873489,"FTR":0.1276595745,"REB%":11.4178455737,"OREB%":4.3551240757,"DREB%":17.8509446125,"AR":4.858505666,"pAST%":17.9592118669,"hAST%":16.5310274669,"TOR":5.9796992812,"hTO%":20.3458799593,"AST\/TO":0.8125,"STL\/TO":0.125,"PPR":-5.0659147202,"USG%":20.5880194288,"STL%":null,"BLK%":34.8825547984,"aSP":29.5833333333,"ORtg":91.0880987302,"DRtg":84.4573388717,"Floor%":41.7818193304,"Stop%":0.6084228255,"FFI":46.7165255267,"PIE":3.8171772978,"AV":1.0393889167,"DRE\/100":2.6958044062,"DRE\/75":2.0218533046,"POS":22.2976653278},"R. Torres":{"TEAM":"UP","SP":32.4545454545,"GP":11.0,"MPG":15.0272727273,"EWA":0.074314135,"PER":11.7236383024,"WS":0.4093243141,"OWS":0.1964204843,"DWS":0.2129038298,"EFF":4.1818181818,"GmSc":2.4363636364,"TS%":38.3654532477,"EFG%":29.5918367347,"PPWS":0.767309065,"FTR":0.3265306122,"REB%":7.0681004112,"OREB%":5.560489632,"DREB%":8.4413117798,"AR":6.680360506,"pAST%":21.6743429965,"hAST%":23.32296757,"TOR":4.1354612656,"hTO%":14.4380275433,"AST\/TO":1.6153846154,"STL\/TO":0.6153846154,"PPR":0.5880004959,"USG%":18.431811641,"STL%":null,"BLK%":0.0,"aSP":32.4545454545,"ORtg":86.6845087018,"DRtg":86.3804673331,"Floor%":40.5127672859,"Stop%":0.564059199,"FFI":41.8129264876,"PIE":2.3606228026,"AV":0.8411028006,"DRE\/100":-0.4922082999,"DRE\/75":-0.3691562249,"POS":28.5776629478},"G. Stevens":{"TEAM":"UP","SP":22.2727272727,"GP":11.0,"MPG":9.0454545455,"EWA":0.0525960079,"PER":11.8824922192,"WS":0.3032060841,"OWS":0.164240671,"DWS":0.1389654131,"EFF":3.1818181818,"GmSc":1.3818181818,"TS%":49.0936555891,"EFG%":52.6315789474,"PPWS":0.9818731118,"FTR":0.8947368421,"REB%":14.6778517333,"OREB%":14.3697209452,"DREB%":14.9585134977,"AR":1.5854466499,"pAST%":5.2865376849,"hAST%":8.2236842105,"TOR":3.6993755164,"hTO%":19.1885964912,"AST\/TO":0.4285714286,"STL\/TO":0.1428571429,"PPR":-4.8842453253,"USG%":14.8491797026,"STL%":null,"BLK%":49.3263865339,"aSP":22.2727272727,"ORtg":92.5660505476,"DRtg":85.5946829038,"Floor%":48.3910547006,"Stop%":0.5821860416,"FFI":61.4227845205,"PIE":0.4018081366,"AV":0.6852226948,"DRE\/100":1.2300104166,"DRE\/75":0.9225078124,"POS":17.2019205281},"S. Torculas":{"TEAM":"UP","SP":26.1,"GP":10.0,"MPG":8.9816666667,"EWA":0.2850413274,"PER":17.1989170678,"WS":0.2943034955,"OWS":0.1176016513,"DWS":0.1767018442,"EFF":3.4,"GmSc":2.19,"TS%":40.9463148317,"EFG%":38.75,"PPWS":0.8189262966,"FTR":0.225,"REB%":13.0082426941,"OREB%":11.3706802273,"DREB%":14.4998209099,"AR":2.9272952619,"pAST%":10.8103400903,"hAST%":8.7780898876,"TOR":4.683672419,"hTO%":14.0449438202,"AST\/TO":0.625,"STL\/TO":0.625,"PPR":-5.0501048344,"USG%":25.5300875226,"STL%":null,"BLK%":54.6443732802,"aSP":26.1,"ORtg":85.2642160842,"DRtg":81.4671700027,"Floor%":40.0835308477,"Stop%":0.6774014389,"FFI":44.9782179407,"PIE":2.0090406831,"AV":0.6704862763,"DRE\/100":2.2754520572,"DRE\/75":1.7065890429,"POS":17.0806138524},"G. Abadiano":{"TEAM":"UP","SP":32.9090909091,"GP":11.0,"MPG":19.296969697,"EWA":-0.3072435108,"PER":7.9106432631,"WS":0.2735500214,"OWS":0.057671562,"DWS":0.2158784593,