{"Q. Millora-Brown":{"TEAM":"UP","SP":51.5454545455,"GP":11.0,"MPG":21.9833333333,"EWA":1.7160371559,"PER":25.0838418227,"WS":1.508475361,"OWS":0.8766080809,"DWS":0.6318672801,"EFF":14.4545454545,"GmSc":8.3272727273,"TS%":59.4284188034,"EFG%":56.3492063492,"PPWS":1.1885683761,"FTR":0.4285714286,"REB%":19.6600779214,"OREB%":14.0621754114,"DREB%":24.639878696,"AR":1.5290486341,"pAST%":5.4127024528,"hAST%":7.0084100921,"TOR":3.9318393447,"hTO%":18.0216259511,"AST\/TO":0.3888888889,"STL\/TO":0.2222222222,"PPR":-5.3885424679,"USG%":17.0535578355,"STL%":null,"BLK%":166.9321351315,"aSP":51.5454545455,"ORtg":108.2279217665,"DRtg":77.0939850439,"Floor%":53.578856223,"Stop%":0.7582094246,"FFI":55.7977292144,"PIE":12.6181211784,"AV":2.1322029923,"DRE\/100":10.7153944744,"DRE\/75":8.0365458558,"POS":41.6182731005},"F. Lopez":{"TEAM":"UP","SP":52.1818181818,"GP":11.0,"MPG":19.3545454545,"EWA":1.7541092132,"PER":27.3806365363,"WS":1.4162393129,"OWS":0.8410137123,"DWS":0.5752256006,"EFF":11.9090909091,"GmSc":7.7636363636,"TS%":60.3737925241,"EFG%":60.0,"PPWS":1.2074758505,"FTR":0.6133333333,"REB%":13.2159297526,"OREB%":3.3880294759,"DREB%":21.9586660404,"AR":3.72156053,"pAST%":14.6091714608,"hAST%":11.2578805164,"TOR":5.7063928127,"hTO%":17.2620834584,"AST\/TO":0.652173913,"STL\/TO":0.347826087,"PPR":-5.967418475,"USG%":24.6585639947,"STL%":null,"BLK%":142.2039894684,"aSP":52.1818181818,"ORtg":102.0199768578,"DRtg":76.447871347,"Floor%":50.2392316273,"Stop%":0.7730327418,"FFI":57.451007692,"PIE":10.8393551973,"AV":1.8438864676,"DRE\/100":12.4201848862,"DRE\/75":9.3151386646,"POS":36.6415204759},"J. Cagulangan":{"TEAM":"UP","SP":64.8888888889,"GP":9.0,"MPG":23.1703703704,"EWA":1.5848520867,"PER":26.0959879841,"WS":1.2310934891,"OWS":0.9102204317,"DWS":0.3208730573,"EFF":12.0,"GmSc":8.8222222222,"TS%":51.9362646228,"EFG%":48.9247311828,"PPWS":1.0387252925,"FTR":0.1505376344,"REB%":8.1421284299,"OREB%":8.4003665614,"DREB%":7.9124040921,"AR":10.6385709551,"pAST%":40.8926759034,"hAST%":24.8285646725,"TOR":7.0923806367,"hTO%":16.5523764483,"AST\/TO":1.5,"STL\/TO":0.4285714286,"PPR":0.0,"USG%":27.0741016979,"STL%":null,"BLK%":0.0,"aSP":64.8888888889,"ORtg":100.4435442734,"DRtg":84.9055672617,"Floor%":43.9119735206,"Stop%":0.5789939678,"FFI":46.7349351424,"PIE":9.9499722068,"AV":1.5953226156,"DRE\/100":3.4937353107,"DRE\/75":2.620301483,"POS":43.8655406481},"H. Alarcon":{"TEAM":"UP","SP":45.1,"GP":10.0,"MPG":17.785,"EWA":1.138954022,"PER":23.6920696324,"WS":1.0979921505,"OWS":0.7422116845,"DWS":0.3557804661,"EFF":9.0,"GmSc":6.09,"TS%":52.717900656,"EFG%":50.0,"PPWS":1.0543580131,"FTR":0.2467532468,"REB%":8.7285378242,"OREB%":2.3175596623,"DREB%":14.4316371474,"AR":4.454991492,"pAST%":17.6767642951,"hAST%":13.4698275862,"TOR":3.2669937608,"hTO%":9.8778735632,"AST\/TO":1.3636363636,"STL\/TO":0.7272727273,"PPR":-0.5494965045,"USG%":24.0559185041,"STL%":null,"BLK%":42.5572524006,"aSP":45.1,"ORtg":105.0666562745,"DRtg":81.5480764549,"Floor%":49.8550794232,"Stop%":0.6560224406,"FFI":48.3480621936,"PIE":7.3929961089,"AV":1.3914339235,"DRE\/100":8.1392253786,"DRE\/75":6.1044190339,"POS":33.6700979723},"T. Fortea":{"TEAM":"UP","SP":40.8181818182,"GP":11.0,"MPG":16.2015151515,"EWA":1.0227963736,"PER":22.3555132006,"WS":1.0440985358,"OWS":0.7438865554,"DWS":0.3002119804,"EFF":7.1818181818,"GmSc":5.2181818182,"TS%":57.9374275782,"EFG%":54.0322580645,"PPWS":1.1587485516,"FTR":0.2580645161,"REB%":5.9885234403,"OREB%":2.312791467,"DREB%":9.2583933414,"AR":6.2241559801,"pAST%":22.0805501976,"hAST%":19.8038476047,"TOR":4.7422140801,"hTO%":15.088645794,"AST\/TO":1.3125,"STL\/TO":0.625,"PPR":-1.0967319181,"USG%":21.1862433839,"STL%":null,"BLK%":14.1565647423,"aSP":40.8181818182,"ORtg":107.2118164493,"DRtg":83.8452496061,"Floor%":44.1477397673,"Stop%":0.6033200656,"FFI":49.7608757411,"PIE":6.8371317399,"AV":1.261830509,"DRE\/100":6.6531893443,"DRE\/75":4.9898920082,"POS":30.6722857718},"J. Bayla":{"TEAM":"UP","SP":31.4545454545,"GP":11.0,"MPG":16.446969697,"EWA":0.0827123973,"PER":11.7389419726,"WS":0.5532516052,"OWS":0.2911772725,"DWS":0.2620743327,"EFF":4.4545454545,"GmSc":2.6636363636,"TS%":44.7850318471,"EFG%":42.6829268293,"PPWS":0.8957006369,"FTR":0.512195122,"REB%":8.8487260912,"OREB%":7.4043949572,"DREB%":10.1335789959,"AR":2.6276857233,"pAST%":8.3378806834,"hAST%":13.1887456038,"TOR":2.6276857233,"hTO%":13.1887456038,"AST\/TO":1.0,"STL\/TO":0.6666666667,"PPR":-1.6205464394,"USG%":14.538362536,"STL%":null,"BLK%":27.8905843923,"aSP":31.4545454545,"ORtg":93.9669989482,"DRtg":85.5608814229,"Floor%":44.2702803414,"Stop%":0.563959571,"FFI":50.5800551216,"PIE":2.2790439133,"AV":0.8819171037,"DRE\/100":1.2644276309,"DRE\/75":0.9483207231,"POS":31.1369739132},"M. Belmonte":{"TEAM":"UP","SP":32.2727272727,"GP":11.0,"MPG":12.3924242424,"EWA":0.3742600093,"PER":16.3384933514,"WS":0.5268090043,"OWS":0.279661444,"DWS":0.2471475603,"EFF":5.6363636364,"GmSc":2.8,"TS%":54.4819078947,"EFG%":52.1739130435,"PPWS":1.0896381579,"FTR":0.1304347826,"REB%":11.7438466463,"OREB%":4.5355200801,"DREB%":18.1562538208,"AR":5.0373703773,"pAST%":18.4048981054,"hAST%":16.7439464194,"TOR":6.1998404644,"hTO%":20.6079340546,"AST\/TO":0.8125,"STL\/TO":0.125,"PPR":-5.2574030403,"USG%":21.0538445472,"STL%":null,"BLK%":37.0158079934,"aSP":32.2727272727,"ORtg":92.1002692994,"DRtg":82.9108286999,"Floor%":42.2244846908,"Stop%":0.6247578057,"FFI":47.1832308565,"PIE":4.4469149528,"AV":1.0521422787,"DRE\/100":3.3881395067,"DRE\/75":2.5411046301,"POS":23.4610142455},"G. Abadiano":{"TEAM":"UP","SP":36.2,"GP":10.0,"MPG":20.1866666667,"EWA":-0.1666962985,"PER":9.1601937257,"WS":0.3741329849,"OWS":0.1273109597,"DWS":0.2468220252,"EFF":3.7,"GmSc":2.51,"TS%":35.3148911124,"EFG%":32.8125,"PPWS":0.7062978222,"FTR":0.140625,"REB%":4.3256689858,"OREB%":2.0418328234,"DREB%":6.357331572,"AR":5.4949554074,"pAST%":17.6207645327,"hAST%":21.2206952304,"TOR":2.6166454321,"hTO%":10.1050929669,"AST\/TO":2.1,"STL\/TO":0.9,"PPR":1.9364852048,"USG%":17.1469247001,"STL%":null,"BLK%":0.0,"aSP":36.2,"ORtg":83.4391826336,"DRtg":87.2034420598,"Floor%":37.13148334,"Stop%":0.5262754954,"FFI":39.9885802067,"PIE":2.5569760978,"AV":0.7143844592,"DRE\/100":-1.8266780889,"DRE\/75":-1.3700085667,"POS":38.2168706439},"J. Felicilda":{"TEAM":"UP","SP":32.0,"GP":9.0,"MPG":15.6648148148,"EWA":-0.0940815959,"PER":9.4786782756,"WS":0.3171556947,"OWS":0.080575053,"DWS":0.2365806418,"EFF":4.3333333333,"GmSc":1.9777777778,"TS%":44.2612942613,"EFG%":45.1612903226,"PPWS":0.8852258852,"FTR":0.1290322581,"REB%":8.2582657929,"OREB%":2.1926952793,"DREB%":13.6540962289,"AR":4.8706291897,"pAST%":15.5122780675,"hAST%":23.3142037303,"TOR":3.7466378382,"hTO%":17.9340028694,"AST\/TO":1.3,"STL\/TO":0.5,"PPR":-0.9242506522,"USG%":13.4663204209,"STL%":null,"BLK%":0.0,"aSP":32.0,"ORtg":83.9401492906,"DRtg":83.8922116208,"Floor%":37.1717714801,"Stop%":0.6022426502,"FFI":44.5018795963,"PIE":2.6125625347,"AV":0.7431545832,"DRE\/100":2.2927625536,"DRE\/75":1.7195719152,"POS":29.6562186974},"G. Stevens":{"TEAM":"UP","SP":23.6,"GP":10.0,"MPG":8.0666666667,"EWA":0.136822704,"PER":14.2292599381,"WS":0.3146037199,"OWS":0.1582975784,"DWS":0.1563061415,"EFF":3.4,"GmSc":1.51,"TS%":50.8849557522,"EFG%":56.25,"PPWS":1.017699115,"FTR":0.9375,"REB%":16.8387290769,"OREB%":15.3289333617,"DREB%":18.1818181818,"AR":1.9644303393,"pAST%":6.5478355766,"hAST%":9.4936708861,"TOR":3.9288606786,"hTO%":18.9873417722,"AST\/TO":0.5,"STL\/TO":0.1666666667,"PPR":-4.8460142149,"USG%":15.7416750757,"STL%":null,"BLK%":62.5521267723,"aSP":23.6,"ORtg":94.6955274963,"DRtg":82.0045243525,"Floor%":49.4240158736,"Stop%":0.645550488,"FFI":63.6460715027,"PIE":0.7782101167,"AV":0.6704862763,"DRE\/100":4.3385108827,"DRE\/75":3.253883162,"POS":15.2716028663},"R. Torres":{"TEAM":"UP","SP":33.1,"GP":10.0,"MPG":14.4383333333,"EWA":-0.0272466157,"PER":10.4406923866,"WS":0.3059384694,"OWS":0.0921037337,"DWS":0.2138347357,"EFF":3.8,"GmSc":2.03,"TS%":36.2468931234,"EFG%":29.0697674419,"PPWS":0.7249378625,"FTR":0.2790697674,