{"R. Torres":{"TEAM":"UP","MINS":127.1166666667,"FGM":11.0,"FGA":37.0,"FG%":29.7297297297,"2PM":10.0,"2PA":24.0,"2P%":41.6666666667,"3PM":1.0,"3PA":13.0,"3P%":7.6923076923,"FTM":9.0,"FTA":10.0,"FT%":90.0,"PTS":32.0,"OFF":6.0,"DEF":11.0,"REB":17.0,"AST":21.0,"TO":9.0,"STL":6.0,"BLK":0.0,"STK":6.0,"PF":14.0,"Fls on:":9.0,"+\/-":13.0,"GW":8.0,"GP":9.0},"C. Briones":{"TEAM":"UP","MINS":64.4166666667,"FGM":4.0,"FGA":18.0,"FG%":22.2222222222,"2PM":3.0,"2PA":7.0,"2P%":42.8571428571,"3PM":1.0,"3PA":11.0,"3P%":9.0909090909,"FTM":0.0,"FTA":0.0,"FT%":0.0,"PTS":9.0,"OFF":1.0,"DEF":8.0,"REB":9.0,"AST":5.0,"TO":2.0,"STL":1.0,"BLK":0.0,"STK":1.0,"PF":5.0,"Fls on:":1.0,"+\/-":-27.0,"GW":8.0,"GP":8.0},"S. Alter":{"TEAM":"UP","MINS":35.7666666667,"FGM":4.0,"FGA":11.0,"FG%":36.3636363636,"2PM":4.0,"2PA":9.0,"2P%":44.4444444444,"3PM":0.0,"3PA":2.0,"3P%":0.0,"FTM":0.0,"FTA":2.0,"FT%":0.0,"PTS":8.0,"OFF":6.0,"DEF":7.0,"REB":13.0,"AST":0.0,"TO":2.0,"STL":1.0,"BLK":0.0,"STK":1.0,"PF":7.0,"Fls on:":2.0,"+\/-":-2.0,"GW":7.0,"GP":7.0},"D. Ududo":{"TEAM":"UP","MINS":92.7,"FGM":13.0,"FGA":32.0,"FG%":40.625,"2PM":13.0,"2PA":32.0,"2P%":40.625,"3PM":0.0,"3PA":0.0,"3P%":0.0,"FTM":11.0,"FTA":23.0,"FT%":47.8260869565,"PTS":37.0,"OFF":19.0,"DEF":14.0,"REB":33.0,"AST":1.0,"TO":12.0,"STL":1.0,"BLK":4.0,"STK":5.0,"PF":23.0,"Fls on:":22.0,"+\/-":20.0,"GW":9.0,"GP":10.0},"D. Walker":{"TEAM":"UP","MINS":21.5333333333,"FGM":1.0,"FGA":3.0,"FG%":33.3333333333,"2PM":1.0,"2PA":3.0,"2P%":33.3333333333,"3PM":0.0,"3PA":0.0,"3P%":0.0,"FTM":0.0,"FTA":0.0,"FT%":0.0,"PTS":2.0,"OFF":0.0,"DEF":1.0,"REB":1.0,"AST":4.0,"TO":1.0,"STL":2.0,"BLK":0.0,"STK":2.0,"PF":0.0,"Fls on:":0.0,"+\/-":-17.0,"GW":5.0,"GP":5.0},"Q. Millora-Brown":{"TEAM":"UP","MINS":218.3166666667,"FGM":33.0,"FGA":57.0,"FG%":57.8947368421,"2PM":32.0,"2PA":52.0,"2P%":61.5384615385,"3PM":1.0,"3PA":5.0,"3P%":20.0,"FTM":18.0,"FTA":25.0,"FT%":72.0,"PTS":85.0,"OFF":30.0,"DEF":60.0,"REB":90.0,"AST":7.0,"TO":18.0,"STL":4.0,"BLK":14.0,"STK":18.0,"PF":20.0,"Fls on:":37.0,"+\/-":81.0,"GW":9.0,"GP":10.0},"J. Felicilda":{"TEAM":"UP","MINS":140.9833333333,"FGM":12.0,"FGA":31.0,"FG%":38.7096774194,"2PM":8.0,"2PA":19.0,"2P%":42.1052631579,"3PM":4.0,"3PA":12.0,"3P%":33.3333333333,"FTM":1.0,"FTA":4.0,"FT%":25.0,"PTS":29.0,"OFF":3.0,"DEF":21.0,"REB":24.0,"AST":13.0,"TO":10.0,"STL":5.0,"BLK":0.0,"STK":5.0,"PF":14.0,"Fls on:":5.0,"+\/-":44.0,"GW":8.0,"GP":9.0},"F. Lopez":{"TEAM":"UP","MINS":193.8833333331,"FGM":42.0,"FGA":72.0,"FG%":58.3333333333,"2PM":36.0,"2PA":50.0,"2P%":72.0,"3PM":6.0,"3PA":22.0,"3P%":27.2727272727,"FTM":23.0,"FTA":40.0,"FT%":57.5,"PTS":113.0,"OFF":5.0,"DEF":46.0,"REB":51.0,"AST":15.0,"TO":21.0,"STL":8.0,"BLK":12.0,"STK":20.0,"PF":21.0,"Fls on:":35.0,"+\/-":52.0,"GW":9.0,"GP":10.0},"G. Abadiano":{"TEAM":"UP","MINS":172.3,"FGM":17.0,"FGA":56.0,"FG%":30.3571428571,"2PM":11.0,"2PA":31.0,"2P%":35.4838709677,"3PM":6.0,"3PA":25.0,"3P%":24.0,"FTM":6.0,"FTA":9.0,"FT%":66.6666666667,"PTS":46.0,"OFF":4.0,"DEF":14.0,"REB":18.0,"AST":18.0,"TO":6.0,"STL":7.0,"BLK":0.0,"STK":7.0,"PF":11.0,"Fls on:":13.0,"+\/-":69.0,"GW":8.0,"GP":9.0},"T. Fortea":{"TEAM":"UP","MINS":161.35,"FGM":25.0,"FGA":53.0,"FG%":47.1698113208,"2PM":10.0,"2PA":17.0,"2P%":58.8235294118,"3PM":15.0,"3PA":36.0,"3P%":41.6666666667,"FTM":12.0,"FTA":15.0,"FT%":80.0,"PTS":77.0,"OFF":4.0,"DEF":17.0,"REB":21.0,"AST":20.0,"TO":16.0,"STL":10.0,"BLK":1.0,"STK":11.0,"PF":15.0,"Fls on:":14.0,"+\/-":53.0,"GW":9.0,"GP":10.0},"G. Stevens":{"TEAM":"UP","MINS":68.5666666667,"FGM":8.0,"FGA":13.0,"FG%":61.5384615385,"2PM":8.0,"2PA":13.0,"2P%":61.5384615385,"3PM":0.0,"3PA":0.0,"3P%":0.0,"FTM":5.0,"FTA":15.0,"FT%":33.3333333333,"PTS":21.0,"OFF":9.0,"DEF":13.0,"REB":22.0,"AST":3.0,"TO":5.0,"STL":1.0,"BLK":2.0,"STK":3.0,"PF":17.0,"Fls on:":10.0,"+\/-":34.0,"GW":8.0,"GP":9.0},"M. Belmonte":{"TEAM":"UP","MINS":127.7833333332,"FGM":21.0,"FGA":43.0,"FG%":48.8372093023,"2PM":17.0,"2PA":34.0,"2P%":50.0,"3PM":4.0,"3PA":9.0,"3P%":44.4444444444,"FTM":5.0,"FTA":6.0,"FT%":83.3333333333,"PTS":51.0,"OFF":6.0,"DEF":25.0,"REB":31.0,"AST":12.0,"TO":12.0,"STL":2.0,"BLK":2.0,"STK":4.0,"PF":16.0,"Fls on:":9.0,"+\/-":65.0,"GW":9.0,"GP":10.0},"H. Alarcon":{"TEAM":"UP","MINS":167.8666666666,"FGM":35.0,"FGA":75.0,"FG%":46.6666666667,"2PM":30.0,"2PA":55.0,"2P%":54.5454545455,"3PM":5.0,"3PA":20.0,"3P%":25.0,"FTM":13.0,"FTA":15.0,"FT%":86.6666666667,"PTS":88.0,"OFF":4.0,"DEF":26.0,"REB":30.0,"AST":15.0,"TO":9.0,"STL":7.0,"BLK":3.0,"STK":10.0,"PF":20.0,"Fls on:":17.0,"+\/-":105.0,"GW":8.0,"GP":9.0},"S. Torculas":{"TEAM":"UP","MINS":61.3166666667,"FGM":6.0,"FGA":25.0,"FG%":24.0,"2PM":5.0,"2PA":19.0,"2P%":26.3157894737,"3PM":1.0,"3PA":6.0,"3P%":16.6666666667,"FTM":1.0,"FTA":2.0,"FT%":50.0,"PTS":14.0,"OFF":5.0,"DEF":11.0,"REB":16.0,"AST":3.0,"TO":5.0,"STL":5.0,"BLK":2.0,"STK":7.0,"PF":5.0,"Fls on:":4.0,"+\/-":-5.0,"GW":7.0,"GP":8.0},"J. Cagulangan":{"TEAM":"UP","MINS":179.5833333334,"FGM":36.0,"FGA":80.0,"FG%":45.0,"2PM":25.0,"2PA":49.0,"2P%":51.0204081633,"3PM":11.0,"3PA":31.0,"3P%":35.4838709677,"FTM":12.0,"FTA":14.0,"FT%":85.7142857143,"PTS":95.0,"OFF":11.0,"DEF":18.0,"REB":29.0,"AST":41.0,"TO":19.0,"STL":10.0,"BLK":0.0,"STK":10.0,"PF":9.0,"Fls on:":23.0,"+\/-":97.0,"GW":8.0,"GP":8.0},"J. Bayla":{"TEAM":"UP","MINS":165.55,"FGM":14.0,"FGA":36.0,"FG%":38.8888888889,"2PM":9.0,"2PA":21.0,"2P%":42.8571428571,"3PM":5.0,"3PA":15.0,"3P%":33.3333333333,"FTM":10.0,"FTA":21.0,"FT%":47.619047619,"PTS":43.0,"OFF":10.0,"DEF":20.0,"REB":30.0,"AST":8.0,"TO":9.0,"STL":6.0,"BLK":2.0,"STK":8.0,"PF":19.0,"Fls on:":14.0,"+\/-":38.0,"GW":9.0,"GP":10.0}}