{"J. Cagulangan":{"TEAM":"UP","SP":73.3333333333,"GP":6.0,"MPG":22.7,"EWA":1.4665703912,"PER":32.463219429,"WS":1.1022806517,"OWS":0.9039934117,"DWS":0.1982872399,"EFF":15.0,"GmSc":11.3,"TS%":54.0694365396,"EFG%":50.7692307692,"PPWS":1.0749646393,"FTR":0.1846153846,"REB%":8.1628669408,"OREB%":6.2652961331,"DREB%":9.7354394334,"AR":13.2002774837,"pAST%":50.6018268748,"TOR":4.6589214648,"AST\/TO":2.8333333333,"PPR":7.6736201156,"USG%":27.1617647654,"aSP":73.3333333333,"ORtg":114.9063726829,"DRtg":87.0387216222,"Floor%":51.0852620109,"Stop%":0.5773342219,"FFI":48.1652519373,"PIE":11.1343075852,"AV":1.3914339235},"Q. Millora-Brown":{"TEAM":"UP","SP":54.5,"GP":8.0,"MPG":22.9895833333,"EWA":1.3622543852,"PER":25.7078911517,"WS":1.1478368228,"OWS":0.7226614138,"DWS":0.425175409,"EFF":15.625,"GmSc":9.1625,"TS%":64.1495601173,"EFG%":60.2272727273,"PPWS":1.2635379061,"FTR":0.5454545455,"REB%":19.4492393743,"OREB%":15.0792931581,"DREB%":23.0707417634,"AR":1.7250886366,"pAST%":5.775275604,"TOR":4.3127215916,"AST\/TO":0.4,"PPR":-5.8603057836,"USG%":17.0051040828,"aSP":54.5,"ORtg":112.8527021301,"DRtg":80.6002513252,"Floor%":55.3062323848,"Stop%":0.7260700751,"FFI":59.2104055065,"PIE":12.456506611,"AV":1.7801771205},"F. Lopez":{"TEAM":"UP","SP":55.375,"GP":8.0,"MPG":19.7395833333,"EWA":1.3491101403,"PER":27.9917871153,"WS":1.0149702368,"OWS":0.6260481637,"DWS":0.3889220731,"EFF":13.0,"GmSc":8.375,"TS%":62.3629385965,"EFG%":62.0689655172,"PPWS":1.2272420769,"FTR":0.5862068966,"REB%":13.1623209432,"OREB%":2.0263852243,"DREB%":22.3909969533,"AR":4.3530798658,"pAST%":16.7679957005,"TOR":6.0273413526,"AST\/TO":0.7222222222,"PPR":-5.79105231,"USG%":25.8978249874,"aSP":55.375,"ORtg":103.4857246669,"DRtg":79.4640373632,"Floor%":51.0650349715,"Stop%":0.7523178864,"FFI":57.5191313619,"PIE":11.0647181628,"AV":1.5507997051},"H. Alarcon":{"TEAM":"UP","SP":50.75,"GP":8.0,"MPG":19.4729166667,"EWA":1.097833028,"PER":24.984829697,"WS":1.0029244909,"OWS":0.7093347736,"DWS":0.2935897173,"EFF":10.875,"GmSc":7.325,"TS%":54.8302872063,"EFG%":50.7142857143,"PPWS":1.0891410049,"FTR":0.2142857143,"REB%":8.6881843602,"OREB%":2.0541350166,"DREB%":14.1860153079,"AR":4.4126919577,"pAST%":16.8782990786,"TOR":3.0549405861,"AST\/TO":1.4444444444,"PPR":-0.2096555833,"USG%":24.705496181,"aSP":50.75,"ORtg":109.6063707864,"DRtg":83.813583915,"Floor%":50.5275372613,"Stop%":0.6518385042,"FFI":48.1470918568,"PIE":9.046624913,"AV":1.3565010827},"T. Fortea":{"TEAM":"UP","SP":42.375,"GP":8.0,"MPG":14.8604166667,"EWA":1.0301271751,"PER":28.2367022738,"WS":0.85071437,"OWS":0.6440977505,"DWS":0.2066166195,"EFF":8.5,"GmSc":6.325,"TS%":71.3315217391,"EFG%":68.4210526316,"PPWS":1.4109742441,"FTR":0.3684210526,"REB%":6.0990511317,"OREB%":2.6917145661,"DREB%":8.9228107164,"AR":6.2271354613,"pAST%":21.888217006,"TOR":5.3375446812,"AST\/TO":1.1666666667,"PPR":-2.1978418472,"USG%":21.2396293532,"aSP":42.375,"ORtg":118.5475086974,"DRtg":84.9165250143,"Floor%":48.9269079494,"Stop%":0.6263593333,"FFI":57.098693585,"PIE":7.51565762,"AV":1.1276190125},"M. Belmonte":{"TEAM":"UP","SP":32.875,"GP":8.0,"MPG":12.2541666667,"EWA":0.2899257133,"PER":16.7644136384,"WS":0.3867529195,"OWS":0.2173498847,"DWS":0.1694030348,"EFF":5.875,"GmSc":2.9875,"TS%":52.2009029345,"EFG%":51.4285714286,"PPWS":1.0429880197,"FTR":0.0285714286,"REB%":12.8201045537,"OREB%":5.4403264196,"DREB%":18.9359427864,"AR":4.3151656138,"pAST%":15.0274132891,"TOR":4.3151656138,"AST\/TO":1.0,"PPR":-2.6652849195,"USG%":19.9230972574,"aSP":32.875,"ORtg":96.7418590757,"DRtg":84.9914715104,"Floor%":43.0624444364,"Stop%":0.6246279855,"FFI":46.0092738805,"PIE":4.3841336117,"AV":0.8547795014},"D. Ududo":{"TEAM":"UP","SP":29.0,"GP":8.0,"MPG":9.6125,"EWA":0.1882557468,"PER":15.7405988431,"WS":0.2705724079,"OWS":0.1600302434,"DWS":0.1105421645,"EFF":4.0,"GmSc":2.0875,"TS%":45.3575240128,"EFG%":40.0,"PPWS":0.8929743926,"FTR":0.5666666667,"REB%":16.9718589293,"OREB%":23.5804074556,"DREB%":11.4951612556,"AR":0.6876301512,"pAST%":2.363472532,"TOR":6.1886713606,"AST\/TO":0.1111111111,"PPR":-10.6179602136,"USG%":27.1756905029,"aSP":29.0,"ORtg":90.659975243,"DRtg":87.1769349831,"Floor%":46.0455696862,"Stop%":0.5741413389,"FFI":52.668913651,"PIE":0.2783576896,"AV":0.6406829831},"J. Bayla":{"TEAM":"UP","SP":33.25,"GP":8.0,"MPG":16.8895833333,"EWA":0.1668376652,"PER":13.3018826227,"WS":0.4935221036,"OWS":0.3112027532,"DWS":0.1823193504,"EFF":5.125,"GmSc":3.2875,"TS%":50.1253132832,"EFG%":47.9166666667,"PPWS":0.9831029186,"FTR":0.75,"REB%":8.5860676891,"OREB%":7.1049710127,"DREB%":9.8134958739,"AR":3.1308503935,"pAST%":9.2564581272,"TOR":1.956781496,"AST\/TO":1.6,"PPR":0.2417232931,"USG%":12.2855209815,"aSP":33.25,"ORtg":106.812454528,"DRtg":87.839879608,"Floor%":48.8853315452,"Stop%":0.5588265778,"FFI":56.3484654952,"PIE":2.9227557411,"AV":0.771558034},"D. Walker":{"TEAM":"UP","SP":22.25,"GP":4.0,"MPG":4.5916666667,"EWA":0.0411158269,"PER":15.3196086452,"WS":0.0523724632,"OWS":0.0172815391,"DWS":0.0350909241,"EFF":1.5,"GmSc":1.1,"TS%":33.3333333333,"EFG%":33.3333333333,"PPWS":0.6666666667,"FTR":0.0,"REB%":2.6318530987,"OREB%":0.0,"DREB%":4.812946827,"AR":11.5162450728,"pAST%":33.4128047615,"TOR":2.8790612682,"AST\/TO":4.0,"PPR":8.8913372824,"USG%":9.7919785948,"aSP":22.25,"ORtg":91.5403470844,"DRtg":83.6182041934,"Floor%":43.3149569107,"Stop%":0.656351994,"FFI":37.6135680163,"PIE":0.8350730689,"AV":0.1825551726},"S. Alter":{"TEAM":"UP","SP":23.4,"GP":5.0,"MPG":5.5633333333,"EWA":0.0321858402,"PER":13.1457114007,"WS":0.0781346517,"OWS":0.0138471084,"DWS":0.0642875433,"EFF":2.4,"GmSc":1.02,"TS%":40.4858299595,"EFG%":44.4444444444,"PPWS":0.8040201005,"FTR":0.2222222222,"REB%":20.8529810531,"OREB%":19.1731575794,"DREB%":22.245099954,"AR":0.0,"pAST%":0.0,"TOR":3.801947894,"AST\/TO":0.0,"PPR":-7.0448798215,"USG%":19.2022519004,"aSP":23.4,"ORtg":83.2534768119,"DRtg":80.6052680702,"Floor%":40.8210229218,"Stop%":0.7259541827,"FFI":48.9952556535,"PIE":0.6263048017,"AV":0.3070199805},"S. Torculas":{"TEAM":"UP","SP":23.6666666667,"GP":6.0,"MPG":7.8444444445,"EWA":-0.0295961636,"PER":9.5560845159,"WS":0.0354295762,"OWS":-0.052485679,"DWS":0.0879152552,"EFF":2.1666666667,"GmSc":1.0833333333,"TS%":35.2112676056,"EFG%":34.2105263158,"PPWS":0.701754386,"FTR":0.1052631579,"REB%":13.351249112,"OREB%":11.3314447592,"DREB%":15.0251201227,"AR":2.2469727461,"pAST%":7.3419193001,"TOR":5.6174318654,"AST\/TO":0.4,"PPR":-7.6332004629,"USG%":23.7671847588,"aSP":23.6666666667,"ORtg":72.1390164363,"DRtg":83.9393175364,"Floor%":33.9137701476,"Stop%":0.6489339172,"FFI":41.1250888802,"PIE":0.9742519137,"AV":0.3260154782},"J. Felicilda":{"TEAM":"UP","SP":32.7142857143,"GP":7.0,"MPG":15.8095238095,"EWA":-0.0349687469,"PER":10.1848748685,"WS":0.2561464474,"OWS":0.0735018111,"DWS":0.1826446363,"EFF":4.8571428571,"GmSc":2.2285714286,"TS%":50.4484304933,"EFG%":52.0,"PPWS":1.0037174721,"FTR":0.16,"REB%":8.2990572562,"OREB%":0.9638554217,"DREB%":14.3779538042,"AR":4.7782010807,"pAST%":14.8901848865,"TOR":4.3003809726,"AST\/TO":1.1111111111,"PPR":-2.0658968613,"USG%":14.5285238069,"aSP":32.7142857143,"ORtg":86.2513777009,"DRtg":85.5752789806,"Floor%":37.8014157275,"Stop%":0.611141381,"FFI":47.3176758412,"PIE":2.8531663187,"AV":0.6704862763},"G. Abadiano":{"TEAM":"UP","SP":37.1428571429,"GP":7.0,"MPG":19.1428571429,"EWA":-0.0581104803,"PER":9.9483427952,"WS":0.2774285844,"OWS":0.1219443294,"DWS":0.155484255,"EFF":4.1428571429,"GmSc":2.7857142857,"TS%":34.6347607053,"EFG%":32.2222222222,"PPWS":0.6896551724,"FTR":0.1333333333,"REB%":5.7717455021,"OREB%":2.3880597015,"DREB%":8.5759050054,"AR":5.5246464236,"pAST%":16.941461201,"TOR":1.5784704067,"AST\/TO":3.5,"PPR":3.8998024618,"USG%":17.3269548397,"aSP":37.1428571429,"ORtg":87.7664661101,"DRtg":89.2617053366,"Floor%":38.1571388269,"Stop%":0.5259808159,"FFI":39.9718832275,"PIE":2.8531663187,"AV":0.5950852745},"C. Briones":{"TEAM":"UP","SP":22.4285714286,"GP":7.0,"MPG":7.6523809524,"EWA":-0.1733143922,"PER":4.3166659291,"WS":0.0320738587,"OWS":-0.0156470297,"DWS":0.0477208883,