{"J. Cagulangan":{"TEAM":"UP","MINS":22.4479166667,"FGM":4.5,"FGA":10.0,"FG%":45.0,"2PM":3.125,"2PA":6.125,"2P%":51.0204081633,"3PM":1.375,"3PA":3.875,"3P%":35.4838709677,"FTM":1.5,"FTA":1.75,"FT%":85.7142857143,"PTS":11.875,"OFF":1.375,"DEF":2.25,"REB":3.625,"AST":5.125,"TO":2.375,"STL":1.25,"BLK":0.0,"STK":1.25,"PF":1.125,"Fls on:":2.875,"+\/-":12.125,"GW":8.0,"GP":8.0},"F. Lopez":{"TEAM":"UP","MINS":19.3883333333,"FGM":4.2,"FGA":7.2,"FG%":58.3333333333,"2PM":3.6,"2PA":5.0,"2P%":72.0,"3PM":0.6,"3PA":2.2,"3P%":27.2727272727,"FTM":2.3,"FTA":4.0,"FT%":57.5,"PTS":11.3,"OFF":0.5,"DEF":4.6,"REB":5.1,"AST":1.5,"TO":2.1,"STL":0.8,"BLK":1.2,"STK":2.0,"PF":2.1,"Fls on:":3.5,"+\/-":5.2,"GW":9.0,"GP":10.0},"H. Alarcon":{"TEAM":"UP","MINS":18.6518518518,"FGM":3.8888888889,"FGA":8.3333333333,"FG%":46.6666666667,"2PM":3.3333333333,"2PA":6.1111111111,"2P%":54.5454545455,"3PM":0.5555555556,"3PA":2.2222222222,"3P%":25.0,"FTM":1.4444444444,"FTA":1.6666666667,"FT%":86.6666666667,"PTS":9.7777777778,"OFF":0.4444444444,"DEF":2.8888888889,"REB":3.3333333333,"AST":1.6666666667,"TO":1.0,"STL":0.7777777778,"BLK":0.3333333333,"STK":1.1111111111,"PF":2.2222222222,"Fls on:":1.8888888889,"+\/-":11.6666666667,"GW":8.0,"GP":9.0},"Q. Millora-Brown":{"TEAM":"UP","MINS":21.8316666667,"FGM":3.3,"FGA":5.7,"FG%":57.8947368421,"2PM":3.2,"2PA":5.2,"2P%":61.5384615385,"3PM":0.1,"3PA":0.5,"3P%":20.0,"FTM":1.8,"FTA":2.5,"FT%":72.0,"PTS":8.5,"OFF":3.0,"DEF":6.0,"REB":9.0,"AST":0.7,"TO":1.8,"STL":0.4,"BLK":1.4,"STK":1.8,"PF":2.0,"Fls on:":3.7,"+\/-":8.1,"GW":9.0,"GP":10.0},"T. Fortea":{"TEAM":"UP","MINS":16.135,"FGM":2.5,"FGA":5.3,"FG%":47.1698113208,"2PM":1.0,"2PA":1.7,"2P%":58.8235294118,"3PM":1.5,"3PA":3.6,"3P%":41.6666666667,"FTM":1.2,"FTA":1.5,"FT%":80.0,"PTS":7.7,"OFF":0.4,"DEF":1.7,"REB":2.1,"AST":2.0,"TO":1.6,"STL":1.0,"BLK":0.1,"STK":1.1,"PF":1.5,"Fls on:":1.4,"+\/-":5.3,"GW":9.0,"GP":10.0},"G. Abadiano":{"TEAM":"UP","MINS":19.1444444444,"FGM":1.8888888889,"FGA":6.2222222222,"FG%":30.3571428571,"2PM":1.2222222222,"2PA":3.4444444444,"2P%":35.4838709677,"3PM":0.6666666667,"3PA":2.7777777778,"3P%":24.0,"FTM":0.6666666667,"FTA":1.0,"FT%":66.6666666667,"PTS":5.1111111111,"OFF":0.4444444444,"DEF":1.5555555556,"REB":2.0,"AST":2.0,"TO":0.6666666667,"STL":0.7777777778,"BLK":0.0,"STK":0.7777777778,"PF":1.2222222222,"Fls on:":1.4444444444,"+\/-":7.6666666667,"GW":8.0,"GP":9.0},"M. Belmonte":{"TEAM":"UP","MINS":12.7783333333,"FGM":2.1,"FGA":4.3,"FG%":48.8372093023,"2PM":1.7,"2PA":3.4,"2P%":50.0,"3PM":0.4,"3PA":0.9,"3P%":44.4444444444,"FTM":0.5,"FTA":0.6,"FT%":83.3333333333,"PTS":5.1,"OFF":0.6,"DEF":2.5,"REB":3.1,"AST":1.2,"TO":1.2,"STL":0.2,"BLK":0.2,"STK":0.4,"PF":1.6,"Fls on:":0.9,"+\/-":6.5,"GW":9.0,"GP":10.0},"J. Bayla":{"TEAM":"UP","MINS":16.555,"FGM":1.4,"FGA":3.6,"FG%":38.8888888889,"2PM":0.9,"2PA":2.1,"2P%":42.8571428571,"3PM":0.5,"3PA":1.5,"3P%":33.3333333333,"FTM":1.0,"FTA":2.1,"FT%":47.619047619,"PTS":4.3,"OFF":1.0,"DEF":2.0,"REB":3.0,"AST":0.8,"TO":0.9,"STL":0.6,"BLK":0.2,"STK":0.8,"PF":1.9,"Fls on:":1.4,"+\/-":3.8,"GW":9.0,"GP":10.0},"D. Ududo":{"TEAM":"UP","MINS":9.27,"FGM":1.3,"FGA":3.2,"FG%":40.625,"2PM":1.3,"2PA":3.2,"2P%":40.625,"3PM":0.0,"3PA":0.0,"3P%":0.0,"FTM":1.1,"FTA":2.3,"FT%":47.8260869565,"PTS":3.7,"OFF":1.9,"DEF":1.4,"REB":3.3,"AST":0.1,"TO":1.2,"STL":0.1,"BLK":0.4,"STK":0.5,"PF":2.3,"Fls on:":2.2,"+\/-":2.0,"GW":9.0,"GP":10.0},"R. Torres":{"TEAM":"UP","MINS":14.1240740741,"FGM":1.2222222222,"FGA":4.1111111111,"FG%":29.7297297297,"2PM":1.1111111111,"2PA":2.6666666667,"2P%":41.6666666667,"3PM":0.1111111111,"3PA":1.4444444444,"3P%":7.6923076923,"FTM":1.0,"FTA":1.1111111111,"FT%":90.0,"PTS":3.5555555556,"OFF":0.6666666667,"DEF":1.2222222222,"REB":1.8888888889,"AST":2.3333333333,"TO":1.0,"STL":0.6666666667,"BLK":0.0,"STK":0.6666666667,"PF":1.5555555556,"Fls on:":1.0,"+\/-":1.4444444444,"GW":8.0,"GP":9.0},"J. Felicilda":{"TEAM":"UP","MINS":15.6648148148,"FGM":1.3333333333,"FGA":3.4444444444,"FG%":38.7096774194,"2PM":0.8888888889,"2PA":2.1111111111,"2P%":42.1052631579,"3PM":0.4444444444,"3PA":1.3333333333,"3P%":33.3333333333,"FTM":0.1111111111,"FTA":0.4444444444,"FT%":25.0,"PTS":3.2222222222,"OFF":0.3333333333,"DEF":2.3333333333,"REB":2.6666666667,"AST":1.4444444444,"TO":1.1111111111,"STL":0.5555555556,"BLK":0.0,"STK":0.5555555556,"PF":1.5555555556,"Fls on:":0.5555555556,"+\/-":4.8888888889,"GW":8.0,"GP":9.0},"G. Stevens":{"TEAM":"UP","MINS":7.6185185185,"FGM":0.8888888889,"FGA":1.4444444444,"FG%":61.5384615385,"2PM":0.8888888889,"2PA":1.4444444444,"2P%":61.5384615385,"3PM":0.0,"3PA":0.0,"3P%":0.0,"FTM":0.5555555556,"FTA":1.6666666667,"FT%":33.3333333333,"PTS":2.3333333333,"OFF":1.0,"DEF":1.4444444444,"REB":2.4444444444,"AST":0.3333333333,"TO":0.5555555556,"STL":0.1111111111,"BLK":0.2222222222,"STK":0.3333333333,"PF":1.8888888889,"Fls on:":1.1111111111,"+\/-":3.7777777778,"GW":8.0,"GP":9.0},"S. Torculas":{"TEAM":"UP","MINS":7.6645833333,"FGM":0.75,"FGA":3.125,"FG%":24.0,"2PM":0.625,"2PA":2.375,"2P%":26.3157894737,"3PM":0.125,"3PA":0.75,"3P%":16.6666666667,"FTM":0.125,"FTA":0.25,"FT%":50.0,"PTS":1.75,"OFF":0.625,"DEF":1.375,"REB":2.0,"AST":0.375,"TO":0.625,"STL":0.625,"BLK":0.25,"STK":0.875,"PF":0.625,"Fls on:":0.5,"+\/-":-0.625,"GW":7.0,"GP":8.0},"S. Alter":{"TEAM":"UP","MINS":5.1095238095,"FGM":0.5714285714,"FGA":1.5714285714,"FG%":36.3636363636,"2PM":0.5714285714,"2PA":1.2857142857,"2P%":44.4444444444,"3PM":0.0,"3PA":0.2857142857,"3P%":0.0,"FTM":0.0,"FTA":0.2857142857,"FT%":0.0,"PTS":1.1428571429,"OFF":0.8571428571,"DEF":1.0,"REB":1.8571428571,"AST":0.0,"TO":0.2857142857,"STL":0.1428571429,"BLK":0.0,"STK":0.1428571429,"PF":1.0,"Fls on:":0.2857142857,"+\/-":-0.2857142857,"GW":7.0,"GP":7.0},"C. Briones":{"TEAM":"UP","MINS":8.0520833333,"FGM":0.5,"FGA":2.25,"FG%":22.2222222222,"2PM":0.375,"2PA":0.875,"2P%":42.8571428571,"3PM":0.125,"3PA":1.375,"3P%":9.0909090909,"FTM":0.0,"FTA":0.0,"FT%":0.0,"PTS":1.125,"OFF":0.125,"DEF":1.0,"REB":1.125,"AST":0.625,"TO":0.25,"STL":0.125,"BLK":0.0,"STK":0.125,"PF":0.625,"Fls on:":0.125,"+\/-":-3.375,"GW":8.0,"GP":8.0},"D. Walker":{"TEAM":"UP","MINS":4.3066666667,"FGM":0.2,"FGA":0.6,"FG%":33.3333333333,"2PM":0.2,"2PA":0.6,"2P%":33.3333333333,"3PM":0.0,"3PA":0.0,"3P%":0.0,"FTM":0.0,"FTA":0.0,"FT%":0.0,"PTS":0.4,"OFF":0.0,"DEF":0.2,"REB":0.2,"AST":0.8,"TO":0.2,"STL":0.4,"BLK":0.0,"STK":0.4,"PF":0.0,"Fls on:":0.0,"+\/-":-3.4,"GW":5.0,"GP":5.0}}