{"J. Cagulangan":{"TEAM":"UP","MINS":24.5409090909,"FGM":4.6363636364,"FGA":11.5454545455,"FG%":40.157480315,"2PM":3.2727272727,"2PA":7.3636363636,"2P%":44.4444444444,"3PM":1.3636363636,"3PA":4.1818181818,"3P%":32.6086956522,"FTM":1.8181818182,"FTA":2.3636363636,"FT%":76.9230769231,"PTS":12.4545454545,"OFF":1.9090909091,"DEF":2.4545454545,"REB":4.3636363636,"AST":4.6363636364,"TO":2.8181818182,"STL":1.8181818182,"BLK":0.0,"STK":1.8181818182,"PF":1.0909090909,"Fls on:":2.8181818182,"+\/-":9.1818181818,"GW":9.0,"GP":11.0},"F. Lopez":{"TEAM":"UP","MINS":18.5641025641,"FGM":3.7692307692,"FGA":6.7692307692,"FG%":55.6818181818,"2PM":3.0769230769,"2PA":4.4615384615,"2P%":68.9655172414,"3PM":0.6923076923,"3PA":2.3076923077,"3P%":30.0,"FTM":2.0,"FTA":4.0,"FT%":50.0,"PTS":10.2307692308,"OFF":0.6153846154,"DEF":4.6153846154,"REB":5.2307692308,"AST":1.6153846154,"TO":2.0769230769,"STL":0.9230769231,"BLK":0.9230769231,"STK":1.8461538462,"PF":2.2307692308,"Fls on:":3.3846153846,"+\/-":4.9230769231,"GW":10.0,"GP":13.0},"Q. Millora-Brown":{"TEAM":"UP","MINS":22.3333333333,"FGM":3.1666666667,"FGA":5.6666666667,"FG%":55.8823529412,"2PM":3.0833333333,"2PA":5.25,"2P%":58.7301587302,"3PM":0.0833333333,"3PA":0.4166666667,"3P%":20.0,"FTM":1.5833333333,"FTA":2.4166666667,"FT%":65.5172413793,"PTS":8.0,"OFF":3.4166666667,"DEF":5.8333333333,"REB":9.25,"AST":0.5833333333,"TO":1.75,"STL":0.3333333333,"BLK":1.3333333333,"STK":1.6666666667,"PF":1.8333333333,"Fls on:":4.0,"+\/-":7.9166666667,"GW":10.0,"GP":12.0},"H. Alarcon":{"TEAM":"UP","MINS":17.4472222222,"FGM":3.0833333333,"FGA":7.4166666667,"FG%":41.5730337079,"2PM":2.6666666667,"2PA":5.5,"2P%":48.4848484848,"3PM":0.4166666667,"3PA":1.9166666667,"3P%":21.7391304348,"FTM":1.3333333333,"FTA":1.8333333333,"FT%":72.7272727273,"PTS":7.9166666667,"OFF":0.5,"DEF":2.8333333333,"REB":3.3333333333,"AST":1.4166666667,"TO":1.0,"STL":1.0,"BLK":0.3333333333,"STK":1.3333333333,"PF":2.1666666667,"Fls on:":2.0,"+\/-":8.9166666667,"GW":9.0,"GP":12.0},"T. Fortea":{"TEAM":"UP","MINS":15.6897435897,"FGM":2.2307692308,"FGA":5.6153846154,"FG%":39.7260273973,"2PM":0.9230769231,"2PA":1.8461538462,"2P%":50.0,"3PM":1.3076923077,"3PA":3.7692307692,"3P%":34.693877551,"FTM":1.0,"FTA":1.2307692308,"FT%":81.25,"PTS":6.7692307692,"OFF":0.3846153846,"DEF":1.3846153846,"REB":1.7692307692,"AST":1.7692307692,"TO":1.2307692308,"STL":0.8461538462,"BLK":0.0769230769,"STK":0.9230769231,"PF":1.3076923077,"Fls on:":1.0769230769,"+\/-":2.8461538462,"GW":10.0,"GP":13.0},"G. Abadiano":{"TEAM":"UP","MINS":19.9861111111,"FGM":2.0,"FGA":6.6666666667,"FG%":30.0,"2PM":1.0,"2PA":3.1666666667,"2P%":31.5789473684,"3PM":1.0,"3PA":3.5,"3P%":28.5714285714,"FTM":0.5833333333,"FTA":0.8333333333,"FT%":70.0,"PTS":5.5833333333,"OFF":0.3333333333,"DEF":1.5833333333,"REB":1.9166666667,"AST":1.8333333333,"TO":1.1666666667,"STL":0.9166666667,"BLK":0.0,"STK":0.9166666667,"PF":1.4166666667,"Fls on:":1.4166666667,"+\/-":5.5,"GW":9.0,"GP":12.0},"J. Bayla":{"TEAM":"UP","MINS":16.0653846154,"FGM":1.4615384615,"FGA":3.8461538462,"FG%":38.0,"2PM":1.0769230769,"2PA":2.3846153846,"2P%":45.1612903226,"3PM":0.3846153846,"3PA":1.4615384615,"3P%":26.3157894737,"FTM":1.0769230769,"FTA":1.9230769231,"FT%":56.0,"PTS":4.3846153846,"OFF":1.3076923077,"DEF":1.6153846154,"REB":2.9230769231,"AST":0.8461538462,"TO":0.8461538462,"STL":0.4615384615,"BLK":0.2307692308,"STK":0.6923076923,"PF":1.9230769231,"Fls on:":1.3846153846,"+\/-":1.0,"GW":10.0,"GP":13.0},"S. Torculas":{"TEAM":"UP","MINS":9.5060606061,"FGM":1.6363636364,"FGA":4.4545454545,"FG%":36.7346938776,"2PM":1.2727272727,"2PA":3.0909090909,"2P%":41.1764705882,"3PM":0.3636363636,"3PA":1.3636363636,"3P%":26.6666666667,"FTM":0.6363636364,"FTA":1.0,"FT%":63.6363636364,"PTS":4.2727272727,"OFF":1.2727272727,"DEF":1.4545454545,"REB":2.7272727273,"AST":0.6363636364,"TO":0.7272727273,"STL":0.4545454545,"BLK":0.2727272727,"STK":0.7272727273,"PF":0.8181818182,"Fls on:":0.8181818182,"+\/-":0.0,"GW":8.0,"GP":11.0},"M. Belmonte":{"TEAM":"UP","MINS":11.2076923077,"FGM":1.7692307692,"FGA":3.7692307692,"FG%":46.9387755102,"2PM":1.4615384615,"2PA":2.8461538462,"2P%":51.3513513514,"3PM":0.3076923077,"3PA":0.9230769231,"3P%":33.3333333333,"FTM":0.3846153846,"FTA":0.4615384615,"FT%":83.3333333333,"PTS":4.2307692308,"OFF":0.4615384615,"DEF":2.0769230769,"REB":2.5384615385,"AST":1.0,"TO":1.3076923077,"STL":0.1538461538,"BLK":0.1538461538,"STK":0.3076923077,"PF":1.5384615385,"Fls on:":0.6923076923,"+\/-":2.5384615385,"GW":10.0,"GP":13.0},"R. Torres":{"TEAM":"UP","MINS":15.0819444445,"FGM":1.4166666667,"FGA":4.6666666667,"FG%":30.3571428571,"2PM":1.25,"2PA":3.0,"2P%":41.6666666667,"3PM":0.1666666667,"3PA":1.6666666667,"3P%":10.0,"FTM":1.1666666667,"FTA":1.3333333333,"FT%":87.5,"PTS":4.1666666667,"OFF":0.8333333333,"DEF":1.3333333333,"REB":2.1666666667,"AST":2.0,"TO":1.0833333333,"STL":0.6666666667,"BLK":0.0,"STK":0.6666666667,"PF":1.6666666667,"Fls on:":1.0833333333,"+\/-":-0.3333333333,"GW":9.0,"GP":12.0},"J. Felicilda":{"TEAM":"UP","MINS":14.4590909091,"FGM":1.1818181818,"FGA":3.1818181818,"FG%":37.1428571429,"2PM":0.7272727273,"2PA":2.0,"2P%":36.3636363636,"3PM":0.4545454545,"3PA":1.1818181818,"3P%":38.4615384615,"FTM":0.0909090909,"FTA":0.3636363636,"FT%":25.0,"PTS":2.9090909091,"OFF":0.3636363636,"DEF":2.0909090909,"REB":2.4545454545,"AST":1.5454545455,"TO":1.2727272727,"STL":0.4545454545,"BLK":0.0,"STK":0.4545454545,"PF":1.4545454545,"Fls on:":0.4545454545,"+\/-":2.7272727273,"GW":9.0,"GP":11.0},"D. Ududo":{"TEAM":"UP","MINS":8.6525641026,"FGM":1.0,"FGA":2.7692307692,"FG%":36.1111111111,"2PM":1.0,"2PA":2.7692307692,"2P%":36.1111111111,"3PM":0.0,"3PA":0.0,"3P%":0.0,"FTM":0.8461538462,"FTA":1.7692307692,"FT%":47.8260869565,"PTS":2.8461538462,"OFF":1.6923076923,"DEF":1.3076923077,"REB":3.0,"AST":0.1538461538,"TO":1.0769230769,"STL":0.1538461538,"BLK":0.3076923077,"STK":0.4615384615,"PF":2.0769230769,"Fls on:":1.9230769231,"+\/-":0.4615384615,"GW":10.0,"GP":13.0},"G. Stevens":{"TEAM":"UP","MINS":9.175,"FGM":0.9166666667,"FGA":1.75,"FG%":52.380952381,"2PM":0.9166666667,"2PA":1.75,"2P%":52.380952381,"3PM":0.0,"3PA":0.0,"3P%":0.0,"FTM":0.5,"FTA":1.4166666667,"FT%":35.2941176471,"PTS":2.3333333333,"OFF":1.3333333333,"DEF":1.4166666667,"REB":2.75,"AST":0.25,"TO":0.5833333333,"STL":0.0833333333,"BLK":0.1666666667,"STK":0.25,"PF":2.0833333333,"Fls on:":0.9166666667,"+\/-":1.5833333333,"GW":9.0,"GP":12.0},"C. Briones":{"TEAM":"UP","MINS":7.1227272727,"FGM":0.5454545455,"FGA":2.2727272727,"FG%":24.0,"2PM":0.3636363636,"2PA":0.8181818182,"2P%":44.4444444444,"3PM":0.1818181818,"3PA":1.4545454545,"3P%":12.5,"FTM":0.0909090909,"FTA":0.1818181818,"FT%":50.0,"PTS":1.3636363636,"OFF":0.2727272727,"DEF":1.0,"REB":1.2727272727,"AST":0.4545454545,"TO":0.4545454545,"STL":0.1818181818,"BLK":0.0,"STK":0.1818181818,"PF":0.5454545455,"Fls on:":0.1818181818,"+\/-":-3.1818181818,"GW":9.0,"GP":11.0},"S. Alter":{"TEAM":"UP","MINS":4.962962963,"FGM":0.5555555556,"FGA":1.3333333333,"FG%":41.6666666667,"2PM":0.5555555556,"2PA":1.1111111111,"2P%":50.0,"3PM":0.0,"3PA":0.2222222222,"3P%":0.0,"FTM":0.0,"FTA":0.2222222222,"FT%":0.0,"PTS":1.1111111111,"OFF":0.8888888889,"DEF":1.0,"REB":1.8888888889,"AST":0.0,"TO":0.3333333333,"STL":0.1111111111,"BLK":0.0,"STK":0.1111111111,"PF":1.1111111111,"Fls on:":0.2222222222,"+\/-":-1.1111111111,"GW":7.0,"GP":9.0},"D. Walker":{"TEAM":"UP","MINS":4.3066666667,"FGM":0.2,"FGA":0.6,"FG%":33.3333333333,"2PM":0.2,"2PA":0.6,"2P%":33.3333333333,"3PM":0.0,"3PA":0.0,"3P%":0.0,"FTM":0.0,"FTA":0.0,"FT%":0.0,"PTS":0.4,"OFF":0.0,"DEF":0.2,"REB":0.2,"AST":0.8,"TO":0.2,"STL":0.4,"BLK":0.0,"STK":0.4,"PF":0.0,"Fls on:":0.0,"+\/-":-3.4,"GW":5.0,"GP":5.0}}