{"F. Lopez":{"TEAM":"UP","MINS":19.3545454545,"FGM":5.918271489,"FGA":10.5683419446,"FG%":56.0,"2PM":5.0728041334,"2PA":7.3273837482,"2P%":69.2307692308,"3PM":0.8454673556,"3PA":3.2409581963,"3P%":26.0869565217,"FTM":3.5227806482,"FTA":6.4819163927,"FT%":54.347826087,"PTS":16.2047909817,"OFF":0.9863785815,"DEF":7.1864725223,"REB":8.1728511038,"AST":2.1136683889,"TO":3.2409581963,"STL":1.1272898074,"BLK":1.6909347111,"STK":2.8182245186,"PF":3.3818694223,"Fls on:":5.4955378112,"+\/-":6.9046500705,"GW":9.0,"GP":11.0},"H. Alarcon":{"TEAM":"UP","MINS":17.785,"FGM":6.0725330335,"FGA":12.9884734327,"FG%":46.7532467532,"2PM":5.2291256677,"2PA":9.6148439696,"2P%":54.3859649123,"3PM":0.8434073658,"3PA":3.373629463,"3P%":25.0,"FTM":2.192859151,"FTA":3.2049479899,"FT%":68.4210526316,"PTS":15.1813325836,"OFF":0.6747258926,"DEF":4.7230812482,"REB":5.3978071409,"AST":2.5302220973,"TO":1.8554962047,"STL":1.3494517852,"BLK":0.5060444195,"STK":1.8554962047,"PF":3.373629463,"Fls on:":3.2049479899,"+\/-":16.1934214226,"GW":8.0,"GP":10.0},"J. Cagulangan":{"TEAM":"UP","MINS":23.1703703704,"FGM":5.6106138107,"FGA":13.3791560102,"FG%":41.935483871,"2PM":3.7404092072,"2PA":7.7685421995,"2P%":48.1481481481,"3PM":1.8702046036,"3PA":5.6106138107,"3P%":33.3333333333,"FTM":1.726342711,"FTA":2.0140664962,"FT%":85.7142857143,"PTS":14.8177749361,"OFF":2.4456521739,"DEF":2.5895140665,"REB":5.0351662404,"AST":6.0421994885,"TO":4.0281329923,"STL":1.726342711,"BLK":0.0,"STK":1.726342711,"PF":1.4386189258,"Fls on:":3.5965473146,"+\/-":12.3721227621,"GW":8.0,"GP":9.0},"T. Fortea":{"TEAM":"UP","MINS":16.2015151515,"FGM":4.3766950341,"FGA":10.4367343122,"FG%":41.935483871,"2PM":1.8516786683,"2PA":3.5350229122,"2P%":52.380952381,"3PM":2.5250163658,"3PA":6.9017114,"3P%":36.5853658537,"FTM":2.1883475171,"FTA":2.6933507902,"FT%":81.25,"PTS":13.4667539512,"OFF":0.6733376976,"DEF":3.030019639,"REB":3.7033573366,"AST":3.5350229122,"TO":2.6933507902,"STL":1.6833442439,"BLK":0.1683344244,"STK":1.8516786683,"PF":2.5250163658,"Fls on:":2.3566819415,"+\/-":7.0700458244,"GW":9.0,"GP":11.0},"M. Belmonte":{"TEAM":"UP","MINS":12.3924242424,"FGM":4.8416676855,"FGA":10.1234869789,"FG%":47.8260869565,"2PM":3.96136447,"2PA":7.7026531361,"2P%":51.4285714286,"3PM":0.8803032156,"3PA":2.4208338428,"3P%":36.3636363636,"FTM":1.1003790194,"FTA":1.3204548233,"FT%":83.3333333333,"PTS":11.6640176061,"OFF":1.3204548233,"DEF":5.942046705,"REB":7.2625015283,"AST":2.8609854505,"TO":3.5212128622,"STL":0.4401516078,"BLK":0.4401516078,"STK":0.8803032156,"PF":3.96136447,"Fls on:":1.980682235,"+\/-":11.4439418022,"GW":9.0,"GP":11.0},"D. Ududo":{"TEAM":"UP","MINS":8.6803030303,"FGM":4.0844824577,"FGA":10.054110665,"FG%":40.625,"2PM":4.0844824577,"2PA":10.054110665,"2P%":40.625,"3PM":0.0,"3PA":0.0,"3P%":0.0,"FTM":3.4561005411,"FTA":7.2263920405,"FT%":47.8260869565,"PTS":11.6250654565,"OFF":6.2838191657,"DEF":4.398673416,"REB":10.6824925816,"AST":0.3141909583,"TO":3.7702914994,"STL":0.3141909583,"BLK":1.2567638331,"STK":1.5709547914,"PF":7.2263920405,"Fls on:":7.2263920405,"+\/-":4.398673416,"GW":9.0,"GP":11.0},"S. Torculas":{"TEAM":"UP","MINS":7.9722222222,"FGM":4.181184669,"FGA":12.543554007,"FG%":33.3333333333,"2PM":3.3449477352,"2PA":9.1986062718,"2P%":36.3636363636,"3PM":0.8362369338,"3PA":3.3449477352,"3P%":25.0,"FTM":2.0905923345,"FTA":3.7630662021,"FT%":55.5555555556,"PTS":11.2891986063,"OFF":3.3449477352,"DEF":5.4355400697,"REB":8.7804878049,"AST":1.6724738676,"TO":2.9268292683,"STL":2.0905923345,"BLK":0.8362369338,"STK":2.9268292683,"PF":2.9268292683,"Fls on:":3.3449477352,"+\/-":-2.9268292683,"GW":7.0,"GP":9.0},"Q. Millora-Brown":{"TEAM":"UP","MINS":21.9833333333,"FGM":4.3421324695,"FGA":7.8158384451,"FG%":55.5555555556,"2PM":4.2180715418,"2PA":7.1955338066,"2P%":58.6206896552,"3PM":0.1240609277,"3PA":0.6203046385,"3P%":20.0,"FTM":2.2330966986,"FTA":3.3496450479,"FT%":66.6666666667,"PTS":11.0414225653,"OFF":4.0940106141,"DEF":8.0639603005,"REB":12.1579709146,"AST":0.8684264939,"TO":2.2330966986,"STL":0.4962437108,"BLK":1.9849748432,"STK":2.481218554,"PF":2.6052794817,"Fls on:":5.4586808188,"+\/-":9.5526914329,"GW":9.0,"GP":11.0},"G. Stevens":{"TEAM":"UP","MINS":8.0666666667,"FGM":3.347107438,"FGA":5.9504132231,"FG%":56.25,"2PM":3.347107438,"2PA":5.9504132231,"2P%":56.25,"3PM":0.0,"3PA":0.0,"3P%":0.0,"FTM":1.8595041322,"FTA":5.5785123967,"FT%":33.3333333333,"PTS":8.5537190083,"OFF":4.4628099174,"DEF":5.9504132231,"REB":10.4132231405,"AST":1.1157024793,"TO":2.2314049587,"STL":0.3719008264,"BLK":0.7438016529,"STK":1.1157024793,"PF":7.4380165289,"Fls on:":3.7190082645,"+\/-":8.9256198347,"GW":8.0,"GP":10.0},"J. Bayla":{"TEAM":"UP","MINS":16.446969697,"FGM":2.4873330263,"FGA":6.7987102718,"FG%":36.5853658537,"2PM":1.6582220175,"2PA":3.979732842,"2P%":41.6666666667,"3PM":0.8291110088,"3PA":2.8189774298,"3P%":29.4117647059,"FTM":1.6582220175,"FTA":3.4822662368,"FT%":47.619047619,"PTS":7.4619990788,"OFF":2.1556886228,"DEF":3.316444035,"REB":5.4721326578,"AST":1.4923998158,"TO":1.4923998158,"STL":0.9949332105,"BLK":0.3316444035,"STK":1.326577614,"PF":3.4822662368,"Fls on:":2.4873330263,"+\/-":5.1404882543,"GW":9.0,"GP":11.0},"R. Torres":{"TEAM":"UP","MINS":14.4383333333,"FGM":2.4933625765,"FGA":8.9345492324,"FG%":27.9069767442,"2PM":2.2855823618,"2PA":5.8178460118,"2P%":39.2857142857,"3PM":0.2077802147,"3PA":3.1167032206,"3P%":6.6666666667,"FTM":2.0778021471,"FTA":2.4933625765,"FT%":83.3333333333,"PTS":7.2723075147,"OFF":1.6622417176,"DEF":2.7011427912,"REB":4.3633845088,"AST":4.3633845088,"TO":2.7011427912,"STL":1.4544615029,"BLK":0.0,"STK":1.4544615029,"PF":3.53226365,"Fls on:":2.0778021471,"+\/-":0.2077802147,"GW":8.0,"GP":10.0},"G. Abadiano":{"TEAM":"UP","MINS":20.1866666667,"FGM":2.6750330251,"FGA":9.5112285337,"FG%":28.125,"2PM":1.7833553501,"2PA":5.0528401585,"2P%":35.2941176471,"3PM":0.891677675,"3PA":4.4583883752,"3P%":20.0,"FTM":0.891677675,"FTA":1.3375165125,"FT%":66.6666666667,"PTS":7.1334214003,"OFF":0.5944517834,"DEF":2.0805812417,"REB":2.6750330251,"AST":3.1208718626,"TO":1.4861294584,"STL":1.3375165125,"BLK":0.0,"STK":1.3375165125,"PF":1.7833553501,"Fls on:":2.3778071334,"+\/-":9.9570673712,"GW":8.0,"GP":10.0},"S. Alter":{"TEAM":"UP","MINS":4.66875,"FGM":3.2128514056,"FGA":8.8353413655,"FG%":36.3636363636,"2PM":3.2128514056,"2PA":7.2289156627,"2P%":44.4444444444,"3PM":0.0,"3PA":1.6064257028,"3P%":0.0,"FTM":0.0,"FTA":1.6064257028,"FT%":0.0,"PTS":6.4257028112,"OFF":4.8192771084,"DEF":6.4257028112,"REB":11.2449799197,"AST":0.0,"TO":1.6064257028,"STL":0.8032128514,"BLK":0.0,"STK":0.8032128514,"PF":6.4257028112,"Fls on:":1.6064257028,"+\/-":-1.6064257028,"GW":7.0,"GP":8.0},"J. Felicilda":{"TEAM":"UP","MINS":15.6648148148,"FGM":2.5534933207,"FGA":6.5965244119,"FG%":38.7096774194,"2PM":1.7023288805,"2PA":4.0430310911,"2P%":42.1052631579,"3PM":0.8511644402,"3PA":2.5534933207,"3P%":33.3333333333,"FTM":0.2127911101,"FTA":0.8511644402,"FT%":25.0,"PTS":6.1709421917,"OFF":0.6383733302,"DEF":4.4686133113,"REB":5.1069866414,"AST":2.7662844308,"TO":2.1279111006,"STL":1.0639555503,"BLK":0.0,"STK":1.0639555503,"PF":2.9790755408,"Fls on:":1.0639555503,"+\/-":9.3628088427,"GW":8.0,"GP":9.0},"C. Briones":{"TEAM":"UP","MINS":7.5981481482,"FGM":2.1935169388,"FGA":8.7740677553,"FG%":25.0,"2PM":1.3161101633,"2PA":3.0709237144,"2P%":42.8571428571,"3PM":0.8774067755,"3PA":5.7031440409,"3P%":15.3846153846,"FTM":0.4387033878,"FTA":0.8774067755,"FT%":50.0,"PTS":5.7031440409,"OFF":0.8774067755,"DEF":4.3870338776,"REB":5.2644406532,"AST":2.1935169388,"TO":1.3161101633,"STL":0.4387033878,"BLK":0.0,"STK":0.4387033878,"PF":2.1935169388,"Fls on:":0.8774067755,"+\/-":-16.2320253473,"GW":8.0,"GP":9.0},"D. Walker":{"TEAM":"UP","MINS":4.3066666667,"FGM":1.3931888545,"FGA":4.1795665635,"FG%":33.3333333333,"2PM":1.3931888545,"2PA":4.1795665635,"2P%":33.3333333333,"3PM":0.0,"3PA":0.0,"3P%":0.0,"FTM":0.0,"FTA":0.0,"FT%":0.0,"PTS":2.786377709,"OFF":0.0,"DEF":1.3931888545,"REB":1.3931888545,"AST":5.572755418,"TO":1.3931888545,"STL":2.786377709,"BLK":0.0,