{"J. Cagulangan":{"TEAM":"UP","MINS":25.0736111111,"FGM":4.3333333333,"FGA":11.5,"FG%":37.6811594203,"2PM":3.0,"2PA":7.3333333333,"2P%":40.9090909091,"3PM":1.3333333333,"3PA":4.1666666667,"3P%":32.0,"FTM":1.75,"FTA":2.4166666667,"FT%":72.4137931034,"PTS":11.75,"OFF":1.9166666667,"DEF":2.5,"REB":4.4166666667,"AST":5.0,"TO":2.6666666667,"STL":1.75,"BLK":0.0,"STK":1.75,"PF":1.25,"Fls on:":2.75,"+\/-":10.0,"GW":10.0,"GP":12.0},"H. Alarcon":{"TEAM":"UP","MINS":17.9705128205,"FGM":3.7692307692,"FGA":8.1538461538,"FG%":46.2264150943,"2PM":3.0,"2PA":5.7692307692,"2P%":52.0,"3PM":0.7692307692,"3PA":2.3846153846,"3P%":32.2580645161,"FTM":1.5384615385,"FTA":2.0769230769,"FT%":74.0740740741,"PTS":9.8461538462,"OFF":0.5384615385,"DEF":2.9230769231,"REB":3.4615384615,"AST":1.3076923077,"TO":1.0769230769,"STL":1.0,"BLK":0.3076923077,"STK":1.3076923077,"PF":2.3076923077,"Fls on:":2.0769230769,"+\/-":9.4615384615,"GW":10.0,"GP":13.0},"F. Lopez":{"TEAM":"UP","MINS":18.9642857143,"FGM":3.6428571429,"FGA":6.7857142857,"FG%":53.6842105263,"2PM":3.0,"2PA":4.4285714286,"2P%":67.7419354839,"3PM":0.6428571429,"3PA":2.3571428571,"3P%":27.2727272727,"FTM":1.8571428571,"FTA":3.8571428571,"FT%":48.1481481481,"PTS":9.7857142857,"OFF":0.7142857143,"DEF":4.6428571429,"REB":5.3571428571,"AST":1.7142857143,"TO":2.0,"STL":0.8571428571,"BLK":1.0,"STK":1.8571428571,"PF":2.2142857143,"Fls on:":3.2857142857,"+\/-":4.8571428571,"GW":11.0,"GP":14.0},"Q. Millora-Brown":{"TEAM":"UP","MINS":22.5641025641,"FGM":3.4615384615,"FGA":6.0,"FG%":57.6923076923,"2PM":3.3846153846,"2PA":5.6153846154,"2P%":60.2739726027,"3PM":0.0769230769,"3PA":0.3846153846,"3P%":20.0,"FTM":1.6153846154,"FTA":2.6153846154,"FT%":61.7647058824,"PTS":8.6153846154,"OFF":3.6923076923,"DEF":5.7692307692,"REB":9.4615384615,"AST":0.6923076923,"TO":2.0769230769,"STL":0.3076923077,"BLK":1.3846153846,"STK":1.6923076923,"PF":1.9230769231,"Fls on:":4.0769230769,"+\/-":8.4615384615,"GW":11.0,"GP":13.0},"T. Fortea":{"TEAM":"UP","MINS":15.119047619,"FGM":2.1428571429,"FGA":5.5,"FG%":38.961038961,"2PM":0.8571428571,"2PA":1.7142857143,"2P%":50.0,"3PM":1.2857142857,"3PA":3.7857142857,"3P%":33.9622641509,"FTM":1.0,"FTA":1.2857142857,"FT%":77.7777777778,"PTS":6.5714285714,"OFF":0.3571428571,"DEF":1.3571428571,"REB":1.7142857143,"AST":1.7142857143,"TO":1.1428571429,"STL":0.7857142857,"BLK":0.0714285714,"STK":0.8571428571,"PF":1.2142857143,"Fls on:":1.1428571429,"+\/-":2.6428571429,"GW":11.0,"GP":14.0},"G. Abadiano":{"TEAM":"UP","MINS":20.0948717949,"FGM":1.8461538462,"FGA":6.3076923077,"FG%":29.2682926829,"2PM":0.9230769231,"2PA":2.9230769231,"2P%":31.5789473684,"3PM":0.9230769231,"3PA":3.3846153846,"3P%":27.2727272727,"FTM":0.8461538462,"FTA":1.0769230769,"FT%":78.5714285714,"PTS":5.4615384615,"OFF":0.3076923077,"DEF":1.4615384615,"REB":1.7692307692,"AST":1.8461538462,"TO":1.3846153846,"STL":1.0,"BLK":0.0,"STK":1.0,"PF":1.3846153846,"Fls on:":1.6153846154,"+\/-":5.0,"GW":10.0,"GP":13.0},"R. Torres":{"TEAM":"UP","MINS":15.2025641026,"FGM":1.3846153846,"FGA":4.4615384615,"FG%":31.0344827586,"2PM":1.2307692308,"2PA":2.8461538462,"2P%":43.2432432432,"3PM":0.1538461538,"3PA":1.6153846154,"3P%":9.5238095238,"FTM":1.2307692308,"FTA":1.3846153846,"FT%":88.8888888889,"PTS":4.1538461538,"OFF":0.8461538462,"DEF":1.6153846154,"REB":2.4615384615,"AST":2.0,"TO":1.1538461538,"STL":0.6923076923,"BLK":0.0,"STK":0.6923076923,"PF":1.6923076923,"Fls on:":1.0,"+\/-":0.3846153846,"GW":10.0,"GP":13.0},"J. Bayla":{"TEAM":"UP","MINS":15.7547619048,"FGM":1.3571428571,"FGA":3.7142857143,"FG%":36.5384615385,"2PM":1.0,"2PA":2.3571428571,"2P%":42.4242424242,"3PM":0.3571428571,"3PA":1.3571428571,"3P%":26.3157894737,"FTM":1.0714285714,"FTA":1.9285714286,"FT%":55.5555555556,"PTS":4.1428571429,"OFF":1.3571428571,"DEF":1.6428571429,"REB":3.0,"AST":0.7857142857,"TO":0.8571428571,"STL":0.5,"BLK":0.2142857143,"STK":0.7142857143,"PF":2.0714285714,"Fls on:":1.3571428571,"+\/-":0.3571428571,"GW":11.0,"GP":14.0},"S. Torculas":{"TEAM":"UP","MINS":8.8902777778,"FGM":1.5833333333,"FGA":4.25,"FG%":37.2549019608,"2PM":1.25,"2PA":2.9166666667,"2P%":42.8571428571,"3PM":0.3333333333,"3PA":1.3333333333,"3P%":25.0,"FTM":0.5833333333,"FTA":0.9166666667,"FT%":63.6363636364,"PTS":4.0833333333,"OFF":1.1666666667,"DEF":1.4166666667,"REB":2.5833333333,"AST":0.5833333333,"TO":0.6666666667,"STL":0.4166666667,"BLK":0.25,"STK":0.6666666667,"PF":0.75,"Fls on:":0.8333333333,"+\/-":0.1666666667,"GW":9.0,"GP":12.0},"M. Belmonte":{"TEAM":"UP","MINS":11.0321428571,"FGM":1.6428571429,"FGA":3.5714285714,"FG%":46.0,"2PM":1.3571428571,"2PA":2.7142857143,"2P%":50.0,"3PM":0.2857142857,"3PA":0.8571428571,"3P%":33.3333333333,"FTM":0.3571428571,"FTA":0.5714285714,"FT%":62.5,"PTS":3.9285714286,"OFF":0.4285714286,"DEF":2.0,"REB":2.4285714286,"AST":0.9285714286,"TO":1.2857142857,"STL":0.1428571429,"BLK":0.1428571429,"STK":0.2857142857,"PF":1.4285714286,"Fls on:":0.7142857143,"+\/-":2.6428571429,"GW":11.0,"GP":14.0},"D. Ududo":{"TEAM":"UP","MINS":8.6773809524,"FGM":1.0,"FGA":2.6428571429,"FG%":37.8378378378,"2PM":1.0,"2PA":2.6428571429,"2P%":37.8378378378,"3PM":0.0,"3PA":0.0,"3P%":0.0,"FTM":0.7857142857,"FTA":1.6428571429,"FT%":47.8260869565,"PTS":2.7857142857,"OFF":1.7142857143,"DEF":1.2857142857,"REB":3.0,"AST":0.1428571429,"TO":1.0,"STL":0.1428571429,"BLK":0.2857142857,"STK":0.4285714286,"PF":2.0714285714,"Fls on:":1.7857142857,"+\/-":0.4285714286,"GW":11.0,"GP":14.0},"J. Felicilda":{"TEAM":"UP","MINS":14.0083333333,"FGM":1.0833333333,"FGA":3.0833333333,"FG%":35.1351351351,"2PM":0.6666666667,"2PA":1.8333333333,"2P%":36.3636363636,"3PM":0.4166666667,"3PA":1.25,"3P%":33.3333333333,"FTM":0.0833333333,"FTA":0.3333333333,"FT%":25.0,"PTS":2.6666666667,"OFF":0.3333333333,"DEF":1.9166666667,"REB":2.25,"AST":1.5,"TO":1.1666666667,"STL":0.4166666667,"BLK":0.0,"STK":0.4166666667,"PF":1.3333333333,"Fls on:":0.4166666667,"+\/-":1.75,"GW":10.0,"GP":12.0},"G. Stevens":{"TEAM":"UP","MINS":8.9025641026,"FGM":0.8461538462,"FGA":1.6923076923,"FG%":50.0,"2PM":0.8461538462,"2PA":1.6923076923,"2P%":50.0,"3PM":0.0,"3PA":0.0,"3P%":0.0,"FTM":0.4615384615,"FTA":1.3076923077,"FT%":35.2941176471,"PTS":2.1538461538,"OFF":1.2307692308,"DEF":1.3076923077,"REB":2.5384615385,"AST":0.2307692308,"TO":0.5384615385,"STL":0.0769230769,"BLK":0.1538461538,"STK":0.2307692308,"PF":2.0769230769,"Fls on:":0.8461538462,"+\/-":1.0769230769,"GW":10.0,"GP":13.0},"C. Briones":{"TEAM":"UP","MINS":6.7930555556,"FGM":0.5833333333,"FGA":2.3333333333,"FG%":25.0,"2PM":0.3333333333,"2PA":0.75,"2P%":44.4444444444,"3PM":0.25,"3PA":1.5833333333,"3P%":15.7894736842,"FTM":0.0833333333,"FTA":0.1666666667,"FT%":50.0,"PTS":1.5,"OFF":0.25,"DEF":1.0,"REB":1.25,"AST":0.4166666667,"TO":0.4166666667,"STL":0.1666666667,"BLK":0.0833333333,"STK":0.25,"PF":0.6666666667,"Fls on:":0.1666666667,"+\/-":-2.5833333333,"GW":10.0,"GP":12.0},"S. Alter":{"TEAM":"UP","MINS":4.962962963,"FGM":0.5555555556,"FGA":1.3333333333,"FG%":41.6666666667,"2PM":0.5555555556,"2PA":1.1111111111,"2P%":50.0,"3PM":0.0,"3PA":0.2222222222,"3P%":0.0,"FTM":0.0,"FTA":0.2222222222,"FT%":0.0,"PTS":1.1111111111,"OFF":0.8888888889,"DEF":1.0,"REB":1.8888888889,"AST":0.0,"TO":0.3333333333,"STL":0.1111111111,"BLK":0.0,"STK":0.1111111111,"PF":1.1111111111,"Fls on:":0.2222222222,"+\/-":-1.1111111111,"GW":7.0,"GP":9.0},"D. Walker":{"TEAM":"UP","MINS":4.3066666667,"FGM":0.2,"FGA":0.6,"FG%":33.3333333333,"2PM":0.2,"2PA":0.6,"2P%":33.3333333333,"3PM":0.0,"3PA":0.0,"3P%":0.0,"FTM":0.0,"FTA":0.0,"FT%":0.0,"PTS":0.4,"OFF":0.0,"DEF":0.2,"REB":0.2,"AST":0.8,"TO":0.2,"STL":0.4,"BLK":0.0,"STK":0.4,"PF":0.0,"Fls on:":0.0,"+\/-":-3.4,"GW":5.0,"GP":5.0}}