{"F. Lopez":{"TEAM":"UP","MINS":19.3883333333,"FGM":6.498753546,"FGA":11.1407203645,"FG%":58.3333333333,"2PM":5.5703601822,"2PA":7.7366113642,"2P%":72.0,"3PM":0.9283933637,"3PA":3.4041090003,"3P%":27.2727272727,"FTM":3.5588412275,"FTA":6.1892890914,"FT%":57.5,"PTS":17.4847416832,"OFF":0.7736611364,"DEF":7.1176824551,"REB":7.8913435915,"AST":2.3209834093,"TO":3.249376773,"STL":1.2378578183,"BLK":1.8567867274,"STK":3.0946445457,"PF":3.249376773,"Fls on:":5.415627955,"+\/-":8.0460758188,"GW":9.0,"GP":10.0},"J. Cagulangan":{"TEAM":"UP","MINS":22.4479166667,"FGM":6.0139211137,"FGA":13.3642691415,"FG%":45.0,"2PM":4.1763341067,"2PA":8.1856148492,"2P%":51.0204081633,"3PM":1.837587007,"3PA":5.1786542923,"3P%":35.4838709677,"FTM":2.0046403712,"FTA":2.3387470998,"FT%":85.7142857143,"PTS":15.8700696056,"OFF":1.837587007,"DEF":3.0069605568,"REB":4.8445475638,"AST":6.849187935,"TO":3.1740139211,"STL":1.6705336427,"BLK":0.0,"STK":1.6705336427,"PF":1.5034802784,"Fls on:":3.8422273782,"+\/-":16.2041763341,"GW":8.0,"GP":8.0},"H. Alarcon":{"TEAM":"UP","MINS":18.6518518518,"FGM":6.2549642573,"FGA":13.4034948372,"FG%":46.6666666667,"2PM":5.3613979349,"2PA":9.8292295473,"2P%":54.5454545455,"3PM":0.8935663225,"3PA":3.5742652899,"3P%":25.0,"FTM":2.3232724384,"FTA":2.6806989674,"FT%":86.6666666667,"PTS":15.7267672756,"OFF":0.714853058,"DEF":4.6465448769,"REB":5.3613979349,"AST":2.6806989674,"TO":1.6084193805,"STL":1.2509928515,"BLK":0.5361397935,"STK":1.787132645,"PF":3.5742652899,"Fls on:":3.0381254964,"+\/-":18.764892772,"GW":8.0,"GP":9.0},"T. Fortea":{"TEAM":"UP","MINS":16.135,"FGM":4.6482801363,"FGA":9.8543538891,"FG%":47.1698113208,"2PM":1.8593120545,"2PA":3.1608304927,"2P%":58.8235294118,"3PM":2.7889680818,"3PA":6.6935233963,"3P%":41.6666666667,"FTM":2.2311744654,"FTA":2.7889680818,"FT%":80.0,"PTS":14.31670282,"OFF":0.7437248218,"DEF":3.1608304927,"REB":3.9045553145,"AST":3.7186241091,"TO":2.9748992873,"STL":1.8593120545,"BLK":0.1859312055,"STK":2.04524326,"PF":2.7889680818,"Fls on:":2.6030368764,"+\/-":9.8543538891,"GW":9.0,"GP":10.0},"D. Ududo":{"TEAM":"UP","MINS":9.27,"FGM":4.2071197411,"FGA":10.355987055,"FG%":40.625,"2PM":4.2071197411,"2PA":10.355987055,"2P%":40.625,"3PM":0.0,"3PA":0.0,"3P%":0.0,"FTM":3.5598705502,"FTA":7.4433656958,"FT%":47.8260869565,"PTS":11.9741100324,"OFF":6.1488673139,"DEF":4.5307443366,"REB":10.6796116505,"AST":0.3236245955,"TO":3.8834951456,"STL":0.3236245955,"BLK":1.2944983819,"STK":1.6181229773,"PF":7.4433656958,"Fls on:":7.1197411003,"+\/-":6.4724919094,"GW":9.0,"GP":10.0},"M. Belmonte":{"TEAM":"UP","MINS":12.7783333333,"FGM":4.9302204252,"FGA":10.0952132516,"FG%":48.8372093023,"2PM":3.9911308204,"2PA":7.9822616408,"2P%":50.0,"3PM":0.9390896048,"3PA":2.1129516108,"3P%":44.4444444444,"FTM":1.173862006,"FTA":1.4086344072,"FT%":83.3333333333,"PTS":11.9733924612,"OFF":1.4086344072,"DEF":5.86931003,"REB":7.2779444372,"AST":2.8172688144,"TO":2.8172688144,"STL":0.4695448024,"BLK":0.4695448024,"STK":0.9390896048,"PF":3.7563584192,"Fls on:":2.1129516108,"+\/-":15.260206078,"GW":9.0,"GP":10.0},"Q. Millora-Brown":{"TEAM":"UP","MINS":21.8316666667,"FGM":4.5346973051,"FGA":7.8326589816,"FG%":57.8947368421,"2PM":4.3972822353,"2PA":7.1455836323,"2P%":61.5384615385,"3PM":0.1374150699,"3PA":0.6870753493,"3P%":20.0,"FTM":2.4734712573,"FTA":3.4353767463,"FT%":72.0,"PTS":11.6802809375,"OFF":4.1224520956,"DEF":8.2449041912,"REB":12.3673562867,"AST":0.961905489,"TO":2.4734712573,"STL":0.5496602794,"BLK":1.9238109779,"STK":2.4734712573,"PF":2.7483013971,"Fls on:":5.0843575845,"+\/-":11.1306206581,"GW":9.0,"GP":10.0},"G. Stevens":{"TEAM":"UP","MINS":7.6185185185,"FGM":3.5002430724,"FGA":5.6878949927,"FG%":61.5384615385,"2PM":3.5002430724,"2PA":5.6878949927,"2P%":61.5384615385,"3PM":0.0,"3PA":0.0,"3P%":0.0,"FTM":2.1876519203,"FTA":6.5629557608,"FT%":33.3333333333,"PTS":9.1881380651,"OFF":3.9377734565,"DEF":5.6878949927,"REB":9.6256684492,"AST":1.3125911522,"TO":2.1876519203,"STL":0.4375303841,"BLK":0.8750607681,"STK":1.3125911522,"PF":7.4380165289,"Fls on:":4.3753038405,"+\/-":14.8760330578,"GW":8.0,"GP":9.0},"G. Abadiano":{"TEAM":"UP","MINS":19.1444444444,"FGM":2.9599535694,"FGA":9.7504352873,"FG%":30.3571428571,"2PM":1.9152640743,"2PA":5.3975623912,"2P%":35.4838709677,"3PM":1.0446894951,"3PA":4.3528728961,"3P%":24.0,"FTM":1.0446894951,"FTA":1.5670342426,"FT%":66.6666666667,"PTS":8.0092861288,"OFF":0.6964596634,"DEF":2.4376088218,"REB":3.1340684852,"AST":3.1340684852,"TO":1.0446894951,"STL":1.2188044109,"BLK":0.0,"STK":1.2188044109,"PF":1.9152640743,"Fls on:":2.263493906,"+\/-":12.0139291933,"GW":8.0,"GP":9.0},"J. Bayla":{"TEAM":"UP","MINS":16.555,"FGM":2.5369978858,"FGA":6.5237088493,"FG%":38.8888888889,"2PM":1.6309272123,"2PA":3.8054968288,"2P%":42.8571428571,"3PM":0.9060706735,"3PA":2.7182120205,"3P%":33.3333333333,"FTM":1.812141347,"FTA":3.8054968288,"FT%":47.619047619,"PTS":7.7922077922,"OFF":1.812141347,"DEF":3.6242826941,"REB":5.4364240411,"AST":1.4497130776,"TO":1.6309272123,"STL":1.0872848082,"BLK":0.3624282694,"STK":1.4497130776,"PF":3.4430685593,"Fls on:":2.5369978858,"+\/-":6.8861371187,"GW":9.0,"GP":10.0},"R. Torres":{"TEAM":"UP","MINS":14.1240740741,"FGM":2.5960403828,"FGA":8.7321358332,"FG%":29.7297297297,"2PM":2.3600367117,"2PA":5.664088108,"2P%":41.6666666667,"3PM":0.2360036712,"3PA":3.0680477252,"3P%":7.6923076923,"FTM":2.1240330405,"FTA":2.3600367117,"FT%":90.0,"PTS":7.5521174774,"OFF":1.416022027,"DEF":2.5960403828,"REB":4.0120624099,"AST":4.9560770945,"TO":2.1240330405,"STL":1.416022027,"BLK":0.0,"STK":1.416022027,"PF":3.3040513964,"Fls on:":2.1240330405,"+\/-":3.0680477252,"GW":8.0,"GP":9.0},"S. Torculas":{"TEAM":"UP","MINS":7.6645833333,"FGM":2.9355803207,"FGA":12.2315846697,"FG%":24.0,"2PM":2.4463169339,"2PA":9.296004349,"2P%":26.3157894737,"3PM":0.4892633868,"3PA":2.9355803207,"3P%":16.6666666667,"FTM":0.4892633868,"FTA":0.9785267736,"FT%":50.0,"PTS":6.8496874151,"OFF":2.4463169339,"DEF":5.3818972547,"REB":7.8282141886,"AST":1.4677901604,"TO":2.4463169339,"STL":2.4463169339,"BLK":0.9785267736,"STK":3.4248437075,"PF":2.4463169339,"Fls on:":1.9570535472,"+\/-":-2.4463169339,"GW":7.0,"GP":8.0},"S. Alter":{"TEAM":"UP","MINS":5.1095238095,"FGM":3.3550792171,"FGA":9.2264678471,"FG%":36.3636363636,"2PM":3.3550792171,"2PA":7.5489282386,"2P%":44.4444444444,"3PM":0.0,"3PA":1.6775396086,"3P%":0.0,"FTM":0.0,"FTA":1.6775396086,"FT%":0.0,"PTS":6.7101584343,"OFF":5.0326188257,"DEF":5.87138863,"REB":10.9040074557,"AST":0.0,"TO":1.6775396086,"STL":0.8387698043,"BLK":0.0,"STK":0.8387698043,"PF":5.87138863,"Fls on:":1.6775396086,"+\/-":-1.6775396086,"GW":7.0,"GP":7.0},"J. Felicilda":{"TEAM":"UP","MINS":15.6648148148,"FGM":2.5534933207,"FGA":6.5965244119,"FG%":38.7096774194,"2PM":1.7023288805,"2PA":4.0430310911,"2P%":42.1052631579,"3PM":0.8511644402,"3PA":2.5534933207,"3P%":33.3333333333,"FTM":0.2127911101,"FTA":0.8511644402,"FT%":25.0,"PTS":6.1709421917,"OFF":0.6383733302,"DEF":4.4686133113,"REB":5.1069866414,"AST":2.7662844308,"TO":2.1279111006,"STL":1.0639555503,"BLK":0.0,"STK":1.0639555503,"PF":2.9790755408,"Fls on:":1.0639555503,"+\/-":9.3628088427,"GW":8.0,"GP":9.0},"C. Briones":{"TEAM":"UP","MINS":8.0520833333,"FGM":1.8628719276,"FGA":8.382923674,"FG%":22.2222222222,"2PM":1.3971539457,"2PA":3.2600258732,"2P%":42.8571428571,"3PM":0.4657179819,"3PA":5.1228978008,"3P%":9.0909090909,"FTM":0.0,"FTA":0.0,"FT%":0.0,"PTS":4.191461837,"OFF":0.4657179819,"DEF":3.7257438551,"REB":4.191461837,"AST":2.3285899094,"TO":0.9314359638,"STL":0.4657179819,"BLK":0.0,"STK":0.4657179819,"PF":2.3285899094,"Fls on:":0.4657179819,"+\/-":-12.574385511,"GW":8.0,"GP":8.0},"D. Walker":{"TEAM":"UP","MINS":4.3066666667,"FGM":1.3931888545,"FGA":4.1795665635,"FG%":33.3333333333,"2PM":1.3931888545,"2PA":4.1795665635,"2P%":33.3333333333,"3PM":0.0,"3PA":0.0,"3P%":0.0,"FTM":0.0,"FTA":0.0,"FT%":0.0,"PTS":2.786377709,"OFF":0.0,"DEF":1.3931888545,"REB":1.3931888545,"AST":5.572755418,"TO":1.3931888545,"STL":2.786377709,"BLK":0.0,"STK":2.786377709,"PF":0.0,"Fls on:":0.0,