{"J. Cagulangan":{"TEAM":"UP","MINS":22.7,"FGM":4.8333333333,"FGA":10.8333333333,"FG%":44.6153846154,"2PM":3.5,"2PA":7.0,"2P%":50.0,"3PM":1.3333333333,"3PA":3.8333333333,"3P%":34.7826086957,"FTM":1.6666666667,"FTA":2.0,"FT%":83.3333333333,"PTS":12.6666666667,"OFF":1.3333333333,"DEF":2.5,"REB":3.8333333333,"AST":5.6666666667,"TO":2.0,"STL":1.1666666667,"BLK":0.0,"STK":1.1666666667,"PF":1.0,"Fls on:":3.5,"+\/-":12.5,"GP":6.0},"C. Briones":{"TEAM":"UP","MINS":7.6523809524,"FGM":0.5714285714,"FGA":2.1428571429,"FG%":26.6666666667,"2PM":0.4285714286,"2PA":0.8571428571,"2P%":50.0,"3PM":0.1428571429,"3PA":1.2857142857,"3P%":11.1111111111,"FTM":0.0,"FTA":0.0,"FT%":0.0,"PTS":1.2857142857,"OFF":0.1428571429,"DEF":0.7142857143,"REB":0.8571428571,"AST":0.7142857143,"TO":0.2857142857,"STL":0.1428571429,"BLK":0.0,"STK":0.1428571429,"PF":0.7142857143,"Fls on:":0.1428571429,"+\/-":-4.1428571429,"GP":7.0},"S. Alter":{"TEAM":"UP","MINS":5.5633333333,"FGM":0.8,"FGA":1.8,"FG%":44.4444444444,"2PM":0.8,"2PA":1.4,"2P%":57.1428571429,"3PM":0.0,"3PA":0.4,"3P%":0.0,"FTM":0.0,"FTA":0.4,"FT%":0.0,"PTS":1.6,"OFF":1.0,"DEF":1.4,"REB":2.4,"AST":0.0,"TO":0.4,"STL":0.2,"BLK":0.0,"STK":0.2,"PF":1.0,"Fls on:":0.4,"+\/-":0.0,"GP":5.0},"D. Ududo":{"TEAM":"UP","MINS":9.6125,"FGM":1.5,"FGA":3.75,"FG%":40.0,"2PM":1.5,"2PA":3.75,"2P%":40.0,"3PM":0.0,"3PA":0.0,"3P%":0.0,"FTM":1.25,"FTA":2.125,"FT%":58.8235294118,"PTS":4.25,"OFF":2.125,"DEF":1.25,"REB":3.375,"AST":0.125,"TO":1.125,"STL":0.125,"BLK":0.375,"STK":0.5,"PF":2.5,"Fls on:":2.25,"+\/-":1.25,"GP":8.0},"Q. Millora-Brown":{"TEAM":"UP","MINS":22.9895833333,"FGM":3.25,"FGA":5.5,"FG%":59.0909090909,"2PM":3.125,"2PA":5.0,"2P%":62.5,"3PM":0.125,"3PA":0.5,"3P%":25.0,"FTM":2.125,"FTA":3.0,"FT%":70.8333333333,"PTS":8.75,"OFF":3.25,"DEF":6.0,"REB":9.25,"AST":0.75,"TO":1.875,"STL":0.25,"BLK":1.625,"STK":1.875,"PF":2.0,"Fls on:":4.0,"+\/-":9.125,"GP":8.0},"D. Walker":{"TEAM":"UP","MINS":4.5916666667,"FGM":0.25,"FGA":0.75,"FG%":33.3333333333,"2PM":0.25,"2PA":0.75,"2P%":33.3333333333,"3PM":0.0,"3PA":0.0,"3P%":0.0,"FTM":0.0,"FTA":0.0,"FT%":0.0,"PTS":0.5,"OFF":0.0,"DEF":0.25,"REB":0.25,"AST":1.0,"TO":0.25,"STL":0.5,"BLK":0.0,"STK":0.5,"PF":0.0,"Fls on:":0.0,"+\/-":-4.25,"GP":4.0},"J. Felicilda":{"TEAM":"UP","MINS":15.8095238095,"FGM":1.5714285714,"FGA":3.5714285714,"FG%":44.0,"2PM":1.0,"2PA":2.1428571429,"2P%":46.6666666667,"3PM":0.5714285714,"3PA":1.4285714286,"3P%":40.0,"FTM":0.1428571429,"FTA":0.5714285714,"FT%":25.0,"PTS":3.8571428571,"OFF":0.1428571429,"DEF":2.5714285714,"REB":2.7142857143,"AST":1.4285714286,"TO":1.2857142857,"STL":0.5714285714,"BLK":0.0,"STK":0.5714285714,"PF":1.8571428571,"Fls on:":0.5714285714,"+\/-":4.0,"GP":7.0},"F. Lopez":{"TEAM":"UP","MINS":19.7395833333,"FGM":4.25,"FGA":7.25,"FG%":58.6206896552,"2PM":3.75,"2PA":5.0,"2P%":75.0,"3PM":0.5,"3PA":2.25,"3P%":22.2222222222,"FTM":2.375,"FTA":4.25,"FT%":55.8823529412,"PTS":11.375,"OFF":0.375,"DEF":5.0,"REB":5.375,"AST":1.625,"TO":2.25,"STL":0.5,"BLK":1.25,"STK":1.75,"PF":2.25,"Fls on:":3.75,"+\/-":2.375,"GP":8.0},"G. Abadiano":{"TEAM":"UP","MINS":19.1428571429,"FGM":1.7142857143,"FGA":6.4285714286,"FG%":26.6666666667,"2PM":1.0,"2PA":3.7142857143,"2P%":26.9230769231,"3PM":0.7142857143,"3PA":2.7142857143,"3P%":26.3157894737,"FTM":0.5714285714,"FTA":0.8571428571,"FT%":66.6666666667,"PTS":4.7142857143,"OFF":0.4285714286,"DEF":1.8571428571,"REB":2.2857142857,"AST":2.0,"TO":0.5714285714,"STL":0.7142857143,"BLK":0.0,"STK":0.7142857143,"PF":1.0,"Fls on:":1.4285714286,"+\/-":7.2857142857,"GP":7.0},"T. Fortea":{"TEAM":"UP","MINS":14.8604166667,"FGM":2.5,"FGA":4.75,"FG%":52.6315789474,"2PM":1.0,"2PA":1.75,"2P%":57.1428571429,"3PM":1.5,"3PA":3.0,"3P%":50.0,"FTM":1.375,"FTA":1.75,"FT%":78.5714285714,"PTS":7.875,"OFF":0.375,"DEF":1.5,"REB":1.875,"AST":1.75,"TO":1.5,"STL":1.0,"BLK":0.125,"STK":1.125,"PF":1.5,"Fls on:":1.5,"+\/-":2.625,"GP":8.0},"G. Stevens":{"TEAM":"UP","MINS":6.680952381,"FGM":0.2857142857,"FGA":1.0,"FG%":28.5714285714,"2PM":0.2857142857,"2PA":1.0,"2P%":28.5714285714,"3PM":0.0,"3PA":0.0,"3P%":0.0,"FTM":0.0,"FTA":0.8571428571,"FT%":0.0,"PTS":0.5714285714,"OFF":1.0,"DEF":1.1428571429,"REB":2.1428571429,"AST":0.2857142857,"TO":0.5714285714,"STL":0.1428571429,"BLK":0.2857142857,"STK":0.4285714286,"PF":1.8571428571,"Fls on:":0.7142857143,"+\/-":1.5714285714,"GP":7.0},"M. Belmonte":{"TEAM":"UP","MINS":12.2541666667,"FGM":2.0,"FGA":4.375,"FG%":45.7142857143,"2PM":1.5,"2PA":3.25,"2P%":46.1538461538,"3PM":0.5,"3PA":1.125,"3P%":44.4444444444,"FTM":0.125,"FTA":0.125,"FT%":100.0,"PTS":4.625,"OFF":0.625,"DEF":2.625,"REB":3.25,"AST":1.0,"TO":1.0,"STL":0.125,"BLK":0.25,"STK":0.375,"PF":1.5,"Fls on:":0.625,"+\/-":7.375,"GP":8.0},"H. Alarcon":{"TEAM":"UP","MINS":19.4729166667,"FGM":4.125,"FGA":8.75,"FG%":47.1428571429,"2PM":3.5,"2PA":6.5,"2P%":53.8461538462,"3PM":0.625,"3PA":2.25,"3P%":27.7777777778,"FTM":1.625,"FTA":1.875,"FT%":86.6666666667,"PTS":10.5,"OFF":0.375,"DEF":3.125,"REB":3.5,"AST":1.625,"TO":1.125,"STL":0.875,"BLK":0.375,"STK":1.25,"PF":2.375,"Fls on:":2.125,"+\/-":10.125,"GP":8.0},"S. Torculas":{"TEAM":"UP","MINS":7.8444444445,"FGM":1.0,"FGA":3.1666666667,"FG%":31.5789473684,"2PM":0.8333333333,"2PA":2.3333333333,"2P%":35.7142857143,"3PM":0.1666666667,"3PA":0.8333333333,"3P%":20.0,"FTM":0.1666666667,"FTA":0.3333333333,"FT%":50.0,"PTS":2.3333333333,"OFF":0.8333333333,"DEF":1.3333333333,"REB":2.1666666667,"AST":0.3333333333,"TO":0.8333333333,"STL":0.3333333333,"BLK":0.1666666667,"STK":0.5,"PF":0.5,"Fls on:":0.5,"+\/-":-0.8333333333,"GP":6.0},"R. Torres":{"TEAM":"UP","MINS":14.0333333333,"FGM":1.0,"FGA":4.2857142857,"FG%":23.3333333333,"2PM":1.0,"2PA":3.0,"2P%":33.3333333333,"3PM":0.0,"3PA":1.2857142857,"3P%":0.0,"FTM":1.0,"FTA":1.1428571429,"FT%":87.5,"PTS":3.0,"OFF":0.4285714286,"DEF":1.2857142857,"REB":1.7142857143,"AST":2.0,"TO":1.1428571429,"STL":0.5714285714,"BLK":0.0,"STK":0.5714285714,"PF":2.0,"Fls on:":1.0,"+\/-":-0.4285714286,"GP":7.0},"J. Bayla":{"TEAM":"UP","MINS":16.8895833333,"FGM":1.125,"FGA":3.0,"FG%":37.5,"2PM":0.5,"2PA":1.625,"2P%":30.7692307692,"3PM":0.625,"3PA":1.375,"3P%":45.4545454545,"FTM":1.125,"FTA":2.25,"FT%":50.0,"PTS":4.0,"OFF":1.125,"DEF":1.875,"REB":3.0,"AST":1.0,"TO":0.625,"STL":0.625,"BLK":0.125,"STK":0.75,"PF":1.875,"Fls on:":1.375,"+\/-":6.375,"GP":8.0}}