{"J. Cagulangan":{"TEAM":"UP","MINS":23.1703703704,"FGM":4.3333333333,"FGA":10.3333333333,"FG%":41.935483871,"2PM":2.8888888889,"2PA":6.0,"2P%":48.1481481481,"3PM":1.4444444444,"3PA":4.3333333333,"3P%":33.3333333333,"FTM":1.3333333333,"FTA":1.5555555556,"FT%":85.7142857143,"PTS":11.4444444444,"OFF":1.8888888889,"DEF":2.0,"REB":3.8888888889,"AST":4.6666666667,"TO":3.1111111111,"STL":1.3333333333,"BLK":0.0,"STK":1.3333333333,"PF":1.1111111111,"Fls on:":2.7777777778,"+\/-":9.5555555556,"GW":8.0,"GP":9.0},"F. Lopez":{"TEAM":"UP","MINS":19.3545454545,"FGM":3.8181818182,"FGA":6.8181818182,"FG%":56.0,"2PM":3.2727272727,"2PA":4.7272727273,"2P%":69.2307692308,"3PM":0.5454545455,"3PA":2.0909090909,"3P%":26.0869565217,"FTM":2.2727272727,"FTA":4.1818181818,"FT%":54.347826087,"PTS":10.4545454545,"OFF":0.6363636364,"DEF":4.6363636364,"REB":5.2727272727,"AST":1.3636363636,"TO":2.0909090909,"STL":0.7272727273,"BLK":1.0909090909,"STK":1.8181818182,"PF":2.1818181818,"Fls on:":3.5454545455,"+\/-":4.4545454545,"GW":9.0,"GP":11.0},"H. Alarcon":{"TEAM":"UP","MINS":17.785,"FGM":3.6,"FGA":7.7,"FG%":46.7532467532,"2PM":3.1,"2PA":5.7,"2P%":54.3859649123,"3PM":0.5,"3PA":2.0,"3P%":25.0,"FTM":1.3,"FTA":1.9,"FT%":68.4210526316,"PTS":9.0,"OFF":0.4,"DEF":2.8,"REB":3.2,"AST":1.5,"TO":1.1,"STL":0.8,"BLK":0.3,"STK":1.1,"PF":2.0,"Fls on:":1.9,"+\/-":9.6,"GW":8.0,"GP":10.0},"Q. Millora-Brown":{"TEAM":"UP","MINS":21.9833333333,"FGM":3.1818181818,"FGA":5.7272727273,"FG%":55.5555555556,"2PM":3.0909090909,"2PA":5.2727272727,"2P%":58.6206896552,"3PM":0.0909090909,"3PA":0.4545454545,"3P%":20.0,"FTM":1.6363636364,"FTA":2.4545454545,"FT%":66.6666666667,"PTS":8.0909090909,"OFF":3.0,"DEF":5.9090909091,"REB":8.9090909091,"AST":0.6363636364,"TO":1.6363636364,"STL":0.3636363636,"BLK":1.4545454545,"STK":1.8181818182,"PF":1.9090909091,"Fls on:":4.0,"+\/-":7.0,"GW":9.0,"GP":11.0},"T. Fortea":{"TEAM":"UP","MINS":16.2015151515,"FGM":2.3636363636,"FGA":5.6363636364,"FG%":41.935483871,"2PM":1.0,"2PA":1.9090909091,"2P%":52.380952381,"3PM":1.3636363636,"3PA":3.7272727273,"3P%":36.5853658537,"FTM":1.1818181818,"FTA":1.4545454545,"FT%":81.25,"PTS":7.2727272727,"OFF":0.3636363636,"DEF":1.6363636364,"REB":2.0,"AST":1.9090909091,"TO":1.4545454545,"STL":0.9090909091,"BLK":0.0909090909,"STK":1.0,"PF":1.3636363636,"Fls on:":1.2727272727,"+\/-":3.8181818182,"GW":9.0,"GP":11.0},"M. Belmonte":{"TEAM":"UP","MINS":12.3924242424,"FGM":2.0,"FGA":4.1818181818,"FG%":47.8260869565,"2PM":1.6363636364,"2PA":3.1818181818,"2P%":51.4285714286,"3PM":0.3636363636,"3PA":1.0,"3P%":36.3636363636,"FTM":0.4545454545,"FTA":0.5454545455,"FT%":83.3333333333,"PTS":4.8181818182,"OFF":0.5454545455,"DEF":2.4545454545,"REB":3.0,"AST":1.1818181818,"TO":1.4545454545,"STL":0.1818181818,"BLK":0.1818181818,"STK":0.3636363636,"PF":1.6363636364,"Fls on:":0.8181818182,"+\/-":4.7272727273,"GW":9.0,"GP":11.0},"G. Abadiano":{"TEAM":"UP","MINS":20.1866666667,"FGM":1.8,"FGA":6.4,"FG%":28.125,"2PM":1.2,"2PA":3.4,"2P%":35.2941176471,"3PM":0.6,"3PA":3.0,"3P%":20.0,"FTM":0.6,"FTA":0.9,"FT%":66.6666666667,"PTS":4.8,"OFF":0.4,"DEF":1.4,"REB":1.8,"AST":2.1,"TO":1.0,"STL":0.9,"BLK":0.0,"STK":0.9,"PF":1.2,"Fls on:":1.6,"+\/-":6.7,"GW":8.0,"GP":10.0},"J. Bayla":{"TEAM":"UP","MINS":16.446969697,"FGM":1.3636363636,"FGA":3.7272727273,"FG%":36.5853658537,"2PM":0.9090909091,"2PA":2.1818181818,"2P%":41.6666666667,"3PM":0.4545454545,"3PA":1.5454545455,"3P%":29.4117647059,"FTM":0.9090909091,"FTA":1.9090909091,"FT%":47.619047619,"PTS":4.0909090909,"OFF":1.1818181818,"DEF":1.8181818182,"REB":3.0,"AST":0.8181818182,"TO":0.8181818182,"STL":0.5454545455,"BLK":0.1818181818,"STK":0.7272727273,"PF":1.9090909091,"Fls on:":1.3636363636,"+\/-":2.8181818182,"GW":9.0,"GP":11.0},"R. Torres":{"TEAM":"UP","MINS":14.4383333333,"FGM":1.2,"FGA":4.3,"FG%":27.9069767442,"2PM":1.1,"2PA":2.8,"2P%":39.2857142857,"3PM":0.1,"3PA":1.5,"3P%":6.6666666667,"FTM":1.0,"FTA":1.2,"FT%":83.3333333333,"PTS":3.5,"OFF":0.8,"DEF":1.3,"REB":2.1,"AST":2.1,"TO":1.3,"STL":0.7,"BLK":0.0,"STK":0.7,"PF":1.7,"Fls on:":1.0,"+\/-":0.1,"GW":8.0,"GP":10.0},"D. Ududo":{"TEAM":"UP","MINS":8.6803030303,"FGM":1.1818181818,"FGA":2.9090909091,"FG%":40.625,"2PM":1.1818181818,"2PA":2.9090909091,"2P%":40.625,"3PM":0.0,"3PA":0.0,"3P%":0.0,"FTM":1.0,"FTA":2.0909090909,"FT%":47.8260869565,"PTS":3.3636363636,"OFF":1.8181818182,"DEF":1.2727272727,"REB":3.0909090909,"AST":0.0909090909,"TO":1.0909090909,"STL":0.0909090909,"BLK":0.3636363636,"STK":0.4545454545,"PF":2.0909090909,"Fls on:":2.0909090909,"+\/-":1.2727272727,"GW":9.0,"GP":11.0},"J. Felicilda":{"TEAM":"UP","MINS":15.6648148148,"FGM":1.3333333333,"FGA":3.4444444444,"FG%":38.7096774194,"2PM":0.8888888889,"2PA":2.1111111111,"2P%":42.1052631579,"3PM":0.4444444444,"3PA":1.3333333333,"3P%":33.3333333333,"FTM":0.1111111111,"FTA":0.4444444444,"FT%":25.0,"PTS":3.2222222222,"OFF":0.3333333333,"DEF":2.3333333333,"REB":2.6666666667,"AST":1.4444444444,"TO":1.1111111111,"STL":0.5555555556,"BLK":0.0,"STK":0.5555555556,"PF":1.5555555556,"Fls on:":0.5555555556,"+\/-":4.8888888889,"GW":8.0,"GP":9.0},"S. Torculas":{"TEAM":"UP","MINS":7.9722222222,"FGM":1.1111111111,"FGA":3.3333333333,"FG%":33.3333333333,"2PM":0.8888888889,"2PA":2.4444444444,"2P%":36.3636363636,"3PM":0.2222222222,"3PA":0.8888888889,"3P%":25.0,"FTM":0.5555555556,"FTA":1.0,"FT%":55.5555555556,"PTS":3.0,"OFF":0.8888888889,"DEF":1.4444444444,"REB":2.3333333333,"AST":0.4444444444,"TO":0.7777777778,"STL":0.5555555556,"BLK":0.2222222222,"STK":0.7777777778,"PF":0.7777777778,"Fls on:":0.8888888889,"+\/-":-0.7777777778,"GW":7.0,"GP":9.0},"G. Stevens":{"TEAM":"UP","MINS":8.0666666667,"FGM":0.9,"FGA":1.6,"FG%":56.25,"2PM":0.9,"2PA":1.6,"2P%":56.25,"3PM":0.0,"3PA":0.0,"3P%":0.0,"FTM":0.5,"FTA":1.5,"FT%":33.3333333333,"PTS":2.3,"OFF":1.2,"DEF":1.6,"REB":2.8,"AST":0.3,"TO":0.6,"STL":0.1,"BLK":0.2,"STK":0.3,"PF":2.0,"Fls on:":1.0,"+\/-":2.4,"GW":8.0,"GP":10.0},"C. Briones":{"TEAM":"UP","MINS":7.5981481482,"FGM":0.5555555556,"FGA":2.2222222222,"FG%":25.0,"2PM":0.3333333333,"2PA":0.7777777778,"2P%":42.8571428571,"3PM":0.2222222222,"3PA":1.4444444444,"3P%":15.3846153846,"FTM":0.1111111111,"FTA":0.2222222222,"FT%":50.0,"PTS":1.4444444444,"OFF":0.2222222222,"DEF":1.1111111111,"REB":1.3333333333,"AST":0.5555555556,"TO":0.3333333333,"STL":0.1111111111,"BLK":0.0,"STK":0.1111111111,"PF":0.5555555556,"Fls on:":0.2222222222,"+\/-":-4.1111111111,"GW":8.0,"GP":9.0},"S. Alter":{"TEAM":"UP","MINS":4.66875,"FGM":0.5,"FGA":1.375,"FG%":36.3636363636,"2PM":0.5,"2PA":1.125,"2P%":44.4444444444,"3PM":0.0,"3PA":0.25,"3P%":0.0,"FTM":0.0,"FTA":0.25,"FT%":0.0,"PTS":1.0,"OFF":0.75,"DEF":1.0,"REB":1.75,"AST":0.0,"TO":0.25,"STL":0.125,"BLK":0.0,"STK":0.125,"PF":1.0,"Fls on:":0.25,"+\/-":-0.25,"GW":7.0,"GP":8.0},"D. Walker":{"TEAM":"UP","MINS":4.3066666667,"FGM":0.2,"FGA":0.6,"FG%":33.3333333333,"2PM":0.2,"2PA":0.6,"2P%":33.3333333333,"3PM":0.0,"3PA":0.0,"3P%":0.0,"FTM":0.0,"FTA":0.0,"FT%":0.0,"PTS":0.4,"OFF":0.0,"DEF":0.2,"REB":0.2,"AST":0.8,"TO":0.2,"STL":0.4,"BLK":0.0,"STK":0.4,"PF":0.0,"Fls on:":0.0,"+\/-":-3.4,"GW":5.0,"GP":5.0}}