{"J. Cagulangan":{"TEAM":"UP","MINS":22.7,"FGM":6.3876651982,"FGA":14.3171806167,"FG%":44.6153846154,"2PM":4.6255506608,"2PA":9.2511013216,"2P%":50.0,"3PM":1.7621145374,"3PA":5.0660792952,"3P%":34.7826086957,"FTM":2.2026431718,"FTA":2.6431718062,"FT%":83.3333333333,"PTS":16.7400881057,"OFF":1.7621145374,"DEF":3.3039647577,"REB":5.0660792952,"AST":7.4889867841,"TO":2.6431718062,"STL":1.5418502203,"BLK":0.0,"STK":1.5418502203,"PF":1.3215859031,"Fls on:":4.6255506608,"+\/-":16.5198237885,"GW":6.0,"GP":6.0},"C. Briones":{"TEAM":"UP","MINS":7.6523809524,"FGM":2.2401991288,"FGA":8.400746733,"FG%":26.6666666667,"2PM":1.6801493466,"2PA":3.3602986932,"2P%":50.0,"3PM":0.5600497822,"3PA":5.0404480398,"3P%":11.1111111111,"FTM":0.0,"FTA":0.0,"FT%":0.0,"PTS":5.0404480398,"OFF":0.5600497822,"DEF":2.800248911,"REB":3.3602986932,"AST":2.800248911,"TO":1.1200995644,"STL":0.5600497822,"BLK":0.0,"STK":0.5600497822,"PF":2.800248911,"Fls on:":0.5600497822,"+\/-":-16.2414436839,"GW":7.0,"GP":7.0},"S. Alter":{"TEAM":"UP","MINS":5.5633333333,"FGM":4.3139604554,"FGA":9.7064110246,"FG%":44.4444444444,"2PM":4.3139604554,"2PA":7.5494307969,"2P%":57.1428571429,"3PM":0.0,"3PA":2.1569802277,"3P%":0.0,"FTM":0.0,"FTA":2.1569802277,"FT%":0.0,"PTS":8.6279209107,"OFF":5.3924505692,"DEF":7.5494307969,"REB":12.9418813661,"AST":0.0,"TO":2.1569802277,"STL":1.0784901138,"BLK":0.0,"STK":1.0784901138,"PF":5.3924505692,"Fls on:":2.1569802277,"+\/-":0.0,"GW":5.0,"GP":5.0},"D. Ududo":{"TEAM":"UP","MINS":9.6125,"FGM":4.6814044213,"FGA":11.7035110533,"FG%":40.0,"2PM":4.6814044213,"2PA":11.7035110533,"2P%":40.0,"3PM":0.0,"3PA":0.0,"3P%":0.0,"FTM":3.9011703511,"FTA":6.6319895969,"FT%":58.8235294118,"PTS":13.2639791938,"OFF":6.6319895969,"DEF":3.9011703511,"REB":10.533159948,"AST":0.3901170351,"TO":3.511053316,"STL":0.3901170351,"BLK":1.1703511053,"STK":1.5604681404,"PF":7.8023407022,"Fls on:":7.022106632,"+\/-":3.9011703511,"GW":7.0,"GP":8.0},"Q. Millora-Brown":{"TEAM":"UP","MINS":22.9895833333,"FGM":4.2410512007,"FGA":7.1771635705,"FG%":59.0909090909,"2PM":4.0779338469,"2PA":6.524694155,"2P%":62.5,"3PM":0.1631173539,"3PA":0.6524694155,"3P%":25.0,"FTM":2.7729950159,"FTA":3.914816493,"FT%":70.8333333333,"PTS":11.4182147712,"OFF":4.2410512007,"DEF":7.829632986,"REB":12.0706841867,"AST":0.9787041232,"TO":2.4467603081,"STL":0.3262347077,"BLK":2.1205256004,"STK":2.4467603081,"PF":2.609877662,"Fls on:":5.219755324,"+\/-":11.9075668328,"GW":7.0,"GP":8.0},"D. Walker":{"TEAM":"UP","MINS":4.5916666667,"FGM":1.6333938294,"FGA":4.9001814882,"FG%":33.3333333333,"2PM":1.6333938294,"2PA":4.9001814882,"2P%":33.3333333333,"3PM":0.0,"3PA":0.0,"3P%":0.0,"FTM":0.0,"FTA":0.0,"FT%":0.0,"PTS":3.2667876588,"OFF":0.0,"DEF":1.6333938294,"REB":1.6333938294,"AST":6.5335753176,"TO":1.6333938294,"STL":3.2667876588,"BLK":0.0,"STK":3.2667876588,"PF":0.0,"Fls on:":0.0,"+\/-":-27.7676950999,"GW":4.0,"GP":4.0},"J. Felicilda":{"TEAM":"UP","MINS":15.8095238095,"FGM":2.9819277108,"FGA":6.7771084337,"FG%":44.0,"2PM":1.8975903614,"2PA":4.0662650602,"2P%":46.6666666667,"3PM":1.0843373494,"3PA":2.7108433735,"3P%":40.0,"FTM":0.2710843373,"FTA":1.0843373494,"FT%":25.0,"PTS":7.3192771084,"OFF":0.2710843373,"DEF":4.8795180723,"REB":5.1506024096,"AST":2.7108433735,"TO":2.4397590361,"STL":1.0843373494,"BLK":0.0,"STK":1.0843373494,"PF":3.5240963855,"Fls on:":1.0843373494,"+\/-":7.5903614458,"GW":6.0,"GP":7.0},"F. Lopez":{"TEAM":"UP","MINS":19.7395833333,"FGM":6.4591029024,"FGA":11.018469657,"FG%":58.6206896552,"2PM":5.6992084433,"2PA":7.598944591,"2P%":75.0,"3PM":0.7598944591,"3PA":3.419525066,"3P%":22.2222222222,"FTM":3.6094986807,"FTA":6.4591029024,"FT%":55.8823529412,"PTS":17.2875989446,"OFF":0.5699208443,"DEF":7.598944591,"REB":8.1688654354,"AST":2.4696569921,"TO":3.419525066,"STL":0.7598944591,"BLK":1.8997361478,"STK":2.6596306069,"PF":3.419525066,"Fls on:":5.6992084433,"+\/-":3.6094986807,"GW":7.0,"GP":8.0},"G. Abadiano":{"TEAM":"UP","MINS":19.1428571429,"FGM":2.6865671642,"FGA":10.0746268657,"FG%":26.6666666667,"2PM":1.5671641791,"2PA":5.8208955224,"2P%":26.9230769231,"3PM":1.1194029851,"3PA":4.2537313433,"3P%":26.3157894737,"FTM":0.8955223881,"FTA":1.3432835821,"FT%":66.6666666667,"PTS":7.3880597015,"OFF":0.671641791,"DEF":2.9104477612,"REB":3.5820895522,"AST":3.1343283582,"TO":0.8955223881,"STL":1.1194029851,"BLK":0.0,"STK":1.1194029851,"PF":1.5671641791,"Fls on:":2.2388059701,"+\/-":11.4179104478,"GW":6.0,"GP":7.0},"T. Fortea":{"TEAM":"UP","MINS":14.8604166667,"FGM":5.0469648114,"FGA":9.5892331417,"FG%":52.6315789474,"2PM":2.0187859246,"2PA":3.532875368,"2P%":57.1428571429,"3PM":3.0281788869,"3PA":6.0563577737,"3P%":50.0,"FTM":2.7758306463,"FTA":3.532875368,"FT%":78.5714285714,"PTS":15.897939156,"OFF":0.7570447217,"DEF":3.0281788869,"REB":3.7852236086,"AST":3.532875368,"TO":3.0281788869,"STL":2.0187859246,"BLK":0.2523482406,"STK":2.2711341651,"PF":3.0281788869,"Fls on:":3.0281788869,"+\/-":5.299313052,"GW":7.0,"GP":8.0},"G. Stevens":{"TEAM":"UP","MINS":6.680952381,"FGM":1.2829650748,"FGA":4.4903777619,"FG%":28.5714285714,"2PM":1.2829650748,"2PA":4.4903777619,"2P%":28.5714285714,"3PM":0.0,"3PA":0.0,"3P%":0.0,"FTM":0.0,"FTA":3.8488952245,"FT%":0.0,"PTS":2.5659301497,"OFF":4.4903777619,"DEF":5.1318602994,"REB":9.6222380613,"AST":1.2829650748,"TO":2.5659301497,"STL":0.6414825374,"BLK":1.2829650748,"STK":1.9244476123,"PF":8.3392729865,"Fls on:":3.2074126871,"+\/-":7.0563079116,"GW":6.0,"GP":7.0},"M. Belmonte":{"TEAM":"UP","MINS":12.2541666667,"FGM":4.8962937776,"FGA":10.7106426386,"FG%":45.7142857143,"2PM":3.6722203332,"2PA":7.9564773887,"2P%":46.1538461538,"3PM":1.2240734444,"3PA":2.7541652499,"3P%":44.4444444444,"FTM":0.3060183611,"FTA":0.3060183611,"FT%":100.0,"PTS":11.3226793608,"OFF":1.5300918055,"DEF":6.4263855831,"REB":7.9564773887,"AST":2.4481468888,"TO":2.4481468888,"STL":0.3060183611,"BLK":0.6120367222,"STK":0.9180550833,"PF":3.6722203332,"Fls on:":1.5300918055,"+\/-":18.055083305,"GW":7.0,"GP":8.0},"H. Alarcon":{"TEAM":"UP","MINS":19.4729166667,"FGM":6.3549802076,"FGA":13.4802610463,"FG%":47.1428571429,"2PM":5.3921044185,"2PA":10.0139082058,"2P%":53.8461538462,"3PM":0.962875789,"3PA":3.4663528405,"3P%":27.7777777778,"FTM":2.5034770515,"FTA":2.8886273671,"FT%":86.6666666667,"PTS":16.1763132556,"OFF":0.5777254734,"DEF":4.8143789451,"REB":5.3921044185,"AST":2.5034770515,"TO":1.7331764202,"STL":1.3480261046,"BLK":0.5777254734,"STK":1.925751578,"PF":3.6589279983,"Fls on:":3.2737776827,"+\/-":15.5985877822,"GW":7.0,"GP":8.0},"S. Torculas":{"TEAM":"UP","MINS":7.8444444445,"FGM":3.8243626062,"FGA":12.1104815864,"FG%":31.5789473684,"2PM":3.1869688385,"2PA":8.9235127479,"2P%":35.7142857143,"3PM":0.6373937677,"3PA":3.1869688385,"3P%":20.0,"FTM":0.6373937677,"FTA":1.2747875354,"FT%":50.0,"PTS":8.9235127479,"OFF":3.1869688385,"DEF":5.0991501416,"REB":8.2861189802,"AST":1.2747875354,"TO":3.1869688385,"STL":1.2747875354,"BLK":0.6373937677,"STK":1.9121813031,"PF":1.9121813031,"Fls on:":1.9121813031,"+\/-":-3.1869688385,"GW":5.0,"GP":6.0},"R. Torres":{"TEAM":"UP","MINS":14.0333333333,"FGM":2.1377672209,"FGA":9.1618595182,"FG%":23.3333333333,"2PM":2.1377672209,"2PA":6.4133016627,"2P%":33.3333333333,"3PM":0.0,"3PA":2.7485578554,"3P%":0.0,"FTM":2.1377672209,"FTA":2.4431625382,"FT%":87.5,"PTS":6.4133016627,"OFF":0.9161859518,"DEF":2.7485578554,"REB":3.6647438073,"AST":4.2755344418,"TO":2.4431625382,"STL":1.2215812691,"BLK":0.0,"STK":1.2215812691,"PF":4.2755344418,"Fls on:":2.1377672209,"+\/-":-0.9161859518,"GW":6.0,"GP":7.0},"J. Bayla":{"TEAM":"UP","MINS":16.8895833333,"FGM":1.9982730973,"FGA":5.3287282595,"FG%":37.5,"2PM":0.8881213766,"2PA":2.8863944739,"2P%":30.7692307692,"3PM":1.1101517207,"3PA":2.4423337856,"3P%":45.4545454545,"FTM":1.9982730973,"FTA":3.9965461946,"FT%":50.0,"PTS":7.1049710127,"OFF":1.9982730973,"DEF":3.3304551622,"REB":5.3287282595,"AST":1.7762427532,"TO":1.1101517207,"STL":1.1101517207,"BLK":0.2220303441,"STK":1.3321820649,"PF":3.3304551622,"Fls on:":2.4423337856,"+\/-":11.3235475515,"GW":7.0,"GP":8.0}}