{"J. Cagulangan":{"TEAM":"UP","MINS":23.8333333333,"FGM":4.7,"FGA":11.2,"FG%":41.9642857143,"2PM":3.3,"2PA":7.1,"2P%":46.4788732394,"3PM":1.4,"3PA":4.1,"3P%":34.1463414634,"FTM":1.7,"FTA":2.2,"FT%":77.2727272727,"PTS":12.5,"OFF":1.7,"DEF":2.4,"REB":4.1,"AST":4.7,"TO":3.1,"STL":1.6,"BLK":0.0,"STK":1.6,"PF":1.0,"Fls on:":2.9,"+\/-":9.1,"GW":8.0,"GP":10.0},"F. Lopez":{"TEAM":"UP","MINS":18.4263888889,"FGM":3.6666666667,"FGA":6.5,"FG%":56.4102564103,"2PM":3.0833333333,"2PA":4.4166666667,"2P%":69.8113207547,"3PM":0.5833333333,"3PA":2.0833333333,"3P%":28.0,"FTM":2.1666666667,"FTA":4.0,"FT%":54.1666666667,"PTS":10.0833333333,"OFF":0.5833333333,"DEF":4.8333333333,"REB":5.4166666667,"AST":1.4166666667,"TO":2.0833333333,"STL":0.6666666667,"BLK":1.0,"STK":1.6666666667,"PF":2.3333333333,"Fls on:":3.3333333333,"+\/-":4.1666666667,"GW":9.0,"GP":12.0},"H. Alarcon":{"TEAM":"UP","MINS":17.9181818182,"FGM":3.2727272727,"FGA":7.7272727273,"FG%":42.3529411765,"2PM":2.8181818182,"2PA":5.8181818182,"2P%":48.4375,"3PM":0.4545454545,"3PA":1.9090909091,"3P%":23.8095238095,"FTM":1.3636363636,"FTA":1.9090909091,"FT%":71.4285714286,"PTS":8.3636363636,"OFF":0.5454545455,"DEF":3.0,"REB":3.5454545455,"AST":1.4545454545,"TO":1.0909090909,"STL":1.0,"BLK":0.3636363636,"STK":1.3636363636,"PF":1.9090909091,"Fls on:":2.0,"+\/-":8.7272727273,"GW":8.0,"GP":11.0},"Q. Millora-Brown":{"TEAM":"UP","MINS":21.9833333333,"FGM":3.1818181818,"FGA":5.7272727273,"FG%":55.5555555556,"2PM":3.0909090909,"2PA":5.2727272727,"2P%":58.6206896552,"3PM":0.0909090909,"3PA":0.4545454545,"3P%":20.0,"FTM":1.6363636364,"FTA":2.4545454545,"FT%":66.6666666667,"PTS":8.0909090909,"OFF":3.0,"DEF":5.9090909091,"REB":8.9090909091,"AST":0.6363636364,"TO":1.6363636364,"STL":0.3636363636,"BLK":1.4545454545,"STK":1.8181818182,"PF":1.9090909091,"Fls on:":4.0,"+\/-":7.0,"GW":9.0,"GP":11.0},"T. Fortea":{"TEAM":"UP","MINS":15.9069444444,"FGM":2.25,"FGA":5.5,"FG%":40.9090909091,"2PM":1.0,"2PA":1.9166666667,"2P%":52.1739130435,"3PM":1.25,"3PA":3.5833333333,"3P%":34.8837209302,"FTM":1.0833333333,"FTA":1.3333333333,"FT%":81.25,"PTS":6.8333333333,"OFF":0.4166666667,"DEF":1.5,"REB":1.9166666667,"AST":1.9166666667,"TO":1.3333333333,"STL":0.9166666667,"BLK":0.0833333333,"STK":1.0,"PF":1.3333333333,"Fls on:":1.1666666667,"+\/-":4.0,"GW":9.0,"GP":12.0},"J. Bayla":{"TEAM":"UP","MINS":16.7555555556,"FGM":1.5,"FGA":3.8333333333,"FG%":39.1304347826,"2PM":1.0833333333,"2PA":2.3333333333,"2P%":46.4285714286,"3PM":0.4166666667,"3PA":1.5,"3P%":27.7777777778,"FTM":1.1666666667,"FTA":2.0833333333,"FT%":56.0,"PTS":4.5833333333,"OFF":1.3333333333,"DEF":1.6666666667,"REB":3.0,"AST":0.8333333333,"TO":0.8333333333,"STL":0.5,"BLK":0.25,"STK":0.75,"PF":1.9166666667,"Fls on:":1.4166666667,"+\/-":2.0,"GW":9.0,"GP":12.0},"M. Belmonte":{"TEAM":"UP","MINS":11.725,"FGM":1.8333333333,"FGA":3.9166666667,"FG%":46.8085106383,"2PM":1.5,"2PA":3.0,"2P%":50.0,"3PM":0.3333333333,"3PA":0.9166666667,"3P%":36.3636363636,"FTM":0.4166666667,"FTA":0.5,"FT%":83.3333333333,"PTS":4.4166666667,"OFF":0.5,"DEF":2.25,"REB":2.75,"AST":1.0833333333,"TO":1.3333333333,"STL":0.1666666667,"BLK":0.1666666667,"STK":0.3333333333,"PF":1.5833333333,"Fls on:":0.75,"+\/-":3.0833333333,"GW":9.0,"GP":12.0},"G. Abadiano":{"TEAM":"UP","MINS":19.296969697,"FGM":1.6363636364,"FGA":5.9090909091,"FG%":27.6923076923,"2PM":1.0909090909,"2PA":3.1818181818,"2P%":34.2857142857,"3PM":0.5454545455,"3PA":2.7272727273,"3P%":20.0,"FTM":0.5454545455,"FTA":0.8181818182,"FT%":66.6666666667,"PTS":4.3636363636,"OFF":0.3636363636,"DEF":1.3636363636,"REB":1.7272727273,"AST":1.9090909091,"TO":1.0909090909,"STL":0.8181818182,"BLK":0.0,"STK":0.8181818182,"PF":1.2727272727,"Fls on:":1.5454545455,"+\/-":4.3636363636,"GW":8.0,"GP":11.0},"R. Torres":{"TEAM":"UP","MINS":15.0272727273,"FGM":1.2727272727,"FGA":4.4545454545,"FG%":28.5714285714,"2PM":1.1818181818,"2PA":2.8181818182,"2P%":41.935483871,"3PM":0.0909090909,"3PA":1.6363636364,"3P%":5.5555555556,"FTM":1.2727272727,"FTA":1.4545454545,"FT%":87.5,"PTS":3.9090909091,"OFF":0.8181818182,"DEF":1.3636363636,"REB":2.1818181818,"AST":1.9090909091,"TO":1.1818181818,"STL":0.7272727273,"BLK":0.0,"STK":0.7272727273,"PF":1.6363636364,"Fls on:":1.0909090909,"+\/-":-0.9090909091,"GW":8.0,"GP":11.0},"S. Torculas":{"TEAM":"UP","MINS":8.9816666667,"FGM":1.4,"FGA":4.0,"FG%":35.0,"2PM":1.1,"2PA":2.7,"2P%":40.7407407407,"3PM":0.3,"3PA":1.3,"3P%":23.0769230769,"FTM":0.5,"FTA":0.9,"FT%":55.5555555556,"PTS":3.6,"OFF":1.0,"DEF":1.4,"REB":2.4,"AST":0.5,"TO":0.8,"STL":0.5,"BLK":0.2,"STK":0.7,"PF":0.8,"Fls on:":0.8,"+\/-":0.2,"GW":7.0,"GP":10.0},"D. Ududo":{"TEAM":"UP","MINS":9.1083333333,"FGM":1.0833333333,"FGA":2.8333333333,"FG%":38.2352941176,"2PM":1.0833333333,"2PA":2.8333333333,"2P%":38.2352941176,"3PM":0.0,"3PA":0.0,"3P%":0.0,"FTM":0.9166666667,"FTA":1.9166666667,"FT%":47.8260869565,"PTS":3.0833333333,"OFF":1.8333333333,"DEF":1.3333333333,"REB":3.1666666667,"AST":0.1666666667,"TO":1.1666666667,"STL":0.1666666667,"BLK":0.3333333333,"STK":0.5,"PF":2.25,"Fls on:":2.0,"+\/-":0.75,"GW":9.0,"GP":12.0},"J. Felicilda":{"TEAM":"UP","MINS":15.045,"FGM":1.2,"FGA":3.2,"FG%":37.5,"2PM":0.8,"2PA":2.0,"2P%":40.0,"3PM":0.4,"3PA":1.2,"3P%":33.3333333333,"FTM":0.1,"FTA":0.4,"FT%":25.0,"PTS":2.9,"OFF":0.4,"DEF":2.1,"REB":2.5,"AST":1.5,"TO":1.4,"STL":0.5,"BLK":0.0,"STK":0.5,"PF":1.6,"Fls on:":0.5,"+\/-":3.2,"GW":8.0,"GP":10.0},"G. Stevens":{"TEAM":"UP","MINS":9.0454545455,"FGM":0.9090909091,"FGA":1.7272727273,"FG%":52.6315789474,"2PM":0.9090909091,"2PA":1.7272727273,"2P%":52.6315789474,"3PM":0.0,"3PA":0.0,"3P%":0.0,"FTM":0.5454545455,"FTA":1.5454545455,"FT%":35.2941176471,"PTS":2.3636363636,"OFF":1.2727272727,"DEF":1.4545454545,"REB":2.7272727273,"AST":0.2727272727,"TO":0.6363636364,"STL":0.0909090909,"BLK":0.1818181818,"STK":0.2727272727,"PF":2.0909090909,"Fls on:":1.0,"+\/-":2.3636363636,"GW":8.0,"GP":11.0},"C. Briones":{"TEAM":"UP","MINS":7.4983333333,"FGM":0.6,"FGA":2.4,"FG%":25.0,"2PM":0.4,"2PA":0.8,"2P%":50.0,"3PM":0.2,"3PA":1.6,"3P%":12.5,"FTM":0.1,"FTA":0.2,"FT%":50.0,"PTS":1.5,"OFF":0.2,"DEF":1.1,"REB":1.3,"AST":0.5,"TO":0.4,"STL":0.1,"BLK":0.0,"STK":0.1,"PF":0.5,"Fls on:":0.2,"+\/-":-3.8,"GW":8.0,"GP":10.0},"S. Alter":{"TEAM":"UP","MINS":4.962962963,"FGM":0.5555555556,"FGA":1.3333333333,"FG%":41.6666666667,"2PM":0.5555555556,"2PA":1.1111111111,"2P%":50.0,"3PM":0.0,"3PA":0.2222222222,"3P%":0.0,"FTM":0.0,"FTA":0.2222222222,"FT%":0.0,"PTS":1.1111111111,"OFF":0.8888888889,"DEF":1.0,"REB":1.8888888889,"AST":0.0,"TO":0.3333333333,"STL":0.1111111111,"BLK":0.0,"STK":0.1111111111,"PF":1.1111111111,"Fls on:":0.2222222222,"+\/-":-1.1111111111,"GW":7.0,"GP":9.0},"D. Walker":{"TEAM":"UP","MINS":4.3066666667,"FGM":0.2,"FGA":0.6,"FG%":33.3333333333,"2PM":0.2,"2PA":0.6,"2P%":33.3333333333,"3PM":0.0,"3PA":0.0,"3P%":0.0,"FTM":0.0,"FTA":0.0,"FT%":0.0,"PTS":0.4,"OFF":0.0,"DEF":0.2,"REB":0.2,"AST":0.8,"TO":0.2,"STL":0.4,"BLK":0.0,"STK":0.4,"PF":0.0,"Fls on:":0.0,"+\/-":-3.4,"GW":5.0,"GP":5.0}}