{"F. Lopez":{"TEAM":"UP","MINS":18.5641025641,"FGM":6.091160221,"FGA":10.9392265193,"FG%":55.6818181818,"2PM":4.9723756906,"2PA":7.2099447514,"2P%":68.9655172414,"3PM":1.1187845304,"3PA":3.729281768,"3P%":30.0,"FTM":3.2320441989,"FTA":6.4640883978,"FT%":50.0,"PTS":16.5331491713,"OFF":0.9944751381,"DEF":7.4585635359,"REB":8.453038674,"AST":2.6104972376,"TO":3.3563535912,"STL":1.4917127072,"BLK":1.4917127072,"STK":2.9834254144,"PF":3.6049723757,"Fls on:":5.4696132597,"+\/-":7.955801105,"GW":10.0,"GP":13.0},"J. Cagulangan":{"TEAM":"UP","MINS":24.5409090909,"FGM":5.6677162437,"FGA":14.1137247638,"FG%":40.157480315,"2PM":4.0007408779,"2PA":9.0016669754,"2P%":44.4444444444,"3PM":1.6669753658,"3PA":5.1120577885,"3P%":32.6086956522,"FTM":2.2226338211,"FTA":2.8894239674,"FT%":76.9230769231,"PTS":15.2250416744,"OFF":2.3337655121,"DEF":3.0005556585,"REB":5.3343211706,"AST":5.6677162437,"TO":3.4450824227,"STL":2.2226338211,"BLK":0.0,"STK":2.2226338211,"PF":1.3335802926,"Fls on:":3.4450824227,"+\/-":11.2243007964,"GW":9.0,"GP":11.0},"H. Alarcon":{"TEAM":"UP","MINS":17.4472222222,"FGM":5.3017035504,"FGA":12.752746378,"FG%":41.5730337079,"2PM":4.5852571247,"2PA":9.4570928196,"2P%":48.4848484848,"3PM":0.7164464257,"3PA":3.2956535584,"3P%":21.7391304348,"FTM":2.2926285623,"FTA":3.1523642732,"FT%":72.7272727273,"PTS":13.6124820888,"OFF":0.8597357109,"DEF":4.871835695,"REB":5.7315714058,"AST":2.4359178475,"TO":1.7194714217,"STL":1.7194714217,"BLK":0.5731571406,"STK":2.2926285623,"PF":3.7255214138,"Fls on:":3.4389428435,"+\/-":15.3319535106,"GW":9.0,"GP":12.0},"S. Torculas":{"TEAM":"UP","MINS":9.5060606061,"FGM":5.1641695888,"FGA":14.0580172139,"FG%":36.7346938776,"2PM":4.0165763468,"2PA":9.7545425566,"2P%":41.1764705882,"3PM":1.147593242,"3PA":4.3034746573,"3P%":26.6666666667,"FTM":2.0082881734,"FTA":3.1558814154,"FT%":63.6363636364,"PTS":13.4842205929,"OFF":4.0165763468,"DEF":4.5903729678,"REB":8.6069493146,"AST":2.0082881734,"TO":2.2951864839,"STL":1.4344915524,"BLK":0.8606949315,"STK":2.2951864839,"PF":2.5820847944,"Fls on:":2.5820847944,"+\/-":0.0,"GW":8.0,"GP":11.0},"T. Fortea":{"TEAM":"UP","MINS":15.6897435897,"FGM":4.2654028436,"FGA":10.7370485373,"FG%":39.7260273973,"2PM":1.7649942801,"2PA":3.5299885602,"2P%":50.0,"3PM":2.5004085635,"3PA":7.2070599771,"3P%":34.693877551,"FTM":1.9120771368,"FTA":2.3533257068,"FT%":81.25,"PTS":12.9432913875,"OFF":0.7354142834,"DEF":2.6474914202,"REB":3.3829057035,"AST":3.3829057035,"TO":2.3533257068,"STL":1.6179114234,"BLK":0.1470828567,"STK":1.7649942801,"PF":2.5004085635,"Fls on:":2.0591599935,"+\/-":5.442065697,"GW":10.0,"GP":13.0},"M. Belmonte":{"TEAM":"UP","MINS":11.2076923077,"FGM":4.7357584077,"FGA":10.0892244338,"FG%":46.9387755102,"2PM":3.9121482498,"2PA":7.6183939602,"2P%":51.3513513514,"3PM":0.8236101579,"3PA":2.4708304736,"3P%":33.3333333333,"FTM":1.0295126973,"FTA":1.2354152368,"FT%":83.3333333333,"PTS":11.3246396706,"OFF":1.2354152368,"DEF":5.5593685656,"REB":6.7947838023,"AST":2.676733013,"TO":3.5003431709,"STL":0.4118050789,"BLK":0.4118050789,"STK":0.8236101579,"PF":4.1180507893,"Fls on:":1.8531228552,"+\/-":6.7947838023,"GW":10.0,"GP":13.0},"Q. Millora-Brown":{"TEAM":"UP","MINS":22.3333333333,"FGM":4.2537313433,"FGA":7.6119402985,"FG%":55.8823529412,"2PM":4.1417910448,"2PA":7.052238806,"2P%":58.7301587302,"3PM":0.1119402985,"3PA":0.5597014925,"3P%":20.0,"FTM":2.1268656716,"FTA":3.2462686567,"FT%":65.5172413793,"PTS":10.7462686567,"OFF":4.5895522388,"DEF":7.8358208955,"REB":12.4253731343,"AST":0.7835820896,"TO":2.3507462687,"STL":0.447761194,"BLK":1.7910447761,"STK":2.2388059701,"PF":2.4626865672,"Fls on:":5.3731343284,"+\/-":10.6343283582,"GW":10.0,"GP":12.0},"D. Ududo":{"TEAM":"UP","MINS":8.6525641026,"FGM":3.467180323,"FGA":9.601422433,"FG%":36.1111111111,"2PM":3.467180323,"2PA":9.601422433,"2P%":36.1111111111,"3PM":0.0,"3PA":0.0,"3P%":0.0,"FTM":2.9337679656,"FTA":6.1342421099,"FT%":47.8260869565,"PTS":9.8681286116,"OFF":5.8675359313,"DEF":4.5340050378,"REB":10.401540969,"AST":0.5334123574,"TO":3.7338865017,"STL":0.5334123574,"BLK":1.0668247148,"STK":1.6002370722,"PF":7.2010668247,"Fls on:":6.6676544673,"+\/-":1.6002370722,"GW":10.0,"GP":13.0},"G. Abadiano":{"TEAM":"UP","MINS":19.9861111111,"FGM":3.0020847811,"FGA":10.0069492703,"FG%":30.0,"2PM":1.5010423905,"2PA":4.7533009034,"2P%":31.5789473684,"3PM":1.5010423905,"3PA":5.2536483669,"3P%":28.5714285714,"FTM":0.8756080612,"FTA":1.2508686588,"FT%":70.0,"PTS":8.3808200139,"OFF":0.5003474635,"DEF":2.3766504517,"REB":2.8769979152,"AST":2.7519110493,"TO":1.7512161223,"STL":1.3759555247,"BLK":0.0,"STK":1.3759555247,"PF":2.1264767199,"Fls on:":2.1264767199,"+\/-":8.255733148,"GW":9.0,"GP":12.0},"R. Torres":{"TEAM":"UP","MINS":15.0819444445,"FGM":2.8179390367,"FGA":9.2826227093,"FG%":30.3571428571,"2PM":2.4864167971,"2PA":5.9674003131,"2P%":41.6666666667,"3PM":0.3315222396,"3PA":3.3152223962,"3P%":10.0,"FTM":2.3206556773,"FTA":2.6521779169,"FT%":87.5,"PTS":8.2880559904,"OFF":1.6576111981,"DEF":2.6521779169,"REB":4.309789115,"AST":3.9782668754,"TO":2.1548945575,"STL":1.3260889585,"BLK":0.0,"STK":1.3260889585,"PF":3.3152223962,"Fls on:":2.1548945575,"+\/-":-0.6630444792,"GW":9.0,"GP":12.0},"J. Bayla":{"TEAM":"UP","MINS":16.0653846154,"FGM":2.7292315059,"FGA":7.1821881733,"FG%":38.0,"2PM":2.0110126885,"2PA":4.4529566675,"2P%":45.1612903226,"3PM":0.7182188173,"3PA":2.7292315059,"3P%":26.3157894737,"FTM":2.0110126885,"FTA":3.5910940867,"FT%":56.0,"PTS":8.1876945176,"OFF":2.4419439789,"DEF":3.0165190328,"REB":5.4584630117,"AST":1.5800813981,"TO":1.5800813981,"STL":0.8618625808,"BLK":0.4309312904,"STK":1.2927938712,"PF":3.5910940867,"Fls on:":2.5855877424,"+\/-":1.8673689251,"GW":10.0,"GP":13.0},"G. Stevens":{"TEAM":"UP","MINS":9.175,"FGM":2.9972752044,"FGA":5.7220708447,"FG%":52.380952381,"2PM":2.9972752044,"2PA":5.7220708447,"2P%":52.380952381,"3PM":0.0,"3PA":0.0,"3P%":0.0,"FTM":1.6348773842,"FTA":4.6321525886,"FT%":35.2941176471,"PTS":7.6294277929,"OFF":4.3596730245,"DEF":4.6321525886,"REB":8.9918256131,"AST":0.8174386921,"TO":1.9073569482,"STL":0.272479564,"BLK":0.5449591281,"STK":0.8174386921,"PF":6.8119891008,"Fls on:":2.9972752044,"+\/-":5.1771117166,"GW":9.0,"GP":12.0},"S. Alter":{"TEAM":"UP","MINS":4.962962963,"FGM":3.3582089552,"FGA":8.0597014925,"FG%":41.6666666667,"2PM":3.3582089552,"2PA":6.7164179104,"2P%":50.0,"3PM":0.0,"3PA":1.3432835821,"3P%":0.0,"FTM":0.0,"FTA":1.3432835821,"FT%":0.0,"PTS":6.7164179104,"OFF":5.3731343284,"DEF":6.0447761194,"REB":11.4179104478,"AST":0.0,"TO":2.0149253731,"STL":0.671641791,"BLK":0.0,"STK":0.671641791,"PF":6.7164179104,"Fls on:":1.3432835821,"+\/-":-6.7164179104,"GW":7.0,"GP":9.0},"J. Felicilda":{"TEAM":"UP","MINS":14.4590909091,"FGM":2.4520591009,"FGA":6.6016975794,"FG%":37.1428571429,"2PM":1.5089594467,"2PA":4.1496384785,"2P%":36.3636363636,"3PM":0.9430996542,"3PA":2.4520591009,"3P%":38.4615384615,"FTM":0.1886199308,"FTA":0.7544797234,"FT%":25.0,"PTS":6.0358377869,"OFF":0.7544797234,"DEF":4.3382584093,"REB":5.0927381327,"AST":3.2065388243,"TO":2.6406790318,"STL":0.9430996542,"BLK":0.0,"STK":0.9430996542,"PF":3.0179188934,"Fls on:":0.9430996542,"+\/-":5.6585979252,"GW":9.0,"GP":11.0},"C. Briones":{"TEAM":"UP","MINS":7.1227272727,"FGM":2.2973835354,"FGA":9.5724313976,"FG%":24.0,"2PM":1.5315890236,"2PA":3.4460753031,"2P%":44.4444444444,"3PM":0.7657945118,"3PA":6.1263560944,"3P%":12.5,"FTM":0.3828972559,"FTA":0.7657945118,"FT%":50.0,"PTS":5.7434588385,"OFF":1.1486917677,"DEF":4.2118698149,"REB":5.3605615826,"AST":1.9144862795,"TO":1.9144862795,"STL":0.7657945118,"BLK":0.0,"STK":0.7657945118,"PF":2.2973835354,"Fls on:":0.7657945118,"+\/-":-13.4014039566,"GW":9.0,"GP":11.0},"D. Walker":{"TEAM":"UP","MINS":4.3066666667,"FGM":1.3931888545,"FGA":4.1795665635,"FG%":33.3333333333,"2PM":1.3931888545,"2PA":4.1795665635,"2P%":33.3333333333,"3PM":0.0,"3PA":0.0,"3P%":0.0,"FTM":0.0,"FTA":0.0,"FT%":0.0,"PTS":2.786377709,"OFF":0.0,"DEF":1.3931888545,"REB":1.3931888545,"AST":5.572755418,"TO":1.3931888545,"STL":2.786377709,"BLK":0.0,