{"N. Cabanero":{"TEAM":"UST","SP":60.7692307692,"GP":13.0,"MPG":30.1474358974,"EWA":2.6663599928,"PER":24.4948039607,"WS":1.6955305287,"OWS":1.8500420413,"DWS":-0.1545115126,"EFF":13.0,"GmSc":10.6615384615,"TS%":49.1855783309,"EFG%":45.4301075269,"PPWS":0.9837115666,"FTR":0.3978494624,"REB%":8.5052094408,"OREB%":5.6120439343,"DREB%":11.548021439,"AR":3.4161098888,"pAST%":14.4031472934,"hAST%":9.631684389,"TOR":2.1863103288,"hTO%":6.1642780089,"AST\/TO":1.5625,"STL\/TO":0.75,"PPR":0.1670378102,"USG%":27.0264625334,"STL%":null,"BLK%":6.4033006067,"aSP":60.1904761905,"ORtg":104.2107451059,"DRtg":98.4975992165,"Floor%":49.7923476622,"Stop%":0.5102145531,"FFI":49.7156161509,"PIE":10.0265856438,"AV":2.2320079324,"DRE\/100":5.4844775058,"DRE\/75":4.1133581294,"POS":56.2943519287},"M. Tounkara":{"TEAM":"UST","SP":60.0,"GP":12.0,"MPG":28.3833333333,"EWA":2.1574367619,"PER":23.5517906386,"WS":1.1848020177,"OWS":1.0827310723,"DWS":0.1020709454,"EFF":16.0,"GmSc":9.625,"TS%":52.4584057611,"EFG%":50.3401360544,"PPWS":1.0491681152,"FTR":0.2176870748,"REB%":17.126639264,"OREB%":10.6690539678,"DREB%":23.9182375929,"AR":1.8867838881,"pAST%":8.019634101,"hAST%":5.8513750731,"TOR":5.0314237016,"hTO%":15.6036668617,"AST\/TO":0.375,"STL\/TO":0.1875,"PPR":-6.9193671884,"USG%":25.5989193032,"STL%":null,"BLK%":51.5763993133,"aSP":59.4285714286,"ORtg":95.9629738952,"DRtg":93.440049723,"Floor%":45.2986212217,"Stop%":0.6243284284,"FFI":49.2773154124,"PIE":10.5962780099,"AV":2.4561598442,"DRE\/100":7.3812442312,"DRE\/75":5.5359331734,"POS":53.0002405848},"G. Crisostomo":{"TEAM":"UST","SP":34.3846153846,"GP":13.0,"MPG":18.7756410256,"EWA":0.8159925598,"PER":17.5396109737,"WS":0.7712620981,"OWS":0.6033749631,"DWS":0.1678871351,"EFF":9.8461538462,"GmSc":4.7384615385,"TS%":51.1088011088,"EFG%":48.0769230769,"PPWS":1.0221760222,"FTR":0.25,"REB%":17.0706725845,"OREB%":9.4028622761,"DREB%":25.135093771,"AR":1.7552436798,"pAST%":6.0296241175,"hAST%":10.7066381156,"TOR":1.9746491398,"hTO%":12.0449678801,"AST\/TO":0.8888888889,"STL\/TO":0.6666666667,"PPR":-1.4751394735,"USG%":12.3437437321,"STL%":null,"BLK%":113.097285861,"aSP":34.0571428571,"ORtg":105.7244538494,"DRtg":90.611109504,"Floor%":50.5259036098,"Stop%":0.6881580226,"FFI":49.367679401,"PIE":5.6589441701,"AV":1.8121251276,"DRE\/100":10.1770419272,"DRE\/75":7.6327814454,"POS":35.0597824366},"C. Manaytay":{"TEAM":"UST","SP":39.0769230769,"GP":13.0,"MPG":21.5,"EWA":0.961998631,"PER":17.7381296895,"WS":0.6941407214,"OWS":0.7240685664,"DWS":-0.0299278451,"EFF":8.4615384615,"GmSc":5.3384615385,"TS%":54.1357783847,"EFG%":48.8636363636,"PPWS":1.0827155677,"FTR":0.375,"REB%":9.2953102529,"OREB%":7.1849614358,"DREB%":11.5148150433,"AR":3.0656581623,"pAST%":11.3950065454,"hAST%":10.92001092,"TOR":5.3649017841,"hTO%":19.11001911,"AST\/TO":0.5714285714,"STL\/TO":0.4285714286,"PPR":-6.0897583058,"USG%":21.0874583432,"STL%":null,"BLK%":26.9362457543,"aSP":38.7047619048,"ORtg":95.1704779937,"DRtg":96.4046173836,"Floor%":43.8820573599,"Stop%":0.557438662,"FFI":50.2662213866,"PIE":4.7854158754,"AV":1.6174289759,"DRE\/100":1.7675101848,"DRE\/75":1.3256326386,"POS":40.1469820049},"F. Padrigao":{"TEAM":"UST","SP":58.7692307692,"GP":13.0,"MPG":27.3666666667,"EWA":0.933176463,"PER":16.0922328042,"WS":0.5260104886,"OWS":0.5632477345,"DWS":-0.0372372459,"EFF":9.3076923077,"GmSc":5.9769230769,"TS%":40.8680947012,"EFG%":39.1791044776,"PPWS":0.817361894,"FTR":0.1343283582,"REB%":6.0625768156,"OREB%":1.8815672457,"DREB%":10.4598455012,"AR":11.8917944323,"pAST%":42.3891791677,"hAST%":30.5113548586,"TOR":5.720103651,"hTO%":14.6763479067,"AST\/TO":2.0789473684,"STL\/TO":0.5,"PPR":4.0482371573,"USG%":22.8372166799,"STL%":null,"BLK%":0.0,"aSP":58.2095238095,"ORtg":86.9753159472,"DRtg":96.3870615715,"Floor%":36.5338430818,"Stop%":0.5578347751,"FFI":41.6328547006,"PIE":6.8742878845,"AV":1.7372796521,"DRE\/100":2.8066175207,"DRE\/75":2.1049631405,"POS":51.1018174047},"K. Paranada":{"TEAM":"UST","SP":25.6153846154,"GP":13.0,"MPG":10.7884615385,"EWA":0.4886795654,"PER":17.8235360174,"WS":0.3307375072,"OWS":0.4026141124,"DWS":-0.0718766052,"EFF":3.8461538462,"GmSc":2.5230769231,"TS%":56.7765567766,"EFG%":56.25,"PPWS":1.1355311355,"FTR":0.3125,"REB%":4.5437069659,"OREB%":1.3636850667,"DREB%":7.8882127564,"AR":8.7823455867,"pAST%":33.3202259981,"hAST%":23.8095238095,"TOR":7.2549811369,"hTO%":19.66873706,"AST\/TO":1.2105263158,"STL\/TO":0.2631578947,"PPR":-2.5672510505,"USG%":23.6975762421,"STL%":null,"BLK%":0.0,"aSP":25.3714285714,"ORtg":94.4423560107,"DRtg":99.3593939906,"Floor%":39.7855200032,"Stop%":0.4907698118,"FFI":50.6464917291,"PIE":2.2028104823,"AV":0.8953816888,"DRE\/100":1.1122232013,"DRE\/75":0.834167401,"POS":20.1453102905},"M. Llemit":{"TEAM":"UST","SP":25.3076923077,"GP":13.0,"MPG":14.9679487179,"EWA":0.0560501819,"PER":11.3989851764,"WS":0.2055686797,"OWS":0.2077649648,"DWS":-0.0021962851,"EFF":4.1538461538,"GmSc":2.3307692308,"TS%":39.7286821705,"EFG%":36.6666666667,"PPWS":0.7945736434,"FTR":0.3333333333,"REB%":9.321073183,"OREB%":6.3888791379,"DREB%":12.4049324374,"AR":3.5778594003,"pAST%":11.6171036674,"hAST%":17.6630434783,"TOR":2.4769795848,"hTO%":12.2282608696,"AST\/TO":1.4444444444,"STL\/TO":1.0,"PPR":-0.1682181631,"USG%":14.0635826588,"STL%":null,"BLK%":25.7941950778,"aSP":25.0666666667,"ORtg":88.2152507989,"DRtg":95.7064750456,"Floor%":38.5934738267,"Stop%":0.5731909009,"FFI":45.325197598,"PIE":1.9369540448,"AV":0.9485845026,"DRE\/100":2.8048282635,"DRE\/75":2.1036211977,"POS":27.9496729223},"C. Lane":{"TEAM":"UST","SP":15.6666666667,"GP":9.0,"MPG":7.9055555555,"EWA":0.141648424,"PER":14.8215928624,"WS":0.1688159085,"OWS":0.2037955042,"DWS":-0.0349795958,"EFF":2.3333333333,"GmSc":1.6777777778,"TS%":53.9956803456,"EFG%":46.6666666667,"PPWS":1.0799136069,"FTR":0.5333333333,"REB%":5.511691676,"OREB%":4.0321187056,"DREB%":7.0677942828,"AR":3.0107219128,"pAST%":10.082798985,"hAST%":15.6739811912,"TOR":2.2580414346,"hTO%":11.7554858934,"AST\/TO":1.3333333333,"STL\/TO":1.0,"PPR":-0.4600485017,"USG%":13.658290557,"STL%":null,"BLK%":0.0,"aSP":15.5174603175,"ORtg":107.8186803913,"DRtg":99.2073782365,"Floor%":48.6132844092,"Stop%":0.4941997549,"FFI":51.9085800491,"PIE":1.025446259,"AV":0.4671379777,"DRE\/100":2.2965261181,"DRE\/75":1.7223945886,"POS":14.7620556571},"G. Danting":{"TEAM":"UST","SP":12.75,"GP":8.0,"MPG":8.55625,"EWA":0.1252464868,"PER":14.4978004147,"WS":0.1312392931,"OWS":0.1367775663,"DWS":-0.0055382733,"EFF":2.625,"GmSc":1.725,"TS%":66.1057692308,"EFG%":67.8571428571,"PPWS":1.3221153846,"FTR":0.4285714286,"REB%":7.161374411,"OREB%":1.397055008,"DREB%":13.2238482658,"AR":0.0,"pAST%":0.0,"hAST%":0.0,"TOR":3.1294793878,"hTO%":19.3798449612,"AST\/TO":0.0,"STL\/TO":0.75,"PPR":-5.7383405511,"USG%":13.6164916876,"STL%":null,"BLK%":0.0,"aSP":12.6285714286,"ORtg":100.6728235755,"DRtg":96.2139068897,"Floor%":41.3172584019,"Stop%":0.5617416774,"FFI":58.0684697261,"PIE":1.1014052412,"AV":0.4671379777,"DRE\/100":5.9577510885,"DRE\/75":4.4683133163,"POS":15.9770983618},"G. Robinson":{"TEAM":"UST","SP":16.1,"GP":10.0,"MPG":9.765,"EWA":-0.039887379,"PER":9.9989694639,"WS":0.0848874844,"OWS":0.1161296148,"DWS":-0.0312421304,"EFF":2.5,"GmSc":1.29,"TS%":39.1207153502,"EFG%":34.0909090909,"PPWS":0.782414307,"FTR":0.5,"REB%":8.5338795016,"OREB%":4.8964882386,"DREB%":12.359411692,"AR":4.3873602477,"pAST%":14.3673000251,"hAST%":20.5973223481,"TOR":2.1936801238,"hTO%":10.298661174,"AST\/TO":2.0,"STL\/TO":0.75,"PPR":1.3408070003,"USG%":14.2616937565,"STL%":null,"BLK%":0.0,"aSP":15.9466666667,"ORtg":89.2154195972,"DRtg":97.9560340272,"Floor%":43.418597446,"Stop%":0.5224339298,"FFI":46.5672412531,"PIE":0.7216103304,"AV":0.5323971375,"DRE\/100":1.9098964293,"DRE\/75":1.432422322,"POS":18.2341990362},"I. Calum":{"TEAM":"UST","SP":12.4,"GP":5.0,"MPG":4.77,"EWA":0.0613246387,"PER":15.9882399901,"WS":0.0734731753,"OWS":0.0660036624,"DWS":0.0074695129,"EFF":2.0,"GmSc":1.1,"TS%":33.3333333333,"EFG%":33.3333333333,"PPWS":0.6666666667,"FTR":0.0,"REB%":12.3319768159,