{"A. Acido":{"TEAM":"UST","MINS":86.75,"FGM":7.0,"FGA":27.0,"FG%":25.9259259259,"2PM":2.0,"2PA":5.0,"2P%":40.0,"3PM":5.0,"3PA":22.0,"3P%":22.7272727273,"FTM":4.0,"FTA":4.0,"FT%":100.0,"PTS":23.0,"OFF":4.0,"DEF":12.0,"REB":16.0,"AST":5.0,"TO":5.0,"STL":3.0,"BLK":1.0,"STK":4.0,"PF":5.0,"Fls on:":5.0,"+\/-":-17.0,"GP":9.0},"M. Tounkara":{"TEAM":"UST","MINS":251.7833333334,"FGM":55.0,"FGA":107.0,"FG%":51.4018691589,"2PM":46.0,"2PA":84.0,"2P%":54.7619047619,"3PM":9.0,"3PA":23.0,"3P%":39.1304347826,"FTM":17.0,"FTA":24.0,"FT%":70.8333333333,"PTS":136.0,"OFF":25.0,"DEF":52.0,"REB":77.0,"AST":9.0,"TO":22.0,"STL":6.0,"BLK":4.0,"STK":10.0,"PF":23.0,"Fls on:":24.0,"+\/-":30.0,"GP":9.0},"M. Pangilinan":{"TEAM":"UST","MINS":91.3666666666,"FGM":6.0,"FGA":25.0,"FG%":24.0,"2PM":0.0,"2PA":2.0,"2P%":0.0,"3PM":6.0,"3PA":23.0,"3P%":26.0869565217,"FTM":3.0,"FTA":5.0,"FT%":60.0,"PTS":21.0,"OFF":3.0,"DEF":12.0,"REB":15.0,"AST":4.0,"TO":8.0,"STL":4.0,"BLK":0.0,"STK":4.0,"PF":12.0,"Fls on:":4.0,"+\/-":-16.0,"GP":9.0},"M. Llemit":{"TEAM":"UST","MINS":158.6,"FGM":13.0,"FGA":41.0,"FG%":31.7073170732,"2PM":6.0,"2PA":20.0,"2P%":30.0,"3PM":7.0,"3PA":21.0,"3P%":33.3333333333,"FTM":7.0,"FTA":11.0,"FT%":63.6363636364,"PTS":40.0,"OFF":9.0,"DEF":20.0,"REB":29.0,"AST":13.0,"TO":7.0,"STL":7.0,"BLK":2.0,"STK":9.0,"PF":19.0,"Fls on:":16.0,"+\/-":-36.0,"GP":9.0},"L. Estacio":{"TEAM":"UST","MINS":77.4500000001,"FGM":3.0,"FGA":10.0,"FG%":30.0,"2PM":2.0,"2PA":3.0,"2P%":66.6666666667,"3PM":1.0,"3PA":7.0,"3P%":14.2857142857,"FTM":1.0,"FTA":1.0,"FT%":100.0,"PTS":8.0,"OFF":1.0,"DEF":6.0,"REB":7.0,"AST":9.0,"TO":4.0,"STL":5.0,"BLK":0.0,"STK":5.0,"PF":6.0,"Fls on:":4.0,"+\/-":-11.0,"GP":8.0},"K. Paranada":{"TEAM":"UST","MINS":87.7666666665,"FGM":10.0,"FGA":30.0,"FG%":33.3333333333,"2PM":3.0,"2PA":10.0,"2P%":30.0,"3PM":7.0,"3PA":20.0,"3P%":35.0,"FTM":5.0,"FTA":9.0,"FT%":55.5555555556,"PTS":32.0,"OFF":2.0,"DEF":6.0,"REB":8.0,"AST":15.0,"TO":11.0,"STL":4.0,"BLK":0.0,"STK":4.0,"PF":10.0,"Fls on:":7.0,"+\/-":-29.0,"GP":9.0},"I. Calum":{"TEAM":"UST","MINS":21.1666666667,"FGM":1.0,"FGA":3.0,"FG%":33.3333333333,"2PM":1.0,"2PA":2.0,"2P%":50.0,"3PM":0.0,"3PA":1.0,"3P%":0.0,"FTM":0.0,"FTA":0.0,"FT%":0.0,"PTS":2.0,"OFF":4.0,"DEF":2.0,"REB":6.0,"AST":2.0,"TO":0.0,"STL":1.0,"BLK":0.0,"STK":1.0,"PF":4.0,"Fls on:":1.0,"+\/-":-6.0,"GP":4.0},"G. Robinson":{"TEAM":"UST","MINS":82.2000000001,"FGM":7.0,"FGA":21.0,"FG%":33.3333333333,"2PM":6.0,"2PA":14.0,"2P%":42.8571428571,"3PM":1.0,"3PA":7.0,"3P%":14.2857142857,"FTM":4.0,"FTA":9.0,"FT%":44.4444444444,"PTS":19.0,"OFF":4.0,"DEF":10.0,"REB":14.0,"AST":5.0,"TO":4.0,"STL":3.0,"BLK":0.0,"STK":3.0,"PF":13.0,"Fls on:":8.0,"+\/-":-32.0,"GP":8.0},"G. Danting":{"TEAM":"UST","MINS":40.4499999999,"FGM":5.0,"FGA":12.0,"FG%":41.6666666667,"2PM":2.0,"2PA":3.0,"2P%":66.6666666667,"3PM":3.0,"3PA":9.0,"3P%":33.3333333333,"FTM":1.0,"FTA":3.0,"FT%":33.3333333333,"PTS":14.0,"OFF":0.0,"DEF":4.0,"REB":4.0,"AST":0.0,"TO":4.0,"STL":1.0,"BLK":0.0,"STK":1.0,"PF":3.0,"Fls on:":3.0,"+\/-":3.0,"GP":5.0},"G. Crisostomo":{"TEAM":"UST","MINS":160.6,"FGM":16.0,"FGA":37.0,"FG%":43.2432432432,"2PM":15.0,"2PA":32.0,"2P%":46.875,"3PM":1.0,"3PA":5.0,"3P%":20.0,"FTM":7.0,"FTA":11.0,"FT%":63.6363636364,"PTS":40.0,"OFF":12.0,"DEF":38.0,"REB":50.0,"AST":4.0,"TO":7.0,"STL":3.0,"BLK":5.0,"STK":8.0,"PF":23.0,"Fls on:":12.0,"+\/-":-2.0,"GP":9.0},"F. Padrigao":{"TEAM":"UST","MINS":237.4,"FGM":30.0,"FGA":94.0,"FG%":31.914893617,"2PM":15.0,"2PA":31.0,"2P%":48.3870967742,"3PM":15.0,"3PA":63.0,"3P%":23.8095238095,"FTM":9.0,"FTA":14.0,"FT%":64.2857142857,"PTS":84.0,"OFF":3.0,"DEF":28.0,"REB":31.0,"AST":58.0,"TO":28.0,"STL":13.0,"BLK":0.0,"STK":13.0,"PF":18.0,"Fls on:":22.0,"+\/-":21.0,"GP":9.0},"E. Laure":{"TEAM":"UST","MINS":15.1,"FGM":1.0,"FGA":5.0,"FG%":20.0,"2PM":1.0,"2PA":5.0,"2P%":20.0,"3PM":0.0,"3PA":0.0,"3P%":0.0,"FTM":0.0,"FTA":0.0,"FT%":0.0,"PTS":2.0,"OFF":1.0,"DEF":2.0,"REB":3.0,"AST":0.0,"TO":0.0,"STL":0.0,"BLK":0.0,"STK":0.0,"PF":6.0,"Fls on:":0.0,"+\/-":-20.0,"GP":5.0},"C. Manaytay":{"TEAM":"UST","MINS":180.8499999999,"FGM":26.0,"FGA":54.0,"FG%":48.1481481481,"2PM":20.0,"2PA":41.0,"2P%":48.7804878049,"3PM":6.0,"3PA":13.0,"3P%":46.1538461538,"FTM":17.0,"FTA":22.0,"FT%":77.2727272727,"PTS":75.0,"OFF":11.0,"DEF":19.0,"REB":30.0,"AST":14.0,"TO":13.0,"STL":9.0,"BLK":1.0,"STK":10.0,"PF":20.0,"Fls on:":22.0,"+\/-":-18.0,"GP":9.0},"C. Lane":{"TEAM":"UST","MINS":52.4833333333,"FGM":4.0,"FGA":11.0,"FG%":36.3636363636,"2PM":3.0,"2PA":7.0,"2P%":42.8571428571,"3PM":1.0,"3PA":4.0,"3P%":25.0,"FTM":5.0,"FTA":6.0,"FT%":83.3333333333,"PTS":14.0,"OFF":2.0,"DEF":4.0,"REB":6.0,"AST":4.0,"TO":2.0,"STL":3.0,"BLK":0.0,"STK":3.0,"PF":6.0,"Fls on:":4.0,"+\/-":22.0,"GP":7.0},"N. Cabanero":{"TEAM":"UST","MINS":254.9,"FGM":52.0,"FGA":121.0,"FG%":42.9752066116,"2PM":45.0,"2PA":85.0,"2P%":52.9411764706,"3PM":7.0,"3PA":36.0,"3P%":19.4444444444,"FTM":24.0,"FTA":43.0,"FT%":55.8139534884,"PTS":135.0,"OFF":20.0,"DEF":30.0,"REB":50.0,"AST":17.0,"TO":9.0,"STL":9.0,"BLK":1.0,"STK":10.0,"PF":17.0,"Fls on:":44.0,"+\/-":10.0,"GP":9.0},"Z. Mahmood":{"TEAM":"UST","MINS":25.2,"FGM":1.0,"FGA":4.0,"FG%":25.0,"2PM":1.0,"2PA":3.0,"2P%":33.3333333333,"3PM":0.0,"3PA":1.0,"3P%":0.0,"FTM":0.0,"FTA":0.0,"FT%":0.0,"PTS":2.0,"OFF":1.0,"DEF":4.0,"REB":5.0,"AST":0.0,"TO":2.0,"STL":1.0,"BLK":0.0,"STK":1.0,"PF":4.0,"Fls on:":1.0,"+\/-":-14.0,"GP":6.0}}