{"N. Cabanero":{"TEAM":"UST","MINS":30.0380952381,"FGM":5.9285714286,"FGA":14.2142857143,"FG%":41.7085427136,"2PM":5.0,"2PA":9.7857142857,"2P%":51.0948905109,"3PM":0.9285714286,"3PA":4.4285714286,"3P%":20.9677419355,"FTM":3.5,"FTA":5.7142857143,"FT%":61.25,"PTS":16.2857142857,"OFF":1.7857142857,"DEF":3.6428571429,"REB":5.4285714286,"AST":1.9285714286,"TO":1.2857142857,"STL":0.9285714286,"BLK":0.1428571429,"STK":1.0714285714,"PF":1.8571428571,"Fls on:":5.0714285714,"+\/-":4.5,"GW":7.0,"GP":14.0},"M. Tounkara":{"TEAM":"UST","MINS":28.5666666667,"FGM":5.5384615385,"FGA":12.0769230769,"FG%":45.8598726115,"2PM":4.6153846154,"2PA":9.2307692308,"2P%":50.0,"3PM":0.9230769231,"3PA":2.8461538462,"3P%":32.4324324324,"FTM":1.8461538462,"FTA":2.7692307692,"FT%":66.6666666667,"PTS":13.8461538462,"OFF":3.6153846154,"DEF":6.6153846154,"REB":10.2307692308,"AST":1.0,"TO":2.6153846154,"STL":0.5384615385,"BLK":0.7692307692,"STK":1.3076923077,"PF":2.5384615385,"Fls on:":3.0,"+\/-":5.3846153846,"GW":7.0,"GP":13.0},"F. Padrigao":{"TEAM":"UST","MINS":27.2428571429,"FGM":3.2142857143,"FGA":10.4285714286,"FG%":30.8219178082,"2PM":1.6428571429,"2PA":3.5,"2P%":46.9387755102,"3PM":1.5714285714,"3PA":6.9285714286,"3P%":22.6804123711,"FTM":0.7857142857,"FTA":1.2857142857,"FT%":61.1111111111,"PTS":8.7857142857,"OFF":0.5,"DEF":2.7857142857,"REB":3.2857142857,"AST":6.0714285714,"TO":2.8571428571,"STL":1.5,"BLK":0.0,"STK":1.5,"PF":2.1428571429,"Fls on:":2.5714285714,"+\/-":2.0714285714,"GW":7.0,"GP":14.0},"C. Manaytay":{"TEAM":"UST","MINS":21.5833333333,"FGM":3.0,"FGA":6.7142857143,"FG%":44.6808510638,"2PM":2.4285714286,"2PA":5.1428571429,"2P%":47.2222222222,"3PM":0.5714285714,"3PA":1.5714285714,"3P%":36.3636363636,"FTM":1.7857142857,"FTA":2.4285714286,"FT%":73.5294117647,"PTS":8.3571428571,"OFF":1.5714285714,"DEF":2.4285714286,"REB":4.0,"AST":1.2142857143,"TO":2.1428571429,"STL":0.8571428571,"BLK":0.2142857143,"STK":1.0714285714,"PF":2.6428571429,"Fls on:":2.1428571429,"+\/-":-0.7142857143,"GW":7.0,"GP":14.0},"K. Paranada":{"TEAM":"UST","MINS":11.394047619,"FGM":1.7142857143,"FGA":4.0,"FG%":42.8571428571,"2PM":0.6428571429,"2PA":1.5,"2P%":42.8571428571,"3PM":1.0714285714,"3PA":2.5,"3P%":42.8571428571,"FTM":0.5714285714,"FTA":1.0714285714,"FT%":53.3333333333,"PTS":5.0714285714,"OFF":0.1428571429,"DEF":0.9285714286,"REB":1.0714285714,"AST":2.0714285714,"TO":1.3571428571,"STL":0.3571428571,"BLK":0.0,"STK":0.3571428571,"PF":1.4285714286,"Fls on:":0.7857142857,"+\/-":-0.7857142857,"GW":7.0,"GP":14.0},"G. Crisostomo":{"TEAM":"UST","MINS":19.0738095238,"FGM":1.8571428571,"FGA":4.1428571429,"FG%":44.8275862069,"2PM":1.6428571429,"2PA":3.3571428571,"2P%":48.9361702128,"3PM":0.2142857143,"3PA":0.7857142857,"3P%":27.2727272727,"FTM":0.6428571429,"FTA":0.9285714286,"FT%":69.2307692308,"PTS":4.5714285714,"OFF":1.9285714286,"DEF":4.9285714286,"REB":6.8571428571,"AST":0.5714285714,"TO":0.7142857143,"STL":0.4285714286,"BLK":0.8571428571,"STK":1.2857142857,"PF":2.6428571429,"Fls on:":1.2142857143,"+\/-":2.3571428571,"GW":7.0,"GP":14.0},"A. Acido":{"TEAM":"UST","MINS":9.9404761905,"FGM":1.1428571429,"FGA":3.6428571429,"FG%":31.3725490196,"2PM":0.2857142857,"2PA":0.8571428571,"2P%":33.3333333333,"3PM":0.8571428571,"3PA":2.7857142857,"3P%":30.7692307692,"FTM":0.3571428571,"FTA":0.5,"FT%":71.4285714286,"PTS":3.5,"OFF":0.6428571429,"DEF":1.2142857143,"REB":1.8571428571,"AST":0.7857142857,"TO":0.4285714286,"STL":0.2857142857,"BLK":0.1428571429,"STK":0.4285714286,"PF":0.6428571429,"Fls on:":0.5,"+\/-":-0.6428571429,"GW":7.0,"GP":14.0},"M. Llemit":{"TEAM":"UST","MINS":15.2785714286,"FGM":1.0714285714,"FGA":3.5,"FG%":30.612244898,"2PM":0.5,"2PA":1.7857142857,"2P%":28.0,"3PM":0.5714285714,"3PA":1.7142857143,"3P%":33.3333333333,"FTM":0.7142857143,"FTA":1.2857142857,"FT%":55.5555555556,"PTS":3.4285714286,"OFF":0.9285714286,"DEF":1.7857142857,"REB":2.7142857143,"AST":1.0714285714,"TO":0.6428571429,"STL":0.7857142857,"BLK":0.1428571429,"STK":0.9285714286,"PF":1.6428571429,"Fls on:":1.5,"+\/-":-2.7142857143,"GW":7.0,"GP":14.0},"G. Danting":{"TEAM":"UST","MINS":8.1203703704,"FGM":0.7777777778,"FGA":1.6666666667,"FG%":46.6666666667,"2PM":0.2222222222,"2PA":0.3333333333,"2P%":66.6666666667,"3PM":0.5555555556,"3PA":1.3333333333,"3P%":41.6666666667,"FTM":0.3333333333,"FTA":0.6666666667,"FT%":50.0,"PTS":2.4444444444,"OFF":0.1111111111,"DEF":1.1111111111,"REB":1.2222222222,"AST":0.0,"TO":0.4444444444,"STL":0.3333333333,"BLK":0.0,"STK":0.3333333333,"PF":0.7777777778,"Fls on:":0.6666666667,"+\/-":-0.3333333333,"GW":3.0,"GP":9.0},"G. Robinson":{"TEAM":"UST","MINS":9.765,"FGM":0.7,"FGA":2.2,"FG%":31.8181818182,"2PM":0.6,"2PA":1.4,"2P%":42.8571428571,"3PM":0.1,"3PA":0.8,"3P%":12.5,"FTM":0.6,"FTA":1.1,"FT%":54.5454545455,"PTS":2.1,"OFF":0.5,"DEF":1.2,"REB":1.7,"AST":0.8,"TO":0.4,"STL":0.3,"BLK":0.0,"STK":0.3,"PF":1.3,"Fls on:":0.9,"+\/-":-2.0,"GW":3.0,"GP":10.0},"M. Pangilinan":{"TEAM":"UST","MINS":8.9654761905,"FGM":0.5714285714,"FGA":2.2857142857,"FG%":25.0,"2PM":0.0,"2PA":0.1428571429,"2P%":0.0,"3PM":0.5714285714,"3PA":2.1428571429,"3P%":26.6666666667,"FTM":0.3571428571,"FTA":0.5,"FT%":71.4285714286,"PTS":2.0714285714,"OFF":0.2857142857,"DEF":1.0,"REB":1.2857142857,"AST":0.3571428571,"TO":0.7142857143,"STL":0.2857142857,"BLK":0.0714285714,"STK":0.3571428571,"PF":1.1428571429,"Fls on:":0.2857142857,"+\/-":-1.8571428571,"GW":7.0,"GP":14.0},"C. Lane":{"TEAM":"UST","MINS":7.2516666667,"FGM":0.6,"FGA":1.5,"FG%":40.0,"2PM":0.4,"2PA":0.8,"2P%":50.0,"3PM":0.2,"3PA":0.7,"3P%":28.5714285714,"FTM":0.6,"FTA":0.8,"FT%":75.0,"PTS":2.0,"OFF":0.3,"DEF":0.5,"REB":0.8,"AST":0.4,"TO":0.3,"STL":0.3,"BLK":0.0,"STK":0.3,"PF":0.6,"Fls on:":0.5,"+\/-":4.0,"GW":5.0,"GP":10.0},"L. Estacio":{"TEAM":"UST","MINS":9.2269230769,"FGM":0.5384615385,"FGA":2.0,"FG%":26.9230769231,"2PM":0.2307692308,"2PA":0.3846153846,"2P%":60.0,"3PM":0.3076923077,"3PA":1.6153846154,"3P%":19.0476190476,"FTM":0.0769230769,"FTA":0.0769230769,"FT%":100.0,"PTS":1.4615384615,"OFF":0.2307692308,"DEF":0.9230769231,"REB":1.1538461538,"AST":0.9230769231,"TO":0.6153846154,"STL":0.3846153846,"BLK":0.0769230769,"STK":0.4615384615,"PF":0.8461538462,"Fls on:":0.3846153846,"+\/-":-0.9230769231,"GW":7.0,"GP":13.0},"E. Laure":{"TEAM":"UST","MINS":3.5729166667,"FGM":0.5,"FGA":1.125,"FG%":44.4444444444,"2PM":0.5,"2PA":1.125,"2P%":44.4444444444,"3PM":0.0,"3PA":0.0,"3P%":0.0,"FTM":0.0,"FTA":0.0,"FT%":0.0,"PTS":1.0,"OFF":0.25,"DEF":0.875,"REB":1.125,"AST":0.125,"TO":0.125,"STL":0.0,"BLK":0.0,"STK":0.0,"PF":1.0,"Fls on:":0.0,"+\/-":-2.875,"GW":3.0,"GP":8.0},"I. Calum":{"TEAM":"UST","MINS":4.77,"FGM":0.2,"FGA":0.6,"FG%":33.3333333333,"2PM":0.2,"2PA":0.4,"2P%":50.0,"3PM":0.0,"3PA":0.2,"3P%":0.0,"FTM":0.0,"FTA":0.0,"FT%":0.0,"PTS":0.4,"OFF":0.8,"DEF":0.4,"REB":1.2,"AST":0.4,"TO":0.0,"STL":0.4,"BLK":0.0,"STK":0.4,"PF":0.8,"Fls on:":0.2,"+\/-":-1.6,"GW":2.0,"GP":5.0},"Z. Mahmood":{"TEAM":"UST","MINS":3.9,"FGM":0.1428571429,"FGA":0.5714285714,"FG%":25.0,"2PM":0.1428571429,"2PA":0.4285714286,"2P%":33.3333333333,"3PM":0.0,"3PA":0.1428571429,"3P%":0.0,"FTM":0.0,"FTA":0.0,"FT%":0.0,"PTS":0.2857142857,"OFF":0.1428571429,"DEF":0.5714285714,"REB":0.7142857143,"AST":0.0,"TO":0.2857142857,"STL":0.1428571429,"BLK":0.0,"STK":0.1428571429,"PF":0.5714285714,"Fls on:":0.1428571429,"+\/-":-1.4285714286,"GW":1.0,"GP":7.0}}