{"M. Tounkara":{"TEAM":"UST","SP":60.4,"GP":10.0,"MPG":28.4733333333,"EWA":2.1247005888,"PER":25.8187644,"WS":1.2332409355,"OWS":1.1747855099,"DWS":0.0584554256,"EFF":17.3,"GmSc":10.93,"TS%":58.1303385005,"EFG%":55.652173913,"PPWS":1.16260677,"FTR":0.2260869565,"REB%":15.4550066339,"OREB%":9.1534441786,"DREB%":22.0723649298,"AR":2.0620100233,"pAST%":8.8256293632,"hAST%":6.8561455996,"TOR":4.3114755033,"hTO%":14.3355771628,"AST\/TO":0.4782608696,"STL\/TO":0.2608695652,"PPR":-5.3838050214,"USG%":23.9592399505,"STL%":null,"BLK%":10713445.3289602604,"aSP":59.7213483146,"ORtg":104.3055352706,"DRtg":94.8198822845,"Floor%":48.457391845,"Stop%":0.6055190667,"FFI":51.4049938729,"PIE":11.1538461538,"AV":2.2715132927,"DRE\/100":16.8497030256,"DRE\/75":12.6372772692,"POS":533.4600644776},"N. Cabanero":{"TEAM":"UST","SP":59.0,"GP":11.0,"MPG":29.4575757576,"EWA":1.9364652437,"PER":22.8320208,"WS":1.2071937253,"OWS":1.3049601844,"DWS":-0.0977664591,"EFF":12.4545454545,"GmSc":9.9636363636,"TS%":47.5681152893,"EFG%":44.1176470588,"PPWS":0.9513623058,"FTR":0.3660130719,"REB%":9.0028460721,"OREB%":5.9579848266,"DREB%":12.200297175,"AR":3.4591230046,"pAST%":14.385207481,"hAST%":9.9696164071,"TOR":1.9766417169,"hTO%":5.6969236612,"AST\/TO":1.75,"STL\/TO":0.9166666667,"PPR":0.603936586,"USG%":26.7168190293,"STL%":null,"BLK%":1569012.9616296233,"aSP":58.3370786517,"ORtg":101.2936524957,"DRtg":98.5466938861,"Floor%":48.6752516748,"Stop%":0.5209516012,"FFI":48.834691438,"PIE":8.9316239316,"AV":1.906870195,"DRE\/100":12.6595737126,"DRE\/75":9.4946802845,"POS":607.0902934658},"C. Manaytay":{"TEAM":"UST","SP":39.1818181818,"GP":11.0,"MPG":21.0575757576,"EWA":0.9840012787,"PER":19.3586785304,"WS":0.706965367,"OWS":0.717332851,"DWS":-0.010367484,"EFF":8.9090909091,"GmSc":5.9545454545,"TS%":56.873776908,"EFG%":51.4492753623,"PPWS":1.1374755382,"FTR":0.4202898551,"REB%":8.5383988104,"OREB%":5.8342638292,"DREB%":11.3780485286,"AR":3.4564207314,"pAST%":12.7778667567,"hAST%":12.8468653649,"TOR":4.6085609752,"hTO%":17.1291538198,"AST\/TO":0.75,"STL\/TO":0.55,"PPR":-4.2242535273,"USG%":20.0549014323,"STL%":null,"BLK%":6584706.4325811761,"aSP":38.7415730337,"ORtg":100.6705969909,"DRtg":96.6579212071,"Floor%":46.2427728188,"Stop%":0.56381095,"FFI":51.898770493,"PIE":5.4273504274,"AV":1.4832018621,"DRE\/100":8.9537230734,"DRE\/75":6.715292305,"POS":433.9749459206},"F. Padrigao":{"TEAM":"UST","SP":59.7272727273,"GP":11.0,"MPG":26.7257575758,"EWA":0.9440510346,"PER":17.2745923675,"WS":0.5278208219,"OWS":0.549935856,"DWS":-0.0221150341,"EFF":10.0,"GmSc":6.5090909091,"TS%":43.1174747803,"EFG%":41.3043478261,"PPWS":0.8623494956,"FTR":0.1565217391,"REB%":6.5593287601,"OREB%":1.6417475622,"DREB%":11.7233491069,"AR":11.9827810778,"pAST%":43.5348349088,"hAST%":29.8750678979,"TOR":5.8098332499,"hTO%":14.484881405,"AST\/TO":2.0625,"STL\/TO":0.46875,"PPR":3.9940138685,"USG%":24.0563242524,"STL%":null,"BLK%":0.0,"aSP":59.0561797753,"ORtg":88.8574210407,"DRtg":96.8818704591,"Floor%":37.3570054364,"Stop%":0.5587291743,"FFI":42.7454564174,"PIE":7.2222222222,"AV":1.6174289759,"DRE\/100":8.4595985299,"DRE\/75":6.3446988974,"POS":550.7903346593},"G. Crisostomo":{"TEAM":"UST","SP":32.6363636364,"GP":11.0,"MPG":18.4545454545,"EWA":0.4601668471,"PER":15.3763318361,"WS":0.5006878146,"OWS":0.3953515236,"DWS":0.1053362909,"EFF":9.0909090909,"GmSc":4.1272727273,"TS%":48.0358667805,"EFG%":45.2380952381,"PPWS":0.9607173356,"FTR":0.2619047619,"REB%":17.5369458128,"OREB%":9.510274302,"DREB%":25.9658650987,"AR":1.840510932,"pAST%":6.1988816143,"hAST%":11.319534282,"TOR":2.1034410652,"hTO%":12.936610608,"AST\/TO":0.875,"STL\/TO":0.375,"PPR":-1.6066961008,"USG%":12.3323516154,"STL%":null,"BLK%":22540455.6650246307,"aSP":32.2696629213,"ORtg":100.2822915668,"DRtg":92.5147783491,"Floor%":47.6808741291,"Stop%":0.6578256543,"FFI":48.4000041179,"PIE":4.8290598291,"AV":1.5058465048,"DRE\/100":12.1693367251,"DRE\/75":9.1270025438,"POS":380.3291726373},"K. Paranada":{"TEAM":"UST","SP":25.8181818182,"GP":11.0,"MPG":10.5545454545,"EWA":0.408536326,"PER":17.8928511215,"WS":0.253582913,"OWS":0.3104572569,"DWS":-0.0568743439,"EFF":4.0,"GmSc":2.6090909091,"TS%":56.316254417,"EFG%":53.75,"PPWS":1.1263250883,"FTR":0.3,"REB%":5.1105368935,"OREB%":1.662864499,"DREB%":8.7309855811,"AR":9.6543596692,"pAST%":36.2832305082,"hAST%":25.2161383285,"TOR":7.8154340179,"hTO%":20.4130643612,"AST\/TO":1.2352941176,"STL\/TO":0.2352941176,"PPR":-2.5283667322,"USG%":24.4884261689,"STL%":null,"BLK%":0.0,"aSP":25.5280898876,"ORtg":93.3355077822,"DRtg":99.9297341358,"Floor%":39.4487804661,"Stop%":0.4895681504,"FFI":49.3787143953,"PIE":2.4786324786,"AV":0.8135237058,"DRE\/100":5.9364099612,"DRE\/75":4.4523074709,"POS":217.5183100648},"C. Lane":{"TEAM":"UST","SP":17.5,"GP":8.0,"MPG":8.2395833333,"EWA":0.1794100626,"PER":16.2907594306,"WS":0.1909963773,"OWS":0.222663913,"DWS":-0.0316675357,"EFF":2.625,"GmSc":1.975,"TS%":53.9956803456,"EFG%":46.6666666667,"PPWS":1.0799136069,"FTR":0.5333333333,"REB%":5.2507374631,"OREB%":4.3932417572,"DREB%":6.151205619,"AR":3.2389269499,"pAST%":10.9551382984,"hAST%":16.3132137031,"TOR":1.6194634749,"hTO%":8.1566068515,"AST\/TO":2.0,"STL\/TO":1.5,"PPR":0.9896110497,"USG%":14.2110644629,"STL%":null,"BLK%":0.0,"aSP":17.3033707865,"ORtg":113.0683698526,"DRtg":99.860227802,"Floor%":50.9496811504,"Stop%":0.4911453631,"FFI":52.1404491494,"PIE":1.1538461538,"AV":0.4671379777,"DRE\/100":6.4928348213,"DRE\/75":4.869626116,"POS":123.4976911149},"M. Llemit":{"TEAM":"UST","SP":27.0909090909,"GP":11.0,"MPG":16.3090909091,"EWA":0.0129922634,"PER":10.9655654934,"WS":0.1619945001,"OWS":0.1848407065,"DWS":-0.0228462064,"EFF":4.6363636364,"GmSc":2.4727272727,"TS%":40.1284109149,"EFG%":36.6666666667,"PPWS":0.8025682183,"FTR":0.2444444444,"REB%":9.3707419794,"OREB%":6.4568083053,"DREB%":12.4307042203,"AR":3.8677403644,"pAST%":12.6578677893,"hAST%":18.0957683742,"TOR":2.6776664061,"hTO%":12.5278396437,"AST\/TO":1.4444444444,"STL\/TO":0.7777777778,"PPR":-0.1818056346,"USG%":14.9725135854,"STL%":null,"BLK%":5667920.8472686736,"aSP":26.7865168539,"ORtg":87.87707137,"DRtg":97.2649950263,"Floor%":37.6205738489,"Stop%":0.5500354497,"FFI":43.9552783929,"PIE":1.9658119658,"AV":0.908779114,"DRE\/100":4.3710510081,"DRE\/75":3.2782882561,"POS":336.1135643898},"G. Robinson":{"TEAM":"UST","SP":17.8888888889,"GP":9.0,"MPG":10.2518518519,"EWA":-0.0244695044,"PER":10.286939627,"WS":0.0820724158,"OWS":0.1052050053,"DWS":-0.0231325895,"EFF":2.7777777778,"GmSc":1.4333333333,"TS%":39.1207153502,"EFG%":34.0909090909,"PPWS":0.782414307,"FTR":0.5,"REB%":9.1100674374,"OREB%":5.2309944453,"DREB%":13.1835358868,"AR":4.6278743088,"pAST%":15.2361170156,"hAST%":20.5973223481,"TOR":2.3139371544,"hTO%":10.298661174,"AST\/TO":2.0,"STL\/TO":0.75,"PPR":1.4139854413,"USG%":15.2585768297,"STL%":null,"BLK%":0.0,"aSP":17.6878901373,"ORtg":88.647538292,"DRtg":98.1717988071,"Floor%":43.0722749279,"Stop%":0.5294585852,"FFI":46.6040782368,"PIE":0.811965812,"AV":0.5323971375,"DRE\/100":5.2930011225,"DRE\/75":3.9697508419,"POS":172.8655418492},"I. Calum":{"TEAM":"UST","SP":12.4,"GP":5.0,"MPG":4.77,"EWA":0.0595589128,"PER":15.8394303871,"WS":0.0737599683,"OWS":0.0665439034,"DWS":0.0072160649,"EFF":2.0,"GmSc":1.1,"TS%":33.3333333333,"EFG%":33.3333333333,"PPWS":0.6666666667,"FTR":0.0,"REB%":12.4388539483,"OREB%":16.1893977635,"DREB%":8.5003557733,"AR":4.4758756418,"pAST%":13.9063586434,"hAST%":40.0,"TOR":0.0,"hTO%":0.0,"AST\/TO":null,"STL\/TO":null,"PPR":5.4701770811,"USG%":5.7421873992,"STL%":null,"BLK%":0.0,"aSP":12.2606741573,"ORtg":129.4379475841,"DRtg":94.1049634711,"Floor%":60.189200532,"Stop%":0.6217417467,"FFI":41.571212886,"PIE":0.3418803419,"AV":0.2677815834,"DRE\/100":8.5489654753,"DRE\/75":6.4117241064,"POS":44.6839939281},"E. Laure":{"TEAM":"UST","SP":9.2857142857,"GP":7.0,"MPG":3.8880952381,"EWA":-0.0174686031,"PER":9.5299121046,"WS":0.0365686997,"OWS":0.0407198929,"DWS":-0.0041511932,"EFF":1.5714285714,"GmSc":0.4285714286,"TS%":44.4444444444,"EFG%":44.4444444444,