{"A. Acido":{"TEAM":"UST","MINS":8.9483333333,"FGM":2.3468057366,"FGA":10.0577388713,"FG%":23.3333333333,"2PM":0.6705159248,"2PA":2.3468057366,"2P%":28.5714285714,"3PM":1.6762898119,"3PA":7.7109331347,"3P%":21.7391304348,"FTM":1.3410318495,"FTA":1.3410318495,"FT%":100.0,"PTS":7.7109331347,"OFF":1.6762898119,"DEF":4.0230955485,"REB":5.6993853604,"AST":1.6762898119,"TO":1.6762898119,"STL":1.0057738871,"BLK":0.3352579624,"STK":1.3410318495,"PF":1.6762898119,"Fls on:":1.6762898119,"+\/-":-8.3814490594,"GP":10.0},"M. Tounkara":{"TEAM":"UST","MINS":27.9759259259,"FGM":6.5532534587,"FGA":12.7490567287,"FG%":51.4018691589,"2PM":5.4809028927,"2PA":10.0086052823,"2P%":54.7619047619,"3PM":1.072350566,"3PA":2.7404514463,"3P%":39.1304347826,"FTM":2.025551069,"FTA":2.8596015092,"FT%":70.8333333333,"PTS":16.2044085523,"OFF":2.9787515721,"DEF":6.19580327,"REB":9.1745548421,"AST":1.072350566,"TO":2.6213013835,"STL":0.7149003773,"BLK":0.4766002515,"STK":1.1915006288,"PF":2.7404514463,"Fls on:":2.8596015092,"+\/-":3.5745018865,"GP":9.0},"M. Pangilinan":{"TEAM":"UST","MINS":10.2266666667,"FGM":1.7601043025,"FGA":8.2138200782,"FG%":21.4285714286,"2PM":0.0,"2PA":0.5867014342,"2P%":0.0,"3PM":1.7601043025,"3PA":7.6271186441,"3P%":23.0769230769,"FTM":0.8800521512,"FTA":1.4667535854,"FT%":60.0,"PTS":6.1603650587,"OFF":1.1734028683,"DEF":4.1069100391,"REB":5.2803129074,"AST":1.1734028683,"TO":2.9335071708,"STL":1.1734028683,"BLK":0.2933507171,"STK":1.4667535854,"PF":3.813559322,"Fls on:":1.1734028683,"+\/-":-7.6271186441,"GP":10.0},"M. Llemit":{"TEAM":"UST","MINS":17.0433333333,"FGM":2.2882847643,"FGA":7.3929200078,"FG%":30.9523809524,"2PM":1.0561314297,"2PA":3.6964600039,"2P%":28.5714285714,"3PM":1.2321533346,"3PA":3.6964600039,"3P%":33.3333333333,"FTM":1.2321533346,"FTA":1.9362409544,"FT%":63.6363636364,"PTS":7.0408761979,"OFF":1.5841971445,"DEF":3.6964600039,"REB":5.2806571484,"AST":2.2882847643,"TO":1.4081752396,"STL":1.2321533346,"BLK":0.3520438099,"STK":1.5841971445,"PF":3.6964600039,"Fls on:":2.9923723841,"+\/-":-7.3929200078,"GP":10.0},"L. Estacio":{"TEAM":"UST","MINS":10.4740740741,"FGM":1.9094766619,"FGA":6.0466760962,"FG%":31.5789473684,"2PM":0.954738331,"2PA":1.5912305516,"2P%":60.0,"3PM":0.954738331,"3PA":4.4554455445,"3P%":21.4285714286,"FTM":0.3182461103,"FTA":0.3182461103,"FT%":100.0,"PTS":5.0919377652,"OFF":0.3182461103,"DEF":2.5459688826,"REB":2.8642149929,"AST":3.5007072136,"TO":2.2277227723,"STL":1.5912305516,"BLK":0.3182461103,"STK":1.9094766619,"PF":2.5459688826,"Fls on:":1.5912305516,"+\/-":-2.8642149929,"GP":9.0},"K. Paranada":{"TEAM":"UST","MINS":10.1483333333,"FGM":3.5473805223,"FGA":10.0509114797,"FG%":35.2941176471,"2PM":1.4780752176,"2PA":3.8429955658,"2P%":38.4615384615,"3PM":2.0693053047,"3PA":6.207915914,"3P%":33.3333333333,"FTM":2.0693053047,"FTA":3.2517654787,"FT%":63.6363636364,"PTS":11.2333716538,"OFF":0.591230087,"DEF":2.6605353917,"REB":3.2517654787,"AST":5.6166858269,"TO":3.5473805223,"STL":1.1824601741,"BLK":0.0,"STK":1.1824601741,"PF":3.5473805223,"Fls on:":2.3649203482,"+\/-":-11.5289866973,"GP":10.0},"I. Calum":{"TEAM":"UST","MINS":5.2916666667,"FGM":1.4173228346,"FGA":4.2519685039,"FG%":33.3333333333,"2PM":1.4173228346,"2PA":2.8346456693,"2P%":50.0,"3PM":0.0,"3PA":1.4173228346,"3P%":0.0,"FTM":0.0,"FTA":0.0,"FT%":0.0,"PTS":2.8346456693,"OFF":5.6692913386,"DEF":2.8346456693,"REB":8.5039370079,"AST":2.8346456693,"TO":0.0,"STL":1.4173228346,"BLK":0.0,"STK":1.4173228346,"PF":5.6692913386,"Fls on:":1.4173228346,"+\/-":-8.5039370079,"GP":4.0},"G. Robinson":{"TEAM":"UST","MINS":10.2518518519,"FGM":2.2760115607,"FGA":7.1531791907,"FG%":31.8181818182,"2PM":1.950867052,"2PA":4.5520231214,"2P%":42.8571428571,"3PM":0.3251445087,"3PA":2.6011560694,"3P%":12.5,"FTM":1.950867052,"FTA":3.5765895954,"FT%":54.5454545455,"PTS":6.8280346821,"OFF":1.6257225434,"DEF":3.901734104,"REB":5.5274566474,"AST":2.6011560694,"TO":1.3005780347,"STL":0.975433526,"BLK":0.0,"STK":0.975433526,"PF":4.2268786127,"Fls on:":2.926300578,"+\/-":-7.1531791907,"GP":9.0},"G. Danting":{"TEAM":"UST","MINS":7.1777777778,"FGM":3.4829721362,"FGA":8.3591331269,"FG%":41.6666666667,"2PM":1.3931888545,"2PA":2.0897832817,"2P%":66.6666666667,"3PM":2.0897832817,"3PA":6.2693498452,"3P%":33.3333333333,"FTM":0.6965944272,"FTA":2.0897832817,"FT%":33.3333333333,"PTS":9.7523219814,"OFF":0.0,"DEF":4.1795665635,"REB":4.1795665635,"AST":0.0,"TO":2.786377709,"STL":0.6965944272,"BLK":0.0,"STK":0.6965944272,"PF":2.0897832817,"Fls on:":2.786377709,"+\/-":-2.786377709,"GP":6.0},"G. Crisostomo":{"TEAM":"UST","MINS":19.135,"FGM":2.8220538281,"FGA":6.5847922655,"FG%":42.8571428571,"2PM":2.5084922916,"2PA":5.4873268879,"2P%":45.7142857143,"3PM":0.3135615365,"3PA":1.0974653776,"3P%":28.5714285714,"FTM":1.0974653776,"FTA":1.7245884505,"FT%":63.6363636364,"PTS":7.0551345702,"OFF":2.9788345963,"DEF":7.3686961066,"REB":10.3475307029,"AST":1.0974653776,"TO":1.2542461458,"STL":0.4703423047,"BLK":1.2542461458,"STK":1.7245884505,"PF":4.0762999739,"Fls on:":2.1949307552,"+\/-":0.1567807682,"GP":10.0},"F. Padrigao":{"TEAM":"UST","MINS":26.6466666667,"FGM":3.7152864648,"FGA":11.3710282712,"FG%":32.6732673267,"2PM":1.9139354516,"2PA":3.7152864648,"2P%":51.5151515152,"3PM":1.8013510133,"3PA":7.6557418064,"3P%":23.5294117647,"FTM":1.1258443833,"FTA":1.8013510133,"FT%":62.5,"PTS":10.3577683262,"OFF":0.4503377533,"DEF":3.3775331499,"REB":3.8278709032,"AST":7.0928196147,"TO":3.3775331499,"STL":1.5761821366,"BLK":0.0,"STK":1.5761821366,"PF":2.1391043282,"Fls on:":2.9271953965,"+\/-":2.3642732049,"GP":10.0},"E. Laure":{"TEAM":"UST","MINS":4.2583333333,"FGM":4.6966731898,"FGA":10.5675146771,"FG%":44.4444444444,"2PM":4.6966731898,"2PA":10.5675146771,"2P%":44.4444444444,"3PM":0.0,"3PA":0.0,"3P%":0.0,"FTM":0.0,"FTA":0.0,"FT%":0.0,"PTS":9.3933463796,"OFF":2.3483365949,"DEF":7.0450097847,"REB":9.3933463796,"AST":1.1741682975,"TO":1.1741682975,"STL":0.0,"BLK":0.0,"STK":0.0,"PF":9.3933463796,"Fls on:":0.0,"+\/-":-23.4833659491,"GP":6.0},"C. Manaytay":{"TEAM":"UST","MINS":20.6266666667,"FGM":4.5087265676,"FGA":9.3083387201,"FG%":48.4375,"2PM":3.49062702,"2PA":7.1266968326,"2P%":48.9795918367,"3PM":1.0180995475,"3PA":2.1816418875,"3P%":46.6666666667,"FTM":2.4725274725,"FTA":3.3451842275,"FT%":73.9130434783,"PTS":12.5080801551,"OFF":1.5998707175,"DEF":3.199741435,"REB":4.7996121526,"AST":2.036199095,"TO":2.617970265,"STL":1.454427925,"BLK":0.290885585,"STK":1.74531351,"PF":3.3451842275,"Fls on:":3.3451842275,"+\/-":-2.7634130575,"GP":10.0},"C. Lane":{"TEAM":"UST","MINS":7.4976190476,"FGM":2.2864401397,"FGA":6.2877103843,"FG%":36.3636363636,"2PM":1.7148301048,"2PA":4.0012702445,"2P%":42.8571428571,"3PM":0.5716100349,"3PA":2.2864401397,"3P%":25.0,"FTM":2.8580501747,"FTA":3.4296602096,"FT%":83.3333333333,"PTS":8.002540489,"OFF":1.1432200699,"DEF":2.2864401397,"REB":3.4296602096,"AST":2.2864401397,"TO":1.1432200699,"STL":1.7148301048,"BLK":0.0,"STK":1.7148301048,"PF":3.4296602096,"Fls on:":2.2864401397,"+\/-":12.5754207685,"GP":7.0},"N. Cabanero":{"TEAM":"UST","MINS":28.8333333333,"FGM":5.9306358382,"FGA":14.2543352601,"FG%":41.6058394161,"2PM":5.098265896,"2PA":9.8843930636,"2P%":51.5789473684,"3PM":0.8323699422,"3PA":4.3699421965,"3P%":19.0476190476,"FTM":3.225433526,"FTA":5.2023121387,"FT%":62.0,"PTS":15.9190751445,"OFF":2.0809248555,"DEF":3.7456647399,"REB":5.8265895954,"AST":1.8728323699,"TO":1.0404624277,"STL":1.0404624277,"BLK":0.1040462428,"STK":1.1445086705,"PF":2.289017341,"Fls on:":5.098265896,"+\/-":1.8728323699,"GP":10.0},"Z. Mahmood":{"TEAM":"UST","MINS":3.9,"FGM":1.0989010989,"FGA":4.3956043956,"FG%":25.0,"2PM":1.0989010989,"2PA":3.2967032967,"2P%":33.3333333333,"3PM":0.0,"3PA":1.0989010989,"3P%":0.0,"FTM":0.0,"FTA":0.0,"FT%":0.0,"PTS":2.1978021978,"OFF":1.0989010989,"DEF":4.3956043956,"REB":5.4945054945,"AST":0.0,"TO":2.1978021978,"STL":1.0989010989,"BLK":0.0,"STK":1.0989010989,"PF":4.3956043956,"Fls on:":1.0989010989,"+\/-":-10.989010989,"GP":7.0}}