{"N. Cabanero":{"TEAM":"UST","SP":58.5833333333,"GP":12.0,"MPG":29.7805555555,"EWA":2.1364513416,"PER":22.8364178619,"WS":1.3426659093,"OWS":1.4786089958,"DWS":-0.1359430865,"EFF":12.3333333333,"GmSc":9.9416666667,"TS%":47.8615071283,"EFG%":44.4117647059,"PPWS":0.9572301426,"FTR":0.3529411765,"REB%":8.2501490555,"OREB%":5.343108345,"DREB%":11.3331901431,"AR":3.6012648823,"pAST%":15.0099808636,"hAST%":10.2389078498,"TOR":2.100737848,"hTO%":5.9726962457,"AST\/TO":1.7142857143,"STL\/TO":0.8571428571,"PPR":0.5494954687,"USG%":26.7704435359,"STL%":null,"BLK%":6.8820969556,"aSP":57.9793814433,"ORtg":101.6691330365,"DRtg":98.8768241042,"Floor%":48.5471374839,"Stop%":0.5123096296,"FFI":48.6022607364,"PIE":8.9250297501,"AV":2.020584382,"DRE\/100":4.9689404132,"DRE\/75":3.7267053099,"POS":55.5360426236},"M. Tounkara":{"TEAM":"UST","SP":61.0,"GP":11.0,"MPG":28.8833333333,"EWA":2.2715332682,"PER":25.1906086213,"WS":1.2628228742,"OWS":1.180721946,"DWS":0.0821009282,"EFF":17.3636363636,"GmSc":10.7181818182,"TS%":55.7390586292,"EFG%":53.3834586466,"PPWS":1.1147811726,"FTR":0.2105263158,"REB%":16.5488708294,"OREB%":9.9163527813,"DREB%":23.5829400744,"AR":2.0253454757,"pAST%":8.6713470088,"hAST%":6.4752859918,"TOR":4.7258061099,"hTO%":15.1090006475,"AST\/TO":0.4285714286,"STL\/TO":0.2142857143,"PPR":-6.1807070447,"USG%":24.8046186991,"STL%":null,"BLK%":54.1867208963,"aSP":60.3711340206,"ORtg":100.4613098445,"DRtg":94.1890796745,"Floor%":47.001474493,"Stop%":0.6182976885,"FFI":50.3130972243,"PIE":11.4240380801,"AV":2.4465592098,"DRE\/100":8.7640854288,"DRE\/75":6.5730640716,"POS":53.8628645835},"C. Manaytay":{"TEAM":"UST","SP":38.25,"GP":12.0,"MPG":21.2972222222,"EWA":0.9436054688,"PER":18.2413394767,"WS":0.6588751542,"OWS":0.6829025547,"DWS":-0.0240274005,"EFF":8.5833333333,"GmSc":5.575,"TS%":55.0348735833,"EFG%":50.0,"PPWS":1.1006974717,"FTR":0.3670886076,"REB%":8.8446002546,"OREB%":6.7242882627,"DREB%":11.093281866,"AR":3.1473490937,"pAST%":11.6817177504,"hAST%":11.471397981,"TOR":5.03575855,"hTO%":18.3542367697,"AST\/TO":0.625,"STL\/TO":0.5,"PPR":-5.3786339425,"USG%":20.5957770569,"STL%":null,"BLK%":28.8703383829,"aSP":37.8556701031,"ORtg":96.742374664,"DRtg":96.7752577934,"Floor%":44.6758371075,"Stop%":0.5598252178,"FFI":50.592247129,"PIE":4.9583498612,"AV":1.5396025573,"DRE\/100":2.4736365905,"DRE\/75":1.8552274429,"POS":39.7159629507},"G. Crisostomo":{"TEAM":"UST","SP":31.75,"GP":12.0,"MPG":18.2916666667,"EWA":0.4789155758,"PER":15.2055139288,"WS":0.5378258364,"OWS":0.4052151008,"DWS":0.1326107356,"EFF":9.0,"GmSc":4.0083333333,"TS%":47.0317725753,"EFG%":44.1860465116,"PPWS":0.9406354515,"FTR":0.2558139535,"REB%":17.4616252744,"OREB%":9.1340376303,"DREB%":26.2933883708,"AR":1.9543994332,"pAST%":6.4932891522,"hAST%":12.5313283208,"TOR":1.9543994332,"hTO%":12.5313283208,"AST\/TO":1.0,"STL\/TO":0.5,"PPR":-1.1928404798,"USG%":11.5673734668,"STL%":null,"BLK%":112.0470181632,"aSP":31.4226804124,"ORtg":100.1582043078,"DRtg":91.6519616774,"Floor%":47.5901075009,"Stop%":0.6756609292,"FFI":47.8498355747,"PIE":4.7996826656,"AV":1.5953226156,"DRE\/100":9.482790897,"DRE\/75":7.1120931728,"POS":34.1110755225},"F. Padrigao":{"TEAM":"UST","SP":58.0,"GP":12.0,"MPG":26.7944444444,"EWA":0.8834637315,"PER":16.3427931794,"WS":0.4765995036,"OWS":0.5171120806,"DWS":-0.0405125771,"EFF":9.3333333333,"GmSc":6.075,"TS%":41.6284754048,"EFG%":39.837398374,"PPWS":0.8325695081,"FTR":0.1463414634,"REB%":5.9602323467,"OREB%":1.4846429755,"DREB%":10.7067864188,"AR":12.1746006056,"pAST%":43.4932693229,"hAST%":30.5541603884,"TOR":5.8371372767,"hTO%":14.6492549807,"AST\/TO":2.0857142857,"STL\/TO":0.4857142857,"PPR":4.1733495353,"USG%":23.4637060204,"STL%":null,"BLK%":0.0,"aSP":57.4020618557,"ORtg":87.3152044421,"DRtg":97.0099481696,"Floor%":36.5872493885,"Stop%":0.5545189606,"FFI":41.9677255768,"PIE":6.7830226101,"AV":1.6394350745,"DRE\/100":3.1444366797,"DRE\/75":2.3583275097,"POS":49.9674160197},"K. Paranada":{"TEAM":"UST","SP":26.0,"GP":12.0,"MPG":11.0583333333,"EWA":0.5382102405,"PER":18.9722425269,"WS":0.3296487416,"OWS":0.3942544466,"DWS":-0.064605705,"EFF":4.3333333333,"GmSc":2.8916666667,"TS%":58.6714399364,"EFG%":56.6666666667,"PPWS":1.1734287987,"FTR":0.2666666667,"REB%":4.8138994571,"OREB%":1.4389214913,"DREB%":8.3932080304,"AR":9.2942591734,"pAST%":35.1866104775,"hAST%":24.9241439098,"TOR":7.6778662737,"hTO%":20.5895101864,"AST\/TO":1.2105263158,"STL\/TO":0.2631578947,"PPR":-2.7129929715,"USG%":23.7389129906,"STL%":null,"BLK%":0.0,"aSP":25.7319587629,"ORtg":95.3834420033,"DRtg":99.6580011566,"Floor%":39.8626797442,"Stop%":0.4946475235,"FFI":50.0349843965,"PIE":2.85600952,"AV":0.9221110216,"DRE\/100":1.6598472526,"DRE\/75":1.2448854394,"POS":20.6220488466},"M. Llemit":{"TEAM":"UST","SP":25.5,"GP":12.0,"MPG":15.425,"EWA":0.031951621,"PER":11.1669624967,"WS":0.1671591845,"OWS":0.180688269,"DWS":-0.0135290845,"EFF":4.3333333333,"GmSc":2.3666666667,"TS%":39.4321766562,"EFG%":36.6666666667,"PPWS":0.7886435331,"FTR":0.2888888889,"REB%":9.5569797973,"OREB%":6.7052497692,"DREB%":12.581361539,"AR":3.766125596,"pAST%":12.2555213019,"hAST%":17.8767876788,"TOR":2.6073177203,"hTO%":12.3762376238,"AST\/TO":1.4444444444,"STL\/TO":0.8888888889,"PPR":-0.1768155627,"USG%":14.6702411482,"STL%":null,"BLK%":26.5740902073,"aSP":25.2371134021,"ORtg":87.3084667641,"DRtg":96.6217017277,"Floor%":37.8786072877,"Stop%":0.5632970601,"FFI":44.6892205238,"PIE":1.8643395478,"AV":0.9221110216,"DRE\/100":2.4347351201,"DRE\/75":1.8260513401,"POS":28.7651939827},"C. Lane":{"TEAM":"UST","SP":15.6666666667,"GP":9.0,"MPG":7.9055555555,"EWA":0.1341357487,"PER":14.6093584669,"WS":0.1615612114,"OWS":0.1976495307,"DWS":-0.0360883194,"EFF":2.3333333333,"GmSc":1.6777777778,"TS%":53.9956803456,"EFG%":46.6666666667,"PPWS":1.0799136069,"FTR":0.5333333333,"REB%":5.5250939658,"OREB%":4.025542134,"DREB%":7.1154328604,"AR":3.014692028,"pAST%":10.0576500353,"hAST%":15.6739811912,"TOR":2.261019021,"hTO%":11.7554858934,"AST\/TO":1.3333333333,"STL\/TO":1.0,"PPR":-0.4599938252,"USG%":13.7528034125,"STL%":null,"BLK%":0.0,"aSP":15.5051546392,"ORtg":107.289595265,"DRtg":99.8074020284,"Floor%":48.3527283891,"Stop%":0.4912696285,"FFI":51.9065203382,"PIE":1.07100357,"AV":0.4671379777,"DRE\/100":2.3106623605,"DRE\/75":1.7329967704,"POS":14.7426151764},"G. Robinson":{"TEAM":"UST","SP":16.1,"GP":10.0,"MPG":9.765,"EWA":-0.0479535526,"PER":9.8329376261,"WS":0.0749767145,"OWS":0.1086259628,"DWS":-0.0336492483,"EFF":2.5,"GmSc":1.29,"TS%":39.1207153502,"EFG%":34.0909090909,"PPWS":0.782414307,"FTR":0.5,"REB%":8.5546305764,"OREB%":4.8885018405,"DREB%":12.4427170019,"AR":4.3931456793,"pAST%":14.3322571827,"hAST%":20.5973223481,"TOR":2.1965728397,"hTO%":10.298661174,"AST\/TO":2.0,"STL\/TO":0.75,"PPR":1.3406476463,"USG%":14.360382051,"STL%":null,"BLK%":0.0,"aSP":15.9340206186,"ORtg":88.8212617286,"DRtg":98.614028219,"Floor%":43.1866434357,"Stop%":0.5182513412,"FFI":46.5649207945,"PIE":0.7536691789,"AV":0.5323971375,"DRE\/100":1.9235228391,"DRE\/75":1.4426421293,"POS":18.2101860124},"I. Calum":{"TEAM":"UST","SP":12.4,"GP":5.0,"MPG":4.77,"EWA":0.0605675354,"PER":15.9244337986,"WS":0.0724072597,"OWS":0.065559434,"DWS":0.0068478257,"EFF":2.0,"GmSc":1.1,"TS%":33.3333333333,"EFG%":33.3333333333,"PPWS":0.6666666667,"FTR":0.0,"REB%":12.3619633856,"OREB%":16.0121494247,"DREB%":8.4907848724,"AR":4.4967576057,"pAST%":13.9443949283,"hAST%":40.0,"TOR":0.0,"hTO%":0.0,"AST\/TO":null,"STL\/TO":null,"PPR":5.4890667781,"USG%":5.7194826097,"STL%":null,"BLK%":0.0,"aSP":12.2721649485,"ORtg":129.0782682215,"DRtg":93.9783894932,"Floor%":60.0957051118,"Stop%":0.6230613107,"FFI":41.5357632183,"PIE":0.3173343911,"AV":0.2677815834,"DRE\/100":7.0105766334,"DRE\/75":5.257932475,"POS":8.8952982365},"A. Acido":{"TEAM":"UST","SP":19.25,"GP":12.0,"MPG":9.9652777778,"EWA":0.0299413708,"PER":11.3232654106,"WS":0.0474582768,"OWS":0.1016421324,"DWS":-0.0541838556,"EFF":2.4166666667,"GmSc":1.5666666667,"TS%":37.1707731521,"EFG%":34.0909090909,"PPWS":0.743415463,"FTR":0.1590909091,