{"N. Cabanero":{"TEAM":"UST","MINS":29.7805555555,"FGM":5.8763175077,"FGA":14.2710568044,"FG%":41.1764705882,"2PM":4.9528961851,"2PA":9.7378975842,"2P%":50.8620689655,"3PM":0.9234213226,"3PA":4.5331592202,"3P%":20.3703703704,"FTM":3.1060535398,"FTA":5.036843578,"FT%":61.6666666667,"PTS":15.7821098778,"OFF":1.6789478593,"DEF":3.3578957187,"REB":5.036843578,"AST":2.0147374312,"TO":1.1752635015,"STL":1.0073687156,"BLK":0.083947393,"STK":1.0913161086,"PF":2.0986848242,"Fls on:":4.7010540062,"+\/-":3.3578957187,"GW":5.0,"GP":12.0},"M. Tounkara":{"TEAM":"UST","MINS":28.8833333333,"FGM":6.2319676861,"FGA":12.558359125,"FG%":49.6240601504,"2PM":5.2877301579,"2PA":9.8200702932,"2P%":53.8461538462,"3PM":0.9442375282,"3PA":2.7382888318,"3P%":34.4827586207,"FTM":1.8884750564,"FTA":2.6438650789,"FT%":71.4285714286,"PTS":15.2966479568,"OFF":3.115983843,"DEF":6.9873577086,"REB":10.1033415517,"AST":1.1330850338,"TO":2.6438650789,"STL":0.5665425169,"BLK":0.6609662697,"STK":1.2275087867,"PF":2.5494413261,"Fls on:":2.8327125846,"+\/-":5.0988826523,"GW":5.0,"GP":11.0},"K. Paranada":{"TEAM":"UST","MINS":11.0583333333,"FGM":4.5214770158,"FGA":10.1733232856,"FG%":44.4444444444,"2PM":2.0346646571,"2PA":4.0693293142,"2P%":50.0,"3PM":2.4868123587,"3PA":6.1039939714,"3P%":40.7407407407,"FTM":1.8085908063,"FTA":2.7128862095,"FT%":66.6666666667,"PTS":13.3383571967,"OFF":0.4521477016,"DEF":2.4868123587,"REB":2.9389600603,"AST":5.1996985682,"TO":4.295403165,"STL":1.130369254,"BLK":0.0,"STK":1.130369254,"PF":3.3911077619,"Fls on:":2.2607385079,"+\/-":-7.4604370761,"GW":5.0,"GP":12.0},"C. Manaytay":{"TEAM":"UST","MINS":21.2972222222,"FGM":4.2259032216,"FGA":9.2735098474,"FG%":45.5696202532,"2PM":3.4041998174,"2PA":7.1605582366,"2P%":47.5409836066,"3PM":0.8217034042,"3PA":2.1129516108,"3P%":38.8888888889,"FTM":2.5824964132,"FTA":3.4041998174,"FT%":75.8620689655,"PTS":11.8560062606,"OFF":2.1129516108,"DEF":3.2868136168,"REB":5.3997652276,"AST":1.760793009,"TO":2.8172688144,"STL":1.4086344072,"BLK":0.3521586018,"STK":1.760793009,"PF":3.521586018,"Fls on:":3.0520412156,"+\/-":-1.9955654102,"GW":5.0,"GP":12.0},"F. Padrigao":{"TEAM":"UST","MINS":26.7944444444,"FGM":3.6388140162,"FGA":11.4762595895,"FG%":31.7073170732,"2PM":1.7727555463,"2PA":3.8254198632,"2P%":46.3414634146,"3PM":1.8660584698,"3PA":7.6508397263,"3P%":24.3902439024,"FTM":1.0263321584,"FTA":1.6794526228,"FT%":61.1111111111,"PTS":10.1700186606,"OFF":0.4665146175,"DEF":3.1722993987,"REB":3.6388140162,"AST":6.8111134149,"TO":3.2656023222,"STL":1.5861496994,"BLK":0.0,"STK":1.5861496994,"PF":2.2392701638,"Fls on:":3.0789964752,"+\/-":1.4928467759,"GW":5.0,"GP":12.0},"G. Danting":{"TEAM":"UST","MINS":7.2071428571,"FGM":3.567888999,"FGA":7.7304261645,"FG%":46.1538461538,"2PM":1.189296333,"2PA":1.7839444995,"2P%":66.6666666667,"3PM":2.378592666,"3PA":5.946481665,"3P%":40.0,"FTM":0.5946481665,"FTA":1.7839444995,"FT%":33.3333333333,"PTS":10.1090188305,"OFF":0.5946481665,"DEF":4.757185332,"REB":5.3518334985,"AST":0.0,"TO":2.378592666,"STL":0.5946481665,"BLK":0.0,"STK":0.5946481665,"PF":1.7839444995,"Fls on:":2.9732408325,"+\/-":-1.7839444995,"GW":1.0,"GP":7.0},"E. Laure":{"TEAM":"UST","MINS":3.8880952381,"FGM":4.4090630741,"FGA":9.9203919167,"FG%":44.4444444444,"2PM":4.4090630741,"2PA":9.9203919167,"2P%":44.4444444444,"3PM":0.0,"3PA":0.0,"3P%":0.0,"FTM":0.0,"FTA":0.0,"FT%":0.0,"PTS":8.8181261482,"OFF":2.204531537,"DEF":6.6135946111,"REB":8.8181261482,"AST":1.1022657685,"TO":1.1022657685,"STL":0.0,"BLK":0.0,"STK":0.0,"PF":8.8181261482,"Fls on:":0.0,"+\/-":-29.7611757501,"GW":2.0,"GP":7.0},"A. Acido":{"TEAM":"UST","MINS":9.9652777778,"FGM":2.7595818815,"FGA":11.0383275261,"FG%":25.0,"2PM":0.7526132404,"2PA":2.7595818815,"2P%":27.2727272727,"3PM":2.0069686411,"3PA":8.2787456446,"3P%":24.2424242424,"FTM":1.2543554007,"FTA":1.756097561,"FT%":71.4285714286,"PTS":8.7804878049,"OFF":2.2578397213,"DEF":3.512195122,"REB":5.7700348432,"AST":2.0069686411,"TO":1.5052264808,"STL":0.7526132404,"BLK":0.2508710801,"STK":1.0034843206,"PF":1.756097561,"Fls on:":1.756097561,"+\/-":-6.5226480836,"GW":5.0,"GP":12.0},"C. Lane":{"TEAM":"UST","MINS":7.9055555555,"FGM":2.5298664793,"FGA":6.3246661982,"FG%":40.0,"2PM":1.6865776528,"2PA":3.3731553057,"2P%":50.0,"3PM":0.8432888264,"3PA":2.9515108925,"3P%":28.5714285714,"FTM":2.5298664793,"FTA":3.3731553057,"FT%":75.0,"PTS":8.4328882642,"OFF":1.2649332396,"DEF":2.1082220661,"REB":3.3731553057,"AST":1.6865776528,"TO":1.2649332396,"STL":1.2649332396,"BLK":0.0,"STK":1.2649332396,"PF":2.5298664793,"Fls on:":2.1082220661,"+\/-":15.1791988756,"GW":4.0,"GP":9.0},"M. Pangilinan":{"TEAM":"UST","MINS":9.7486111111,"FGM":2.0515742983,"FGA":7.949850406,"FG%":25.8064516129,"2PM":0.0,"2PA":0.5128935746,"2P%":0.0,"3PM":2.0515742983,"3PA":7.4369568315,"3P%":27.5862068966,"FTM":0.7693403619,"FTA":1.2822339365,"FT%":60.0,"PTS":6.9240632569,"OFF":1.0257871492,"DEF":3.5902550221,"REB":4.6160421713,"AST":1.0257871492,"TO":2.5644678729,"STL":1.0257871492,"BLK":0.2564467873,"STK":1.2822339365,"PF":3.5902550221,"Fls on:":1.0257871492,"+\/-":-8.2062971933,"GW":5.0,"GP":12.0},"M. Llemit":{"TEAM":"UST","MINS":15.425,"FGM":2.1069692058,"FGA":7.2933549433,"FG%":28.8888888889,"2PM":0.9724473258,"2PA":3.7277147488,"2P%":26.0869565217,"3PM":1.1345218801,"3PA":3.5656401945,"3P%":31.8181818182,"FTM":1.1345218801,"FTA":2.1069692058,"FT%":53.8461538462,"PTS":6.4829821718,"OFF":2.1069692058,"DEF":3.7277147488,"REB":5.8346839546,"AST":2.1069692058,"TO":1.4586709887,"STL":1.2965964344,"BLK":0.3241491086,"STK":1.6207455429,"PF":3.4035656402,"Fls on:":2.9173419773,"+\/-":-9.0761750405,"GW":5.0,"GP":12.0},"G. Robinson":{"TEAM":"UST","MINS":9.765,"FGM":2.1505376344,"FGA":6.7588325653,"FG%":31.8181818182,"2PM":1.8433179723,"2PA":4.3010752688,"2P%":42.8571428571,"3PM":0.3072196621,"3PA":2.4577572965,"3P%":12.5,"FTM":1.8433179723,"FTA":3.3794162826,"FT%":54.5454545455,"PTS":6.4516129032,"OFF":1.5360983103,"DEF":3.6866359447,"REB":5.222734255,"AST":2.4577572965,"TO":1.2288786482,"STL":0.9216589862,"BLK":0.0,"STK":0.9216589862,"PF":3.9938556068,"Fls on:":2.7649769585,"+\/-":-6.1443932412,"GW":3.0,"GP":10.0},"G. Crisostomo":{"TEAM":"UST","MINS":18.2916666667,"FGM":2.4601366743,"FGA":5.8769931663,"FG%":41.8604651163,"2PM":2.1867881549,"2PA":4.7835990888,"2P%":45.7142857143,"3PM":0.2733485194,"3PA":1.0933940774,"3P%":25.0,"FTM":0.9567198178,"FTA":1.5034168565,"FT%":63.6363636364,"PTS":6.1503416856,"OFF":2.8701594533,"DEF":7.7904328018,"REB":10.6605922551,"AST":1.0933940774,"TO":1.0933940774,"STL":0.5466970387,"BLK":1.3667425968,"STK":1.9134396355,"PF":4.3735763098,"Fls on:":2.0501138952,"+\/-":-0.5466970387,"GW":5.0,"GP":12.0},"L. Estacio":{"TEAM":"UST","MINS":9.096969697,"FGM":1.7988007995,"FGA":6.8954030646,"FG%":26.0869565217,"2PM":0.8994003997,"2PA":1.4990006662,"2P%":60.0,"3PM":0.8994003997,"3PA":5.3964023984,"3P%":16.6666666667,"FTM":0.2998001332,"FTA":0.2998001332,"FT%":100.0,"PTS":4.7968021319,"OFF":0.5996002665,"DEF":2.398401066,"REB":2.9980013324,"AST":3.2978014657,"TO":2.0986009327,"STL":1.4990006662,"BLK":0.2998001332,"STK":1.7988007995,"PF":2.6982011992,"Fls on:":1.4990006662,"+\/-":-5.9960026649,"GW":5.0,"GP":11.0},"I. Calum":{"TEAM":"UST","MINS":4.77,"FGM":1.2578616352,"FGA":3.7735849057,"FG%":33.3333333333,"2PM":1.2578616352,"2PA":2.5157232704,"2P%":50.0,"3PM":0.0,"3PA":1.2578616352,"3P%":0.0,"FTM":0.0,"FTA":0.0,"FT%":0.0,"PTS":2.5157232704,"OFF":5.0314465409,"DEF":2.5157232704,"REB":7.5471698113,"AST":2.5157232704,"TO":0.0,"STL":2.5157232704,"BLK":0.0,"STK":2.5157232704,"PF":5.0314465409,"Fls on:":1.2578616352,"+\/-":-10.0628930818,"GW":2.0,"GP":5.0},"Z. Mahmood":{"TEAM":"UST","MINS":3.9,"FGM":1.0989010989,"FGA":4.3956043956,"FG%":25.0,"2PM":1.0989010989,"2PA":3.2967032967,"2P%":33.3333333333,"3PM":0.0,"3PA":1.0989010989,"3P%":0.0,"FTM":0.0,"FTA":0.0,"FT%":0.0,"PTS":2.1978021978,"OFF":1.0989010989,"DEF":4.3956043956,"REB":5.4945054945,"AST":0.0,"TO":2.1978021978,"STL":1.0989010989,"BLK":0.0,"STK":1.0989010989,"PF":4.3956043956,