{"M. Tounkara":{"TEAM":"UST","SP":59.1111111111,"GP":9.0,"MPG":27.9759259259,"EWA":1.781724543,"PER":25.0436036195,"WS":0.9551480092,"OWS":0.8885411855,"DWS":0.0666068237,"EFF":16.7777777778,"GmSc":10.8111111111,"TS%":57.8428036747,"EFG%":55.6074766355,"PPWS":1.1486486486,"FTR":0.2242990654,"REB%":15.1413802407,"OREB%":9.5974095999,"DREB%":20.9632441466,"AR":1.9114677007,"pAST%":8.4397141225,"TOR":4.6724766018,"AST\/TO":0.4090909091,"PPR":-6.2100554716,"USG%":25.3530298471,"aSP":58.3813443073,"ORtg":102.20655371,"DRtg":95.8448754799,"Floor%":47.7437860189,"Stop%":0.5894241225,"FFI":51.3588394051,"PIE":10.6223678053,"AV":2.051225542},"N. Cabanero":{"TEAM":"UST","SP":58.2,"GP":10.0,"MPG":28.8333333333,"EWA":1.7164641784,"PER":22.7856404578,"WS":1.059000517,"OWS":1.0884827741,"DWS":-0.0294822571,"EFF":12.9,"GmSc":10.16,"TS%":48.1132075472,"EFG%":44.5255474453,"PPWS":0.9517884914,"FTR":0.3649635036,"REB%":9.6160097234,"OREB%":6.7046504891,"DREB%":12.6733017515,"AR":3.3383286191,"pAST%":14.0512062707,"TOR":1.8546270106,"AST\/TO":1.8,"PPR":0.6778562717,"USG%":26.8094397012,"aSP":57.4814814815,"ORtg":102.632984848,"DRtg":98.7276251712,"Floor%":49.3244041288,"Stop%":0.5236536371,"FFI":49.161944878,"PIE":9.0313523631,"AV":1.8227327128},"C. Manaytay":{"TEAM":"UST","SP":38.0,"GP":10.0,"MPG":20.6266666667,"EWA":0.8426987021,"PER":19.0318183154,"WS":0.5783231252,"OWS":0.5656818488,"DWS":0.0126412764,"EFF":8.8,"GmSc":5.95,"TS%":58.0140313006,"EFG%":53.90625,"PPWS":1.1478144811,"FTR":0.359375,"REB%":7.9211203007,"OREB%":5.1547147223,"DREB%":10.8261928253,"AR":3.6295302357,"pAST%":13.8042410914,"TOR":4.6665388744,"AST\/TO":0.7777777778,"PPR":-4.1060621503,"USG%":20.4277608433,"aSP":37.5308641975,"ORtg":100.6347388927,"DRtg":97.4423277269,"Floor%":46.1792938192,"Stop%":0.552977944,"FFI":51.8174332259,"PIE":5.4749649041,"AV":1.3681783358},"F. Padrigao":{"TEAM":"UST","SP":59.0,"GP":10.0,"MPG":26.6466666667,"EWA":0.7250768612,"PER":16.2893688677,"WS":0.3768585758,"OWS":0.3582494667,"DWS":0.0186091091,"EFF":9.9,"GmSc":6.44,"TS%":42.5768233987,"EFG%":40.5940594059,"PPWS":0.847145488,"FTR":0.1584158416,"REB%":6.3173908549,"OREB%":1.4509688949,"DREB%":11.4277437401,"AR":12.642969595,"pAST%":45.6306744004,"TOR":6.0204617119,"AST\/TO":2.1,"PPR":4.4008932329,"USG%":23.6950673341,"aSP":58.2716049383,"ORtg":87.7087856123,"DRtg":97.3751264499,"Floor%":37.1095625024,"Stop%":0.554511154,"FFI":42.3989397372,"PIE":7.2999532054,"AV":1.4945384796},"G. Crisostomo":{"TEAM":"UST","SP":33.0,"GP":10.0,"MPG":19.135,"EWA":0.4169265557,"PER":15.1995264012,"WS":0.4344292257,"OWS":0.3301480993,"DWS":0.1042811264,"EFF":9.3,"GmSc":4.37,"TS%":48.0358667805,"EFG%":45.2380952381,"PPWS":0.9528851244,"FTR":0.2619047619,"REB%":17.0772205977,"OREB%":9.5976771002,"DREB%":24.9316785562,"AR":1.9562349184,"pAST%":6.6767151033,"TOR":2.2356970496,"AST\/TO":0.875,"PPR":-1.7023652848,"USG%":13.108858189,"aSP":32.5925925926,"ORtg":99.3104836311,"DRtg":93.6408247485,"Floor%":47.3206172336,"Stop%":0.6397099614,"FFI":48.3844206815,"PIE":5.0070191858,"AV":1.4260768066},"K. Paranada":{"TEAM":"UST","SP":23.8,"GP":10.0,"MPG":10.1483333333,"EWA":0.2126831538,"PER":15.0324467641,"WS":0.1538564028,"OWS":0.177030334,"DWS":-0.0231739313,"EFF":3.4,"GmSc":2.2,"TS%":48.9186405767,"EFG%":45.5882352941,"PPWS":0.9687699171,"FTR":0.3235294118,"REB%":5.3666056189,"OREB%":1.9049179415,"DREB%":9.0018114757,"AR":10.0117572406,"pAST%":35.7480217415,"TOR":6.3232150993,"AST\/TO":1.5833333333,"PPR":0.6419726009,"USG%":22.9143057656,"aSP":23.5061728395,"ORtg":90.7097367967,"DRtg":99.7187050482,"Floor%":38.4166210291,"Stop%":0.5010419602,"FFI":46.8884151076,"PIE":1.9653720168,"AV":0.6704862763},"C. Lane":{"TEAM":"UST","SP":15.8571428571,"GP":7.0,"MPG":7.4976190476,"EWA":0.0952560464,"PER":14.4681039034,"WS":0.1286393542,"OWS":0.1305238402,"DWS":-0.0018844861,"EFF":2.4285714286,"GmSc":1.6428571429,"TS%":51.3196480938,"EFG%":40.9090909091,"PPWS":1.0108303249,"FTR":0.5454545455,"REB%":5.6601971674,"OREB%":3.683405953,"DREB%":7.7360756607,"AR":4.0755855552,"pAST%":13.4711866286,"TOR":2.0377927776,"AST\/TO":2.0,"PPR":1.241337303,"USG%":13.6304823337,"aSP":15.6613756614,"ORtg":107.4687579432,"DRtg":98.2062004543,"Floor%":48.4618646027,"Stop%":0.5355500417,"FFI":49.7726875417,"PIE":0.9358914366,"AV":0.3986735252},"M. Llemit":{"TEAM":"UST","SP":27.6,"GP":10.0,"MPG":17.0433333333,"EWA":0.0453126623,"PER":11.3543934156,"WS":0.1998877244,"OWS":0.1896390985,"DWS":0.0102486259,"EFF":5.1,"GmSc":2.79,"TS%":42.6985482494,"EFG%":39.2857142857,"PPWS":0.8470089995,"FTR":0.2619047619,"REB%":8.7150209663,"OREB%":5.1042151435,"DREB%":12.5068195621,"AR":4.0788736034,"pAST%":13.4835201421,"TOR":2.5100760636,"AST\/TO":1.625,"PPR":0.382258084,"USG%":14.7176609493,"aSP":27.2592592593,"ORtg":91.0113164318,"DRtg":97.4513921837,"Floor%":38.9716824443,"Stop%":0.5527711367,"FFI":45.0361811556,"PIE":2.2929340197,"AV":0.908779114},"I. Calum":{"TEAM":"UST","SP":10.75,"GP":4.0,"MPG":5.2916666667,"EWA":0.0398407911,"PER":14.6033066236,"WS":0.0587177487,"OWS":0.0597055038,"DWS":-0.0009877551,"EFF":2.25,"GmSc":1.125,"TS%":33.3333333333,"EFG%":33.3333333333,"PPWS":0.6666666667,"FTR":0.0,"REB%":14.0346148663,"OREB%":18.2662131434,"DREB%":9.5909063998,"AR":5.0527633517,"pAST%":15.8875449493,"TOR":0.0,"AST\/TO":null,"PPR":6.1558601056,"USG%":6.4828305479,"aSP":10.6172839506,"ORtg":128.7359797931,"DRtg":98.290761297,"Floor%":60.0936485355,"Stop%":0.5336207699,"FFI":41.986575962,"PIE":0.280767431,"AV":0.2474358297},"E. Laure":{"TEAM":"UST","SP":8.3333333333,"GP":6.0,"MPG":4.2583333333,"EWA":-0.013636579,"PER":9.7472202016,"WS":0.0347854608,"OWS":0.0329252886,"DWS":0.0018601722,"EFF":1.8333333333,"GmSc":0.5,"TS%":44.4444444444,"EFG%":44.4444444444,"PPWS":0.8888888889,"FTR":0.0,"REB%":15.502466519,"OREB%":7.5662396256,"DREB%":23.8364992717,"AR":2.0929580746,"pAST%":8.0629106112,"TOR":2.0929580746,"AST\/TO":1.0,"PPR":-1.2749416722,"USG%":17.902141326,"aSP":8.2304526749,"ORtg":91.1277322103,"DRtg":97.3517947848,"Floor%":44.6349575707,"Stop%":0.5550434704,"FFI":43.7677861843,"PIE":0.1871782873,"AV":0.2876240645},"G. Robinson":{"TEAM":"UST","SP":17.8888888889,"GP":9.0,"MPG":10.2518518519,"EWA":-0.0436097567,"PER":9.8699753143,"WS":0.0745640031,"OWS":0.0834770409,"DWS":-0.0089130378,"EFF":2.7777777778,"GmSc":1.4333333333,"TS%":39.1207153502,"EFG%":34.0909090909,"PPWS":0.7713498623,"FTR":0.5,"REB%":9.1223306528,"OREB%":5.2380081946,"DREB%":13.2013559911,"AR":4.6365675265,"pAST%":15.316010904,"TOR":2.3182837632,"AST\/TO":2.0,"PPR":1.4122005661,"USG%":15.2885192379,"aSP":17.6680384088,"ORtg":88.335743274,"DRtg":98.6832215453,"Floor%":42.9989663083,"Stop%":0.5246667143,"FFI":46.6043943345,"PIE":0.8890968648,"AV":0.5323971375},"G. Danting":{"TEAM":"UST","SP":9.1666666667,"GP":6.0,"MPG":7.1777777778,"EWA":-0.0725020732,"PER":7.4361958103,"WS":-0.031522007,"OWS":-0.0220792853,"DWS":-0.0094427216,"EFF":1.3333333333,"GmSc":0.7333333333,"TS%":52.5525525526,"EFG%":54.1666666667,"PPWS":1.04283054,"FTR":0.25,"REB%":6.8978176781,"OREB%":0.0,"DREB%":14.1413906283,"AR":0.0,"pAST%":0.0,"TOR":4.9667255856,"AST\/TO":0.0,"PPR":-9.0765584374,"USG%":18.3951153075,"aSP":9.0534979424,"ORtg":74.5923344501,"DRtg":99.647233019,"Floor%":30.5884938492,"Stop%":0.5026726082,"FFI":49.1749852703,"PIE":0.4679457183,"AV":0.226515641},"A. Acido":{"TEAM":"UST","SP":16.9,"GP":10.0,"MPG":8.9483333333,"EWA":-0.0755906882,"PER":9.1220605343,"WS":-0.0102837859,"OWS":-0.0076231346,"DWS":-0.0026606514,"EFF":2.1,"GmSc":1.21,"TS%":36.2090680101,"EFG%":31.6666666667,"PPWS":0.7210031348,"FTR":0.1333333333,"REB%":9.4060760838,"OREB%":5.4009337614,"DREB%":13.6119774198,"AR":2.987990993,"pAST%":9.9115708412,"TOR":2.987990993,"AST\/TO":1.0,"PPR":-1.8201579284,"USG%":18.7901062081,"aSP":16.6913580247,"ORtg":78.6060255955,"DRtg":98.1576853786,"Floor%":30.5434869174,"Stop%":0.5366569224,"FFI":39.9998556707,"PIE":1.2166588676,"AV":0.4671379777},"L. Estacio":{"TEAM":"UST","SP":18.7777777778,"GP":9.0,"MPG":10.4740740741,"EWA":-0.1097513746,