{"M. Tounkara":{"TEAM":"UST","SP":60.4,"GP":10.0,"MPG":28.4733333333,"EWA":2.0835019994,"PER":25.5279338052,"WS":1.2312890986,"OWS":1.1446465957,"DWS":0.0866425029,"EFF":17.3,"GmSc":10.93,"TS%":58.1303385005,"EFG%":55.652173913,"PPWS":1.16260677,"FTR":0.2260869565,"REB%":15.4550066339,"OREB%":9.1534441786,"DREB%":22.0723649298,"AR":2.0620100233,"pAST%":8.8256293632,"TOR":4.3114755033,"AST\/TO":0.4782608696,"PPR":-5.3806053103,"USG%":23.9592399505,"aSP":59.7213483146,"ORtg":104.3055352706,"DRtg":94.8198822845,"Floor%":48.457391845,"Stop%":0.6055190667,"FFI":51.4049938729,"PIE":11.1538461538,"AV":2.2715132927},"N. Cabanero":{"TEAM":"UST","SP":59.0,"GP":11.0,"MPG":29.4575757576,"EWA":1.8872595913,"PER":22.5267949133,"WS":1.2024768533,"OWS":1.2676624818,"DWS":-0.0651856285,"EFF":12.4545454545,"GmSc":9.9636363636,"TS%":47.5681152893,"EFG%":44.1176470588,"PPWS":0.9513623058,"FTR":0.3660130719,"REB%":9.0028460721,"OREB%":5.9579848266,"DREB%":12.200297175,"AR":3.4591230046,"pAST%":14.385207481,"TOR":1.9766417169,"AST\/TO":1.75,"PPR":0.6035776535,"USG%":26.7168190293,"aSP":58.3370786517,"ORtg":101.2936524957,"DRtg":98.5466938861,"Floor%":48.6752516748,"Stop%":0.5209516012,"FFI":48.834691438,"PIE":8.9316239316,"AV":1.906870195},"C. Manaytay":{"TEAM":"UST","SP":39.1818181818,"GP":11.0,"MPG":21.0575757576,"EWA":0.9560561785,"PER":19.1161847122,"WS":0.7090667555,"OWS":0.6963263495,"DWS":0.0127404061,"EFF":8.9090909091,"GmSc":5.9545454545,"TS%":56.873776908,"EFG%":51.4492753623,"PPWS":1.1374755382,"FTR":0.4202898551,"REB%":8.5383988104,"OREB%":5.8342638292,"DREB%":11.3780485286,"AR":3.4564207314,"pAST%":12.7778667567,"TOR":4.6085609752,"AST\/TO":0.75,"PPR":-4.2217429626,"USG%":20.0549014323,"aSP":38.7415730337,"ORtg":100.6705969909,"DRtg":96.6579212071,"Floor%":46.2427728188,"Stop%":0.56381095,"FFI":51.898770493,"PIE":5.4273504274,"AV":1.4832018621},"F. Padrigao":{"TEAM":"UST","SP":59.7272727273,"GP":11.0,"MPG":26.7257575758,"EWA":0.900441755,"PER":16.9764303899,"WS":0.5253184079,"OWS":0.5180780387,"DWS":0.0072403692,"EFF":10.0,"GmSc":6.5090909091,"TS%":43.1174747803,"EFG%":41.3043478261,"PPWS":0.8623494956,"FTR":0.1565217391,"REB%":6.5593287601,"OREB%":1.6417475622,"DREB%":11.7233491069,"AR":11.9827810778,"pAST%":43.5348349088,"TOR":5.8098332499,"AST\/TO":2.0625,"PPR":3.9916401402,"USG%":24.0563242524,"aSP":59.0561797753,"ORtg":88.8574210407,"DRtg":96.8818704591,"Floor%":37.3570054364,"Stop%":0.5587291743,"FFI":42.7454564174,"PIE":7.2222222222,"AV":1.6174289759},"G. Crisostomo":{"TEAM":"UST","SP":32.6363636364,"GP":11.0,"MPG":18.4545454545,"EWA":0.4441803272,"PER":15.218041663,"WS":0.5088301637,"OWS":0.3835929675,"DWS":0.1252371961,"EFF":9.0909090909,"GmSc":4.1272727273,"TS%":48.0358667805,"EFG%":45.2380952381,"PPWS":0.9607173356,"FTR":0.2619047619,"REB%":17.5369458128,"OREB%":9.510274302,"DREB%":25.9658650987,"AR":1.840510932,"pAST%":6.1988816143,"TOR":2.1034410652,"AST\/TO":0.875,"PPR":-1.6057412067,"USG%":12.3323516154,"aSP":32.2696629213,"ORtg":100.2822915668,"DRtg":92.5147783491,"Floor%":47.6808741291,"Stop%":0.6578256543,"FFI":48.4000041179,"PIE":4.8290598291,"AV":1.5058465048},"K. Paranada":{"TEAM":"UST","SP":25.8181818182,"GP":11.0,"MPG":10.5545454545,"EWA":0.3905795196,"PER":17.5819710116,"WS":0.2523270192,"OWS":0.2974608495,"DWS":-0.0451338304,"EFF":4.0,"GmSc":2.6090909091,"TS%":56.316254417,"EFG%":53.75,"PPWS":1.1263250883,"FTR":0.3,"REB%":5.1105368935,"OREB%":1.662864499,"DREB%":8.7309855811,"AR":9.6543596692,"pAST%":36.2832305082,"TOR":7.8154340179,"AST\/TO":1.2352941176,"PPR":-2.5268640695,"USG%":24.4884261689,"aSP":25.5280898876,"ORtg":93.3355077822,"DRtg":99.9297341358,"Floor%":39.4487804661,"Stop%":0.4895681504,"FFI":49.3787143953,"PIE":2.4786324786,"AV":0.8135237058},"C. Lane":{"TEAM":"UST","SP":17.5,"GP":8.0,"MPG":8.2395833333,"EWA":0.1730873279,"PER":16.0979599872,"WS":0.1932063908,"OWS":0.2182100692,"DWS":-0.0250036784,"EFF":2.625,"GmSc":1.975,"TS%":53.9956803456,"EFG%":46.6666666667,"PPWS":1.0799136069,"FTR":0.5333333333,"REB%":5.2507374631,"OREB%":4.3932417572,"DREB%":6.151205619,"AR":3.2389269499,"pAST%":10.9551382984,"TOR":1.6194634749,"AST\/TO":2.0,"PPR":0.9890229026,"USG%":14.2110644629,"aSP":17.3033707865,"ORtg":113.0683698526,"DRtg":99.860227802,"Floor%":50.9496811504,"Stop%":0.4911453631,"FFI":52.1404491494,"PIE":1.1538461538,"AV":0.4671379777},"M. Llemit":{"TEAM":"UST","SP":27.0909090909,"GP":11.0,"MPG":16.3090909091,"EWA":-0.0021455205,"PER":10.7959615595,"WS":0.1682179738,"OWS":0.173121734,"DWS":-0.0049037602,"EFF":4.6363636364,"GmSc":2.4727272727,"TS%":40.1284109149,"EFG%":36.6666666667,"PPWS":0.8025682183,"FTR":0.2444444444,"REB%":9.3707419794,"OREB%":6.4568083053,"DREB%":12.4307042203,"AR":3.8677403644,"pAST%":12.6578677893,"TOR":2.6776664061,"AST\/TO":1.4444444444,"PPR":-0.1816975836,"USG%":14.9725135854,"aSP":26.7865168539,"ORtg":87.87707137,"DRtg":97.2649950263,"Floor%":37.6205738489,"Stop%":0.5500354497,"FFI":43.9552783929,"PIE":1.9658119658,"AV":0.908779114},"G. Robinson":{"TEAM":"UST","SP":17.8888888889,"GP":9.0,"MPG":10.2518518519,"EWA":-0.0326985286,"PER":10.1076729508,"WS":0.0851264191,"OWS":0.0989962159,"DWS":-0.0138697968,"EFF":2.7777777778,"GmSc":1.4333333333,"TS%":39.1207153502,"EFG%":34.0909090909,"PPWS":0.782414307,"FTR":0.5,"REB%":9.1100674374,"OREB%":5.2309944453,"DREB%":13.1835358868,"AR":4.6278743088,"pAST%":15.2361170156,"TOR":2.3139371544,"AST\/TO":2.0,"PPR":1.4131450793,"USG%":15.2585768297,"aSP":17.6878901373,"ORtg":88.647538292,"DRtg":98.1717988071,"Floor%":43.0722749279,"Stop%":0.5294585852,"FFI":46.6040782368,"PIE":0.811965812,"AV":0.5323971375},"I. Calum":{"TEAM":"UST","SP":12.4,"GP":5.0,"MPG":4.77,"EWA":0.0584662133,"PER":15.7473412482,"WS":0.0751418681,"OWS":0.0655718865,"DWS":0.0095699815,"EFF":2.0,"GmSc":1.1,"TS%":33.3333333333,"EFG%":33.3333333333,"PPWS":0.6666666667,"FTR":0.0,"REB%":12.4388539483,"OREB%":16.1893977635,"DREB%":8.5003557733,"AR":4.4758756418,"pAST%":13.9063586434,"TOR":0.0,"AST\/TO":null,"PPR":5.4669260372,"USG%":5.7421873992,"aSP":12.2606741573,"ORtg":129.4379475841,"DRtg":94.1049634711,"Floor%":60.189200532,"Stop%":0.6217417467,"FFI":41.571212886,"PIE":0.3418803419,"AV":0.2677815834},"E. Laure":{"TEAM":"UST","SP":9.2857142857,"GP":7.0,"MPG":3.8880952381,"EWA":-0.0202280178,"PER":9.3261243438,"WS":0.0373915983,"OWS":0.0388186548,"DWS":-0.0014270565,"EFF":1.5714285714,"GmSc":0.4285714286,"TS%":44.4444444444,"EFG%":44.4444444444,"PPWS":0.8888888889,"FTR":0.0,"REB%":14.5335782813,"OREB%":7.0933950397,"DREB%":22.3466180862,"AR":1.9611077904,"pAST%":7.3783198985,"TOR":1.9611077904,"AST\/TO":1.0,"PPR":-1.1976685792,"USG%":16.7729540074,"aSP":9.1813804173,"ORtg":91.6431366359,"DRtg":97.4500512638,"Floor%":44.8384930037,"Stop%":0.5458362203,"FFI":43.7061798381,"PIE":0.1709401709,"AV":0.2876240645},"A. Acido":{"TEAM":"UST","SP":18.5454545455,"GP":11.0,"MPG":9.4560606061,"EWA":-0.0588818578,"PER":9.6821772074,"WS":0.006569685,"OWS":0.0348218304,"DWS":-0.0282521454,"EFF":2.0909090909,"GmSc":1.3,"TS%":36.4688128773,"EFG%":32.8947368421,"PPWS":0.7293762575,"FTR":0.1052631579,"REB%":8.08096993,"OREB%":4.6400873657,"DREB%":11.6942885226,"AR":3.5919601269,"pAST%":12.05132355,"TOR":2.5656858049,"AST\/TO":1.4,"PPR":-0.3133781108,"USG%":19.6440773771,"aSP":18.3370786517,"ORtg":81.2367704994,"DRtg":99.0660688096,"Floor%":30.920220217,"Stop%":0.5091661327,"FFI":40.0234381272,"PIE":1.1965811966,"AV":0.5001227174},"G. Danting":{"TEAM":"UST","SP":9.1666666667,"GP":6.0,"MPG":7.1777777778,"EWA":-0.0666830675,"PER":7.7077794365,"WS":-0.0303397156,"OWS":-0.0183252157,"DWS":-0.0120144999,"EFF":1.3333333333,"GmSc":0.7333333333,"TS%":52.5525525526,"EFG%":54.1666666667,"PPWS":1.0510510511,"FTR":0.25,"REB%":6.8885448917,"OREB%":0.0,"DREB%":14.1223016002,"AR":0.0,"pAST%":0.0,"TOR":4.9574133463,"AST\/TO":0.0,"PPR":-9.0826290549,"USG%":18.3590886628,"aSP":9.063670412,"ORtg":74.9482222363,"DRtg":99.1203547659,"Floor%":30.7203506662,"Stop%":0.5079342953,"FFI":49.1773133301,"PIE":0.4273504274,"AV":0.226515641},