{"A. Acido":{"TEAM":"UST","MINS":89.4833333333,"FGM":7.0,"FGA":30.0,"FG%":23.3333333333,"2PM":2.0,"2PA":7.0,"2P%":28.5714285714,"3PM":5.0,"3PA":23.0,"3P%":21.7391304348,"FTM":4.0,"FTA":4.0,"FT%":100.0,"PTS":23.0,"OFF":5.0,"DEF":12.0,"REB":17.0,"AST":5.0,"TO":5.0,"STL":3.0,"BLK":1.0,"STK":4.0,"PF":5.0,"Fls on:":5.0,"+\/-":-25.0,"GP":10.0},"M. Tounkara":{"TEAM":"UST","MINS":251.7833333334,"FGM":55.0,"FGA":107.0,"FG%":51.4018691589,"2PM":46.0,"2PA":84.0,"2P%":54.7619047619,"3PM":9.0,"3PA":23.0,"3P%":39.1304347826,"FTM":17.0,"FTA":24.0,"FT%":70.8333333333,"PTS":136.0,"OFF":25.0,"DEF":52.0,"REB":77.0,"AST":9.0,"TO":22.0,"STL":6.0,"BLK":4.0,"STK":10.0,"PF":23.0,"Fls on:":24.0,"+\/-":30.0,"GP":9.0},"M. Pangilinan":{"TEAM":"UST","MINS":102.2666666666,"FGM":6.0,"FGA":28.0,"FG%":21.4285714286,"2PM":0.0,"2PA":2.0,"2P%":0.0,"3PM":6.0,"3PA":26.0,"3P%":23.0769230769,"FTM":3.0,"FTA":5.0,"FT%":60.0,"PTS":21.0,"OFF":4.0,"DEF":14.0,"REB":18.0,"AST":4.0,"TO":10.0,"STL":4.0,"BLK":1.0,"STK":5.0,"PF":13.0,"Fls on:":4.0,"+\/-":-26.0,"GP":10.0},"M. Llemit":{"TEAM":"UST","MINS":170.4333333333,"FGM":13.0,"FGA":42.0,"FG%":30.9523809524,"2PM":6.0,"2PA":21.0,"2P%":28.5714285714,"3PM":7.0,"3PA":21.0,"3P%":33.3333333333,"FTM":7.0,"FTA":11.0,"FT%":63.6363636364,"PTS":40.0,"OFF":9.0,"DEF":21.0,"REB":30.0,"AST":13.0,"TO":8.0,"STL":7.0,"BLK":2.0,"STK":9.0,"PF":21.0,"Fls on:":17.0,"+\/-":-42.0,"GP":10.0},"L. Estacio":{"TEAM":"UST","MINS":94.2666666668,"FGM":6.0,"FGA":19.0,"FG%":31.5789473684,"2PM":3.0,"2PA":5.0,"2P%":60.0,"3PM":3.0,"3PA":14.0,"3P%":21.4285714286,"FTM":1.0,"FTA":1.0,"FT%":100.0,"PTS":16.0,"OFF":1.0,"DEF":8.0,"REB":9.0,"AST":11.0,"TO":7.0,"STL":5.0,"BLK":1.0,"STK":6.0,"PF":8.0,"Fls on:":5.0,"+\/-":-9.0,"GP":9.0},"K. Paranada":{"TEAM":"UST","MINS":101.4833333332,"FGM":12.0,"FGA":34.0,"FG%":35.2941176471,"2PM":5.0,"2PA":13.0,"2P%":38.4615384615,"3PM":7.0,"3PA":21.0,"3P%":33.3333333333,"FTM":7.0,"FTA":11.0,"FT%":63.6363636364,"PTS":38.0,"OFF":2.0,"DEF":9.0,"REB":11.0,"AST":19.0,"TO":12.0,"STL":4.0,"BLK":0.0,"STK":4.0,"PF":12.0,"Fls on:":8.0,"+\/-":-39.0,"GP":10.0},"I. Calum":{"TEAM":"UST","MINS":21.1666666667,"FGM":1.0,"FGA":3.0,"FG%":33.3333333333,"2PM":1.0,"2PA":2.0,"2P%":50.0,"3PM":0.0,"3PA":1.0,"3P%":0.0,"FTM":0.0,"FTA":0.0,"FT%":0.0,"PTS":2.0,"OFF":4.0,"DEF":2.0,"REB":6.0,"AST":2.0,"TO":0.0,"STL":1.0,"BLK":0.0,"STK":1.0,"PF":4.0,"Fls on:":1.0,"+\/-":-6.0,"GP":4.0},"G. Robinson":{"TEAM":"UST","MINS":92.2666666668,"FGM":7.0,"FGA":22.0,"FG%":31.8181818182,"2PM":6.0,"2PA":14.0,"2P%":42.8571428571,"3PM":1.0,"3PA":8.0,"3P%":12.5,"FTM":6.0,"FTA":11.0,"FT%":54.5454545455,"PTS":21.0,"OFF":5.0,"DEF":12.0,"REB":17.0,"AST":8.0,"TO":4.0,"STL":3.0,"BLK":0.0,"STK":3.0,"PF":13.0,"Fls on:":9.0,"+\/-":-22.0,"GP":9.0},"G. Danting":{"TEAM":"UST","MINS":43.0666666666,"FGM":5.0,"FGA":12.0,"FG%":41.6666666667,"2PM":2.0,"2PA":3.0,"2P%":66.6666666667,"3PM":3.0,"3PA":9.0,"3P%":33.3333333333,"FTM":1.0,"FTA":3.0,"FT%":33.3333333333,"PTS":14.0,"OFF":0.0,"DEF":6.0,"REB":6.0,"AST":0.0,"TO":4.0,"STL":1.0,"BLK":0.0,"STK":1.0,"PF":3.0,"Fls on:":4.0,"+\/-":-4.0,"GP":6.0},"G. Crisostomo":{"TEAM":"UST","MINS":191.35,"FGM":18.0,"FGA":42.0,"FG%":42.8571428571,"2PM":16.0,"2PA":35.0,"2P%":45.7142857143,"3PM":2.0,"3PA":7.0,"3P%":28.5714285714,"FTM":7.0,"FTA":11.0,"FT%":63.6363636364,"PTS":45.0,"OFF":19.0,"DEF":47.0,"REB":66.0,"AST":7.0,"TO":8.0,"STL":3.0,"BLK":8.0,"STK":11.0,"PF":26.0,"Fls on:":14.0,"+\/-":1.0,"GP":10.0},"F. Padrigao":{"TEAM":"UST","MINS":266.4666666667,"FGM":33.0,"FGA":101.0,"FG%":32.6732673267,"2PM":17.0,"2PA":33.0,"2P%":51.5151515152,"3PM":16.0,"3PA":68.0,"3P%":23.5294117647,"FTM":10.0,"FTA":16.0,"FT%":62.5,"PTS":92.0,"OFF":4.0,"DEF":30.0,"REB":34.0,"AST":63.0,"TO":30.0,"STL":14.0,"BLK":0.0,"STK":14.0,"PF":19.0,"Fls on:":26.0,"+\/-":21.0,"GP":10.0},"E. Laure":{"TEAM":"UST","MINS":25.55,"FGM":4.0,"FGA":9.0,"FG%":44.4444444444,"2PM":4.0,"2PA":9.0,"2P%":44.4444444444,"3PM":0.0,"3PA":0.0,"3P%":0.0,"FTM":0.0,"FTA":0.0,"FT%":0.0,"PTS":8.0,"OFF":2.0,"DEF":6.0,"REB":8.0,"AST":1.0,"TO":1.0,"STL":0.0,"BLK":0.0,"STK":0.0,"PF":8.0,"Fls on:":0.0,"+\/-":-20.0,"GP":6.0},"C. Manaytay":{"TEAM":"UST","MINS":206.2666666666,"FGM":31.0,"FGA":64.0,"FG%":48.4375,"2PM":24.0,"2PA":49.0,"2P%":48.9795918367,"3PM":7.0,"3PA":15.0,"3P%":46.6666666667,"FTM":17.0,"FTA":23.0,"FT%":73.9130434783,"PTS":86.0,"OFF":11.0,"DEF":22.0,"REB":33.0,"AST":14.0,"TO":18.0,"STL":10.0,"BLK":2.0,"STK":12.0,"PF":23.0,"Fls on:":23.0,"+\/-":-19.0,"GP":10.0},"C. Lane":{"TEAM":"UST","MINS":52.4833333333,"FGM":4.0,"FGA":11.0,"FG%":36.3636363636,"2PM":3.0,"2PA":7.0,"2P%":42.8571428571,"3PM":1.0,"3PA":4.0,"3P%":25.0,"FTM":5.0,"FTA":6.0,"FT%":83.3333333333,"PTS":14.0,"OFF":2.0,"DEF":4.0,"REB":6.0,"AST":4.0,"TO":2.0,"STL":3.0,"BLK":0.0,"STK":3.0,"PF":6.0,"Fls on:":4.0,"+\/-":22.0,"GP":7.0},"N. Cabanero":{"TEAM":"UST","MINS":288.3333333333,"FGM":57.0,"FGA":137.0,"FG%":41.6058394161,"2PM":49.0,"2PA":95.0,"2P%":51.5789473684,"3PM":8.0,"3PA":42.0,"3P%":19.0476190476,"FTM":31.0,"FTA":50.0,"FT%":62.0,"PTS":153.0,"OFF":20.0,"DEF":36.0,"REB":56.0,"AST":18.0,"TO":10.0,"STL":10.0,"BLK":1.0,"STK":11.0,"PF":22.0,"Fls on:":49.0,"+\/-":18.0,"GP":10.0},"Z. Mahmood":{"TEAM":"UST","MINS":27.3,"FGM":1.0,"FGA":4.0,"FG%":25.0,"2PM":1.0,"2PA":3.0,"2P%":33.3333333333,"3PM":0.0,"3PA":1.0,"3P%":0.0,"FTM":0.0,"FTA":0.0,"FT%":0.0,"PTS":2.0,"OFF":1.0,"DEF":4.0,"REB":5.0,"AST":0.0,"TO":2.0,"STL":1.0,"BLK":0.0,"STK":1.0,"PF":4.0,"Fls on:":1.0,"+\/-":-10.0,"GP":7.0}}