{"N. Cabanero":{"TEAM":"UST","MINS":30.0380952381,"FGM":5.9210526316,"FGA":14.1962587191,"FG%":41.7085427136,"2PM":4.9936588459,"2PA":9.7733037413,"2P%":51.0948905109,"3PM":0.9273937857,"3PA":4.4229549778,"3P%":20.9677419355,"FTM":3.4955611921,"FTA":5.707038681,"FT%":61.25,"PTS":16.265060241,"OFF":1.7834495878,"DEF":3.6382371592,"REB":5.421686747,"AST":1.9261255549,"TO":1.2840837032,"STL":0.9273937857,"BLK":0.142675967,"STK":1.0700697527,"PF":1.8547875713,"Fls on:":5.0649968294,"+\/-":4.4942929613,"GW":7.0,"GP":14.0},"M. Tounkara":{"TEAM":"UST","MINS":28.5666666667,"FGM":5.8163540077,"FGA":12.6828830446,"FG%":45.8598726115,"2PM":4.8469616731,"2PA":9.6939233462,"2P%":50.0,"3PM":0.9693923346,"3PA":2.9889596984,"3P%":32.4324324324,"FTM":1.9387846692,"FTA":2.9081770039,"FT%":66.6666666667,"PTS":14.5408850193,"OFF":3.7967866439,"DEF":6.9473117314,"REB":10.7440983754,"AST":1.0501750292,"TO":2.7466116148,"STL":0.5654788619,"BLK":0.8078269455,"STK":1.3733058074,"PF":2.6658289202,"Fls on:":3.1505250875,"+\/-":5.6547886186,"GW":7.0,"GP":13.0},"K. Paranada":{"TEAM":"UST","MINS":11.394047619,"FGM":4.5136349389,"FGA":10.5318148574,"FG%":42.8571428571,"2PM":1.6926131021,"2PA":3.9494305715,"2P%":42.8571428571,"3PM":2.8210218368,"3PA":6.5823842859,"3P%":42.8571428571,"FTM":1.5045449796,"FTA":2.8210218368,"FT%":53.3333333333,"PTS":13.3528366942,"OFF":0.3761362449,"DEF":2.4448855919,"REB":2.8210218368,"AST":5.4539755511,"TO":3.5732943266,"STL":0.9403406123,"BLK":0.0,"STK":0.9403406123,"PF":3.7613624491,"Fls on:":2.068749347,"+\/-":-2.068749347,"GW":7.0,"GP":14.0},"C. Manaytay":{"TEAM":"UST","MINS":21.5833333333,"FGM":4.1698841699,"FGA":9.332597904,"FG%":44.6808510638,"2PM":3.3756205185,"2PA":7.1483728627,"2P%":47.2222222222,"3PM":0.7942636514,"3PA":2.1842250414,"3P%":36.3636363636,"FTM":2.4820739106,"FTA":3.3756205185,"FT%":73.5294117647,"PTS":11.6161059018,"OFF":2.1842250414,"DEF":3.3756205185,"REB":5.5598455598,"AST":1.6878102592,"TO":2.9784886928,"STL":1.1913954771,"BLK":0.2978488693,"STK":1.4892443464,"PF":3.6734693878,"Fls on:":2.9784886928,"+\/-":-0.9928295643,"GW":7.0,"GP":14.0},"A. Acido":{"TEAM":"UST","MINS":9.9404761905,"FGM":3.4491017964,"FGA":10.9940119761,"FG%":31.3725490196,"2PM":0.8622754491,"2PA":2.5868263473,"2P%":33.3333333333,"3PM":2.5868263473,"3PA":8.4071856287,"3P%":30.7692307692,"FTM":1.0778443114,"FTA":1.5089820359,"FT%":71.4285714286,"PTS":10.5628742515,"OFF":1.9401197605,"DEF":3.6646706587,"REB":5.6047904192,"AST":2.371257485,"TO":1.2934131737,"STL":0.8622754491,"BLK":0.4311377246,"STK":1.2934131737,"PF":1.9401197605,"Fls on:":1.5089820359,"+\/-":-1.9401197605,"GW":7.0,"GP":14.0},"F. Padrigao":{"TEAM":"UST","MINS":27.2428571429,"FGM":3.5395909806,"FGA":11.4840062926,"FG%":30.8219178082,"2PM":1.809124279,"2PA":3.85422129,"2P%":46.9387755102,"3PM":1.7304667016,"3PA":7.6297850026,"3P%":22.6804123711,"FTM":0.8652333508,"FTA":1.4158363922,"FT%":61.1111111111,"PTS":9.6748820136,"OFF":0.5506030414,"DEF":3.0676455165,"REB":3.6182485579,"AST":6.6858940745,"TO":3.1463030939,"STL":1.6518091243,"BLK":0.0,"STK":1.6518091243,"PF":2.3597273204,"Fls on:":2.8316727845,"+\/-":2.2810697431,"GW":7.0,"GP":14.0},"G. Danting":{"TEAM":"UST","MINS":8.1203703704,"FGM":2.8734321551,"FGA":6.157354618,"FG%":46.6666666667,"2PM":0.8209806157,"2PA":1.2314709236,"2P%":66.6666666667,"3PM":2.0524515393,"3PA":4.9258836944,"3P%":41.6666666667,"FTM":1.2314709236,"FTA":2.4629418472,"FT%":50.0,"PTS":9.0307867731,"OFF":0.4104903079,"DEF":4.1049030787,"REB":4.5153933866,"AST":0.0,"TO":1.6419612315,"STL":1.2314709236,"BLK":0.0,"STK":1.2314709236,"PF":2.8734321551,"Fls on:":2.4629418472,"+\/-":-1.2314709236,"GW":3.0,"GP":9.0},"E. Laure":{"TEAM":"UST","MINS":3.5729166667,"FGM":4.1982507289,"FGA":9.4460641399,"FG%":44.4444444444,"2PM":4.1982507289,"2PA":9.4460641399,"2P%":44.4444444444,"3PM":0.0,"3PA":0.0,"3P%":0.0,"FTM":0.0,"FTA":0.0,"FT%":0.0,"PTS":8.3965014577,"OFF":2.0991253644,"DEF":7.3469387755,"REB":9.4460641399,"AST":1.0495626822,"TO":1.0495626822,"STL":0.0,"BLK":0.0,"STK":0.0,"PF":8.3965014577,"Fls on:":0.0,"+\/-":-24.1399416909,"GW":3.0,"GP":8.0},"C. Lane":{"TEAM":"UST","MINS":7.2516666667,"FGM":2.4821880028,"FGA":6.2054700069,"FG%":40.0,"2PM":1.6547920018,"2PA":3.3095840037,"2P%":50.0,"3PM":0.8273960009,"3PA":2.8958860032,"3P%":28.5714285714,"FTM":2.4821880028,"FTA":3.3095840037,"FT%":75.0,"PTS":8.2739600092,"OFF":1.2410940014,"DEF":2.0684900023,"REB":3.3095840037,"AST":1.6547920018,"TO":1.2410940014,"STL":1.2410940014,"BLK":0.0,"STK":1.2410940014,"PF":2.4821880028,"Fls on:":2.0684900023,"+\/-":16.5479200184,"GW":5.0,"GP":10.0},"G. Crisostomo":{"TEAM":"UST","MINS":19.0738095238,"FGM":2.9209836475,"FGA":6.5160404444,"FG%":44.8275862069,"2PM":2.5839470728,"2PA":5.2802396705,"2P%":48.9361702128,"3PM":0.3370365747,"3PA":1.2358007739,"3P%":27.2727272727,"FTM":1.0111097241,"FTA":1.4604918237,"FT%":69.2307692308,"PTS":7.1901135938,"OFF":3.0333291724,"DEF":7.7518412183,"REB":10.7851703907,"AST":0.8987641992,"TO":1.123455249,"STL":0.6740731494,"BLK":1.3481462988,"STK":2.0222194483,"PF":4.1567844214,"Fls on:":1.9098739234,"+\/-":3.7074023218,"GW":7.0,"GP":14.0},"M. Pangilinan":{"TEAM":"UST","MINS":8.9654761905,"FGM":1.9120966671,"FGA":7.6483866684,"FG%":25.0,"2PM":0.0,"2PA":0.4780241668,"2P%":0.0,"3PM":1.9120966671,"3PA":7.1703625017,"3P%":26.6666666667,"FTM":1.1950604169,"FTA":1.6730845837,"FT%":71.4285714286,"PTS":6.9313504183,"OFF":0.9560483336,"DEF":3.3461691674,"REB":4.302217501,"AST":1.1950604169,"TO":2.3901208339,"STL":0.9560483336,"BLK":0.2390120834,"STK":1.1950604169,"PF":3.8241933342,"Fls on:":0.9560483336,"+\/-":-6.2143141681,"GW":7.0,"GP":14.0},"M. Llemit":{"TEAM":"UST","MINS":15.2785714286,"FGM":2.1037868163,"FGA":6.8723702665,"FG%":30.612244898,"2PM":0.9817671809,"2PA":3.5063113604,"2P%":28.0,"3PM":1.1220196353,"3PA":3.366058906,"3P%":33.3333333333,"FTM":1.4025245442,"FTA":2.5245441795,"FT%":55.5555555556,"PTS":6.7321178121,"OFF":1.8232819074,"DEF":3.5063113604,"REB":5.3295932679,"AST":2.1037868163,"TO":1.2622720898,"STL":1.5427769986,"BLK":0.2805049088,"STK":1.8232819074,"PF":3.2258064516,"Fls on:":2.9453015428,"+\/-":-5.3295932679,"GW":7.0,"GP":14.0},"G. Robinson":{"TEAM":"UST","MINS":9.765,"FGM":2.1505376344,"FGA":6.7588325653,"FG%":31.8181818182,"2PM":1.8433179723,"2PA":4.3010752688,"2P%":42.8571428571,"3PM":0.3072196621,"3PA":2.4577572965,"3P%":12.5,"FTM":1.8433179723,"FTA":3.3794162826,"FT%":54.5454545455,"PTS":6.4516129032,"OFF":1.5360983103,"DEF":3.6866359447,"REB":5.222734255,"AST":2.4577572965,"TO":1.2288786482,"STL":0.9216589862,"BLK":0.0,"STK":0.9216589862,"PF":3.9938556068,"Fls on:":2.7649769585,"+\/-":-6.1443932412,"GW":3.0,"GP":10.0},"L. Estacio":{"TEAM":"UST","MINS":9.2269230769,"FGM":1.7507294706,"FGA":6.5027094623,"FG%":26.9230769231,"2PM":0.7503126303,"2PA":1.2505210504,"2P%":60.0,"3PM":1.0004168403,"3PA":5.2521884118,"3P%":19.0476190476,"FTM":0.2501042101,"FTA":0.2501042101,"FT%":100.0,"PTS":4.7519799917,"OFF":0.7503126303,"DEF":3.001250521,"REB":3.7515631513,"AST":3.001250521,"TO":2.0008336807,"STL":1.2505210504,"BLK":0.2501042101,"STK":1.5006252605,"PF":2.751146311,"Fls on:":1.2505210504,"+\/-":-3.001250521,"GW":7.0,"GP":13.0},"I. Calum":{"TEAM":"UST","MINS":4.77,"FGM":1.2578616352,"FGA":3.7735849057,"FG%":33.3333333333,"2PM":1.2578616352,"2PA":2.5157232704,"2P%":50.0,"3PM":0.0,"3PA":1.2578616352,"3P%":0.0,"FTM":0.0,"FTA":0.0,"FT%":0.0,"PTS":2.5157232704,"OFF":5.0314465409,"DEF":2.5157232704,"REB":7.5471698113,"AST":2.5157232704,"TO":0.0,"STL":2.5157232704,"BLK":0.0,"STK":2.5157232704,"PF":5.0314465409,"Fls on:":1.2578616352,"+\/-":-10.0628930818,"GW":2.0,"GP":5.0},"Z. Mahmood":{"TEAM":"UST","MINS":3.9,"FGM":1.0989010989,"FGA":4.3956043956,"FG%":25.0,"2PM":1.0989010989,"2PA":3.2967032967,"2P%":33.3333333333,"3PM":0.0,"3PA":1.0989010989,"3P%":0.0,"FTM":0.0,"FTA":0.0,"FT%":0.0,"PTS":2.1978021978,"OFF":1.0989010989,"DEF":4.3956043956,"REB":5.4945054945,"AST":0.0,"TO":2.1978021978,"STL":1.0989010989,"BLK":0.0,"STK":1.0989010989,"PF":4.3956043956,