{"N. Cabanero":{"TEAM":"UST","MINS":29.7805555555,"FGM":5.8333333333,"FGA":14.1666666667,"FG%":41.1764705882,"2PM":4.9166666667,"2PA":9.6666666667,"2P%":50.8620689655,"3PM":0.9166666667,"3PA":4.5,"3P%":20.3703703704,"FTM":3.0833333333,"FTA":5.0,"FT%":61.6666666667,"PTS":15.6666666667,"OFF":1.6666666667,"DEF":3.3333333333,"REB":5.0,"AST":2.0,"TO":1.1666666667,"STL":1.0,"BLK":0.0833333333,"STK":1.0833333333,"PF":2.0833333333,"Fls on:":4.6666666667,"+\/-":3.3333333333,"GW":5.0,"GP":12.0},"M. Tounkara":{"TEAM":"UST","MINS":28.8833333333,"FGM":6.0,"FGA":12.0909090909,"FG%":49.6240601504,"2PM":5.0909090909,"2PA":9.4545454545,"2P%":53.8461538462,"3PM":0.9090909091,"3PA":2.6363636364,"3P%":34.4827586207,"FTM":1.8181818182,"FTA":2.5454545455,"FT%":71.4285714286,"PTS":14.7272727273,"OFF":3.0,"DEF":6.7272727273,"REB":9.7272727273,"AST":1.0909090909,"TO":2.5454545455,"STL":0.5454545455,"BLK":0.6363636364,"STK":1.1818181818,"PF":2.4545454545,"Fls on:":2.7272727273,"+\/-":4.9090909091,"GW":5.0,"GP":11.0},"F. Padrigao":{"TEAM":"UST","MINS":26.7944444444,"FGM":3.25,"FGA":10.25,"FG%":31.7073170732,"2PM":1.5833333333,"2PA":3.4166666667,"2P%":46.3414634146,"3PM":1.6666666667,"3PA":6.8333333333,"3P%":24.3902439024,"FTM":0.9166666667,"FTA":1.5,"FT%":61.1111111111,"PTS":9.0833333333,"OFF":0.4166666667,"DEF":2.8333333333,"REB":3.25,"AST":6.0833333333,"TO":2.9166666667,"STL":1.4166666667,"BLK":0.0,"STK":1.4166666667,"PF":2.0,"Fls on:":2.75,"+\/-":1.3333333333,"GW":5.0,"GP":12.0},"C. Manaytay":{"TEAM":"UST","MINS":21.2972222222,"FGM":3.0,"FGA":6.5833333333,"FG%":45.5696202532,"2PM":2.4166666667,"2PA":5.0833333333,"2P%":47.5409836066,"3PM":0.5833333333,"3PA":1.5,"3P%":38.8888888889,"FTM":1.8333333333,"FTA":2.4166666667,"FT%":75.8620689655,"PTS":8.4166666667,"OFF":1.5,"DEF":2.3333333333,"REB":3.8333333333,"AST":1.25,"TO":2.0,"STL":1.0,"BLK":0.25,"STK":1.25,"PF":2.5,"Fls on:":2.1666666667,"+\/-":-1.4166666667,"GW":5.0,"GP":12.0},"K. Paranada":{"TEAM":"UST","MINS":11.0583333333,"FGM":1.6666666667,"FGA":3.75,"FG%":44.4444444444,"2PM":0.75,"2PA":1.5,"2P%":50.0,"3PM":0.9166666667,"3PA":2.25,"3P%":40.7407407407,"FTM":0.6666666667,"FTA":1.0,"FT%":66.6666666667,"PTS":4.9166666667,"OFF":0.1666666667,"DEF":0.9166666667,"REB":1.0833333333,"AST":1.9166666667,"TO":1.5833333333,"STL":0.4166666667,"BLK":0.0,"STK":0.4166666667,"PF":1.25,"Fls on:":0.8333333333,"+\/-":-2.75,"GW":5.0,"GP":12.0},"G. Crisostomo":{"TEAM":"UST","MINS":18.2916666667,"FGM":1.5,"FGA":3.5833333333,"FG%":41.8604651163,"2PM":1.3333333333,"2PA":2.9166666667,"2P%":45.7142857143,"3PM":0.1666666667,"3PA":0.6666666667,"3P%":25.0,"FTM":0.5833333333,"FTA":0.9166666667,"FT%":63.6363636364,"PTS":3.75,"OFF":1.75,"DEF":4.75,"REB":6.5,"AST":0.6666666667,"TO":0.6666666667,"STL":0.3333333333,"BLK":0.8333333333,"STK":1.1666666667,"PF":2.6666666667,"Fls on:":1.25,"+\/-":-0.3333333333,"GW":5.0,"GP":12.0},"M. Llemit":{"TEAM":"UST","MINS":15.425,"FGM":1.0833333333,"FGA":3.75,"FG%":28.8888888889,"2PM":0.5,"2PA":1.9166666667,"2P%":26.0869565217,"3PM":0.5833333333,"3PA":1.8333333333,"3P%":31.8181818182,"FTM":0.5833333333,"FTA":1.0833333333,"FT%":53.8461538462,"PTS":3.3333333333,"OFF":1.0833333333,"DEF":1.9166666667,"REB":3.0,"AST":1.0833333333,"TO":0.75,"STL":0.6666666667,"BLK":0.1666666667,"STK":0.8333333333,"PF":1.75,"Fls on:":1.5,"+\/-":-4.6666666667,"GW":5.0,"GP":12.0},"A. Acido":{"TEAM":"UST","MINS":9.9652777778,"FGM":0.9166666667,"FGA":3.6666666667,"FG%":25.0,"2PM":0.25,"2PA":0.9166666667,"2P%":27.2727272727,"3PM":0.6666666667,"3PA":2.75,"3P%":24.2424242424,"FTM":0.4166666667,"FTA":0.5833333333,"FT%":71.4285714286,"PTS":2.9166666667,"OFF":0.75,"DEF":1.1666666667,"REB":1.9166666667,"AST":0.6666666667,"TO":0.5,"STL":0.25,"BLK":0.0833333333,"STK":0.3333333333,"PF":0.5833333333,"Fls on:":0.5833333333,"+\/-":-2.1666666667,"GW":5.0,"GP":12.0},"G. Danting":{"TEAM":"UST","MINS":7.2071428571,"FGM":0.8571428571,"FGA":1.8571428571,"FG%":46.1538461538,"2PM":0.2857142857,"2PA":0.4285714286,"2P%":66.6666666667,"3PM":0.5714285714,"3PA":1.4285714286,"3P%":40.0,"FTM":0.1428571429,"FTA":0.4285714286,"FT%":33.3333333333,"PTS":2.4285714286,"OFF":0.1428571429,"DEF":1.1428571429,"REB":1.2857142857,"AST":0.0,"TO":0.5714285714,"STL":0.1428571429,"BLK":0.0,"STK":0.1428571429,"PF":0.4285714286,"Fls on:":0.7142857143,"+\/-":-0.4285714286,"GW":1.0,"GP":7.0},"M. Pangilinan":{"TEAM":"UST","MINS":9.7486111111,"FGM":0.6666666667,"FGA":2.5833333333,"FG%":25.8064516129,"2PM":0.0,"2PA":0.1666666667,"2P%":0.0,"3PM":0.6666666667,"3PA":2.4166666667,"3P%":27.5862068966,"FTM":0.25,"FTA":0.4166666667,"FT%":60.0,"PTS":2.25,"OFF":0.3333333333,"DEF":1.1666666667,"REB":1.5,"AST":0.3333333333,"TO":0.8333333333,"STL":0.3333333333,"BLK":0.0833333333,"STK":0.4166666667,"PF":1.1666666667,"Fls on:":0.3333333333,"+\/-":-2.6666666667,"GW":5.0,"GP":12.0},"C. Lane":{"TEAM":"UST","MINS":7.9055555555,"FGM":0.6666666667,"FGA":1.6666666667,"FG%":40.0,"2PM":0.4444444444,"2PA":0.8888888889,"2P%":50.0,"3PM":0.2222222222,"3PA":0.7777777778,"3P%":28.5714285714,"FTM":0.6666666667,"FTA":0.8888888889,"FT%":75.0,"PTS":2.2222222222,"OFF":0.3333333333,"DEF":0.5555555556,"REB":0.8888888889,"AST":0.4444444444,"TO":0.3333333333,"STL":0.3333333333,"BLK":0.0,"STK":0.3333333333,"PF":0.6666666667,"Fls on:":0.5555555556,"+\/-":4.0,"GW":4.0,"GP":9.0},"G. Robinson":{"TEAM":"UST","MINS":9.765,"FGM":0.7,"FGA":2.2,"FG%":31.8181818182,"2PM":0.6,"2PA":1.4,"2P%":42.8571428571,"3PM":0.1,"3PA":0.8,"3P%":12.5,"FTM":0.6,"FTA":1.1,"FT%":54.5454545455,"PTS":2.1,"OFF":0.5,"DEF":1.2,"REB":1.7,"AST":0.8,"TO":0.4,"STL":0.3,"BLK":0.0,"STK":0.3,"PF":1.3,"Fls on:":0.9,"+\/-":-2.0,"GW":3.0,"GP":10.0},"L. Estacio":{"TEAM":"UST","MINS":9.096969697,"FGM":0.5454545455,"FGA":2.0909090909,"FG%":26.0869565217,"2PM":0.2727272727,"2PA":0.4545454545,"2P%":60.0,"3PM":0.2727272727,"3PA":1.6363636364,"3P%":16.6666666667,"FTM":0.0909090909,"FTA":0.0909090909,"FT%":100.0,"PTS":1.4545454545,"OFF":0.1818181818,"DEF":0.7272727273,"REB":0.9090909091,"AST":1.0,"TO":0.6363636364,"STL":0.4545454545,"BLK":0.0909090909,"STK":0.5454545455,"PF":0.8181818182,"Fls on:":0.4545454545,"+\/-":-1.8181818182,"GW":5.0,"GP":11.0},"E. Laure":{"TEAM":"UST","MINS":3.8880952381,"FGM":0.5714285714,"FGA":1.2857142857,"FG%":44.4444444444,"2PM":0.5714285714,"2PA":1.2857142857,"2P%":44.4444444444,"3PM":0.0,"3PA":0.0,"3P%":0.0,"FTM":0.0,"FTA":0.0,"FT%":0.0,"PTS":1.1428571429,"OFF":0.2857142857,"DEF":0.8571428571,"REB":1.1428571429,"AST":0.1428571429,"TO":0.1428571429,"STL":0.0,"BLK":0.0,"STK":0.0,"PF":1.1428571429,"Fls on:":0.0,"+\/-":-3.8571428571,"GW":2.0,"GP":7.0},"I. Calum":{"TEAM":"UST","MINS":4.77,"FGM":0.2,"FGA":0.6,"FG%":33.3333333333,"2PM":0.2,"2PA":0.4,"2P%":50.0,"3PM":0.0,"3PA":0.2,"3P%":0.0,"FTM":0.0,"FTA":0.0,"FT%":0.0,"PTS":0.4,"OFF":0.8,"DEF":0.4,"REB":1.2,"AST":0.4,"TO":0.0,"STL":0.4,"BLK":0.0,"STK":0.4,"PF":0.8,"Fls on:":0.2,"+\/-":-1.6,"GW":2.0,"GP":5.0},"Z. Mahmood":{"TEAM":"UST","MINS":3.9,"FGM":0.1428571429,"FGA":0.5714285714,"FG%":25.0,"2PM":0.1428571429,"2PA":0.4285714286,"2P%":33.3333333333,"3PM":0.0,"3PA":0.1428571429,"3P%":0.0,"FTM":0.0,"FTA":0.0,"FT%":0.0,"PTS":0.2857142857,"OFF":0.1428571429,"DEF":0.5714285714,"REB":0.7142857143,"AST":0.0,"TO":0.2857142857,"STL":0.1428571429,"BLK":0.0,"STK":0.1428571429,"PF":0.5714285714,"Fls on:":0.1428571429,"+\/-":-1.4285714286,"GW":1.0,"GP":7.0}}