{"N. Cabanero":{"TEAM":"UST","MINS":30.1474358974,"FGM":5.9706570274,"FGA":14.2377206039,"FG%":41.935483871,"2PM":4.9755475229,"2PA":9.7214543908,"2P%":51.1811023622,"3PM":0.9951095046,"3PA":4.5162662131,"3P%":22.0338983051,"FTM":3.5211567085,"FTA":5.6644694876,"FT%":62.1621621622,"PTS":16.4575802679,"OFF":1.7605783542,"DEF":3.4446098235,"REB":5.2051881778,"AST":1.9136721242,"TO":1.2247501595,"STL":0.9185626196,"BLK":0.076546885,"STK":0.9951095046,"PF":1.9136721242,"Fls on:":5.1286412928,"+\/-":3.9038911333,"GW":6.0,"GP":13.0},"M. Tounkara":{"TEAM":"UST","MINS":28.3833333333,"FGM":6.077510276,"FGA":12.9477392836,"FG%":46.9387755102,"2PM":5.1967116853,"2PA":10.1291837933,"2P%":51.3043478261,"3PM":0.8807985907,"3PA":2.8185554903,"3P%":31.25,"FTM":1.8496770405,"FTA":2.8185554903,"FT%":65.625,"PTS":14.8854961832,"OFF":3.3470346447,"DEF":7.1344685849,"REB":10.4815032296,"AST":1.0569583089,"TO":2.8185554903,"STL":0.5284791544,"BLK":0.6165590135,"STK":1.1450381679,"PF":2.6423957722,"Fls on:":2.9066353494,"+\/-":4.932472108,"GW":6.0,"GP":12.0},"K. Paranada":{"TEAM":"UST","MINS":10.7884615385,"FGM":4.4919786096,"FGA":10.2673796792,"FG%":43.75,"2PM":1.9251336898,"2PA":4.064171123,"2P%":47.3684210526,"3PM":2.5668449198,"3PA":6.2032085562,"3P%":41.3793103448,"FTM":1.7112299465,"FTA":3.2085561497,"FT%":53.3333333333,"PTS":13.2620320856,"OFF":0.4278074866,"DEF":2.3529411765,"REB":2.7807486631,"AST":4.9197860963,"TO":4.064171123,"STL":1.0695187166,"BLK":0.0,"STK":1.0695187166,"PF":4.2780748663,"Fls on:":2.3529411765,"+\/-":-7.2727272727,"GW":6.0,"GP":13.0},"C. Manaytay":{"TEAM":"UST","MINS":21.5,"FGM":4.1860465116,"FGA":9.4454382827,"FG%":44.3181818182,"2PM":3.3273703041,"2PA":7.2987477639,"2P%":45.5882352941,"3PM":0.8586762075,"3PA":2.1466905188,"3P%":40.0,"FTM":2.6833631485,"FTA":3.542039356,"FT%":75.7575757576,"PTS":11.9141323793,"OFF":2.2540250447,"DEF":3.4347048301,"REB":5.6887298748,"AST":1.717352415,"TO":3.0053667263,"STL":1.2880143113,"BLK":0.3220035778,"STK":1.6100178891,"PF":3.7567084079,"Fls on:":3.0053667263,"+\/-":-1.717352415,"GW":6.0,"GP":13.0},"F. Padrigao":{"TEAM":"UST","MINS":27.3666666667,"FGM":3.541647147,"FGA":11.2995408976,"FG%":31.3432835821,"2PM":1.7708235735,"2PA":3.7102970111,"2P%":47.7272727273,"3PM":1.7708235735,"3PA":7.5892438864,"3P%":23.3333333333,"FTM":0.9275742528,"FTA":1.5178487773,"FT%":61.1111111111,"PTS":9.7816921203,"OFF":0.5902745245,"DEF":3.1200224866,"REB":3.7102970111,"AST":6.6616696337,"TO":3.2043474187,"STL":1.6021737094,"BLK":0.0,"STK":1.6021737094,"PF":2.2767731659,"Fls on:":2.9513726225,"+\/-":2.0237983697,"GW":6.0,"GP":13.0},"G. Danting":{"TEAM":"UST","MINS":8.55625,"FGM":3.0679327977,"FGA":6.1358655953,"FG%":50.0,"2PM":0.8765522279,"2PA":1.3148283419,"2P%":66.6666666667,"3PM":2.1913805698,"3PA":4.8210372535,"3P%":45.4545454545,"FTM":1.3148283419,"FTA":2.6296566837,"FT%":50.0,"PTS":9.642074507,"OFF":0.438276114,"DEF":3.9444850256,"REB":4.3827611395,"AST":0.0,"TO":1.7531044558,"STL":1.3148283419,"BLK":0.0,"STK":1.3148283419,"PF":2.6296566837,"Fls on:":2.6296566837,"+\/-":4.3827611395,"GW":2.0,"GP":8.0},"E. Laure":{"TEAM":"UST","MINS":3.8880952381,"FGM":4.4090630741,"FGA":9.9203919167,"FG%":44.4444444444,"2PM":4.4090630741,"2PA":9.9203919167,"2P%":44.4444444444,"3PM":0.0,"3PA":0.0,"3P%":0.0,"FTM":0.0,"FTA":0.0,"FT%":0.0,"PTS":8.8181261482,"OFF":2.204531537,"DEF":6.6135946111,"REB":8.8181261482,"AST":1.1022657685,"TO":1.1022657685,"STL":0.0,"BLK":0.0,"STK":0.0,"PF":8.8181261482,"Fls on:":0.0,"+\/-":-29.7611757501,"GW":2.0,"GP":7.0},"C. Lane":{"TEAM":"UST","MINS":7.9055555555,"FGM":2.5298664793,"FGA":6.3246661982,"FG%":40.0,"2PM":1.6865776528,"2PA":3.3731553057,"2P%":50.0,"3PM":0.8432888264,"3PA":2.9515108925,"3P%":28.5714285714,"FTM":2.5298664793,"FTA":3.3731553057,"FT%":75.0,"PTS":8.4328882642,"OFF":1.2649332396,"DEF":2.1082220661,"REB":3.3731553057,"AST":1.6865776528,"TO":1.2649332396,"STL":1.2649332396,"BLK":0.0,"STK":1.2649332396,"PF":2.5298664793,"Fls on:":2.1082220661,"+\/-":15.1791988756,"GW":4.0,"GP":9.0},"A. Acido":{"TEAM":"UST","MINS":9.6371794872,"FGM":2.6340295331,"FGA":10.7755753625,"FG%":24.4444444444,"2PM":0.7183716908,"2PA":2.6340295331,"2P%":27.2727272727,"3PM":1.9156578422,"3PA":8.1415458295,"3P%":23.5294117647,"FTM":1.1972861514,"FTA":1.6762006119,"FT%":71.4285714286,"PTS":8.3810030597,"OFF":2.1551150725,"DEF":3.5918584542,"REB":5.7469735267,"AST":2.3945723028,"TO":1.4367433817,"STL":0.7183716908,"BLK":0.2394572303,"STK":0.9578289211,"PF":2.1551150725,"Fls on:":1.6762006119,"+\/-":-6.7048024478,"GW":6.0,"GP":13.0},"G. Crisostomo":{"TEAM":"UST","MINS":18.7756410256,"FGM":2.9498122226,"FGA":6.3912598156,"FG%":46.1538461538,"2PM":2.7039945374,"2PA":5.2850802322,"2P%":51.1627906977,"3PM":0.2458176852,"3PA":1.1061795835,"3P%":22.2222222222,"FTM":1.1061795835,"FTA":1.5978149539,"FT%":69.2307692308,"PTS":7.2516217139,"OFF":2.9498122226,"DEF":7.4974393991,"REB":10.4472516217,"AST":0.9832707409,"TO":1.1061795835,"STL":0.7374530557,"BLK":1.3519972687,"STK":2.0894503243,"PF":4.4247183339,"Fls on:":2.0894503243,"+\/-":0.9832707409,"GW":6.0,"GP":13.0},"M. Pangilinan":{"TEAM":"UST","MINS":9.4846153846,"FGM":1.9464720195,"FGA":7.7858880779,"FG%":25.0,"2PM":0.0,"2PA":0.4866180049,"2P%":0.0,"3PM":1.9464720195,"3PA":7.299270073,"3P%":26.6666666667,"FTM":1.2165450122,"FTA":1.703163017,"FT%":71.4285714286,"PTS":7.0559610706,"OFF":0.9732360097,"DEF":3.4063260341,"REB":4.3795620438,"AST":1.2165450122,"TO":2.4330900243,"STL":0.9732360097,"BLK":0.2433090024,"STK":1.2165450122,"PF":3.6496350365,"Fls on:":0.9732360097,"+\/-":-7.0559610706,"GW":6.0,"GP":13.0},"G. Robinson":{"TEAM":"UST","MINS":9.765,"FGM":2.1505376344,"FGA":6.7588325653,"FG%":31.8181818182,"2PM":1.8433179723,"2PA":4.3010752688,"2P%":42.8571428571,"3PM":0.3072196621,"3PA":2.4577572965,"3P%":12.5,"FTM":1.8433179723,"FTA":3.3794162826,"FT%":54.5454545455,"PTS":6.4516129032,"OFF":1.5360983103,"DEF":3.6866359447,"REB":5.222734255,"AST":2.4577572965,"TO":1.2288786482,"STL":0.9216589862,"BLK":0.0,"STK":0.9216589862,"PF":3.9938556068,"Fls on:":2.7649769585,"+\/-":-6.1443932412,"GW":3.0,"GP":10.0},"M. Llemit":{"TEAM":"UST","MINS":14.9679487179,"FGM":2.0042826552,"FGA":6.9379014989,"FG%":28.8888888889,"2PM":0.9250535332,"2PA":3.5460385439,"2P%":26.0869565217,"3PM":1.0792291221,"3PA":3.391862955,"3P%":31.8181818182,"FTM":1.2334047109,"FTA":2.312633833,"FT%":53.3333333333,"PTS":6.3211991435,"OFF":2.0042826552,"DEF":3.7002141328,"REB":5.704496788,"AST":2.0042826552,"TO":1.3875802998,"STL":1.3875802998,"BLK":0.3083511777,"STK":1.6959314775,"PF":3.2376873662,"Fls on:":2.9293361884,"+\/-":-8.6338329764,"GW":6.0,"GP":13.0},"L. Estacio":{"TEAM":"UST","MINS":9.3944444445,"FGM":1.5966883501,"FGA":6.3867534003,"FG%":25.0,"2PM":0.798344175,"2PA":1.3305736251,"2P%":60.0,"3PM":0.798344175,"3PA":5.0561797753,"3P%":15.7894736842,"FTM":0.266114725,"FTA":0.266114725,"FT%":100.0,"PTS":4.2578356002,"OFF":0.798344175,"DEF":2.9272619752,"REB":3.7256061502,"AST":3.1933767002,"TO":2.1289178001,"STL":1.3305736251,"BLK":0.266114725,"STK":1.5966883501,"PF":2.9272619752,"Fls on:":1.3305736251,"+\/-":-5.8545239503,"GW":6.0,"GP":12.0},"I. Calum":{"TEAM":"UST","MINS":4.77,"FGM":1.2578616352,"FGA":3.7735849057,"FG%":33.3333333333,"2PM":1.2578616352,"2PA":2.5157232704,"2P%":50.0,"3PM":0.0,"3PA":1.2578616352,"3P%":0.0,"FTM":0.0,"FTA":0.0,"FT%":0.0,"PTS":2.5157232704,"OFF":5.0314465409,"DEF":2.5157232704,"REB":7.5471698113,"AST":2.5157232704,"TO":0.0,"STL":2.5157232704,"BLK":0.0,"STK":2.5157232704,"PF":5.0314465409,"Fls on:":1.2578616352,"+\/-":-10.0628930818,"GW":2.0,"GP":5.0},"Z. Mahmood":{"TEAM":"UST","MINS":3.9,"FGM":1.0989010989,"FGA":4.3956043956,"FG%":25.0,"2PM":1.0989010989,"2PA":3.2967032967,"2P%":33.3333333333,"3PM":0.0,"3PA":1.0989010989,"3P%":0.0,"FTM":0.0,"FTA":0.0,"FT%":0.0,"PTS":2.1978021978,"OFF":1.0989010989,"DEF":4.3956043956,"REB":5.4945054945,"AST":0.0,"TO":2.1978021978,"STL":1.0989010989,"BLK":0.0,"STK":1.0989010989,"PF":4.3956043956,"Fls on:":1.0989010989,"+\/-":-10.989010989,