{"A. Acido":{"TEAM":"UST","MINS":9.6388888889,"FGM":2.4207492795,"FGA":9.3371757925,"FG%":25.9259259259,"2PM":0.6916426513,"2PA":1.7291066282,"2P%":40.0,"3PM":1.7291066282,"3PA":7.6080691643,"3P%":22.7272727273,"FTM":1.3832853026,"FTA":1.3832853026,"FT%":100.0,"PTS":7.9538904899,"OFF":1.3832853026,"DEF":4.1498559078,"REB":5.5331412104,"AST":1.7291066282,"TO":1.7291066282,"STL":1.0374639769,"BLK":0.3458213256,"STK":1.3832853026,"PF":1.7291066282,"Fls on:":1.7291066282,"+\/-":-5.878962536,"GP":9.0},"M. Tounkara":{"TEAM":"UST","MINS":27.9759259259,"FGM":6.5532534587,"FGA":12.7490567287,"FG%":51.4018691589,"2PM":5.4809028927,"2PA":10.0086052823,"2P%":54.7619047619,"3PM":1.072350566,"3PA":2.7404514463,"3P%":39.1304347826,"FTM":2.025551069,"FTA":2.8596015092,"FT%":70.8333333333,"PTS":16.2044085523,"OFF":2.9787515721,"DEF":6.19580327,"REB":9.1745548421,"AST":1.072350566,"TO":2.6213013835,"STL":0.7149003773,"BLK":0.4766002515,"STK":1.1915006288,"PF":2.7404514463,"Fls on:":2.8596015092,"+\/-":3.5745018865,"GP":9.0},"M. Pangilinan":{"TEAM":"UST","MINS":10.1518518518,"FGM":1.970083911,"FGA":8.2086829624,"FG%":24.0,"2PM":0.0,"2PA":0.656694637,"2P%":0.0,"3PM":1.970083911,"3PA":7.5519883254,"3P%":26.0869565217,"FTM":0.9850419555,"FTA":1.6417365925,"FT%":60.0,"PTS":6.8952936884,"OFF":0.9850419555,"DEF":3.940167822,"REB":4.9252097775,"AST":1.313389274,"TO":2.626778548,"STL":1.313389274,"BLK":0.0,"STK":1.313389274,"PF":3.940167822,"Fls on:":1.313389274,"+\/-":-5.253557096,"GP":9.0},"M. Llemit":{"TEAM":"UST","MINS":17.6222222222,"FGM":2.4590163934,"FGA":7.7553593947,"FG%":31.7073170732,"2PM":1.1349306431,"2PA":3.7831021438,"2P%":30.0,"3PM":1.3240857503,"3PA":3.9722572509,"3P%":33.3333333333,"FTM":1.3240857503,"FTA":2.0807061791,"FT%":63.6363636364,"PTS":7.5662042875,"OFF":1.7023959647,"DEF":3.7831021438,"REB":5.4854981084,"AST":2.4590163934,"TO":1.3240857503,"STL":1.3240857503,"BLK":0.3783102144,"STK":1.7023959647,"PF":3.5939470366,"Fls on:":3.026481715,"+\/-":-6.8095838588,"GP":9.0},"L. Estacio":{"TEAM":"UST","MINS":9.68125,"FGM":1.1620400258,"FGA":3.8734667527,"FG%":30.0,"2PM":0.7746933505,"2PA":1.1620400258,"2P%":66.6666666667,"3PM":0.3873466753,"3PA":2.7114267269,"3P%":14.2857142857,"FTM":0.3873466753,"FTA":0.3873466753,"FT%":100.0,"PTS":3.0987734022,"OFF":0.3873466753,"DEF":2.3240800516,"REB":2.7114267269,"AST":3.4861200775,"TO":1.5493867011,"STL":1.9367333764,"BLK":0.0,"STK":1.9367333764,"PF":2.3240800516,"Fls on:":1.5493867011,"+\/-":-4.260813428,"GP":8.0},"K. Paranada":{"TEAM":"UST","MINS":9.7518518518,"FGM":3.4181541967,"FGA":10.2544625902,"FG%":33.3333333333,"2PM":1.025446259,"2PA":3.4181541967,"2P%":30.0,"3PM":2.3927079377,"3PA":6.8363083935,"3P%":35.0,"FTM":1.7090770984,"FTA":3.0763387771,"FT%":55.5555555556,"PTS":10.9380934296,"OFF":0.6836308393,"DEF":2.050892518,"REB":2.7345233574,"AST":5.1272312951,"TO":3.7599696164,"STL":1.3672616787,"BLK":0.0,"STK":1.3672616787,"PF":3.4181541967,"Fls on:":2.3927079377,"+\/-":-9.9126471705,"GP":9.0},"I. Calum":{"TEAM":"UST","MINS":5.2916666667,"FGM":1.4173228346,"FGA":4.2519685039,"FG%":33.3333333333,"2PM":1.4173228346,"2PA":2.8346456693,"2P%":50.0,"3PM":0.0,"3PA":1.4173228346,"3P%":0.0,"FTM":0.0,"FTA":0.0,"FT%":0.0,"PTS":2.8346456693,"OFF":5.6692913386,"DEF":2.8346456693,"REB":8.5039370079,"AST":2.8346456693,"TO":0.0,"STL":1.4173228346,"BLK":0.0,"STK":1.4173228346,"PF":5.6692913386,"Fls on:":1.4173228346,"+\/-":-8.5039370079,"GP":4.0},"G. Robinson":{"TEAM":"UST","MINS":10.275,"FGM":2.5547445255,"FGA":7.6642335766,"FG%":33.3333333333,"2PM":2.1897810219,"2PA":5.1094890511,"2P%":42.8571428571,"3PM":0.3649635036,"3PA":2.5547445255,"3P%":14.2857142857,"FTM":1.4598540146,"FTA":3.2846715328,"FT%":44.4444444444,"PTS":6.9343065693,"OFF":1.4598540146,"DEF":3.6496350365,"REB":5.1094890511,"AST":1.8248175182,"TO":1.4598540146,"STL":1.0948905109,"BLK":0.0,"STK":1.0948905109,"PF":4.7445255474,"Fls on:":2.9197080292,"+\/-":-11.6788321168,"GP":8.0},"G. Danting":{"TEAM":"UST","MINS":8.09,"FGM":3.7082818294,"FGA":8.8998763906,"FG%":41.6666666667,"2PM":1.4833127318,"2PA":2.2249690977,"2P%":66.6666666667,"3PM":2.2249690977,"3PA":6.674907293,"3P%":33.3333333333,"FTM":0.7416563659,"FTA":2.2249690977,"FT%":33.3333333333,"PTS":10.3831891224,"OFF":0.0,"DEF":2.9666254635,"REB":2.9666254635,"AST":0.0,"TO":2.9666254635,"STL":0.7416563659,"BLK":0.0,"STK":0.7416563659,"PF":2.2249690977,"Fls on:":2.2249690977,"+\/-":2.2249690977,"GP":5.0},"G. Crisostomo":{"TEAM":"UST","MINS":17.8444444444,"FGM":2.9887920299,"FGA":6.9115815691,"FG%":43.2432432432,"2PM":2.801992528,"2PA":5.9775840598,"2P%":46.875,"3PM":0.1867995019,"3PA":0.9339975093,"3P%":20.0,"FTM":1.3075965131,"FTA":2.0547945205,"FT%":63.6363636364,"PTS":7.4719800747,"OFF":2.2415940224,"DEF":7.098381071,"REB":9.3399750934,"AST":0.7471980075,"TO":1.3075965131,"STL":0.5603985056,"BLK":0.9339975093,"STK":1.4943960149,"PF":4.296388543,"Fls on:":2.2415940224,"+\/-":-0.3735990037,"GP":9.0},"F. Padrigao":{"TEAM":"UST","MINS":26.3777777778,"FGM":3.7910699242,"FGA":11.8786857624,"FG%":31.914893617,"2PM":1.8955349621,"2PA":3.9174389217,"2P%":48.3870967742,"3PM":1.8955349621,"3PA":7.9612468408,"3P%":23.8095238095,"FTM":1.1373209773,"FTA":1.7691659646,"FT%":64.2857142857,"PTS":10.6149957877,"OFF":0.3791069924,"DEF":3.5383319292,"REB":3.9174389217,"AST":7.3294018534,"TO":3.5383319292,"STL":1.6427969671,"BLK":0.0,"STK":1.6427969671,"PF":2.2746419545,"Fls on:":2.7801179444,"+\/-":2.6537489469,"GP":9.0},"E. Laure":{"TEAM":"UST","MINS":3.02,"FGM":1.9867549669,"FGA":9.9337748344,"FG%":20.0,"2PM":1.9867549669,"2PA":9.9337748344,"2P%":20.0,"3PM":0.0,"3PA":0.0,"3P%":0.0,"FTM":0.0,"FTA":0.0,"FT%":0.0,"PTS":3.9735099338,"OFF":1.9867549669,"DEF":3.9735099338,"REB":5.9602649007,"AST":0.0,"TO":0.0,"STL":0.0,"BLK":0.0,"STK":0.0,"PF":11.9205298013,"Fls on:":0.0,"+\/-":-39.7350993377,"GP":5.0},"C. Manaytay":{"TEAM":"UST","MINS":20.0944444444,"FGM":4.3129665469,"FGA":8.9576997512,"FG%":48.1481481481,"2PM":3.3176665745,"2PA":6.8012164777,"2P%":48.7804878049,"3PM":0.9952999724,"3PA":2.1564832734,"3P%":46.1538461538,"FTM":2.8200165883,"FTA":3.649433232,"FT%":77.2727272727,"PTS":12.4412496544,"OFF":1.824716616,"DEF":3.1517832458,"REB":4.9764998618,"AST":2.3223666022,"TO":2.1564832734,"STL":1.4929499585,"BLK":0.1658833287,"STK":1.6588332873,"PF":3.3176665745,"Fls on:":3.649433232,"+\/-":-2.9858999171,"GP":9.0},"C. Lane":{"TEAM":"UST","MINS":7.4976190476,"FGM":2.2864401397,"FGA":6.2877103843,"FG%":36.3636363636,"2PM":1.7148301048,"2PA":4.0012702445,"2P%":42.8571428571,"3PM":0.5716100349,"3PA":2.2864401397,"3P%":25.0,"FTM":2.8580501747,"FTA":3.4296602096,"FT%":83.3333333333,"PTS":8.002540489,"OFF":1.1432200699,"DEF":2.2864401397,"REB":3.4296602096,"AST":2.2864401397,"TO":1.1432200699,"STL":1.7148301048,"BLK":0.0,"STK":1.7148301048,"PF":3.4296602096,"Fls on:":2.2864401397,"+\/-":12.5754207685,"GP":7.0},"N. Cabanero":{"TEAM":"UST","MINS":28.3222222222,"FGM":6.1200470773,"FGA":14.240878776,"FG%":42.9752066116,"2PM":5.2961945861,"2PA":10.0039231071,"2P%":52.9411764706,"3PM":0.8238524912,"3PA":4.2369556689,"3P%":19.4444444444,"FTM":2.8246371126,"FTA":5.0608081601,"FT%":55.8139534884,"PTS":15.8885837583,"OFF":2.3538642605,"DEF":3.5307963907,"REB":5.8846606512,"AST":2.0007846214,"TO":1.0592389172,"STL":1.0592389172,"BLK":0.117693213,"STK":1.1769321302,"PF":2.0007846214,"Fls on:":5.1785013731,"+\/-":1.1769321302,"GP":9.0},"Z. Mahmood":{"TEAM":"UST","MINS":4.2,"FGM":1.1904761905,"FGA":4.7619047619,"FG%":25.0,"2PM":1.1904761905,"2PA":3.5714285714,"2P%":33.3333333333,"3PM":0.0,"3PA":1.1904761905,"3P%":0.0,"FTM":0.0,"FTA":0.0,"FT%":0.0,"PTS":2.380952381,"OFF":1.1904761905,"DEF":4.7619047619,"REB":5.9523809524,"AST":0.0,"TO":2.380952381,"STL":1.1904761905,"BLK":0.0,"STK":1.1904761905,"PF":4.7619047619,"Fls on:":1.1904761905,"+\/-":-16.6666666667,"GP":6.0}}