{"A. Acido":{"TEAM":"UST","MINS":125.2833333333,"FGM":11.0,"FGA":45.0,"FG%":24.4444444444,"2PM":3.0,"2PA":11.0,"2P%":27.2727272727,"3PM":8.0,"3PA":34.0,"3P%":23.5294117647,"FTM":5.0,"FTA":7.0,"FT%":71.4285714286,"PTS":35.0,"OFF":9.0,"DEF":15.0,"REB":24.0,"AST":10.0,"TO":6.0,"STL":3.0,"BLK":1.0,"STK":4.0,"PF":9.0,"Fls on:":7.0,"+\/-":-28.0,"GW":6.0,"GP":13.0},"M. Tounkara":{"TEAM":"UST","MINS":340.6,"FGM":69.0,"FGA":147.0,"FG%":46.9387755102,"2PM":59.0,"2PA":115.0,"2P%":51.3043478261,"3PM":10.0,"3PA":32.0,"3P%":31.25,"FTM":21.0,"FTA":32.0,"FT%":65.625,"PTS":169.0,"OFF":38.0,"DEF":81.0,"REB":119.0,"AST":12.0,"TO":32.0,"STL":6.0,"BLK":7.0,"STK":13.0,"PF":30.0,"Fls on:":33.0,"+\/-":56.0,"GW":6.0,"GP":12.0},"M. Pangilinan":{"TEAM":"UST","MINS":123.2999999999,"FGM":8.0,"FGA":32.0,"FG%":25.0,"2PM":0.0,"2PA":2.0,"2P%":0.0,"3PM":8.0,"3PA":30.0,"3P%":26.6666666667,"FTM":5.0,"FTA":7.0,"FT%":71.4285714286,"PTS":29.0,"OFF":4.0,"DEF":14.0,"REB":18.0,"AST":5.0,"TO":10.0,"STL":4.0,"BLK":1.0,"STK":5.0,"PF":15.0,"Fls on:":4.0,"+\/-":-29.0,"GW":6.0,"GP":13.0},"M. Llemit":{"TEAM":"UST","MINS":194.5833333333,"FGM":13.0,"FGA":45.0,"FG%":28.8888888889,"2PM":6.0,"2PA":23.0,"2P%":26.0869565217,"3PM":7.0,"3PA":22.0,"3P%":31.8181818182,"FTM":8.0,"FTA":15.0,"FT%":53.3333333333,"PTS":41.0,"OFF":13.0,"DEF":24.0,"REB":37.0,"AST":13.0,"TO":9.0,"STL":9.0,"BLK":2.0,"STK":11.0,"PF":21.0,"Fls on:":19.0,"+\/-":-56.0,"GW":6.0,"GP":13.0},"L. Estacio":{"TEAM":"UST","MINS":112.7333333335,"FGM":6.0,"FGA":24.0,"FG%":25.0,"2PM":3.0,"2PA":5.0,"2P%":60.0,"3PM":3.0,"3PA":19.0,"3P%":15.7894736842,"FTM":1.0,"FTA":1.0,"FT%":100.0,"PTS":16.0,"OFF":3.0,"DEF":11.0,"REB":14.0,"AST":12.0,"TO":8.0,"STL":5.0,"BLK":1.0,"STK":6.0,"PF":11.0,"Fls on:":5.0,"+\/-":-22.0,"GW":6.0,"GP":12.0},"K. Paranada":{"TEAM":"UST","MINS":140.2499999999,"FGM":21.0,"FGA":48.0,"FG%":43.75,"2PM":9.0,"2PA":19.0,"2P%":47.3684210526,"3PM":12.0,"3PA":29.0,"3P%":41.3793103448,"FTM":8.0,"FTA":15.0,"FT%":53.3333333333,"PTS":62.0,"OFF":2.0,"DEF":11.0,"REB":13.0,"AST":23.0,"TO":19.0,"STL":5.0,"BLK":0.0,"STK":5.0,"PF":20.0,"Fls on:":11.0,"+\/-":-34.0,"GW":6.0,"GP":13.0},"I. Calum":{"TEAM":"UST","MINS":23.85,"FGM":1.0,"FGA":3.0,"FG%":33.3333333333,"2PM":1.0,"2PA":2.0,"2P%":50.0,"3PM":0.0,"3PA":1.0,"3P%":0.0,"FTM":0.0,"FTA":0.0,"FT%":0.0,"PTS":2.0,"OFF":4.0,"DEF":2.0,"REB":6.0,"AST":2.0,"TO":0.0,"STL":2.0,"BLK":0.0,"STK":2.0,"PF":4.0,"Fls on:":1.0,"+\/-":-8.0,"GW":2.0,"GP":5.0},"G. Robinson":{"TEAM":"UST","MINS":97.6500000001,"FGM":7.0,"FGA":22.0,"FG%":31.8181818182,"2PM":6.0,"2PA":14.0,"2P%":42.8571428571,"3PM":1.0,"3PA":8.0,"3P%":12.5,"FTM":6.0,"FTA":11.0,"FT%":54.5454545455,"PTS":21.0,"OFF":5.0,"DEF":12.0,"REB":17.0,"AST":8.0,"TO":4.0,"STL":3.0,"BLK":0.0,"STK":3.0,"PF":13.0,"Fls on:":9.0,"+\/-":-20.0,"GW":3.0,"GP":10.0},"G. Danting":{"TEAM":"UST","MINS":68.4499999999,"FGM":7.0,"FGA":14.0,"FG%":50.0,"2PM":2.0,"2PA":3.0,"2P%":66.6666666667,"3PM":5.0,"3PA":11.0,"3P%":45.4545454545,"FTM":3.0,"FTA":6.0,"FT%":50.0,"PTS":22.0,"OFF":1.0,"DEF":9.0,"REB":10.0,"AST":0.0,"TO":4.0,"STL":3.0,"BLK":0.0,"STK":3.0,"PF":6.0,"Fls on:":6.0,"+\/-":10.0,"GW":2.0,"GP":8.0},"G. Crisostomo":{"TEAM":"UST","MINS":244.0833333333,"FGM":24.0,"FGA":52.0,"FG%":46.1538461538,"2PM":22.0,"2PA":43.0,"2P%":51.1627906977,"3PM":2.0,"3PA":9.0,"3P%":22.2222222222,"FTM":9.0,"FTA":13.0,"FT%":69.2307692308,"PTS":59.0,"OFF":24.0,"DEF":61.0,"REB":85.0,"AST":8.0,"TO":9.0,"STL":6.0,"BLK":11.0,"STK":17.0,"PF":36.0,"Fls on:":17.0,"+\/-":8.0,"GW":6.0,"GP":13.0},"F. Padrigao":{"TEAM":"UST","MINS":355.7666666667,"FGM":42.0,"FGA":134.0,"FG%":31.3432835821,"2PM":21.0,"2PA":44.0,"2P%":47.7272727273,"3PM":21.0,"3PA":90.0,"3P%":23.3333333333,"FTM":11.0,"FTA":18.0,"FT%":61.1111111111,"PTS":116.0,"OFF":7.0,"DEF":37.0,"REB":44.0,"AST":79.0,"TO":38.0,"STL":19.0,"BLK":0.0,"STK":19.0,"PF":27.0,"Fls on:":35.0,"+\/-":24.0,"GW":6.0,"GP":13.0},"E. Laure":{"TEAM":"UST","MINS":27.2166666667,"FGM":4.0,"FGA":9.0,"FG%":44.4444444444,"2PM":4.0,"2PA":9.0,"2P%":44.4444444444,"3PM":0.0,"3PA":0.0,"3P%":0.0,"FTM":0.0,"FTA":0.0,"FT%":0.0,"PTS":8.0,"OFF":2.0,"DEF":6.0,"REB":8.0,"AST":1.0,"TO":1.0,"STL":0.0,"BLK":0.0,"STK":0.0,"PF":8.0,"Fls on:":0.0,"+\/-":-27.0,"GW":2.0,"GP":7.0},"C. Manaytay":{"TEAM":"UST","MINS":279.4999999999,"FGM":39.0,"FGA":88.0,"FG%":44.3181818182,"2PM":31.0,"2PA":68.0,"2P%":45.5882352941,"3PM":8.0,"3PA":20.0,"3P%":40.0,"FTM":25.0,"FTA":33.0,"FT%":75.7575757576,"PTS":111.0,"OFF":21.0,"DEF":32.0,"REB":53.0,"AST":16.0,"TO":28.0,"STL":12.0,"BLK":3.0,"STK":15.0,"PF":35.0,"Fls on:":28.0,"+\/-":-16.0,"GW":6.0,"GP":13.0},"C. Lane":{"TEAM":"UST","MINS":71.1499999999,"FGM":6.0,"FGA":15.0,"FG%":40.0,"2PM":4.0,"2PA":8.0,"2P%":50.0,"3PM":2.0,"3PA":7.0,"3P%":28.5714285714,"FTM":6.0,"FTA":8.0,"FT%":75.0,"PTS":20.0,"OFF":3.0,"DEF":5.0,"REB":8.0,"AST":4.0,"TO":3.0,"STL":3.0,"BLK":0.0,"STK":3.0,"PF":6.0,"Fls on:":5.0,"+\/-":36.0,"GW":4.0,"GP":9.0},"N. Cabanero":{"TEAM":"UST","MINS":391.9166666666,"FGM":78.0,"FGA":186.0,"FG%":41.935483871,"2PM":65.0,"2PA":127.0,"2P%":51.1811023622,"3PM":13.0,"3PA":59.0,"3P%":22.0338983051,"FTM":46.0,"FTA":74.0,"FT%":62.1621621622,"PTS":215.0,"OFF":23.0,"DEF":45.0,"REB":68.0,"AST":25.0,"TO":16.0,"STL":12.0,"BLK":1.0,"STK":13.0,"PF":25.0,"Fls on:":67.0,"+\/-":51.0,"GW":6.0,"GP":13.0},"Z. Mahmood":{"TEAM":"UST","MINS":27.3,"FGM":1.0,"FGA":4.0,"FG%":25.0,"2PM":1.0,"2PA":3.0,"2P%":33.3333333333,"3PM":0.0,"3PA":1.0,"3P%":0.0,"FTM":0.0,"FTA":0.0,"FT%":0.0,"PTS":2.0,"OFF":1.0,"DEF":4.0,"REB":5.0,"AST":0.0,"TO":2.0,"STL":1.0,"BLK":0.0,"STK":1.0,"PF":4.0,"Fls on:":1.0,"+\/-":-10.0,"GW":1.0,"GP":7.0}}