{"M. Tounkara":{"TEAM":"UST","SP":59.1111111111,"GP":9.0,"MPG":27.9759259259,"EWA":1.7629130639,"PER":24.8934305621,"WS":1.0065883217,"OWS":0.9440815537,"DWS":0.062506768,"EFF":16.7777777778,"GmSc":10.8111111111,"TS%":57.8428036747,"EFG%":55.6074766355,"PPWS":1.1486486486,"FTR":0.2242990654,"REB%":15.3540234634,"OREB%":9.5121988086,"DREB%":21.7867841383,"AR":1.9026438112,"pAST%":8.2959468554,"TOR":4.650907094,"AST\/TO":0.4090909091,"PPR":-6.1820767851,"USG%":25.3120838476,"aSP":58.301369863,"ORtg":102.6221241852,"DRtg":96.4310973982,"Floor%":47.924289049,"Stop%":0.5839533695,"FFI":51.3471896237,"PIE":11.641025641,"AV":2.051225542},"N. Cabanero":{"TEAM":"UST","SP":58.5555555556,"GP":9.0,"MPG":28.3222222222,"EWA":1.5754378855,"PER":23.2430292263,"WS":0.9707966831,"OWS":1.0085290272,"DWS":-0.0377323441,"EFF":12.7777777778,"GmSc":10.2555555556,"TS%":48.2418524871,"EFG%":45.867768595,"PPWS":0.9545695598,"FTR":0.3553719008,"REB%":9.8482399711,"OREB%":7.5167143927,"DREB%":12.4156135127,"AR":3.5499402884,"pAST%":14.976599817,"TOR":1.8793801527,"AST\/TO":1.8888888889,"PPR":0.8905295622,"USG%":26.679464637,"aSP":57.7534246575,"ORtg":102.7368397149,"DRtg":99.3869504537,"Floor%":49.6420794796,"Stop%":0.5166269164,"FFI":49.7111837908,"PIE":8.9743589744,"AV":1.672261093},"C. Manaytay":{"TEAM":"UST","SP":39.0,"GP":9.0,"MPG":20.0944444444,"EWA":0.8858511731,"PER":20.6655120702,"WS":0.6730902522,"OWS":0.666088914,"DWS":0.0070013382,"EFF":9.2222222222,"GmSc":6.3888888889,"TS%":58.8881909548,"EFG%":53.7037037037,"PPWS":1.1636927851,"FTR":0.4074074074,"REB%":8.3283927077,"OREB%":5.8269603222,"DREB%":11.082860161,"AR":4.1205148606,"pAST%":15.3124901675,"TOR":3.8261923706,"AST\/TO":1.0769230769,"PPR":-1.9723968872,"USG%":19.3623251803,"aSP":38.4657534247,"ORtg":107.9556502834,"DRtg":97.9940598589,"Floor%":49.2646821416,"Stop%":0.5483532511,"FFI":52.8014365644,"PIE":5.8461538462,"AV":1.309451069},"F. Padrigao":{"TEAM":"UST","SP":60.6666666667,"GP":9.0,"MPG":26.3777777778,"EWA":0.628679488,"PER":16.1428549741,"WS":0.3248148224,"OWS":0.2938626476,"DWS":0.0309521748,"EFF":9.8888888889,"GmSc":6.3444444444,"TS%":41.9329073482,"EFG%":39.8936170213,"PPWS":0.8345752608,"FTR":0.1489361702,"REB%":6.5560073654,"OREB%":1.2106216293,"DREB%":12.4421113119,"AR":13.004367712,"pAST%":46.7186596578,"TOR":6.2779706196,"AST\/TO":2.0714285714,"PPR":4.3710864922,"USG%":24.6527687893,"aSP":59.8356164384,"ORtg":86.6642199474,"DRtg":97.3103278099,"Floor%":36.4468095843,"Stop%":0.5639268445,"FFI":41.8641210327,"PIE":7.1282051282,"AV":1.3798224612},"G. Crisostomo":{"TEAM":"UST","SP":30.1111111111,"GP":9.0,"MPG":17.8444444444,"EWA":0.1977934735,"PER":13.2954973954,"WS":0.3004244144,"OWS":0.2262705388,"DWS":0.0741538756,"EFF":7.7777777778,"GmSc":3.5333333333,"TS%":47.8011472275,"EFG%":44.5945945946,"PPWS":0.9473060983,"FTR":0.2972972973,"REB%":15.6308615731,"OREB%":7.1581961346,"DREB%":24.9605885444,"AR":1.3257340554,"pAST%":4.5310376076,"TOR":2.320034597,"AST\/TO":0.5714285714,"PPR":-2.624931338,"USG%":13.8874987489,"aSP":29.698630137,"ORtg":94.7511209873,"DRtg":94.8388110221,"Floor%":46.1818470826,"Stop%":0.6202214085,"FFI":48.148927875,"PIE":3.9487179487,"AV":1.1524026155},"M. Llemit":{"TEAM":"UST","SP":30.5555555556,"GP":9.0,"MPG":17.6222222222,"EWA":0.1633860132,"PER":12.8906550225,"WS":0.2614150055,"OWS":0.2425249611,"DWS":0.0188900444,"EFF":5.7777777778,"GmSc":3.3444444444,"TS%":43.630017452,"EFG%":40.243902439,"PPWS":0.8653326122,"FTR":0.2682926829,"REB%":9.1802237945,"OREB%":5.4363475688,"DREB%":13.3028158234,"AR":4.362969043,"pAST%":14.4474350855,"TOR":2.3492910232,"AST\/TO":1.8571428571,"PPR":1.0223202369,"USG%":15.2143549623,"aSP":30.1369863014,"ORtg":94.3281640875,"DRtg":97.3944263923,"Floor%":40.3901274106,"Stop%":0.562011303,"FFI":45.6218979775,"PIE":2.8205128205,"AV":0.9221110216},"C. Lane":{"TEAM":"UST","SP":18.0,"GP":7.0,"MPG":7.4976190476,"EWA":0.0929273883,"PER":14.3789212537,"WS":0.1338256852,"OWS":0.1358992499,"DWS":-0.0020735646,"EFF":2.4285714286,"GmSc":1.6428571429,"TS%":51.3196480938,"EFG%":40.9090909091,"PPWS":1.0108303249,"FTR":0.5454545455,"REB%":5.7396881087,"OREB%":3.6507027603,"DREB%":8.0399870039,"AR":4.0567714696,"pAST%":13.2986596591,"TOR":2.0283857348,"AST\/TO":2.0,"PPR":1.2357446014,"USG%":13.6084686443,"aSP":17.7534246575,"ORtg":107.437298956,"DRtg":98.5775155633,"Floor%":48.4397355445,"Stop%":0.5350636855,"FFI":49.7684986638,"PIE":1.0256410256,"AV":0.3986735252},"K. Paranada":{"TEAM":"UST","SP":22.7777777778,"GP":9.0,"MPG":9.7518518518,"EWA":0.091675344,"PER":12.9195150954,"WS":0.0671818314,"OWS":0.0900836293,"DWS":-0.0229017979,"EFF":2.6666666667,"GmSc":1.7888888889,"TS%":47.1142520612,"EFG%":45.0,"PPWS":0.9336250912,"FTR":0.3,"REB%":4.5763458297,"OREB%":2.183073109,"DREB%":7.2117126116,"AR":9.0971135762,"pAST%":31.9228952755,"TOR":6.6712166225,"AST\/TO":1.3636363636,"PPR":-1.1084389716,"USG%":23.3932529402,"aSP":22.4657534247,"ORtg":85.8925920735,"DRtg":100.2291490079,"Floor%":35.5230416361,"Stop%":0.4974438784,"FFI":46.2688104662,"PIE":1.3333333333,"AV":0.5163440021},"I. Calum":{"TEAM":"UST","SP":22.0,"GP":4.0,"MPG":5.2916666667,"EWA":0.0390695542,"PER":14.5300694811,"WS":0.0619815285,"OWS":0.063258252,"DWS":-0.0012767235,"EFF":2.25,"GmSc":1.125,"TS%":33.3333333333,"EFG%":33.3333333333,"PPWS":0.6666666667,"FTR":0.0,"REB%":14.2317148458,"OREB%":18.104036208,"DREB%":9.9676846752,"AR":5.0294383299,"pAST%":15.693862195,"TOR":0.0,"AST\/TO":null,"PPR":6.1281255901,"USG%":6.4723605576,"aSP":21.698630137,"ORtg":129.0405904127,"DRtg":98.7327255505,"Floor%":60.2247482736,"Stop%":0.5315284157,"FFI":41.9541405749,"PIE":0.3076923077,"AV":0.2474358297},"A. Acido":{"TEAM":"UST","SP":18.5555555556,"GP":9.0,"MPG":9.6388888889,"EWA":-0.0209445212,"PER":10.3347148394,"WS":0.0323598113,"OWS":0.0322496818,"DWS":0.0001101295,"EFF":2.5555555556,"GmSc":1.5,"TS%":39.9860917942,"EFG%":35.1851851852,"PPWS":0.7958477509,"FTR":0.1481481481,"REB%":9.2599566336,"OREB%":4.4173152707,"DREB%":14.592460562,"AR":3.0679090677,"pAST%":10.1362140546,"TOR":3.0679090677,"AST\/TO":1.0,"PPR":-1.8690488711,"USG%":17.7716140492,"aSP":18.301369863,"ORtg":82.8124665844,"DRtg":98.2733517854,"Floor%":32.0881091298,"Stop%":0.5419917255,"FFI":41.4127820835,"PIE":1.5897435897,"AV":0.5001227174},"G. Danting":{"TEAM":"UST","SP":19.2,"GP":5.0,"MPG":8.09,"EWA":-0.076989645,"PER":6.9943093588,"WS":-0.0426303616,"OWS":-0.0249525087,"DWS":-0.0176778529,"EFF":1.2,"GmSc":0.76,"TS%":52.5525525526,"EFG%":54.1666666667,"PPWS":1.04283054,"FTR":0.25,"REB%":4.9647789738,"OREB%":0.0,"DREB%":10.4317754739,"AR":0.0,"pAST%":0.0,"TOR":5.2636066576,"AST\/TO":0.0,"PPR":-9.6201724344,"USG%":19.5534448247,"aSP":18.9369863014,"ORtg":74.5305557055,"DRtg":101.5425917408,"Floor%":30.5581552124,"Stop%":0.4675271543,"FFI":49.1007650023,"PIE":0.3076923077,"AV":0.1825551726},"L. Estacio":{"TEAM":"UST","SP":17.75,"GP":8.0,"MPG":9.68125,"EWA":-0.0941078152,"PER":8.3776925945,"WS":0.0200948237,"OWS":0.0150834363,"DWS":0.0050113873,"EFF":2.25,"GmSc":1.2,"TS%":38.3141762452,"EFG%":35.0,"PPWS":0.7637231504,"FTR":0.1,"REB%":4.5376925966,"OREB%":1.2369338274,"DREB%":8.1723431488,"AR":6.1853324845,"pAST%":19.0317282373,"TOR":2.7490366598,"AST\/TO":2.25,"PPR":2.5121754356,"USG%":8.5141184845,"aSP":17.5068493151,"ORtg":82.6563768717,"DRtg":97.8001927926,"Floor%":35.5475194546,"Stop%":0.5527690261,"FFI":40.0601276005,"PIE":1.1794871795,"AV":0.4161358043},"E. Laure":{"TEAM":"UST","SP":14.0,"GP":5.0,"MPG":3.02,"EWA":-0.126169211,"PER":-5.9747095447,"WS":-0.0404497396,"OWS":-0.0330377383,"DWS":-0.0074120013,"EFF":0.2,"GmSc":-0.44,"TS%":20.0,"EFG%":20.0,"PPWS":0.4,"FTR":0.0,"REB%":9.9747670277,"OREB%":6.3444056248,"DREB%":13.9723615205,"AR":0.0,"pAST%":0.0,"TOR":0.0,"AST\/TO":null,"PPR":0.0,"USG%":15.1212249965,"aSP":13.8082191781,"ORtg":56.0923351431,"DRtg":101.9441150235,"Floor%":27.4530440806,"Stop%":0.4583815243,"FFI":34.268881125,"PIE":-0.5641025641,"AV":0.0476190476},"G. Robinson":{"TEAM":"UST","SP":19.25,"GP":8.0,"MPG":10.275,"EWA":-0.1337339986,