{"A. Acido":{"TEAM":"UST","MINS":119.5833333333,"FGM":11.0,"FGA":44.0,"FG%":25.0,"2PM":3.0,"2PA":11.0,"2P%":27.2727272727,"3PM":8.0,"3PA":33.0,"3P%":24.2424242424,"FTM":5.0,"FTA":7.0,"FT%":71.4285714286,"PTS":35.0,"OFF":9.0,"DEF":14.0,"REB":23.0,"AST":8.0,"TO":6.0,"STL":3.0,"BLK":1.0,"STK":4.0,"PF":7.0,"Fls on:":7.0,"+\/-":-26.0,"GW":5.0,"GP":12.0},"M. Tounkara":{"TEAM":"UST","MINS":317.7166666667,"FGM":66.0,"FGA":133.0,"FG%":49.6240601504,"2PM":56.0,"2PA":104.0,"2P%":53.8461538462,"3PM":10.0,"3PA":29.0,"3P%":34.4827586207,"FTM":20.0,"FTA":28.0,"FT%":71.4285714286,"PTS":162.0,"OFF":33.0,"DEF":74.0,"REB":107.0,"AST":12.0,"TO":28.0,"STL":6.0,"BLK":7.0,"STK":13.0,"PF":27.0,"Fls on:":30.0,"+\/-":54.0,"GW":5.0,"GP":11.0},"M. Pangilinan":{"TEAM":"UST","MINS":116.9833333332,"FGM":8.0,"FGA":31.0,"FG%":25.8064516129,"2PM":0.0,"2PA":2.0,"2P%":0.0,"3PM":8.0,"3PA":29.0,"3P%":27.5862068966,"FTM":3.0,"FTA":5.0,"FT%":60.0,"PTS":27.0,"OFF":4.0,"DEF":14.0,"REB":18.0,"AST":4.0,"TO":10.0,"STL":4.0,"BLK":1.0,"STK":5.0,"PF":14.0,"Fls on:":4.0,"+\/-":-32.0,"GW":5.0,"GP":12.0},"M. Llemit":{"TEAM":"UST","MINS":185.1,"FGM":13.0,"FGA":45.0,"FG%":28.8888888889,"2PM":6.0,"2PA":23.0,"2P%":26.0869565217,"3PM":7.0,"3PA":22.0,"3P%":31.8181818182,"FTM":7.0,"FTA":13.0,"FT%":53.8461538462,"PTS":40.0,"OFF":13.0,"DEF":23.0,"REB":36.0,"AST":13.0,"TO":9.0,"STL":8.0,"BLK":2.0,"STK":10.0,"PF":21.0,"Fls on:":18.0,"+\/-":-56.0,"GW":5.0,"GP":12.0},"L. Estacio":{"TEAM":"UST","MINS":100.0666666668,"FGM":6.0,"FGA":23.0,"FG%":26.0869565217,"2PM":3.0,"2PA":5.0,"2P%":60.0,"3PM":3.0,"3PA":18.0,"3P%":16.6666666667,"FTM":1.0,"FTA":1.0,"FT%":100.0,"PTS":16.0,"OFF":2.0,"DEF":8.0,"REB":10.0,"AST":11.0,"TO":7.0,"STL":5.0,"BLK":1.0,"STK":6.0,"PF":9.0,"Fls on:":5.0,"+\/-":-20.0,"GW":5.0,"GP":11.0},"K. Paranada":{"TEAM":"UST","MINS":132.6999999999,"FGM":20.0,"FGA":45.0,"FG%":44.4444444444,"2PM":9.0,"2PA":18.0,"2P%":50.0,"3PM":11.0,"3PA":27.0,"3P%":40.7407407407,"FTM":8.0,"FTA":12.0,"FT%":66.6666666667,"PTS":59.0,"OFF":2.0,"DEF":11.0,"REB":13.0,"AST":23.0,"TO":19.0,"STL":5.0,"BLK":0.0,"STK":5.0,"PF":15.0,"Fls on:":10.0,"+\/-":-33.0,"GW":5.0,"GP":12.0},"I. Calum":{"TEAM":"UST","MINS":23.85,"FGM":1.0,"FGA":3.0,"FG%":33.3333333333,"2PM":1.0,"2PA":2.0,"2P%":50.0,"3PM":0.0,"3PA":1.0,"3P%":0.0,"FTM":0.0,"FTA":0.0,"FT%":0.0,"PTS":2.0,"OFF":4.0,"DEF":2.0,"REB":6.0,"AST":2.0,"TO":0.0,"STL":2.0,"BLK":0.0,"STK":2.0,"PF":4.0,"Fls on:":1.0,"+\/-":-8.0,"GW":2.0,"GP":5.0},"G. Robinson":{"TEAM":"UST","MINS":97.6500000001,"FGM":7.0,"FGA":22.0,"FG%":31.8181818182,"2PM":6.0,"2PA":14.0,"2P%":42.8571428571,"3PM":1.0,"3PA":8.0,"3P%":12.5,"FTM":6.0,"FTA":11.0,"FT%":54.5454545455,"PTS":21.0,"OFF":5.0,"DEF":12.0,"REB":17.0,"AST":8.0,"TO":4.0,"STL":3.0,"BLK":0.0,"STK":3.0,"PF":13.0,"Fls on:":9.0,"+\/-":-20.0,"GW":3.0,"GP":10.0},"G. Danting":{"TEAM":"UST","MINS":50.4499999999,"FGM":6.0,"FGA":13.0,"FG%":46.1538461538,"2PM":2.0,"2PA":3.0,"2P%":66.6666666667,"3PM":4.0,"3PA":10.0,"3P%":40.0,"FTM":1.0,"FTA":3.0,"FT%":33.3333333333,"PTS":17.0,"OFF":1.0,"DEF":8.0,"REB":9.0,"AST":0.0,"TO":4.0,"STL":1.0,"BLK":0.0,"STK":1.0,"PF":3.0,"Fls on:":5.0,"+\/-":-3.0,"GW":1.0,"GP":7.0},"G. Crisostomo":{"TEAM":"UST","MINS":219.5,"FGM":18.0,"FGA":43.0,"FG%":41.8604651163,"2PM":16.0,"2PA":35.0,"2P%":45.7142857143,"3PM":2.0,"3PA":8.0,"3P%":25.0,"FTM":7.0,"FTA":11.0,"FT%":63.6363636364,"PTS":45.0,"OFF":21.0,"DEF":57.0,"REB":78.0,"AST":8.0,"TO":8.0,"STL":4.0,"BLK":10.0,"STK":14.0,"PF":32.0,"Fls on:":15.0,"+\/-":-4.0,"GW":5.0,"GP":12.0},"F. Padrigao":{"TEAM":"UST","MINS":321.5333333334,"FGM":39.0,"FGA":123.0,"FG%":31.7073170732,"2PM":19.0,"2PA":41.0,"2P%":46.3414634146,"3PM":20.0,"3PA":82.0,"3P%":24.3902439024,"FTM":11.0,"FTA":18.0,"FT%":61.1111111111,"PTS":109.0,"OFF":5.0,"DEF":34.0,"REB":39.0,"AST":73.0,"TO":35.0,"STL":17.0,"BLK":0.0,"STK":17.0,"PF":24.0,"Fls on:":33.0,"+\/-":16.0,"GW":5.0,"GP":12.0},"E. Laure":{"TEAM":"UST","MINS":27.2166666667,"FGM":4.0,"FGA":9.0,"FG%":44.4444444444,"2PM":4.0,"2PA":9.0,"2P%":44.4444444444,"3PM":0.0,"3PA":0.0,"3P%":0.0,"FTM":0.0,"FTA":0.0,"FT%":0.0,"PTS":8.0,"OFF":2.0,"DEF":6.0,"REB":8.0,"AST":1.0,"TO":1.0,"STL":0.0,"BLK":0.0,"STK":0.0,"PF":8.0,"Fls on:":0.0,"+\/-":-27.0,"GW":2.0,"GP":7.0},"C. Manaytay":{"TEAM":"UST","MINS":255.5666666666,"FGM":36.0,"FGA":79.0,"FG%":45.5696202532,"2PM":29.0,"2PA":61.0,"2P%":47.5409836066,"3PM":7.0,"3PA":18.0,"3P%":38.8888888889,"FTM":22.0,"FTA":29.0,"FT%":75.8620689655,"PTS":101.0,"OFF":18.0,"DEF":28.0,"REB":46.0,"AST":15.0,"TO":24.0,"STL":12.0,"BLK":3.0,"STK":15.0,"PF":30.0,"Fls on:":26.0,"+\/-":-17.0,"GW":5.0,"GP":12.0},"C. Lane":{"TEAM":"UST","MINS":71.1499999999,"FGM":6.0,"FGA":15.0,"FG%":40.0,"2PM":4.0,"2PA":8.0,"2P%":50.0,"3PM":2.0,"3PA":7.0,"3P%":28.5714285714,"FTM":6.0,"FTA":8.0,"FT%":75.0,"PTS":20.0,"OFF":3.0,"DEF":5.0,"REB":8.0,"AST":4.0,"TO":3.0,"STL":3.0,"BLK":0.0,"STK":3.0,"PF":6.0,"Fls on:":5.0,"+\/-":36.0,"GW":4.0,"GP":9.0},"N. Cabanero":{"TEAM":"UST","MINS":357.3666666666,"FGM":70.0,"FGA":170.0,"FG%":41.1764705882,"2PM":59.0,"2PA":116.0,"2P%":50.8620689655,"3PM":11.0,"3PA":54.0,"3P%":20.3703703704,"FTM":37.0,"FTA":60.0,"FT%":61.6666666667,"PTS":188.0,"OFF":20.0,"DEF":40.0,"REB":60.0,"AST":24.0,"TO":14.0,"STL":12.0,"BLK":1.0,"STK":13.0,"PF":25.0,"Fls on:":56.0,"+\/-":40.0,"GW":5.0,"GP":12.0},"Z. Mahmood":{"TEAM":"UST","MINS":27.3,"FGM":1.0,"FGA":4.0,"FG%":25.0,"2PM":1.0,"2PA":3.0,"2P%":33.3333333333,"3PM":0.0,"3PA":1.0,"3P%":0.0,"FTM":0.0,"FTA":0.0,"FT%":0.0,"PTS":2.0,"OFF":1.0,"DEF":4.0,"REB":5.0,"AST":0.0,"TO":2.0,"STL":1.0,"BLK":0.0,"STK":1.0,"PF":4.0,"Fls on:":1.0,"+\/-":-10.0,"GW":1.0,"GP":7.0}}