{"A. Acido":{"TEAM":"UST","MINS":9.6388888889,"FGM":0.7777777778,"FGA":3.0,"FG%":25.9259259259,"2PM":0.2222222222,"2PA":0.5555555556,"2P%":40.0,"3PM":0.5555555556,"3PA":2.4444444444,"3P%":22.7272727273,"FTM":0.4444444444,"FTA":0.4444444444,"FT%":100.0,"PTS":2.5555555556,"OFF":0.4444444444,"DEF":1.3333333333,"REB":1.7777777778,"AST":0.5555555556,"TO":0.5555555556,"STL":0.3333333333,"BLK":0.1111111111,"STK":0.4444444444,"PF":0.5555555556,"Fls on:":0.5555555556,"+\/-":-1.8888888889,"GP":9.0},"M. Tounkara":{"TEAM":"UST","MINS":27.9759259259,"FGM":6.1111111111,"FGA":11.8888888889,"FG%":51.4018691589,"2PM":5.1111111111,"2PA":9.3333333333,"2P%":54.7619047619,"3PM":1.0,"3PA":2.5555555556,"3P%":39.1304347826,"FTM":1.8888888889,"FTA":2.6666666667,"FT%":70.8333333333,"PTS":15.1111111111,"OFF":2.7777777778,"DEF":5.7777777778,"REB":8.5555555556,"AST":1.0,"TO":2.4444444444,"STL":0.6666666667,"BLK":0.4444444444,"STK":1.1111111111,"PF":2.5555555556,"Fls on:":2.6666666667,"+\/-":3.3333333333,"GP":9.0},"M. Pangilinan":{"TEAM":"UST","MINS":10.1518518518,"FGM":0.6666666667,"FGA":2.7777777778,"FG%":24.0,"2PM":0.0,"2PA":0.2222222222,"2P%":0.0,"3PM":0.6666666667,"3PA":2.5555555556,"3P%":26.0869565217,"FTM":0.3333333333,"FTA":0.5555555556,"FT%":60.0,"PTS":2.3333333333,"OFF":0.3333333333,"DEF":1.3333333333,"REB":1.6666666667,"AST":0.4444444444,"TO":0.8888888889,"STL":0.4444444444,"BLK":0.0,"STK":0.4444444444,"PF":1.3333333333,"Fls on:":0.4444444444,"+\/-":-1.7777777778,"GP":9.0},"M. Llemit":{"TEAM":"UST","MINS":17.6222222222,"FGM":1.4444444444,"FGA":4.5555555556,"FG%":31.7073170732,"2PM":0.6666666667,"2PA":2.2222222222,"2P%":30.0,"3PM":0.7777777778,"3PA":2.3333333333,"3P%":33.3333333333,"FTM":0.7777777778,"FTA":1.2222222222,"FT%":63.6363636364,"PTS":4.4444444444,"OFF":1.0,"DEF":2.2222222222,"REB":3.2222222222,"AST":1.4444444444,"TO":0.7777777778,"STL":0.7777777778,"BLK":0.2222222222,"STK":1.0,"PF":2.1111111111,"Fls on:":1.7777777778,"+\/-":-4.0,"GP":9.0},"L. Estacio":{"TEAM":"UST","MINS":9.68125,"FGM":0.375,"FGA":1.25,"FG%":30.0,"2PM":0.25,"2PA":0.375,"2P%":66.6666666667,"3PM":0.125,"3PA":0.875,"3P%":14.2857142857,"FTM":0.125,"FTA":0.125,"FT%":100.0,"PTS":1.0,"OFF":0.125,"DEF":0.75,"REB":0.875,"AST":1.125,"TO":0.5,"STL":0.625,"BLK":0.0,"STK":0.625,"PF":0.75,"Fls on:":0.5,"+\/-":-1.375,"GP":8.0},"K. Paranada":{"TEAM":"UST","MINS":9.7518518518,"FGM":1.1111111111,"FGA":3.3333333333,"FG%":33.3333333333,"2PM":0.3333333333,"2PA":1.1111111111,"2P%":30.0,"3PM":0.7777777778,"3PA":2.2222222222,"3P%":35.0,"FTM":0.5555555556,"FTA":1.0,"FT%":55.5555555556,"PTS":3.5555555556,"OFF":0.2222222222,"DEF":0.6666666667,"REB":0.8888888889,"AST":1.6666666667,"TO":1.2222222222,"STL":0.4444444444,"BLK":0.0,"STK":0.4444444444,"PF":1.1111111111,"Fls on:":0.7777777778,"+\/-":-3.2222222222,"GP":9.0},"I. Calum":{"TEAM":"UST","MINS":5.2916666667,"FGM":0.25,"FGA":0.75,"FG%":33.3333333333,"2PM":0.25,"2PA":0.5,"2P%":50.0,"3PM":0.0,"3PA":0.25,"3P%":0.0,"FTM":0.0,"FTA":0.0,"FT%":0.0,"PTS":0.5,"OFF":1.0,"DEF":0.5,"REB":1.5,"AST":0.5,"TO":0.0,"STL":0.25,"BLK":0.0,"STK":0.25,"PF":1.0,"Fls on:":0.25,"+\/-":-1.5,"GP":4.0},"G. Robinson":{"TEAM":"UST","MINS":10.275,"FGM":0.875,"FGA":2.625,"FG%":33.3333333333,"2PM":0.75,"2PA":1.75,"2P%":42.8571428571,"3PM":0.125,"3PA":0.875,"3P%":14.2857142857,"FTM":0.5,"FTA":1.125,"FT%":44.4444444444,"PTS":2.375,"OFF":0.5,"DEF":1.25,"REB":1.75,"AST":0.625,"TO":0.5,"STL":0.375,"BLK":0.0,"STK":0.375,"PF":1.625,"Fls on:":1.0,"+\/-":-4.0,"GP":8.0},"G. Danting":{"TEAM":"UST","MINS":8.09,"FGM":1.0,"FGA":2.4,"FG%":41.6666666667,"2PM":0.4,"2PA":0.6,"2P%":66.6666666667,"3PM":0.6,"3PA":1.8,"3P%":33.3333333333,"FTM":0.2,"FTA":0.6,"FT%":33.3333333333,"PTS":2.8,"OFF":0.0,"DEF":0.8,"REB":0.8,"AST":0.0,"TO":0.8,"STL":0.2,"BLK":0.0,"STK":0.2,"PF":0.6,"Fls on:":0.6,"+\/-":0.6,"GP":5.0},"G. Crisostomo":{"TEAM":"UST","MINS":17.8444444444,"FGM":1.7777777778,"FGA":4.1111111111,"FG%":43.2432432432,"2PM":1.6666666667,"2PA":3.5555555556,"2P%":46.875,"3PM":0.1111111111,"3PA":0.5555555556,"3P%":20.0,"FTM":0.7777777778,"FTA":1.2222222222,"FT%":63.6363636364,"PTS":4.4444444444,"OFF":1.3333333333,"DEF":4.2222222222,"REB":5.5555555556,"AST":0.4444444444,"TO":0.7777777778,"STL":0.3333333333,"BLK":0.5555555556,"STK":0.8888888889,"PF":2.5555555556,"Fls on:":1.3333333333,"+\/-":-0.2222222222,"GP":9.0},"F. Padrigao":{"TEAM":"UST","MINS":26.3777777778,"FGM":3.3333333333,"FGA":10.4444444444,"FG%":31.914893617,"2PM":1.6666666667,"2PA":3.4444444444,"2P%":48.3870967742,"3PM":1.6666666667,"3PA":7.0,"3P%":23.8095238095,"FTM":1.0,"FTA":1.5555555556,"FT%":64.2857142857,"PTS":9.3333333333,"OFF":0.3333333333,"DEF":3.1111111111,"REB":3.4444444444,"AST":6.4444444444,"TO":3.1111111111,"STL":1.4444444444,"BLK":0.0,"STK":1.4444444444,"PF":2.0,"Fls on:":2.4444444444,"+\/-":2.3333333333,"GP":9.0},"E. Laure":{"TEAM":"UST","MINS":3.02,"FGM":0.2,"FGA":1.0,"FG%":20.0,"2PM":0.2,"2PA":1.0,"2P%":20.0,"3PM":0.0,"3PA":0.0,"3P%":0.0,"FTM":0.0,"FTA":0.0,"FT%":0.0,"PTS":0.4,"OFF":0.2,"DEF":0.4,"REB":0.6,"AST":0.0,"TO":0.0,"STL":0.0,"BLK":0.0,"STK":0.0,"PF":1.2,"Fls on:":0.0,"+\/-":-4.0,"GP":5.0},"C. Manaytay":{"TEAM":"UST","MINS":20.0944444444,"FGM":2.8888888889,"FGA":6.0,"FG%":48.1481481481,"2PM":2.2222222222,"2PA":4.5555555556,"2P%":48.7804878049,"3PM":0.6666666667,"3PA":1.4444444444,"3P%":46.1538461538,"FTM":1.8888888889,"FTA":2.4444444444,"FT%":77.2727272727,"PTS":8.3333333333,"OFF":1.2222222222,"DEF":2.1111111111,"REB":3.3333333333,"AST":1.5555555556,"TO":1.4444444444,"STL":1.0,"BLK":0.1111111111,"STK":1.1111111111,"PF":2.2222222222,"Fls on:":2.4444444444,"+\/-":-2.0,"GP":9.0},"C. Lane":{"TEAM":"UST","MINS":7.4976190476,"FGM":0.5714285714,"FGA":1.5714285714,"FG%":36.3636363636,"2PM":0.4285714286,"2PA":1.0,"2P%":42.8571428571,"3PM":0.1428571429,"3PA":0.5714285714,"3P%":25.0,"FTM":0.7142857143,"FTA":0.8571428571,"FT%":83.3333333333,"PTS":2.0,"OFF":0.2857142857,"DEF":0.5714285714,"REB":0.8571428571,"AST":0.5714285714,"TO":0.2857142857,"STL":0.4285714286,"BLK":0.0,"STK":0.4285714286,"PF":0.8571428571,"Fls on:":0.5714285714,"+\/-":3.1428571429,"GP":7.0},"N. Cabanero":{"TEAM":"UST","MINS":28.3222222222,"FGM":5.7777777778,"FGA":13.4444444444,"FG%":42.9752066116,"2PM":5.0,"2PA":9.4444444444,"2P%":52.9411764706,"3PM":0.7777777778,"3PA":4.0,"3P%":19.4444444444,"FTM":2.6666666667,"FTA":4.7777777778,"FT%":55.8139534884,"PTS":15.0,"OFF":2.2222222222,"DEF":3.3333333333,"REB":5.5555555556,"AST":1.8888888889,"TO":1.0,"STL":1.0,"BLK":0.1111111111,"STK":1.1111111111,"PF":1.8888888889,"Fls on:":4.8888888889,"+\/-":1.1111111111,"GP":9.0},"Z. Mahmood":{"TEAM":"UST","MINS":4.2,"FGM":0.1666666667,"FGA":0.6666666667,"FG%":25.0,"2PM":0.1666666667,"2PA":0.5,"2P%":33.3333333333,"3PM":0.0,"3PA":0.1666666667,"3P%":0.0,"FTM":0.0,"FTA":0.0,"FT%":0.0,"PTS":0.3333333333,"OFF":0.1666666667,"DEF":0.6666666667,"REB":0.8333333333,"AST":0.0,"TO":0.3333333333,"STL":0.1666666667,"BLK":0.0,"STK":0.1666666667,"PF":0.6666666667,"Fls on:":0.1666666667,"+\/-":-2.3333333333,"GP":6.0}}