{"DLSU":{"2PM":20.0,"2PA":45.6666666667,"3PM":3.3333333333,"3PA":22.6666666667,"FTM":12.6666666667,"FTA":18.3333333333,"OFF":13.6666666667,"DEF":26.0,"AST":15.0,"TO":14.6666666667,"STL":9.3333333333,"BLK":2.3333333333,"PF":17.6666666667,"Fls on:":18.6666666667,"+\/-":-15.3333333333,"GW":0.0,"GP":3.0,"MINS":200.0,"FGM":23.3333333333,"FGA":68.3333333333,"FG%":34.1463414634,"2P%":43.795620438,"3P%":14.7058823529,"FT%":69.0909090909,"PTS":62.6666666667,"REB":39.6666666667,"STK":11.6666666667},"UP":{"2PM":16.5,"2PA":41.5,"3PM":4.5,"3PA":22.5,"FTM":19.5,"FTA":35.0,"OFF":16.5,"DEF":21.0,"AST":14.0,"TO":12.0,"STL":7.5,"BLK":4.0,"PF":25.5,"Fls on:":27.0,"+\/-":-13.0,"GW":0.0,"GP":2.0,"MINS":200.0,"FGM":21.0,"FGA":64.0,"FG%":32.8125,"2P%":39.7590361446,"3P%":20.0,"FT%":55.7142857143,"PTS":66.0,"REB":37.5,"STK":11.5},"UST":{"2PM":18.0,"2PA":39.6666666667,"3PM":4.6666666667,"3PA":21.3333333333,"FTM":12.6666666667,"FTA":16.0,"OFF":9.0,"DEF":30.3333333333,"AST":17.0,"TO":12.6666666667,"STL":4.6666666667,"BLK":2.6666666667,"PF":18.6666666667,"Fls on:":19.3333333333,"+\/-":-4.0,"GW":14.0,"GP":3.0,"MINS":200.0,"FGM":22.6666666667,"FGA":61.0,"FG%":37.1584699454,"2P%":45.3781512605,"3P%":21.875,"FT%":79.1666666667,"PTS":62.6666666667,"REB":39.3333333333,"STK":7.3333333333},"League":{"2PM":18.5454545455,"2PA":42.6363636364,"3PM":5.4090909091,"3PA":22.9545454545,"FTM":11.9090909091,"FTA":18.7272727273,"OFF":13.5909090909,"DEF":29.9090909091,"AST":17.5,"TO":14.2272727273,"STL":6.9545454545,"BLK":3.1818181818,"PF":20.1363636364,"Fls on:":20.0,"+\/-":0.0,"GW":18.75,"GP":2.75,"MINS":200.0,"FGM":23.9545454545,"FGA":65.5909090909,"FG%":36.5211365211,"2P%":43.4968017058,"3P%":23.5643564356,"FT%":63.5922330097,"PTS":65.2272727273,"REB":43.5,"STK":10.1363636364},"NU":{"2PM":21.5,"2PA":48.5,"3PM":4.5,"3PA":19.5,"FTM":12.5,"FTA":17.0,"OFF":17.5,"DEF":31.0,"AST":18.0,"TO":18.5,"STL":7.5,"BLK":5.0,"PF":15.0,"Fls on:":21.5,"+\/-":0.5,"GW":12.0,"GP":2.0,"MINS":200.0,"FGM":26.0,"FGA":68.0,"FG%":38.2352941176,"2P%":44.3298969072,"3P%":23.0769230769,"FT%":73.5294117647,"PTS":69.0,"REB":48.5,"STK":12.5},"AdU":{"2PM":15.6666666667,"2PA":39.3333333333,"3PM":7.6666666667,"3PA":28.3333333333,"FTM":7.3333333333,"FTA":12.0,"OFF":12.3333333333,"DEF":30.0,"AST":19.3333333333,"TO":13.3333333333,"STL":8.0,"BLK":0.6666666667,"PF":17.6666666667,"Fls on:":15.6666666667,"+\/-":1.6666666667,"GW":14.0,"GP":3.0,"MINS":200.0,"FGM":23.3333333333,"FGA":67.6666666667,"FG%":34.4827586207,"2P%":39.8305084746,"3P%":27.0588235294,"FT%":61.1111111111,"PTS":61.6666666667,"REB":42.3333333333,"STK":8.6666666667},"FEU":{"2PM":15.6666666667,"2PA":42.6666666667,"3PM":5.6666666667,"3PA":22.6666666667,"FTM":10.6666666667,"FTA":18.3333333333,"OFF":14.0,"DEF":31.3333333333,"AST":15.3333333333,"TO":13.6666666667,"STL":9.0,"BLK":5.0,"PF":18.6666666667,"Fls on:":19.3333333333,"+\/-":6.3333333333,"GW":43.0,"GP":3.0,"MINS":200.0,"FGM":21.3333333333,"FGA":65.3333333333,"FG%":32.6530612245,"2P%":36.71875,"3P%":25.0,"FT%":58.1818181818,"PTS":59.0,"REB":45.3333333333,"STK":14.0},"UE":{"2PM":18.3333333333,"2PA":40.6666666667,"3PM":7.0,"3PA":23.3333333333,"FTM":9.6666666667,"FTA":18.6666666667,"OFF":12.6666666667,"DEF":32.3333333333,"AST":20.3333333333,"TO":15.0,"STL":5.3333333333,"BLK":3.6666666667,"PF":23.3333333333,"Fls on:":20.3333333333,"+\/-":6.6666666667,"GW":28.0,"GP":3.0,"MINS":200.0,"FGM":25.3333333333,"FGA":64.0,"FG%":39.5833333333,"2P%":45.0819672131,"3P%":30.0,"FT%":51.7857142857,"PTS":67.3333333333,"REB":45.0,"STK":9.0},"ADMU":{"2PM":23.0,"2PA":44.6666666667,"3PM":5.3333333333,"3PA":22.0,"FTM":13.0,"FTA":19.3333333333,"OFF":15.3333333333,"DEF":34.6666666667,"AST":20.0,"TO":14.6666666667,"STL":4.6666666667,"BLK":3.0,"PF":24.6666666667,"Fls on:":21.0,"+\/-":13.0,"GW":39.0,"GP":3.0,"MINS":200.0,"FGM":28.3333333333,"FGA":66.6666666667,"FG%":42.5,"2P%":51.4925373134,"3P%":24.2424242424,"FT%":67.2413793103,"PTS":75.0,"REB":50.0,"STK":7.6666666667}}