{"DLSU":{"OFF":75.8139354821,"DEF":60.9103413275,"NET":14.9035941546,"PACE":77.1625950137,"hAST%":17.5253143429,"hTO%":16.1344163792,"TOR":25.0553177092,"AR":27.215258891,"STL%":10.7997059091,"BLK%":5.8394160584,"EFG%":46.3636363636,"TS%":49.0607178799,"PPWS":0.9812143576,"REB%":57.6512455516,"OREB%":43.4782608696,"DREB%":71.3286713287,"FTR":0.1909090909,"FFI":36.3685725103,"Py-W":2.9122395257,"Py-L":0.0877604743,"PPR":-2.5419933275,"HHI":0.1183431953},"UP":{"OFF":79.4788844877,"DEF":66.4000807112,"NET":13.0788037765,"PACE":74.5481021556,"hAST%":20.3215317919,"hTO%":13.5476878613,"TOR":20.1212365792,"AR":30.1818548687,"STL%":4.6949552018,"BLK%":14.4578313253,"EFG%":53.6290322581,"TS%":53.9470090139,"PPWS":1.0789401803,"REB%":53.9877300613,"OREB%":36.3636363636,"DREB%":65.9793814433,"FTR":0.4112903226,"FFI":39.9240041595,"Py-W":1.8933640518,"Py-L":0.1066359482,"PPR":0.0,"HHI":0.1250600865},"UST":{"OFF":70.896912753,"DEF":66.6430979879,"NET":4.2538147652,"PACE":70.5249326923,"hAST%":20.5506263048,"hTO%":10.1122129436,"TOR":14.6520286356,"AR":29.7767033563,"STL%":8.9802756154,"BLK%":2.5210084034,"EFG%":43.7172774869,"TS%":47.0455400828,"PPWS":0.9409108017,"REB%":50.2109704641,"OREB%":24.1666666667,"DREB%":76.9230769231,"FTR":0.2565445026,"FFI":29.8314190263,"Py-W":2.1872675947,"Py-L":0.8127324053,"PPR":1.912102869,"HHI":0.121},"League":{"OFF":66.6679260997,"DEF":66.6679260997,"NET":0.0,"PACE":73.5550506212,"hAST%":16.5785348881,"hTO%":13.4781335584,"TOR":19.3886744429,"AR":23.8486890113,"STL%":9.4775309577,"BLK%":7.4626865672,"EFG%":40.6444906445,"TS%":44.1734183761,"PPWS":0.8834683675,"REB%":50.0,"OREB%":31.2434691745,"DREB%":68.7565308255,"FTR":0.2855162855,"FFI":31.6364029862,"Py-W":1.375,"Py-L":1.375,"PPR":-1.2803030303,"HHI":0.0111841338},"NU":{"OFF":67.2195921267,"DEF":67.7102460839,"NET":-0.4906539571,"PACE":76.4286101337,"hAST%":14.1317788377,"hTO%":12.8069245716,"TOR":18.971953009,"AR":20.9345688375,"STL%":13.0841055235,"BLK%":3.0927835052,"EFG%":38.961038961,"TS%":41.4047388781,"PPWS":0.8280947776,"REB%":47.5675675676,"OREB%":36.7346938776,"DREB%":59.7701149425,"FTR":0.1688311688,"FFI":30.2068101446,"Py-W":0.9418834883,"Py-L":1.0581165117,"PPR":-1.8446039179,"HHI":0.1056529384},"AdU":{"OFF":62.4054643471,"DEF":64.1389494678,"NET":-1.7334851208,"PACE":72.1090700483,"hAST%":15.2925531915,"hTO%":14.960106383,"TOR":20.801821449,"AR":21.2640841479,"STL%":11.0943047728,"BLK%":14.406779661,"EFG%":37.8947368421,"TS%":42.8979980934,"PPWS":0.8579599619,"REB%":52.0754716981,"OREB%":29.1338582677,"DREB%":73.1884057971,"FTR":0.2368421053,"FFI":29.7377533316,"Py-W":1.1763785863,"Py-L":1.8236214137,"PPR":-2.4367925288,"HHI":0.114691358},"FEU":{"OFF":55.0158630546,"DEF":61.6316946878,"NET":-6.6158316331,"PACE":71.79747405,"hAST%":14.403561608,"hTO%":15.3856226267,"TOR":21.8206376672,"AR":20.4278310076,"STL%":8.3568399577,"BLK%":7.03125,"EFG%":33.4183673469,"TS%":36.8332711675,"PPWS":0.7366654233,"REB%":50.7246376812,"OREB%":31.3868613139,"DREB%":69.7841726619,"FTR":0.2142857143,"FFI":28.3141643326,"Py-W":0.419427743,"Py-L":2.580572257,"PPR":-3.0165233948,"HHI":0.157987502},"UE":{"OFF":62.9371082791,"DEF":69.853274024,"NET":-6.916165745,"PACE":72.2943923611,"hAST%":12.9424933539,"hTO%":13.9918847069,"TOR":18.4431086532,"AR":17.0598755042,"STL%":8.7604766103,"BLK%":6.5573770492,"EFG%":37.7142857143,"TS%":43.5656836461,"PPWS":0.8713136729,"REB%":44.2148760331,"OREB%":24.21875,"DREB%":66.6666666667,"FTR":0.44,"FFI":31.140241449,"Py-W":0.4760024846,"Py-L":2.5239975154,"PPR":-2.600118932,"HHI":0.1284868977},"ADMU":{"OFF":63.2006192012,"DEF":76.452361937,"NET":-13.2517427357,"PACE":73.5752285147,"hAST%":17.394054396,"hTO%":10.4364326376,"TOR":14.9506841121,"AR":24.9178068535,"STL%":9.5140717077,"BLK%":7.4626865672,"EFG%":36.7875647668,"TS%":40.7537248028,"PPWS":0.8150744961,"REB%":43.3962264151,"OREB%":27.2727272727,"DREB%":62.2950819672,"FTR":0.414507772,"FFI":30.1248589696,"Py-W":0.1362156865,"Py-L":2.8637843135,"PPR":0.6109435148,"HHI":0.1350445138}}