{"ADMU":{"MINS":600.0,"FGM":65.0,"FGA":193.0,"2PM":53.0,"2PA":121.0,"3PM":12.0,"3PA":72.0,"FTM":44.0,"FTA":80.0,"PTS":186.0,"OFF":39.0,"DEF":76.0,"REB":115.0,"AST":55.0,"TO":33.0,"STL":21.0,"BLK":10.0,"STK":31.0,"PF":63.0,"Fls on:":73.0,"+\/-":-39.0,"GW":0.0,"GP":3.0,"W":0.0,"L":3.0,"FG%":33.6787564767,"2P%":43.8016528926,"3P%":16.6666666667,"FT%":55.0},"AdU":{"MINS":600.0,"FGM":63.0,"FGA":190.0,"2PM":45.0,"2PA":117.0,"3PM":18.0,"3PA":73.0,"FTM":36.0,"FTA":45.0,"PTS":180.0,"OFF":37.0,"DEF":101.0,"REB":138.0,"AST":46.0,"TO":45.0,"STL":24.0,"BLK":17.0,"STK":41.0,"PF":47.0,"Fls on:":53.0,"+\/-":-5.0,"GW":30.0,"GP":3.0,"W":2.0,"L":1.0,"FG%":33.1578947368,"2P%":38.4615384615,"3P%":24.6575342466,"FT%":80.0},"DLSU":{"MINS":600.0,"FGM":88.0,"FGA":220.0,"2PM":60.0,"2PA":130.0,"3PM":28.0,"3PA":90.0,"FTM":30.0,"FTA":42.0,"PTS":234.0,"OFF":60.0,"DEF":102.0,"REB":162.0,"AST":63.0,"TO":58.0,"STL":25.0,"BLK":8.0,"STK":33.0,"PF":56.0,"Fls on:":53.0,"+\/-":46.0,"GW":39.0,"GP":3.0,"W":3.0,"L":0.0,"FG%":40.0,"2P%":46.1538461538,"3P%":31.1111111111,"FT%":71.4285714286},"FEU":{"MINS":600.0,"FGM":61.0,"FGA":196.0,"2PM":52.0,"2PA":141.0,"3PM":9.0,"3PA":55.0,"FTM":27.0,"FTA":42.0,"PTS":158.0,"OFF":43.0,"DEF":97.0,"REB":140.0,"AST":44.0,"TO":47.0,"STL":18.0,"BLK":9.0,"STK":27.0,"PF":58.0,"Fls on:":55.0,"+\/-":-19.0,"GW":0.0,"GP":3.0,"W":0.0,"L":3.0,"FG%":31.1224489796,"2P%":36.8794326241,"3P%":16.3636363636,"FT%":64.2857142857},"NU":{"MINS":400.0,"FGM":57.0,"FGA":154.0,"2PM":51.0,"2PA":116.0,"3PM":6.0,"3PA":38.0,"FTM":17.0,"FTA":26.0,"PTS":137.0,"OFF":36.0,"DEF":52.0,"REB":88.0,"AST":32.0,"TO":29.0,"STL":20.0,"BLK":3.0,"STK":23.0,"PF":43.0,"Fls on:":30.0,"+\/-":-1.0,"GW":15.0,"GP":2.0,"W":1.0,"L":1.0,"FG%":37.012987013,"2P%":43.9655172414,"3P%":15.7894736842,"FT%":65.3846153846},"UE":{"MINS":600.0,"FGM":59.0,"FGA":175.0,"2PM":45.0,"2PA":113.0,"3PM":14.0,"3PA":62.0,"FTM":50.0,"FTA":77.0,"PTS":182.0,"OFF":31.0,"DEF":76.0,"REB":107.0,"AST":37.0,"TO":40.0,"STL":19.0,"BLK":8.0,"STK":27.0,"PF":63.0,"Fls on:":70.0,"+\/-":-20.0,"GW":12.0,"GP":3.0,"W":1.0,"L":2.0,"FG%":33.7142857143,"2P%":39.8230088496,"3P%":22.5806451613,"FT%":64.9350649351},"UP":{"MINS":400.0,"FGM":60.0,"FGA":124.0,"2PM":47.0,"2PA":91.0,"3PM":13.0,"3PA":33.0,"FTM":25.0,"FTA":51.0,"PTS":158.0,"OFF":24.0,"DEF":64.0,"REB":88.0,"AST":45.0,"TO":30.0,"STL":7.0,"BLK":12.0,"STK":19.0,"PF":55.0,"Fls on:":51.0,"+\/-":26.0,"GW":28.0,"GP":2.0,"W":2.0,"L":0.0,"FG%":48.3870967742,"2P%":51.6483516484,"3P%":39.3939393939,"FT%":49.0196078431},"UST":{"MINS":600.0,"FGM":74.0,"FGA":191.0,"2PM":55.0,"2PA":109.0,"3PM":19.0,"3PA":82.0,"FTM":33.0,"FTA":49.0,"PTS":200.0,"OFF":29.0,"DEF":90.0,"REB":119.0,"AST":63.0,"TO":31.0,"STL":19.0,"BLK":3.0,"STK":22.0,"PF":58.0,"Fls on:":55.0,"+\/-":12.0,"GW":26.0,"GP":3.0,"W":2.0,"L":1.0,"FG%":38.7434554974,"2P%":50.4587155963,"3P%":23.1707317073,"FT%":67.3469387755},"League":{"MINS":550.0,"FGM":65.875,"FGA":180.375,"2PM":51.0,"2PA":117.25,"3PM":14.875,"3PA":63.125,"FTM":32.75,"FTA":51.5,"PTS":179.375,"OFF":37.375,"DEF":82.25,"REB":119.625,"AST":48.125,"TO":39.125,"STL":19.125,"BLK":8.75,"STK":27.875,"PF":55.375,"Fls on:":55.0,"+\/-":0.0,"GW":18.75,"GP":2.75,"W":1.375,"L":1.375,"FG%":36.5211365211,"2P%":43.4968017058,"3P%":23.5643564356,"FT%":63.5922330097}}