{"DLSU":{"MINS":200.0,"FGM":29.3333333333,"FGA":73.3333333333,"2PM":20.0,"2PA":43.3333333333,"3PM":9.3333333333,"3PA":30.0,"FTM":10.0,"FTA":14.0,"PTS":78.0,"OFF":20.0,"DEF":34.0,"REB":54.0,"AST":21.0,"TO":19.3333333333,"STL":8.3333333333,"BLK":2.6666666667,"STK":11.0,"PF":18.6666666667,"Fls on:":17.6666666667,"+\/-":15.3333333333,"GW":39.0,"GP":3.0,"W":3.0,"L":0.0,"FG%":40.0,"2P%":46.1538461538,"3P%":31.1111111111,"FT%":71.4285714286,"W%":1.0},"UP":{"MINS":200.0,"FGM":30.0,"FGA":62.0,"2PM":23.5,"2PA":45.5,"3PM":6.5,"3PA":16.5,"FTM":12.5,"FTA":25.5,"PTS":79.0,"OFF":12.0,"DEF":32.0,"REB":44.0,"AST":22.5,"TO":15.0,"STL":3.5,"BLK":6.0,"STK":9.5,"PF":27.5,"Fls on:":25.5,"+\/-":13.0,"GW":28.0,"GP":2.0,"W":2.0,"L":0.0,"FG%":48.3870967742,"2P%":51.6483516484,"3P%":39.3939393939,"FT%":49.0196078431,"W%":1.0},"AdU":{"MINS":200.0,"FGM":21.0,"FGA":63.3333333333,"2PM":15.0,"2PA":39.0,"3PM":6.0,"3PA":24.3333333333,"FTM":12.0,"FTA":15.0,"PTS":60.0,"OFF":12.3333333333,"DEF":33.6666666667,"REB":46.0,"AST":15.3333333333,"TO":15.0,"STL":8.0,"BLK":5.6666666667,"STK":13.6666666667,"PF":15.6666666667,"Fls on:":17.6666666667,"+\/-":-1.6666666667,"GW":30.0,"GP":3.0,"W":2.0,"L":1.0,"FG%":33.1578947368,"2P%":38.4615384615,"3P%":24.6575342466,"FT%":80.0,"W%":0.6666666667},"UST":{"MINS":200.0,"FGM":24.6666666667,"FGA":63.6666666667,"2PM":18.3333333333,"2PA":36.3333333333,"3PM":6.3333333333,"3PA":27.3333333333,"FTM":11.0,"FTA":16.3333333333,"PTS":66.6666666667,"OFF":9.6666666667,"DEF":30.0,"REB":39.6666666667,"AST":21.0,"TO":10.3333333333,"STL":6.3333333333,"BLK":1.0,"STK":7.3333333333,"PF":19.3333333333,"Fls on:":18.3333333333,"+\/-":4.0,"GW":26.0,"GP":3.0,"W":2.0,"L":1.0,"FG%":38.7434554974,"2P%":50.4587155963,"3P%":23.1707317073,"FT%":67.3469387755,"W%":0.6666666667},"NU":{"MINS":200.0,"FGM":28.5,"FGA":77.0,"2PM":25.5,"2PA":58.0,"3PM":3.0,"3PA":19.0,"FTM":8.5,"FTA":13.0,"PTS":68.5,"OFF":18.0,"DEF":26.0,"REB":44.0,"AST":16.0,"TO":14.5,"STL":10.0,"BLK":1.5,"STK":11.5,"PF":21.5,"Fls on:":15.0,"+\/-":-0.5,"GW":15.0,"GP":2.0,"W":1.0,"L":1.0,"FG%":37.012987013,"2P%":43.9655172414,"3P%":15.7894736842,"FT%":65.3846153846,"W%":0.5},"League":{"MINS":200.0,"FGM":23.9545454545,"FGA":65.5909090909,"2PM":18.5454545455,"2PA":42.6363636364,"3PM":5.4090909091,"3PA":22.9545454545,"FTM":11.9090909091,"FTA":18.7272727273,"PTS":65.2272727273,"OFF":13.5909090909,"DEF":29.9090909091,"REB":43.5,"AST":17.5,"TO":14.2272727273,"STL":6.9545454545,"BLK":3.1818181818,"STK":10.1363636364,"PF":20.1363636364,"Fls on:":20.0,"+\/-":0.0,"GW":18.75,"GP":2.75,"W":1.375,"L":1.375,"FG%":36.5211365211,"2P%":43.4968017058,"3P%":23.5643564356,"FT%":63.5922330097,"W%":0.5},"UE":{"MINS":200.0,"FGM":19.6666666667,"FGA":58.3333333333,"2PM":15.0,"2PA":37.6666666667,"3PM":4.6666666667,"3PA":20.6666666667,"FTM":16.6666666667,"FTA":25.6666666667,"PTS":60.6666666667,"OFF":10.3333333333,"DEF":25.3333333333,"REB":35.6666666667,"AST":12.3333333333,"TO":13.3333333333,"STL":6.3333333333,"BLK":2.6666666667,"STK":9.0,"PF":21.0,"Fls on:":23.3333333333,"+\/-":-6.6666666667,"GW":12.0,"GP":3.0,"W":1.0,"L":2.0,"FG%":33.7142857143,"2P%":39.8230088496,"3P%":22.5806451613,"FT%":64.9350649351,"W%":0.3333333333},"ADMU":{"MINS":200.0,"FGM":21.6666666667,"FGA":64.3333333333,"2PM":17.6666666667,"2PA":40.3333333333,"3PM":4.0,"3PA":24.0,"FTM":14.6666666667,"FTA":26.6666666667,"PTS":62.0,"OFF":13.0,"DEF":25.3333333333,"REB":38.3333333333,"AST":18.3333333333,"TO":11.0,"STL":7.0,"BLK":3.3333333333,"STK":10.3333333333,"PF":21.0,"Fls on:":24.3333333333,"+\/-":-13.0,"GW":0.0,"GP":3.0,"W":0.0,"L":3.0,"FG%":33.6787564767,"2P%":43.8016528926,"3P%":16.6666666667,"FT%":55.0,"W%":0.0},"FEU":{"MINS":200.0,"FGM":20.3333333333,"FGA":65.3333333333,"2PM":17.3333333333,"2PA":47.0,"3PM":3.0,"3PA":18.3333333333,"FTM":9.0,"FTA":14.0,"PTS":52.6666666667,"OFF":14.3333333333,"DEF":32.3333333333,"REB":46.6666666667,"AST":14.6666666667,"TO":15.6666666667,"STL":6.0,"BLK":3.0,"STK":9.0,"PF":19.3333333333,"Fls on:":18.3333333333,"+\/-":-6.3333333333,"GW":0.0,"GP":3.0,"W":0.0,"L":3.0,"FG%":31.1224489796,"2P%":36.8794326241,"3P%":16.3636363636,"FT%":64.2857142857,"W%":0.0}}