{"UE":{"2PM":169.0,"2PA":388.0,"3PM":75.0,"3PA":282.0,"FTM":124.0,"FTA":221.0,"OFF":138.0,"DEF":332.0,"AST":189.0,"TO":177.0,"STL":74.0,"BLK":38.0,"PF":222.0,"Fls on:":223.0,"+\/-":11.0,"GW":61.0,"GP":11.0,"MINS":2200.0,"FGM":244.0,"FGA":670.0,"FG%":36.4179104478,"2P%":43.5567010309,"3P%":26.5957446809,"FT%":56.1085972851,"PTS":687.0,"REB":470.0,"STK":112.0},"DLSU":{"2PM":217.0,"2PA":509.0,"3PM":65.0,"3PA":285.0,"FTM":137.0,"FTA":230.0,"OFF":135.0,"DEF":315.0,"AST":145.0,"TO":179.0,"STL":110.0,"BLK":35.0,"PF":244.0,"Fls on:":234.0,"+\/-":-142.0,"GW":11.0,"GP":12.0,"MINS":2400.0,"FGM":282.0,"FGA":794.0,"FG%":35.516372796,"2P%":42.6326129666,"3P%":22.8070175439,"FT%":59.5652173913,"PTS":766.0,"REB":450.0,"STK":145.0},"UP":{"2PM":168.0,"2PA":436.0,"3PM":71.0,"3PA":262.0,"FTM":144.0,"FTA":229.0,"OFF":143.0,"DEF":280.0,"AST":150.0,"TO":191.0,"STL":80.0,"BLK":35.0,"PF":245.0,"Fls on:":230.0,"+\/-":-104.0,"GW":25.0,"GP":11.0,"MINS":2200.0,"FGM":239.0,"FGA":698.0,"FG%":34.2406876791,"2P%":38.5321100917,"3P%":27.0992366412,"FT%":62.8820960699,"PTS":693.0,"REB":423.0,"STK":115.0},"ADMU":{"2PM":240.0,"2PA":477.0,"3PM":67.0,"3PA":256.0,"FTM":160.0,"FTA":241.0,"OFF":149.0,"DEF":408.0,"AST":199.0,"TO":189.0,"STL":51.0,"BLK":41.0,"PF":261.0,"Fls on:":244.0,"+\/-":97.0,"GW":110.0,"GP":12.0,"MINS":2400.0,"FGM":307.0,"FGA":733.0,"FG%":41.8826739427,"2P%":50.3144654088,"3P%":26.171875,"FT%":66.3900414938,"PTS":841.0,"REB":557.0,"STK":92.0},"NU":{"2PM":197.0,"2PA":469.0,"3PM":82.0,"3PA":296.0,"FTM":157.0,"FTA":245.0,"OFF":182.0,"DEF":354.0,"AST":183.0,"TO":194.0,"STL":79.0,"BLK":35.0,"PF":238.0,"Fls on:":267.0,"+\/-":29.0,"GW":103.0,"GP":12.0,"MINS":2400.0,"FGM":279.0,"FGA":765.0,"FG%":36.4705882353,"2P%":42.0042643923,"3P%":27.7027027027,"FT%":64.0816326531,"PTS":797.0,"REB":536.0,"STK":114.0},"UST":{"2PM":223.0,"2PA":493.0,"3PM":90.0,"3PA":288.0,"FTM":158.0,"FTA":226.0,"OFF":139.0,"DEF":365.0,"AST":199.0,"TO":172.0,"STL":81.0,"BLK":39.0,"PF":230.0,"Fls on:":238.0,"+\/-":22.0,"GW":92.0,"GP":12.0,"MINS":2400.0,"FGM":313.0,"FGA":781.0,"FG%":40.0768245839,"2P%":45.2332657201,"3P%":31.25,"FT%":69.9115044248,"PTS":874.0,"REB":504.0,"STK":120.0},"FEU":{"2PM":234.0,"2PA":606.0,"3PM":82.0,"3PA":308.0,"FTM":120.0,"FTA":207.0,"OFF":186.0,"DEF":399.0,"AST":214.0,"TO":166.0,"STL":87.0,"BLK":42.0,"PF":243.0,"Fls on:":211.0,"+\/-":30.0,"GW":110.0,"GP":13.0,"MINS":2600.0,"FGM":316.0,"FGA":914.0,"FG%":34.5733041575,"2P%":38.6138613861,"3P%":26.6233766234,"FT%":57.9710144928,"PTS":834.0,"REB":585.0,"STK":129.0},"AdU":{"2PM":170.0,"2PA":416.0,"3PM":74.0,"3PA":277.0,"FTM":126.0,"FTA":187.0,"OFF":132.0,"DEF":317.0,"AST":174.0,"TO":164.0,"STL":88.0,"BLK":26.0,"PF":202.0,"Fls on:":210.0,"+\/-":57.0,"GW":91.0,"GP":11.0,"MINS":2200.0,"FGM":244.0,"FGA":693.0,"FG%":35.2092352092,"2P%":40.8653846154,"3P%":26.714801444,"FT%":67.3796791444,"PTS":688.0,"REB":449.0,"STK":114.0},"League":{"2PM":202.25,"2PA":474.25,"3PM":75.75,"3PA":281.75,"FTM":140.75,"FTA":223.25,"OFF":150.5,"DEF":346.25,"AST":181.625,"TO":179.0,"STL":81.25,"BLK":36.375,"PF":235.625,"Fls on:":232.125,"+\/-":0.0,"GW":75.375,"GP":11.75,"MINS":2350.0,"FGM":278.0,"FGA":756.0,"FG%":36.7724867725,"2P%":42.6462836057,"3P%":26.8855368234,"FT%":63.045912654,"PTS":772.5,"REB":496.75,"STK":117.625}}