{"DLSU":{"2PM":18.0833333333,"2PA":42.4166666667,"3PM":5.4166666667,"3PA":23.75,"FTM":11.4166666667,"FTA":19.1666666667,"OFF":11.25,"DEF":26.25,"AST":12.0833333333,"TO":14.9166666667,"STL":9.1666666667,"BLK":2.9166666667,"PF":20.3333333333,"Fls on:":19.5,"+\/-":-11.8333333333,"GW":11.0,"GP":12.0,"MINS":200.0,"FGM":23.5,"FGA":66.1666666667,"FG%":35.516372796,"2P%":42.6326129666,"3P%":22.8070175439,"FT%":59.5652173913,"PTS":63.8333333333,"REB":37.5,"STK":12.0833333333},"UP":{"2PM":15.2727272727,"2PA":39.6363636364,"3PM":6.4545454545,"3PA":23.8181818182,"FTM":13.0909090909,"FTA":20.8181818182,"OFF":13.0,"DEF":25.4545454545,"AST":13.6363636364,"TO":17.3636363636,"STL":7.2727272727,"BLK":3.1818181818,"PF":22.2727272727,"Fls on:":20.9090909091,"+\/-":-9.4545454545,"GW":25.0,"GP":11.0,"MINS":200.0,"FGM":21.7272727273,"FGA":63.4545454545,"FG%":34.2406876791,"2P%":38.5321100917,"3P%":27.0992366412,"FT%":62.8820960699,"PTS":63.0,"REB":38.4545454545,"STK":10.4545454545},"League":{"2PM":17.2127659574,"2PA":40.3617021277,"3PM":6.4468085106,"3PA":23.9787234043,"FTM":11.9787234043,"FTA":19.0,"OFF":12.8085106383,"DEF":29.4680851064,"AST":15.4574468085,"TO":15.2340425532,"STL":6.914893617,"BLK":3.0957446809,"PF":20.0531914894,"Fls on:":19.7553191489,"+\/-":0.0,"GW":75.375,"GP":11.75,"MINS":200.0,"FGM":23.6595744681,"FGA":64.3404255319,"FG%":36.7724867725,"2P%":42.6462836057,"3P%":26.8855368234,"FT%":63.045912654,"PTS":65.7446808511,"REB":42.2765957447,"STK":10.0106382979},"UE":{"2PM":15.3636363636,"2PA":35.2727272727,"3PM":6.8181818182,"3PA":25.6363636364,"FTM":11.2727272727,"FTA":20.0909090909,"OFF":12.5454545455,"DEF":30.1818181818,"AST":17.1818181818,"TO":16.0909090909,"STL":6.7272727273,"BLK":3.4545454545,"PF":20.1818181818,"Fls on:":20.2727272727,"+\/-":1.0,"GW":61.0,"GP":11.0,"MINS":200.0,"FGM":22.1818181818,"FGA":60.9090909091,"FG%":36.4179104478,"2P%":43.5567010309,"3P%":26.5957446809,"FT%":56.1085972851,"PTS":62.4545454545,"REB":42.7272727273,"STK":10.1818181818},"UST":{"2PM":18.5833333333,"2PA":41.0833333333,"3PM":7.5,"3PA":24.0,"FTM":13.1666666667,"FTA":18.8333333333,"OFF":11.5833333333,"DEF":30.4166666667,"AST":16.5833333333,"TO":14.3333333333,"STL":6.75,"BLK":3.25,"PF":19.1666666667,"Fls on:":19.8333333333,"+\/-":1.8333333333,"GW":92.0,"GP":12.0,"MINS":200.0,"FGM":26.0833333333,"FGA":65.0833333333,"FG%":40.0768245839,"2P%":45.2332657201,"3P%":31.25,"FT%":69.9115044248,"PTS":72.8333333333,"REB":42.0,"STK":10.0},"FEU":{"2PM":18.0,"2PA":46.6153846154,"3PM":6.3076923077,"3PA":23.6923076923,"FTM":9.2307692308,"FTA":15.9230769231,"OFF":14.3076923077,"DEF":30.6923076923,"AST":16.4615384615,"TO":12.7692307692,"STL":6.6923076923,"BLK":3.2307692308,"PF":18.6923076923,"Fls on:":16.2307692308,"+\/-":2.3076923077,"GW":110.0,"GP":13.0,"MINS":200.0,"FGM":24.3076923077,"FGA":70.3076923077,"FG%":34.5733041575,"2P%":38.6138613861,"3P%":26.6233766234,"FT%":57.9710144928,"PTS":64.1538461538,"REB":45.0,"STK":9.9230769231},"NU":{"2PM":16.4166666667,"2PA":39.0833333333,"3PM":6.8333333333,"3PA":24.6666666667,"FTM":13.0833333333,"FTA":20.4166666667,"OFF":15.1666666667,"DEF":29.5,"AST":15.25,"TO":16.1666666667,"STL":6.5833333333,"BLK":2.9166666667,"PF":19.8333333333,"Fls on:":22.25,"+\/-":2.4166666667,"GW":103.0,"GP":12.0,"MINS":200.0,"FGM":23.25,"FGA":63.75,"FG%":36.4705882353,"2P%":42.0042643923,"3P%":27.7027027027,"FT%":64.0816326531,"PTS":66.4166666667,"REB":44.6666666667,"STK":9.5},"AdU":{"2PM":15.4545454545,"2PA":37.8181818182,"3PM":6.7272727273,"3PA":25.1818181818,"FTM":11.4545454545,"FTA":17.0,"OFF":12.0,"DEF":28.8181818182,"AST":15.8181818182,"TO":14.9090909091,"STL":8.0,"BLK":2.3636363636,"PF":18.3636363636,"Fls on:":19.0909090909,"+\/-":5.1818181818,"GW":91.0,"GP":11.0,"MINS":200.0,"FGM":22.1818181818,"FGA":63.0,"FG%":35.2092352092,"2P%":40.8653846154,"3P%":26.714801444,"FT%":67.3796791444,"PTS":62.5454545455,"REB":40.8181818182,"STK":10.3636363636},"ADMU":{"2PM":20.0,"2PA":39.75,"3PM":5.5833333333,"3PA":21.3333333333,"FTM":13.3333333333,"FTA":20.0833333333,"OFF":12.4166666667,"DEF":34.0,"AST":16.5833333333,"TO":15.75,"STL":4.25,"BLK":3.4166666667,"PF":21.75,"Fls on:":20.3333333333,"+\/-":8.0833333333,"GW":110.0,"GP":12.0,"MINS":200.0,"FGM":25.5833333333,"FGA":61.0833333333,"FG%":41.8826739427,"2P%":50.3144654088,"3P%":26.171875,"FT%":66.3900414938,"PTS":70.0833333333,"REB":46.4166666667,"STK":7.6666666667}}