{"ADMU":{"MINS":2425.0,"FGM":256.0,"FGA":781.0,"2PM":173.0,"2PA":441.0,"3PM":83.0,"3PA":340.0,"FTM":149.0,"FTA":264.0,"PTS":744.0,"OFF":147.0,"DEF":293.0,"REB":440.0,"AST":185.0,"TO":130.0,"STL":84.0,"BLK":24.0,"STK":108.0,"PF":245.0,"Fls on:":257.0,"+\/-":-97.0,"GW":36.0,"GP":12.0,"W":3.0,"L":9.0,"FG%":32.7784891165,"2P%":39.2290249433,"3P%":24.4117647059,"FT%":56.4393939394},"AdU":{"MINS":2225.0,"FGM":218.0,"FGA":658.0,"2PM":146.0,"2PA":397.0,"3PM":72.0,"3PA":261.0,"FTM":123.0,"FTA":197.0,"PTS":631.0,"OFF":134.0,"DEF":343.0,"REB":477.0,"AST":152.0,"TO":191.0,"STL":73.0,"BLK":47.0,"STK":120.0,"PF":213.0,"Fls on:":203.0,"+\/-":-57.0,"GW":54.0,"GP":11.0,"W":4.0,"L":7.0,"FG%":33.1306990881,"2P%":36.7758186398,"3P%":27.5862068966,"FT%":62.4365482234},"DLSU":{"MINS":2425.0,"FGM":325.0,"FGA":806.0,"2PM":229.0,"2PA":507.0,"3PM":96.0,"3PA":299.0,"FTM":162.0,"FTA":246.0,"PTS":908.0,"OFF":192.0,"DEF":403.0,"REB":595.0,"AST":253.0,"TO":224.0,"STL":84.0,"BLK":42.0,"STK":126.0,"PF":238.0,"Fls on:":237.0,"+\/-":142.0,"GW":140.0,"GP":12.0,"W":11.0,"L":1.0,"FG%":40.3225806452,"2P%":45.16765286,"3P%":32.1070234114,"FT%":65.8536585366},"FEU":{"MINS":2650.0,"FGM":299.0,"FGA":855.0,"2PM":242.0,"2PA":588.0,"3PM":57.0,"3PA":267.0,"FTM":149.0,"FTA":221.0,"PTS":804.0,"OFF":170.0,"DEF":424.0,"REB":594.0,"AST":152.0,"TO":196.0,"STL":78.0,"BLK":53.0,"STK":131.0,"PF":215.0,"Fls on:":240.0,"+\/-":-30.0,"GW":52.0,"GP":13.0,"W":5.0,"L":8.0,"FG%":34.9707602339,"2P%":41.156462585,"3P%":21.3483146067,"FT%":67.4208144796},"NU":{"MINS":2400.0,"FGM":279.0,"FGA":783.0,"2PM":211.0,"2PA":523.0,"3PM":68.0,"3PA":260.0,"FTM":142.0,"FTA":216.0,"PTS":768.0,"OFF":157.0,"DEF":332.0,"REB":489.0,"AST":166.0,"TO":173.0,"STL":81.0,"BLK":26.0,"STK":107.0,"PF":269.0,"Fls on:":233.0,"+\/-":-29.0,"GW":57.0,"GP":12.0,"W":4.0,"L":8.0,"FG%":35.632183908,"2P%":40.34416826,"3P%":26.1538461538,"FT%":65.7407407407},"UE":{"MINS":2200.0,"FGM":236.0,"FGA":656.0,"2PM":164.0,"2PA":412.0,"3PM":72.0,"3PA":244.0,"FTM":132.0,"FTA":211.0,"PTS":676.0,"OFF":114.0,"DEF":298.0,"REB":412.0,"AST":145.0,"TO":159.0,"STL":82.0,"BLK":29.0,"STK":111.0,"PF":228.0,"Fls on:":221.0,"+\/-":-11.0,"GW":72.0,"GP":11.0,"W":6.0,"L":5.0,"FG%":35.9756097561,"2P%":39.8058252427,"3P%":29.5081967213,"FT%":62.5592417062},"UP":{"MINS":2200.0,"FGM":299.0,"FGA":707.0,"2PM":235.0,"2PA":471.0,"3PM":64.0,"3PA":236.0,"FTM":135.0,"FTA":225.0,"PTS":797.0,"OFF":147.0,"DEF":337.0,"REB":484.0,"AST":194.0,"TO":185.0,"STL":82.0,"BLK":44.0,"STK":126.0,"PF":235.0,"Fls on:":241.0,"+\/-":104.0,"GW":129.0,"GP":11.0,"W":9.0,"L":2.0,"FG%":42.2913719943,"2P%":49.8938428875,"3P%":27.1186440678,"FT%":60.0},"UST":{"MINS":2425.0,"FGM":312.0,"FGA":802.0,"2PM":218.0,"2PA":455.0,"3PM":94.0,"3PA":347.0,"FTM":134.0,"FTA":206.0,"PTS":852.0,"OFF":143.0,"DEF":340.0,"REB":483.0,"AST":206.0,"TO":174.0,"STL":86.0,"BLK":26.0,"STK":112.0,"PF":242.0,"Fls on:":225.0,"+\/-":-22.0,"GW":63.0,"GP":12.0,"W":5.0,"L":7.0,"FG%":38.9027431421,"2P%":47.9120879121,"3P%":27.0893371758,"FT%":65.0485436893},"League":{"MINS":2368.75,"FGM":278.0,"FGA":756.0,"2PM":202.25,"2PA":474.25,"3PM":75.75,"3PA":281.75,"FTM":140.75,"FTA":223.25,"PTS":772.5,"OFF":150.5,"DEF":346.25,"REB":496.75,"AST":181.625,"TO":179.0,"STL":81.25,"BLK":36.375,"STK":117.625,"PF":235.625,"Fls on:":232.125,"+\/-":0.0,"GW":75.375,"GP":11.75,"W":5.875,"L":5.875,"FG%":36.7724867725,"2P%":42.6462836057,"3P%":26.8855368234,"FT%":63.045912654}}