{"DLSU":{"OFF":73.1854269969,"DEF":61.7401289423,"NET":11.4452980546,"PACE":77.5427599847,"hAST%":18.1852160662,"hTO%":16.1007446594,"TOR":24.0727395702,"AR":27.1892996038,"STL%":9.0272773388,"BLK%":8.2514734774,"EFG%":46.2779156328,"TS%":49.6587329366,"PPWS":0.9931746587,"REB%":56.9377990431,"OREB%":37.8698224852,"DREB%":74.907063197,"FTR":0.3052109181,"FFI":36.6814794144,"Py-W":11.2590506672,"Py-L":0.7409493328,"PPR":-2.1762727838,"HHI":0.1165921132},"UP":{"OFF":71.7590032687,"DEF":62.3952186514,"NET":9.3637846172,"PACE":75.7269563618,"hAST%":16.3713080169,"hTO%":15.611814346,"TOR":22.2089763358,"AR":23.2894130224,"STL%":9.8439787002,"BLK%":10.0917431193,"EFG%":46.8175388967,"TS%":49.4416873449,"PPWS":0.9888337469,"REB%":53.3627342889,"OREB%":34.4262295082,"DREB%":70.2083333333,"FTR":0.3182461103,"FFI":35.9381971992,"Py-W":9.9389427869,"Py-L":1.0610572131,"PPR":-2.4711637751,"HHI":0.091817024},"League":{"OFF":66.6462188809,"DEF":66.6462188809,"NET":0.0,"PACE":73.9570356272,"hAST%":14.9503438682,"hTO%":14.7342686987,"TOR":20.5905901699,"AR":20.8925471486,"STL%":9.3462874374,"BLK%":7.6700052715,"EFG%":41.7824074074,"TS%":45.2161595823,"PPWS":0.9043231916,"REB%":50.0,"OREB%":30.2969300453,"DREB%":69.7030699547,"FTR":0.2953042328,"FFI":32.3495600066,"Py-W":5.875,"Py-L":5.875,"PPR":-2.4450307828,"HHI":0.0103830526},"UE":{"OFF":64.3540814282,"DEF":65.4012632265,"NET":-1.0471817984,"PACE":71.6208017705,"hAST%":13.7722730899,"hTO%":15.1020098021,"TOR":20.1820492053,"AR":18.4050134262,"STL%":10.4083524203,"BLK%":7.4742268041,"EFG%":41.4634146341,"TS%":45.1364777523,"PPWS":0.902729555,"REB%":46.7120181406,"OREB%":25.5605381166,"DREB%":68.3486238532,"FTR":0.3216463415,"FFI":31.5676809002,"Py-W":4.7937078177,"Py-L":6.2062921823,"PPR":-2.9257552149,"HHI":0.1297704912},"UST":{"OFF":70.6507839431,"DEF":72.4750999604,"NET":-1.8243160173,"PACE":75.370713569,"hAST%":16.1868242394,"hTO%":13.6723661051,"TOR":19.2382416371,"AR":22.7763090646,"STL%":9.5085562114,"BLK%":5.2738336714,"EFG%":44.7630922693,"TS%":47.7236063811,"PPWS":0.9544721276,"REB%":48.9361702128,"OREB%":28.1496062992,"DREB%":70.9812108559,"FTR":0.2568578554,"FFI":32.1975864073,"Py-W":4.7929846702,"Py-L":7.2070153298,"PPR":-1.4836674055,"HHI":0.1297526946},"FEU":{"OFF":62.5080650479,"DEF":64.8404555348,"NET":-2.3323904869,"PACE":74.2058090409,"hAST%":11.6901495109,"hTO%":15.0741401587,"TOR":20.3177126856,"AR":15.7565935113,"STL%":8.0856203545,"BLK%":8.7458745875,"EFG%":38.3040935673,"TS%":42.2162480047,"PPWS":0.8443249601,"REB%":50.3816793893,"OREB%":29.8769771529,"DREB%":69.5081967213,"FTR":0.2584795322,"FFI":30.2536540113,"Py-W":4.6477547814,"Py-L":8.3522452186,"PPR":-3.5603508928,"HHI":0.1488112918},"NU":{"OFF":65.8443877191,"DEF":68.3306992345,"NET":-2.4863115154,"PACE":72.8991515644,"hAST%":13.6396502991,"hTO%":14.2148162756,"TOR":19.7761789504,"AR":18.9759867385,"STL%":9.259367023,"BLK%":5.5437100213,"EFG%":39.9744572158,"TS%":43.733770671,"PPWS":0.8746754134,"REB%":47.7073170732,"OREB%":30.7240704501,"DREB%":64.5914396887,"FTR":0.275862069,"FFI":31.2165727484,"Py-W":4.2712540911,"Py-L":7.7287459089,"PPR":-2.6349120984,"HHI":0.0996873644},"AdU":{"OFF":59.6706067234,"DEF":65.060820009,"NET":-5.3902132856,"PACE":72.1003683977,"hAST%":13.9746984407,"hTO%":17.5603118564,"TOR":24.0825903522,"AR":19.1652027934,"STL%":9.2043408152,"BLK%":11.2980769231,"EFG%":38.6018237082,"TS%":42.3671912768,"PPWS":0.8473438255,"REB%":51.5118790497,"OREB%":29.711751663,"DREB%":72.2105263158,"FTR":0.2993920973,"FFI":31.8946088629,"Py-W":2.2045209673,"Py-L":8.7954790327,"PPR":-4.1337387072,"HHI":0.1138006987},"ADMU":{"OFF":64.413599626,"DEF":72.8116092546,"NET":-8.3980096287,"PACE":72.1897243284,"hAST%":15.2620116156,"hTO%":10.724656811,"TOR":15.006752601,"AR":21.3557633169,"STL%":9.6966709114,"BLK%":5.0314465409,"EFG%":38.0921895006,"TS%":41.4641758438,"PPWS":0.8292835169,"REB%":44.1323971916,"OREB%":26.4864864865,"DREB%":66.2895927602,"FTR":0.338028169,"FFI":29.356283783,"Py-W":1.4805529617,"Py-L":10.5194470383,"PPR":-0.2816443932,"HHI":0.1083434501}}