{"UE":{"2PM":130.0,"2PA":293.0,"3PM":57.0,"3PA":196.0,"FTM":94.0,"FTA":167.0,"OFF":99.0,"DEF":237.0,"AST":149.0,"TO":122.0,"STL":49.0,"BLK":32.0,"PF":177.0,"Fls on:":164.0,"+\/-":11.0,"GW":40.0,"GP":8.0,"MINS":1600.0,"FGM":187.0,"FGA":489.0,"FG%":38.2413087935,"2P%":44.3686006826,"3P%":29.0816326531,"FT%":56.2874251497,"PTS":525.0,"REB":336.0,"STK":81.0},"UP":{"2PM":125.0,"2PA":323.0,"3PM":52.0,"3PA":194.0,"FTM":114.0,"FTA":186.0,"OFF":107.0,"DEF":201.0,"AST":110.0,"TO":124.0,"STL":58.0,"BLK":27.0,"PF":180.0,"Fls on:":173.0,"+\/-":-85.0,"GW":11.0,"GP":8.0,"MINS":1600.0,"FGM":177.0,"FGA":517.0,"FG%":34.2359767892,"2P%":38.6996904025,"3P%":26.8041237113,"FT%":61.2903225806,"PTS":520.0,"REB":308.0,"STK":85.0},"UST":{"2PM":195.0,"2PA":412.0,"3PM":70.0,"3PA":233.0,"FTM":137.0,"FTA":196.0,"OFF":114.0,"DEF":305.0,"AST":173.0,"TO":147.0,"STL":66.0,"BLK":35.0,"PF":199.0,"Fls on:":207.0,"+\/-":26.0,"GW":78.0,"GP":10.0,"MINS":2000.0,"FGM":265.0,"FGA":645.0,"FG%":41.0852713178,"2P%":47.3300970874,"3P%":30.0429184549,"FT%":69.8979591837,"PTS":737.0,"REB":419.0,"STK":101.0},"ADMU":{"2PM":179.0,"2PA":352.0,"3PM":46.0,"3PA":190.0,"FTM":125.0,"FTA":185.0,"OFF":104.0,"DEF":306.0,"AST":146.0,"TO":139.0,"STL":33.0,"BLK":28.0,"PF":205.0,"Fls on:":194.0,"+\/-":43.0,"GW":73.0,"GP":9.0,"MINS":1800.0,"FGM":225.0,"FGA":542.0,"FG%":41.5129151292,"2P%":50.8522727273,"3P%":24.2105263158,"FT%":67.5675675676,"PTS":621.0,"REB":410.0,"STK":61.0},"DLSU":{"2PM":170.0,"2PA":389.0,"3PM":52.0,"3PA":223.0,"FTM":107.0,"FTA":172.0,"OFF":103.0,"DEF":239.0,"AST":119.0,"TO":134.0,"STL":91.0,"BLK":28.0,"PF":191.0,"Fls on:":173.0,"+\/-":-97.0,"GW":11.0,"GP":9.0,"MINS":1800.0,"FGM":222.0,"FGA":612.0,"FG%":36.2745098039,"2P%":43.7017994859,"3P%":23.3183856502,"FT%":62.2093023256,"PTS":603.0,"REB":342.0,"STK":119.0},"FEU":{"2PM":164.0,"2PA":435.0,"3PM":60.0,"3PA":197.0,"FTM":84.0,"FTA":146.0,"OFF":122.0,"DEF":285.0,"AST":160.0,"TO":115.0,"STL":64.0,"BLK":30.0,"PF":177.0,"Fls on:":154.0,"+\/-":35.0,"GW":85.0,"GP":9.0,"MINS":1800.0,"FGM":224.0,"FGA":632.0,"FG%":35.4430379747,"2P%":37.7011494253,"3P%":30.4568527919,"FT%":57.5342465753,"PTS":592.0,"REB":407.0,"STK":94.0},"NU":{"2PM":154.0,"2PA":362.0,"3PM":59.0,"3PA":212.0,"FTM":129.0,"FTA":192.0,"OFF":132.0,"DEF":272.0,"AST":140.0,"TO":127.0,"STL":57.0,"BLK":29.0,"PF":176.0,"Fls on:":206.0,"+\/-":38.0,"GW":87.0,"GP":9.0,"MINS":1800.0,"FGM":213.0,"FGA":574.0,"FG%":37.1080139373,"2P%":42.5414364641,"3P%":27.8301886792,"FT%":67.1875,"PTS":614.0,"REB":404.0,"STK":86.0},"AdU":{"2PM":125.0,"2PA":325.0,"3PM":55.0,"3PA":198.0,"FTM":96.0,"FTA":147.0,"OFF":111.0,"DEF":235.0,"AST":123.0,"TO":103.0,"STL":61.0,"BLK":18.0,"PF":148.0,"Fls on:":162.0,"+\/-":29.0,"GW":63.0,"GP":8.0,"MINS":1600.0,"FGM":180.0,"FGA":523.0,"FG%":34.4168260038,"2P%":38.4615384615,"3P%":27.7777777778,"FT%":65.306122449,"PTS":511.0,"REB":346.0,"STK":79.0},"League":{"2PM":155.25,"2PA":361.375,"3PM":56.375,"3PA":205.375,"FTM":110.75,"FTA":173.875,"OFF":111.5,"DEF":260.0,"AST":140.0,"TO":126.375,"STL":59.875,"BLK":28.375,"PF":181.625,"Fls on:":179.125,"+\/-":0.0,"GW":56.0,"GP":8.75,"MINS":1750.0,"FGM":211.625,"FGA":566.75,"FG%":37.3400970446,"2P%":42.9609131788,"3P%":27.449786975,"FT%":63.6951833214,"PTS":590.375,"REB":371.5,"STK":88.25}}