{"UP":{"OFF":74.9804272703,"DEF":64.4459870753,"NET":10.534440195,"PACE":75.6447409876,"hAST%":17.2149071791,"hTO%":14.3069836691,"TOR":20.3252728468,"AR":24.4564258645,"STL%":9.0885366388,"BLK%":11.1455108359,"EFG%":48.5493230174,"TS%":51.3826606876,"PPWS":1.0276532138,"REB%":53.4743202417,"OREB%":33.0,"DREB%":70.4419889503,"FTR":0.3152804642,"FFI":35.8302543819,"Py-W":7.3481529683,"Py-L":0.6518470317,"PPR":-1.4889067999,"HHI":0.0987664777},"DLSU":{"OFF":73.9697495862,"DEF":63.719655715,"NET":10.2500938712,"PACE":78.8610663949,"hAST%":18.1425079902,"hTO%":15.9804474525,"TOR":23.9521093898,"AR":27.1926888955,"STL%":9.2990542337,"BLK%":8.2262210797,"EFG%":46.6666666667,"TS%":49.9429223744,"PPWS":0.9988584475,"REB%":57.1428571429,"OREB%":39.0306122449,"DREB%":74.6305418719,"FTR":0.3170731707,"FFI":37.2169140241,"Py-W":8.242204951,"Py-L":0.757795049,"PPR":-2.1268631509,"HHI":0.1158653061},"League":{"OFF":68.2621764789,"DEF":68.2621764789,"NET":0.0,"PACE":74.0567468906,"hAST%":15.3908732122,"hTO%":13.8930114442,"TOR":19.4828316522,"AR":21.5833545505,"STL%":9.2307382408,"BLK%":7.8519543411,"EFG%":42.3136303485,"TS%":45.889654958,"PPWS":0.9177930992,"REB%":50.0,"OREB%":30.0134589502,"DREB%":69.9865410498,"FTR":0.3067931187,"FFI":32.4007486224,"Py-W":4.375,"Py-L":4.375,"PPR":-1.8680800942,"HHI":0.0104087234},"UE":{"OFF":67.4090080354,"DEF":68.8516132657,"NET":-1.4426052303,"PACE":71.4852530907,"hAST%":13.8566300676,"hTO%":14.2525337838,"TOR":18.8850139243,"AR":18.3604302042,"STL%":10.3168131624,"BLK%":7.8498293515,"EFG%":43.347639485,"TS%":47.1767383802,"PPWS":0.9435347676,"REB%":46.4114832536,"OREB%":24.7619047619,"DREB%":68.2692307692,"FTR":0.3841201717,"FFI":32.7744928026,"Py-W":3.3288080957,"Py-L":4.6711919043,"PPR":-2.460434373,"HHI":0.124475768},"UST":{"OFF":70.4088537604,"DEF":72.9835797769,"NET":-2.5747260166,"PACE":75.7362137743,"hAST%":16.7381328519,"hTO%":13.446926954,"TOR":18.8813241214,"AR":23.502627228,"STL%":9.9027923714,"BLK%":4.854368932,"EFG%":44.7368421053,"TS%":47.8826571844,"PPWS":0.9576531437,"REB%":48.7775061125,"OREB%":27.2076372315,"DREB%":71.4285714286,"FTR":0.2646616541,"FFI":32.0265201308,"Py-W":3.6016515501,"Py-L":6.3983484499,"PPR":-1.1749993292,"HHI":0.1285109817},"AdU":{"OFF":63.1923117431,"DEF":66.9943387982,"NET":-3.8020270551,"PACE":71.5079077716,"hAST%":14.6859466787,"hTO%":15.9411557966,"TOR":22.2003418849,"AR":20.4522834687,"STL%":8.7402920807,"BLK%":12.3076923077,"EFG%":39.3442622951,"TS%":43.6057031193,"PPWS":0.8721140624,"REB%":50.6419400856,"OREB%":29.8507462687,"DREB%":69.6721311475,"FTR":0.3012295082,"FFI":31.7763822659,"Py-W":2.2556029733,"Py-L":5.7443970267,"PPR":-3.1228654592,"HHI":0.1095280729},"FEU":{"OFF":61.8744089668,"DEF":65.7623879863,"NET":-3.8879790195,"PACE":75.0175515884,"hAST%":11.9496579547,"hTO%":14.5807753026,"TOR":19.6990936986,"AR":16.1443700237,"STL%":8.2943552415,"BLK%":7.816091954,"EFG%":37.2909698997,"TS%":41.5572400621,"PPWS":0.8311448012,"REB%":50.4866180049,"OREB%":29.6296296296,"DREB%":70.7434052758,"FTR":0.2742474916,"FFI":29.880799685,"Py-W":2.4648536281,"Py-L":6.5351463719,"PPR":-3.219491901,"HHI":0.1525323208},"NU":{"OFF":66.5727556687,"DEF":70.9647082997,"NET":-4.3919526309,"PACE":72.1015669516,"hAST%":13.6485713028,"hTO%":13.0982256857,"TOR":18.3383285291,"AR":19.1088465345,"STL%":8.0133872564,"BLK%":6.0773480663,"EFG%":39.5973154362,"TS%":43.2744320231,"PPWS":0.8654886405,"REB%":47.5324675325,"OREB%":30.2564102564,"DREB%":65.2631578947,"FTR":0.2651006711,"FFI":30.4513004252,"Py-W":2.3813983152,"Py-L":6.6186016848,"PPR":-2.0732547341,"HHI":0.1020748939},"ADMU":{"OFF":66.8056644589,"DEF":71.7756360363,"NET":-4.9699715774,"PACE":72.0996745662,"hAST%":15.956981726,"hTO%":9.6179067937,"TOR":13.5614728313,"AR":22.4997162884,"STL%":10.1711046235,"BLK%":5.6818181818,"EFG%":39.0492359932,"TS%":42.4400845865,"PPWS":0.8488016917,"REB%":45.0402144772,"OREB%":26.4423076923,"DREB%":68.4848484848,"FTR":0.3548387097,"FFI":29.6211047887,"Py-W":2.1675013114,"Py-L":6.8324986886,"PPR":0.5252973793,"HHI":0.1083619688}}