{"DLSU":{"MINS":202.7777777778,"FGM":27.7777777778,"FGA":68.3333333333,"2PM":19.5555555556,"2PA":43.8888888889,"3PM":8.2222222222,"3PA":24.4444444444,"FTM":14.0,"FTA":21.6666666667,"PTS":77.7777777778,"OFF":17.0,"DEF":33.6666666667,"REB":50.6666666667,"AST":21.4444444444,"TO":18.8888888889,"STL":7.3333333333,"BLK":3.5555555556,"STK":10.8888888889,"PF":19.5555555556,"Fls on:":20.7777777778,"+\/-":10.7777777778,"GW":102,"GP":9.0,"W":8.0,"L":1.0,"FG%":40.6504065041,"2P%":44.5569620253,"3P%":33.6363636364,"FT%":64.6153846154,"W%":0.8888888889},"UP":{"MINS":200.0,"FGM":28.25,"FGA":64.625,"2PM":22.0,"2PA":44.5,"3PM":6.25,"3PA":20.125,"FTM":12.875,"FTA":20.375,"PTS":75.625,"OFF":12.375,"DEF":31.875,"REB":44.25,"AST":18.5,"TO":15.375,"STL":6.875,"BLK":4.5,"STK":11.375,"PF":22.25,"Fls on:":22.25,"+\/-":10.625,"GW":100,"GP":8.0,"W":7.0,"L":1.0,"FG%":43.7137330754,"2P%":49.4382022472,"3P%":31.0559006211,"FT%":63.1901840491,"W%":0.875},"UE":{"MINS":200.0,"FGM":21.875,"FGA":58.25,"2PM":15.125,"2PA":36.75,"3PM":6.75,"3PA":21.5,"FTM":13.75,"FTA":22.375,"PTS":64.25,"OFF":9.75,"DEF":26.625,"REB":36.375,"AST":13.125,"TO":13.5,"STL":7.375,"BLK":2.875,"STK":10.25,"PF":21.125,"Fls on:":22.125,"+\/-":-1.375,"GW":56,"GP":8.0,"W":5.0,"L":3.0,"FG%":37.5536480687,"2P%":41.156462585,"3P%":31.3953488372,"FT%":61.4525139665,"W%":0.625},"League":{"MINS":202.1428571429,"FGM":24.1857142857,"FGA":64.7714285714,"2PM":17.7428571429,"2PA":41.3,"3PM":6.4428571429,"3PA":23.4714285714,"FTM":12.6571428571,"FTA":19.8714285714,"PTS":67.4714285714,"OFF":12.7428571429,"DEF":29.7142857143,"REB":42.4571428571,"AST":16.0,"TO":14.4428571429,"STL":6.8428571429,"BLK":3.2428571429,"STK":10.0857142857,"PF":20.7571428571,"Fls on:":20.4714285714,"+\/-":0.0,"GW":56,"GP":8.75,"W":4.375,"L":4.375,"FG%":37.3400970446,"2P%":42.9609131788,"3P%":27.449786975,"FT%":63.6951833214,"W%":0.5},"UST":{"MINS":202.5,"FGM":26.0,"FGA":66.5,"2PM":18.5,"2PA":38.2,"3PM":7.5,"3PA":28.3,"FTM":11.6,"FTA":17.6,"PTS":71.1,"OFF":11.4,"DEF":28.5,"REB":39.9,"AST":17.8,"TO":14.3,"STL":7.5,"BLK":2.0,"STK":9.5,"PF":21.0,"Fls on:":19.4,"+\/-":-2.6,"GW":50,"GP":10.0,"W":4.0,"L":6.0,"FG%":39.0977443609,"2P%":48.4293193717,"3P%":26.5017667845,"FT%":65.9090909091,"W%":0.4},"AdU":{"MINS":203.125,"FGM":20.625,"FGA":61.0,"2PM":13.875,"2PA":38.375,"3PM":6.75,"3PA":22.625,"FTM":12.25,"FTA":18.375,"PTS":60.25,"OFF":12.5,"DEF":31.875,"REB":44.375,"AST":14.625,"TO":15.875,"STL":6.25,"BLK":5.0,"STK":11.25,"PF":20.375,"Fls on:":18.5,"+\/-":-3.625,"GW":43,"GP":8.0,"W":3.0,"L":5.0,"FG%":33.8114754098,"2P%":36.1563517915,"3P%":29.8342541436,"FT%":66.6666666667,"W%":0.375},"ADMU":{"MINS":202.7777777778,"FGM":21.8888888889,"FGA":65.4444444444,"2PM":14.5555555556,"2PA":36.6666666667,"3PM":7.3333333333,"3PA":28.7777777778,"FTM":13.1111111111,"FTA":23.2222222222,"PTS":64.2222222222,"OFF":12.2222222222,"DEF":25.1111111111,"REB":37.3333333333,"AST":16.2222222222,"TO":9.7777777778,"STL":7.3333333333,"BLK":2.2222222222,"STK":9.5555555556,"PF":21.5555555556,"Fls on:":22.3333333333,"+\/-":-4.7777777778,"GW":36,"GP":9.0,"W":3.0,"L":6.0,"FG%":33.4465195246,"2P%":39.696969697,"3P%":25.4826254826,"FT%":56.4593301435,"W%":0.3333333333},"FEU":{"MINS":205.5555555556,"FGM":23.0,"FGA":66.4444444444,"2PM":19.4444444444,"2PA":47.0,"3PM":3.5555555556,"3PA":19.4444444444,"FTM":12.3333333333,"FTA":18.2222222222,"PTS":61.8888888889,"OFF":13.3333333333,"DEF":32.7777777778,"REB":46.1111111111,"AST":12.1111111111,"TO":14.7777777778,"STL":6.2222222222,"BLK":3.7777777778,"STK":10.0,"PF":17.3333333333,"Fls on:":19.4444444444,"+\/-":-3.8888888889,"GW":32,"GP":9.0,"W":3.0,"L":6.0,"FG%":34.6153846154,"2P%":41.3711583924,"3P%":18.2857142857,"FT%":67.6829268293,"W%":0.3333333333},"NU":{"MINS":200.0,"FGM":23.6666666667,"FGA":66.2222222222,"2PM":18.5555555556,"2PA":44.8888888889,"3PM":5.1111111111,"3PA":21.3333333333,"FTM":11.5555555556,"FTA":17.5555555556,"PTS":64.0,"OFF":13.1111111111,"DEF":27.5555555556,"REB":40.6666666667,"AST":13.7777777778,"TO":13.2222222222,"STL":5.7777777778,"BLK":2.4444444444,"STK":8.2222222222,"PF":23.0,"Fls on:":19.2222222222,"+\/-":-4.2222222222,"GW":29,"GP":9.0,"W":2.0,"L":7.0,"FG%":35.7382550336,"2P%":41.3366336634,"3P%":23.9583333333,"FT%":65.8227848101,"W%":0.2222222222}}