{"ADMU":{"POS":648.8970710956,"PACE":72.0996745662},"AdU":{"POS":572.0632621727,"PACE":71.5079077716},"DLSU":{"POS":709.7495975545,"PACE":78.8610663949},"FEU":{"POS":675.1579642952,"PACE":75.0175515884},"NU":{"POS":648.9141025641,"PACE":72.1015669516},"UE":{"POS":571.8820247253,"PACE":71.4852530907},"UP":{"POS":605.1579279006,"PACE":75.6447409876},"UST":{"POS":757.3621377429,"PACE":75.7362137743},"League":{"POS":648.6480110064,"PACE":74.0567468906}}