{"ADMU":{"MINS":1825.0,"FGM":197.0,"FGA":589.0,"2PM":131.0,"2PA":330.0,"3PM":66.0,"3PA":259.0,"FTM":118.0,"FTA":209.0,"PTS":578.0,"OFF":110.0,"DEF":226.0,"REB":336.0,"AST":146.0,"TO":88.0,"STL":66.0,"BLK":20.0,"STK":86.0,"PF":194.0,"Fls on:":201.0,"+\/-":-43.0,"GW":36.0,"GP":9.0,"W":3.0,"L":6.0,"FG%":33.4465195246,"2P%":39.696969697,"3P%":25.4826254826,"FT%":56.4593301435},"AdU":{"MINS":1625.0,"FGM":165.0,"FGA":488.0,"2PM":111.0,"2PA":307.0,"3PM":54.0,"3PA":181.0,"FTM":98.0,"FTA":147.0,"PTS":482.0,"OFF":100.0,"DEF":255.0,"REB":355.0,"AST":117.0,"TO":127.0,"STL":50.0,"BLK":40.0,"STK":90.0,"PF":163.0,"Fls on:":148.0,"+\/-":-29.0,"GW":43.0,"GP":8.0,"W":3.0,"L":5.0,"FG%":33.8114754098,"2P%":36.1563517915,"3P%":29.8342541436,"FT%":66.6666666667},"DLSU":{"MINS":1825.0,"FGM":250.0,"FGA":615.0,"2PM":176.0,"2PA":395.0,"3PM":74.0,"3PA":220.0,"FTM":126.0,"FTA":195.0,"PTS":700.0,"OFF":153.0,"DEF":303.0,"REB":456.0,"AST":193.0,"TO":170.0,"STL":66.0,"BLK":32.0,"STK":98.0,"PF":176.0,"Fls on:":187.0,"+\/-":97.0,"GW":102.0,"GP":9.0,"W":8.0,"L":1.0,"FG%":40.6504065041,"2P%":44.5569620253,"3P%":33.6363636364,"FT%":64.6153846154},"FEU":{"MINS":1850.0,"FGM":207.0,"FGA":598.0,"2PM":175.0,"2PA":423.0,"3PM":32.0,"3PA":175.0,"FTM":111.0,"FTA":164.0,"PTS":557.0,"OFF":120.0,"DEF":295.0,"REB":415.0,"AST":109.0,"TO":133.0,"STL":56.0,"BLK":34.0,"STK":90.0,"PF":156.0,"Fls on:":175.0,"+\/-":-35.0,"GW":32.0,"GP":9.0,"W":3.0,"L":6.0,"FG%":34.6153846154,"2P%":41.3711583924,"3P%":18.2857142857,"FT%":67.6829268293},"NU":{"MINS":1800.0,"FGM":213.0,"FGA":596.0,"2PM":167.0,"2PA":404.0,"3PM":46.0,"3PA":192.0,"FTM":104.0,"FTA":158.0,"PTS":576.0,"OFF":118.0,"DEF":248.0,"REB":366.0,"AST":124.0,"TO":119.0,"STL":52.0,"BLK":22.0,"STK":74.0,"PF":207.0,"Fls on:":173.0,"+\/-":-38.0,"GW":29.0,"GP":9.0,"W":2.0,"L":7.0,"FG%":35.7382550336,"2P%":41.3366336634,"3P%":23.9583333333,"FT%":65.8227848101},"UE":{"MINS":1600.0,"FGM":175.0,"FGA":466.0,"2PM":121.0,"2PA":294.0,"3PM":54.0,"3PA":172.0,"FTM":110.0,"FTA":179.0,"PTS":514.0,"OFF":78.0,"DEF":213.0,"REB":291.0,"AST":105.0,"TO":108.0,"STL":59.0,"BLK":23.0,"STK":82.0,"PF":169.0,"Fls on:":177.0,"+\/-":-11.0,"GW":56.0,"GP":8.0,"W":5.0,"L":3.0,"FG%":37.5536480687,"2P%":41.156462585,"3P%":31.3953488372,"FT%":61.4525139665},"UP":{"MINS":1600.0,"FGM":226.0,"FGA":517.0,"2PM":176.0,"2PA":356.0,"3PM":50.0,"3PA":161.0,"FTM":103.0,"FTA":163.0,"PTS":605.0,"OFF":99.0,"DEF":255.0,"REB":354.0,"AST":148.0,"TO":123.0,"STL":55.0,"BLK":36.0,"STK":91.0,"PF":178.0,"Fls on:":178.0,"+\/-":85.0,"GW":100.0,"GP":8.0,"W":7.0,"L":1.0,"FG%":43.7137330754,"2P%":49.4382022472,"3P%":31.0559006211,"FT%":63.1901840491},"UST":{"MINS":2025.0,"FGM":260.0,"FGA":665.0,"2PM":185.0,"2PA":382.0,"3PM":75.0,"3PA":283.0,"FTM":116.0,"FTA":176.0,"PTS":711.0,"OFF":114.0,"DEF":285.0,"REB":399.0,"AST":178.0,"TO":143.0,"STL":75.0,"BLK":20.0,"STK":95.0,"PF":210.0,"Fls on:":194.0,"+\/-":-26.0,"GW":50.0,"GP":10.0,"W":4.0,"L":6.0,"FG%":39.0977443609,"2P%":48.4293193717,"3P%":26.5017667845,"FT%":65.9090909091},"League":{"MINS":1768.75,"FGM":211.625,"FGA":566.75,"2PM":155.25,"2PA":361.375,"3PM":56.375,"3PA":205.375,"FTM":110.75,"FTA":173.875,"PTS":590.375,"OFF":111.5,"DEF":260.0,"REB":371.5,"AST":140.0,"TO":126.375,"STL":59.875,"BLK":28.375,"STK":88.25,"PF":181.625,"Fls on:":179.125,"+\/-":0.0,"GW":56.0,"GP":8.75,"W":4.375,"L":4.375,"FG%":37.3400970446,"2P%":42.9609131788,"3P%":27.449786975,"FT%":63.6951833214}}