{"DLSU":{"2PM":18.4,"2PA":42.6,"3PM":5.5,"3PA":24.0,"FTM":11.5,"FTA":19.5,"OFF":11.4,"DEF":26.4,"AST":12.7,"TO":15.2,"STL":10.2,"BLK":3.1,"PF":20.6,"Fls on:":19.4,"+\/-":-12.2,"GW":11.0,"GP":10.0,"MINS":200.0,"FGM":23.9,"FGA":66.6,"FG%":35.8858858859,"2P%":43.1924882629,"3P%":22.9166666667,"FT%":58.9743589744,"PTS":64.8,"REB":37.8,"STK":13.3},"UP":{"2PM":15.625,"2PA":40.375,"3PM":6.5,"3PA":24.25,"FTM":14.25,"FTA":23.25,"OFF":13.375,"DEF":25.125,"AST":13.75,"TO":15.5,"STL":7.25,"BLK":3.375,"PF":22.5,"Fls on:":21.625,"+\/-":-10.625,"GW":11.0,"GP":8.0,"MINS":200.0,"FGM":22.125,"FGA":64.625,"FG%":34.2359767892,"2P%":38.6996904025,"3P%":26.8041237113,"FT%":61.2903225806,"PTS":65.0,"REB":38.5,"STK":10.625},"UE":{"2PM":15.8888888889,"2PA":37.3333333333,"3PM":6.8888888889,"3PA":24.5555555556,"FTM":12.3333333333,"FTA":21.5555555556,"OFF":13.1111111111,"DEF":29.3333333333,"AST":17.7777777778,"TO":15.4444444444,"STL":6.7777777778,"BLK":3.5555555556,"PF":21.8888888889,"Fls on:":21.1111111111,"+\/-":-0.5555555556,"GW":40.0,"GP":9.0,"MINS":200.0,"FGM":22.7777777778,"FGA":61.8888888889,"FG%":36.8043087971,"2P%":42.5595238095,"3P%":28.0542986425,"FT%":57.2164948454,"PTS":64.7777777778,"REB":42.4444444444,"STK":10.3333333333},"League":{"2PM":17.5,"2PA":40.972972973,"3PM":6.5,"3PA":23.4864864865,"FTM":12.6621621622,"FTA":19.8918918919,"OFF":12.6486486486,"DEF":29.6351351351,"AST":15.9864864865,"TO":14.6891891892,"STL":7.0135135135,"BLK":3.1756756757,"PF":20.7567567568,"Fls on:":20.472972973,"+\/-":0.0,"GW":59.875,"GP":9.25,"MINS":200.0,"FGM":24.0,"FGA":64.4594594595,"FG%":37.2327044025,"2P%":42.7110817942,"3P%":27.6754890679,"FT%":63.6548913043,"PTS":67.1621621622,"REB":42.2837837838,"STK":10.1891891892},"UST":{"2PM":19.5,"2PA":41.2,"3PM":7.0,"3PA":23.3,"FTM":13.7,"FTA":19.6,"OFF":11.4,"DEF":30.5,"AST":17.3,"TO":14.7,"STL":6.6,"BLK":3.5,"PF":19.9,"Fls on:":20.7,"+\/-":2.6,"GW":78.0,"GP":10.0,"MINS":200.0,"FGM":26.5,"FGA":64.5,"FG%":41.0852713178,"2P%":47.3300970874,"3P%":30.0429184549,"FT%":69.8979591837,"PTS":73.7,"REB":41.9,"STK":10.1},"FEU":{"2PM":18.2222222222,"2PA":48.3333333333,"3PM":6.6666666667,"3PA":21.8888888889,"FTM":9.3333333333,"FTA":16.2222222222,"OFF":13.5555555556,"DEF":31.6666666667,"AST":17.7777777778,"TO":12.7777777778,"STL":7.1111111111,"BLK":3.3333333333,"PF":19.6666666667,"Fls on:":17.1111111111,"+\/-":3.8888888889,"GW":85.0,"GP":9.0,"MINS":200.0,"FGM":24.8888888889,"FGA":70.2222222222,"FG%":35.4430379747,"2P%":37.7011494253,"3P%":30.4568527919,"FT%":57.5342465753,"PTS":65.7777777778,"REB":45.2222222222,"STK":10.4444444444},"ADMU":{"2PM":19.8888888889,"2PA":39.1111111111,"3PM":5.1111111111,"3PA":21.1111111111,"FTM":13.8888888889,"FTA":20.5555555556,"OFF":11.5555555556,"DEF":34.0,"AST":16.2222222222,"TO":15.4444444444,"STL":3.6666666667,"BLK":3.1111111111,"PF":22.7777777778,"Fls on:":21.5555555556,"+\/-":4.7777777778,"GW":73.0,"GP":9.0,"MINS":200.0,"FGM":25.0,"FGA":60.2222222222,"FG%":41.5129151292,"2P%":50.8522727273,"3P%":24.2105263158,"FT%":67.5675675676,"PTS":69.0,"REB":45.5555555556,"STK":6.7777777778},"NU":{"2PM":16.6,"2PA":39.3,"3PM":7.1,"3PA":23.8,"FTM":14.3,"FTA":21.0,"OFF":14.0,"DEF":30.2,"AST":16.0,"TO":14.7,"STL":6.6,"BLK":3.1,"PF":20.3,"Fls on:":22.6,"+\/-":5.4,"GW":103.0,"GP":10.0,"MINS":200.0,"FGM":23.7,"FGA":63.1,"FG%":37.559429477,"2P%":42.2391857506,"3P%":29.8319327731,"FT%":68.0952380952,"PTS":68.8,"REB":44.2,"STK":9.7},"AdU":{"2PM":15.4444444444,"2PA":39.4444444444,"3PM":7.2222222222,"3PA":25.0,"FTM":12.0,"FTA":17.7777777778,"OFF":13.0,"DEF":29.5555555556,"AST":16.3333333333,"TO":13.7777777778,"STL":7.6666666667,"BLK":2.3333333333,"PF":18.7777777778,"Fls on:":19.6666666667,"+\/-":6.0,"GW":78.0,"GP":9.0,"MINS":200.0,"FGM":22.6666666667,"FGA":64.4444444444,"FG%":35.1724137931,"2P%":39.1549295775,"3P%":28.8888888889,"FT%":67.5,"PTS":64.5555555556,"REB":42.5555555556,"STK":10.0}}