{"FEU":{"2PM":164.0,"2PA":435.0,"3PM":60.0,"3PA":197.0,"FTM":84.0,"FTA":146.0,"OFF":122.0,"DEF":285.0,"AST":160.0,"TO":115.0,"STL":64.0,"BLK":30.0,"PF":177.0,"Fls on:":154.0,"+\/-":35.0,"GW":85.0,"GP":9.0,"MINS":1800.0,"FGM":224.0,"FGA":632.0,"FG%":35.4430379747,"2P%":37.7011494253,"3P%":30.4568527919,"FT%":57.5342465753,"PTS":592.0,"REB":407.0,"STK":94.0},"UE":{"2PM":143.0,"2PA":336.0,"3PM":62.0,"3PA":221.0,"FTM":111.0,"FTA":194.0,"OFF":118.0,"DEF":264.0,"AST":160.0,"TO":139.0,"STL":61.0,"BLK":32.0,"PF":197.0,"Fls on:":190.0,"+\/-":-5.0,"GW":40.0,"GP":9.0,"MINS":1800.0,"FGM":205.0,"FGA":557.0,"FG%":36.8043087971,"2P%":42.5595238095,"3P%":28.0542986425,"FT%":57.2164948454,"PTS":583.0,"REB":382.0,"STK":93.0},"UP":{"2PM":125.0,"2PA":323.0,"3PM":52.0,"3PA":194.0,"FTM":114.0,"FTA":186.0,"OFF":107.0,"DEF":201.0,"AST":110.0,"TO":124.0,"STL":58.0,"BLK":27.0,"PF":180.0,"Fls on:":173.0,"+\/-":-85.0,"GW":11.0,"GP":8.0,"MINS":1600.0,"FGM":177.0,"FGA":517.0,"FG%":34.2359767892,"2P%":38.6996904025,"3P%":26.8041237113,"FT%":61.2903225806,"PTS":520.0,"REB":308.0,"STK":85.0},"AdU":{"2PM":139.0,"2PA":355.0,"3PM":65.0,"3PA":225.0,"FTM":108.0,"FTA":160.0,"OFF":117.0,"DEF":266.0,"AST":147.0,"TO":124.0,"STL":69.0,"BLK":21.0,"PF":169.0,"Fls on:":177.0,"+\/-":54.0,"GW":78.0,"GP":9.0,"MINS":1800.0,"FGM":204.0,"FGA":580.0,"FG%":35.1724137931,"2P%":39.1549295775,"3P%":28.8888888889,"FT%":67.5,"PTS":581.0,"REB":383.0,"STK":90.0},"UST":{"2PM":195.0,"2PA":412.0,"3PM":70.0,"3PA":233.0,"FTM":137.0,"FTA":196.0,"OFF":114.0,"DEF":305.0,"AST":173.0,"TO":147.0,"STL":66.0,"BLK":35.0,"PF":199.0,"Fls on:":207.0,"+\/-":26.0,"GW":78.0,"GP":10.0,"MINS":2000.0,"FGM":265.0,"FGA":645.0,"FG%":41.0852713178,"2P%":47.3300970874,"3P%":30.0429184549,"FT%":69.8979591837,"PTS":737.0,"REB":419.0,"STK":101.0},"NU":{"2PM":166.0,"2PA":393.0,"3PM":71.0,"3PA":238.0,"FTM":143.0,"FTA":210.0,"OFF":140.0,"DEF":302.0,"AST":160.0,"TO":147.0,"STL":66.0,"BLK":31.0,"PF":203.0,"Fls on:":226.0,"+\/-":54.0,"GW":103.0,"GP":10.0,"MINS":2000.0,"FGM":237.0,"FGA":631.0,"FG%":37.559429477,"2P%":42.2391857506,"3P%":29.8319327731,"FT%":68.0952380952,"PTS":688.0,"REB":442.0,"STK":97.0},"ADMU":{"2PM":179.0,"2PA":352.0,"3PM":46.0,"3PA":190.0,"FTM":125.0,"FTA":185.0,"OFF":104.0,"DEF":306.0,"AST":146.0,"TO":139.0,"STL":33.0,"BLK":28.0,"PF":205.0,"Fls on:":194.0,"+\/-":43.0,"GW":73.0,"GP":9.0,"MINS":1800.0,"FGM":225.0,"FGA":542.0,"FG%":41.5129151292,"2P%":50.8522727273,"3P%":24.2105263158,"FT%":67.5675675676,"PTS":621.0,"REB":410.0,"STK":61.0},"DLSU":{"2PM":184.0,"2PA":426.0,"3PM":55.0,"3PA":240.0,"FTM":115.0,"FTA":195.0,"OFF":114.0,"DEF":264.0,"AST":127.0,"TO":152.0,"STL":102.0,"BLK":31.0,"PF":206.0,"Fls on:":194.0,"+\/-":-122.0,"GW":11.0,"GP":10.0,"MINS":2000.0,"FGM":239.0,"FGA":666.0,"FG%":35.8858858859,"2P%":43.1924882629,"3P%":22.9166666667,"FT%":58.9743589744,"PTS":648.0,"REB":378.0,"STK":133.0},"League":{"2PM":161.875,"2PA":379.0,"3PM":60.125,"3PA":217.25,"FTM":117.125,"FTA":184.0,"OFF":117.0,"DEF":274.125,"AST":147.875,"TO":135.875,"STL":64.875,"BLK":29.375,"PF":192.0,"Fls on:":189.375,"+\/-":0.0,"GW":59.875,"GP":9.25,"MINS":1850.0,"FGM":222.0,"FGA":596.25,"FG%":37.2327044025,"2P%":42.7110817942,"3P%":27.6754890679,"FT%":63.6548913043,"PTS":621.25,"REB":391.125,"STK":94.25}}