{"DLSU":{"MINS":202.5,"FGM":27.4,"FGA":67.2,"2PM":19.0,"2PA":42.5,"3PM":8.4,"3PA":24.7,"FTM":13.8,"FTA":20.8,"PTS":77.0,"OFF":15.9,"DEF":33.4,"REB":49.3,"AST":21.7,"TO":19.1,"STL":7.4,"BLK":3.5,"STK":10.9,"PF":19.7,"Fls on:":20.2,"+\/-":12.2,"GW":117.0,"GP":10.0,"W":9.0,"L":1.0,"FG%":40.7738095238,"2P%":44.7058823529,"3P%":34.008097166,"FT%":66.3461538462,"W%":0.9},"UP":{"MINS":200.0,"FGM":28.25,"FGA":64.625,"2PM":22.0,"2PA":44.5,"3PM":6.25,"3PA":20.125,"FTM":12.875,"FTA":20.375,"PTS":75.625,"OFF":12.375,"DEF":31.875,"REB":44.25,"AST":18.5,"TO":15.375,"STL":6.875,"BLK":4.5,"STK":11.375,"PF":22.25,"Fls on:":22.25,"+\/-":10.625,"GW":100.0,"GP":8.0,"W":7.0,"L":1.0,"FG%":43.7137330754,"2P%":49.4382022472,"3P%":31.0559006211,"FT%":63.1901840491,"W%":0.875},"UE":{"MINS":200.0,"FGM":22.1111111111,"FGA":58.1111111111,"2PM":14.7777777778,"2PA":36.1111111111,"3PM":7.3333333333,"3PA":22.0,"FTM":13.7777777778,"FTA":21.8888888889,"PTS":65.3333333333,"OFF":9.5555555556,"DEF":27.0,"REB":36.5555555556,"AST":13.8888888889,"TO":14.2222222222,"STL":7.5555555556,"BLK":2.7777777778,"STK":10.3333333333,"PF":21.7777777778,"Fls on:":21.8888888889,"+\/-":0.5555555556,"GW":72.0,"GP":9.0,"W":6.0,"L":3.0,"FG%":38.0497131931,"2P%":40.9230769231,"3P%":33.3333333333,"FT%":62.9441624365,"W%":0.6666666667},"League":{"MINS":202.027027027,"FGM":24.0,"FGA":64.4594594595,"2PM":17.5,"2PA":40.972972973,"3PM":6.5,"3PA":23.4864864865,"FTM":12.6621621622,"FTA":19.8918918919,"PTS":67.1621621622,"OFF":12.6486486486,"DEF":29.6351351351,"REB":42.2837837838,"AST":15.9864864865,"TO":14.6891891892,"STL":7.0135135135,"BLK":3.1756756757,"STK":10.1891891892,"PF":20.7567567568,"Fls on:":20.472972973,"+\/-":0.0,"GW":59.875,"GP":9.25,"W":4.625,"L":4.625,"FG%":37.2327044025,"2P%":42.7110817942,"3P%":27.6754890679,"FT%":63.6548913043,"W%":0.5},"UST":{"MINS":202.5,"FGM":26.0,"FGA":66.5,"2PM":18.5,"2PA":38.2,"3PM":7.5,"3PA":28.3,"FTM":11.6,"FTA":17.6,"PTS":71.1,"OFF":11.4,"DEF":28.5,"REB":39.9,"AST":17.8,"TO":14.3,"STL":7.5,"BLK":2.0,"STK":9.5,"PF":21.0,"Fls on:":19.4,"+\/-":-2.6,"GW":50.0,"GP":10.0,"W":4.0,"L":6.0,"FG%":39.0977443609,"2P%":48.4293193717,"3P%":26.5017667845,"FT%":65.9090909091,"W%":0.4},"ADMU":{"MINS":202.7777777778,"FGM":21.8888888889,"FGA":65.4444444444,"2PM":14.5555555556,"2PA":36.6666666667,"3PM":7.3333333333,"3PA":28.7777777778,"FTM":13.1111111111,"FTA":23.2222222222,"PTS":64.2222222222,"OFF":12.2222222222,"DEF":25.1111111111,"REB":37.3333333333,"AST":16.2222222222,"TO":9.7777777778,"STL":7.3333333333,"BLK":2.2222222222,"STK":9.5555555556,"PF":21.5555555556,"Fls on:":22.3333333333,"+\/-":-4.7777777778,"GW":36.0,"GP":9.0,"W":3.0,"L":6.0,"FG%":33.4465195246,"2P%":39.696969697,"3P%":25.4826254826,"FT%":56.4593301435,"W%":0.3333333333},"AdU":{"MINS":202.7777777778,"FGM":20.2222222222,"FGA":60.2222222222,"2PM":13.8888888889,"2PA":38.2222222222,"3PM":6.3333333333,"3PA":22.0,"FTM":11.7777777778,"FTA":18.8888888889,"PTS":58.5555555556,"OFF":12.3333333333,"DEF":31.1111111111,"REB":43.4444444444,"AST":13.8888888889,"TO":16.1111111111,"STL":6.7777777778,"BLK":4.7777777778,"STK":11.5555555556,"PF":19.7777777778,"Fls on:":18.7777777778,"+\/-":-6.0,"GW":43.0,"GP":9.0,"W":3.0,"L":6.0,"FG%":33.5793357934,"2P%":36.3372093023,"3P%":28.7878787879,"FT%":62.3529411765,"W%":0.3333333333},"FEU":{"MINS":205.5555555556,"FGM":23.0,"FGA":66.4444444444,"2PM":19.4444444444,"2PA":47.0,"3PM":3.5555555556,"3PA":19.4444444444,"FTM":12.3333333333,"FTA":18.2222222222,"PTS":61.8888888889,"OFF":13.3333333333,"DEF":32.7777777778,"REB":46.1111111111,"AST":12.1111111111,"TO":14.7777777778,"STL":6.2222222222,"BLK":3.7777777778,"STK":10.0,"PF":17.3333333333,"Fls on:":19.4444444444,"+\/-":-3.8888888889,"GW":32.0,"GP":9.0,"W":3.0,"L":6.0,"FG%":34.6153846154,"2P%":41.3711583924,"3P%":18.2857142857,"FT%":67.6829268293,"W%":0.3333333333},"NU":{"MINS":200.0,"FGM":23.1,"FGA":66.4,"2PM":18.0,"2PA":44.7,"3PM":5.1,"3PA":21.7,"FTM":12.1,"FTA":18.5,"PTS":63.4,"OFF":13.7,"DEF":27.5,"REB":41.2,"AST":13.5,"TO":13.6,"STL":6.4,"BLK":2.2,"STK":8.6,"PF":22.7,"Fls on:":19.9,"+\/-":-5.4,"GW":29.0,"GP":10.0,"W":2.0,"L":8.0,"FG%":34.7891566265,"2P%":40.2684563758,"3P%":23.5023041475,"FT%":65.4054054054,"W%":0.2}}