{"DLSU":{"OFF":73.7612527059,"DEF":62.0744048746,"NET":11.6868478313,"PACE":78.293138852,"hAST%":18.5229445507,"hTO%":16.3036055722,"TOR":24.3954965659,"AR":27.7163495016,"STL%":9.4516583554,"BLK%":8.2159624413,"EFG%":47.0238095238,"TS%":50.4243503772,"PPWS":1.0084870075,"REB%":56.6016073479,"OREB%":37.5886524823,"DREB%":74.5535714286,"FTR":0.3095238095,"FFI":37.0689855903,"Py-W":9.4047547145,"Py-L":0.5952452855,"PPR":-2.1659785939,"HHI":0.112825097},"UP":{"OFF":74.9804272703,"DEF":64.4459870753,"NET":10.534440195,"PACE":75.6447409876,"hAST%":17.2149071791,"hTO%":14.3069836691,"TOR":20.3252728468,"AR":24.4564258645,"STL%":9.0885366388,"BLK%":11.1455108359,"EFG%":48.5493230174,"TS%":51.3826606876,"PPWS":1.0276532138,"REB%":53.4743202417,"OREB%":33.0,"DREB%":70.4419889503,"FTR":0.3152804642,"FFI":35.8302543819,"Py-W":7.3481529683,"Py-L":0.6518470317,"PPR":-1.4900890715,"HHI":0.0987664777},"UE":{"OFF":68.1026636992,"DEF":67.5235594161,"NET":0.5791042832,"PACE":71.9501959812,"hAST%":14.4897296796,"hTO%":14.8374831919,"TOR":19.7667595317,"AR":19.3034761052,"STL%":10.5010910012,"BLK%":7.4404761905,"EFG%":44.3594646272,"TS%":48.2220181079,"PPWS":0.9644403622,"REB%":46.2728551336,"OREB%":24.5714285714,"DREB%":67.3130193906,"FTR":0.3766730402,"FFI":33.2498570504,"Py-W":4.8069540091,"Py-L":4.1930459909,"PPR":-2.5561621764,"HHI":0.125},"League":{"OFF":67.9312660448,"DEF":67.9312660448,"NET":0.0,"PACE":74.1155519096,"hAST%":15.3882575758,"hTO%":14.139506327,"TOR":19.809868864,"AR":21.5594065006,"STL%":9.4584378477,"BLK%":7.7506596306,"EFG%":42.2746331237,"TS%":45.8683421686,"PPWS":0.9173668434,"REB%":50.0,"OREB%":29.9137104506,"DREB%":70.0862895494,"FTR":0.3085953878,"FFI":32.4739933732,"Py-W":4.625,"Py-L":4.625,"PPR":-1.9955406912,"HHI":0.0101748531},"UST":{"OFF":70.4088537604,"DEF":72.9835797769,"NET":-2.5747260166,"PACE":75.7362137743,"hAST%":16.7381328519,"hTO%":13.446926954,"TOR":18.8813241214,"AR":23.502627228,"STL%":9.9027923714,"BLK%":4.854368932,"EFG%":44.7368421053,"TS%":47.8826571844,"PPWS":0.9576531437,"REB%":48.7775061125,"OREB%":27.2076372315,"DREB%":71.4285714286,"FTR":0.2646616541,"FFI":32.0265201308,"Py-W":3.6016515501,"Py-L":6.3983484499,"PPR":-1.1759323415,"HHI":0.1285109817},"FEU":{"OFF":61.8744089668,"DEF":65.7623879863,"NET":-3.8879790195,"PACE":75.0175515884,"hAST%":11.9496579547,"hTO%":14.5807753026,"TOR":19.6990936986,"AR":16.1443700237,"STL%":8.2943552415,"BLK%":7.816091954,"EFG%":37.2909698997,"TS%":41.5572400621,"PPWS":0.8311448012,"REB%":50.4866180049,"OREB%":29.6296296296,"DREB%":70.7434052758,"FTR":0.2742474916,"FFI":29.880799685,"Py-W":2.4648536281,"Py-L":6.5351463719,"PPR":-3.2220483498,"HHI":0.1525323208},"ADMU":{"OFF":66.8056644589,"DEF":71.7756360363,"NET":-4.9699715774,"PACE":72.0996745662,"hAST%":15.956981726,"hTO%":9.6179067937,"TOR":13.5614728313,"AR":22.4997162884,"STL%":10.1711046235,"BLK%":5.6818181818,"EFG%":39.0492359932,"TS%":42.4400845865,"PPWS":0.8488016917,"REB%":45.0402144772,"OREB%":26.4423076923,"DREB%":68.4848484848,"FTR":0.3548387097,"FFI":29.6211047887,"Py-W":2.1675013114,"Py-L":6.8324986886,"PPR":0.5257144935,"HHI":0.1083619688},"NU":{"OFF":65.6226954262,"DEF":71.2120101786,"NET":-5.5893147524,"PACE":72.4596874468,"hAST%":13.2821723731,"hTO%":13.3805588351,"TOR":18.7690569463,"AR":18.6310491746,"STL%":8.8324973865,"BLK%":5.5979643766,"EFG%":38.6295180723,"TS%":42.5275020123,"PPWS":0.8505500402,"REB%":48.243559719,"OREB%":31.2072892938,"DREB%":66.265060241,"FTR":0.2786144578,"FFI":30.5647461917,"Py-W":2.1284882706,"Py-L":7.8715117294,"PPR":-2.3525600979,"HHI":0.1007871508},"AdU":{"OFF":61.2307583455,"DEF":67.5048777964,"NET":-6.274119451,"PACE":71.7232120806,"hAST%":14.0956247181,"hTO%":16.350924673,"TOR":22.4628967997,"AR":19.3645662067,"STL%":9.4499083089,"BLK%":12.1126760563,"EFG%":38.8376383764,"TS%":42.7204928664,"PPWS":0.8544098573,"REB%":50.5167958656,"OREB%":29.4429708223,"DREB%":70.5289672544,"FTR":0.3136531365,"FFI":31.7441707629,"Py-W":1.5617826377,"Py-L":7.4382173623,"PPR":-3.4917023961,"HHI":0.1084474434}}