{"UP":{"2PM":15.4,"2PA":41.2,"3PM":5.0,"3PA":22.4,"FTM":16.0,"FTA":26.4,"OFF":14.0,"DEF":25.0,"AST":12.4,"TO":14.8,"STL":6.8,"BLK":3.8,"PF":22.8,"Fls on:":22.8,"+\/-":-15.2,"GW":0.0,"GP":5.0,"MINS":200.0,"FGM":20.4,"FGA":63.6,"FG%":32.0754716981,"2P%":37.3786407767,"3P%":22.3214285714,"FT%":60.6060606061,"PTS":61.8,"REB":39.0,"STK":10.6},"DLSU":{"2PM":18.3333333333,"2PA":43.5,"3PM":6.0,"3PA":25.0,"FTM":10.6666666667,"FTA":16.1666666667,"OFF":12.6666666667,"DEF":25.5,"AST":14.5,"TO":15.1666666667,"STL":9.8333333333,"BLK":3.0,"PF":20.8333333333,"Fls on:":18.0,"+\/-":-11.5,"GW":11.0,"GP":6.0,"MINS":200.0,"FGM":24.3333333333,"FGA":68.5,"FG%":35.5231143552,"2P%":42.1455938697,"3P%":24.0,"FT%":65.9793814433,"PTS":65.3333333333,"REB":38.1666666667,"STK":12.8333333333},"League":{"2PM":17.4772727273,"2PA":41.5,"3PM":5.8863636364,"3PA":23.4318181818,"FTM":12.5909090909,"FTA":19.6818181818,"OFF":13.2954545455,"DEF":30.2954545455,"AST":16.0909090909,"TO":14.5909090909,"STL":7.0909090909,"BLK":3.1136363636,"PF":20.8863636364,"Fls on:":20.6818181818,"+\/-":0.0,"GW":36.75,"GP":5.5,"MINS":200.0,"FGM":23.3636363636,"FGA":64.9318181818,"FG%":35.98179909,"2P%":42.1139101862,"3P%":25.1212415131,"FT%":63.9722863741,"PTS":65.2045454545,"REB":43.5909090909,"STK":10.2045454545},"UST":{"2PM":18.0,"2PA":40.2,"3PM":6.2,"3PA":22.8,"FTM":13.4,"FTA":19.2,"OFF":11.6,"DEF":29.8,"AST":17.2,"TO":13.4,"STL":5.4,"BLK":2.6,"PF":19.6,"Fls on:":20.8,"+\/-":1.2,"GW":27.0,"GP":5.0,"MINS":200.0,"FGM":24.2,"FGA":63.0,"FG%":38.4126984127,"2P%":44.776119403,"3P%":27.1929824561,"FT%":69.7916666667,"PTS":68.0,"REB":41.4,"STK":8.0},"UE":{"2PM":17.4,"2PA":39.4,"3PM":6.0,"3PA":23.4,"FTM":12.0,"FTA":21.8,"OFF":12.8,"DEF":31.2,"AST":18.0,"TO":15.0,"STL":7.2,"BLK":3.6,"PF":23.0,"Fls on:":22.4,"+\/-":2.0,"GW":28.0,"GP":5.0,"MINS":200.0,"FGM":23.4,"FGA":62.8,"FG%":37.2611464968,"2P%":44.1624365482,"3P%":25.641025641,"FT%":55.0458715596,"PTS":64.8,"REB":44.0,"STK":10.8},"AdU":{"2PM":15.1666666667,"2PA":39.8333333333,"3PM":6.6666666667,"3PA":26.5,"FTM":11.6666666667,"FTA":16.6666666667,"OFF":14.1666666667,"DEF":29.1666666667,"AST":16.3333333333,"TO":12.8333333333,"STL":7.6666666667,"BLK":1.5,"PF":19.3333333333,"Fls on:":19.8333333333,"+\/-":4.0,"GW":41.0,"GP":6.0,"MINS":200.0,"FGM":21.8333333333,"FGA":66.3333333333,"FG%":32.9145728643,"2P%":38.0753138075,"3P%":25.1572327044,"FT%":70.0,"PTS":62.0,"REB":43.3333333333,"STK":9.1666666667},"FEU":{"2PM":16.8333333333,"2PA":44.1666666667,"3PM":6.6666666667,"3PA":23.6666666667,"FTM":9.5,"FTA":16.8333333333,"OFF":12.6666666667,"DEF":32.5,"AST":18.5,"TO":13.6666666667,"STL":8.5,"BLK":4.0,"PF":18.8333333333,"Fls on:":18.0,"+\/-":5.8333333333,"GW":72.0,"GP":6.0,"MINS":200.0,"FGM":23.5,"FGA":67.8333333333,"FG%":34.6437346437,"2P%":38.1132075472,"3P%":28.1690140845,"FT%":56.4356435644,"PTS":63.1666666667,"REB":45.1666666667,"STK":12.5},"ADMU":{"2PM":22.2,"2PA":43.2,"3PM":3.4,"3PA":19.8,"FTM":13.8,"FTA":20.6,"OFF":13.2,"DEF":36.6,"AST":14.6,"TO":15.6,"STL":4.0,"BLK":3.0,"PF":23.2,"Fls on:":21.2,"+\/-":6.2,"GW":50.0,"GP":5.0,"MINS":200.0,"FGM":25.6,"FGA":63.0,"FG%":40.6349206349,"2P%":51.3888888889,"3P%":17.1717171717,"FT%":66.9902912621,"PTS":68.4,"REB":49.8,"STK":7.0},"NU":{"2PM":17.0,"2PA":40.1666666667,"3PM":6.6666666667,"3PA":23.0,"FTM":14.5,"FTA":21.3333333333,"OFF":15.0,"DEF":32.8333333333,"AST":16.8333333333,"TO":16.3333333333,"STL":6.5,"BLK":3.5,"PF":20.3333333333,"Fls on:":23.1666666667,"+\/-":6.5,"GW":65.0,"GP":6.0,"MINS":200.0,"FGM":23.6666666667,"FGA":63.1666666667,"FG%":37.4670184697,"2P%":42.3236514523,"3P%":28.9855072464,"FT%":67.96875,"PTS":68.5,"REB":47.8333333333,"STK":10.0}}