{"ADMU":{"MINS":1025.0,"FGM":105.0,"FGA":327.0,"2PM":71.0,"2PA":181.0,"3PM":34.0,"3PA":146.0,"FTM":67.0,"FTA":124.0,"PTS":311.0,"OFF":58.0,"DEF":131.0,"REB":189.0,"AST":90.0,"TO":50.0,"STL":36.0,"BLK":15.0,"STK":51.0,"PF":106.0,"Fls on:":114.0,"+\/-":-31.0,"GW":13.0,"GP":5.0,"W":1.0,"L":4.0,"FG%":32.1100917431,"2P%":39.226519337,"3P%":23.2876712329,"FT%":54.0322580645},"AdU":{"MINS":1200.0,"FGM":119.0,"FGA":363.0,"2PM":85.0,"2PA":223.0,"3PM":34.0,"3PA":140.0,"FTM":76.0,"FTA":108.0,"PTS":348.0,"OFF":78.0,"DEF":194.0,"REB":272.0,"AST":82.0,"TO":97.0,"STL":39.0,"BLK":28.0,"STK":67.0,"PF":120.0,"Fls on:":116.0,"+\/-":-24.0,"GW":43.0,"GP":6.0,"W":3.0,"L":3.0,"FG%":32.782369146,"2P%":38.1165919283,"3P%":24.2857142857,"FT%":70.3703703704},"DLSU":{"MINS":1200.0,"FGM":171.0,"FGA":414.0,"2PM":128.0,"2PA":270.0,"3PM":43.0,"3PA":144.0,"FTM":76.0,"FTA":120.0,"PTS":461.0,"OFF":108.0,"DEF":198.0,"REB":306.0,"AST":131.0,"TO":112.0,"STL":52.0,"BLK":17.0,"STK":69.0,"PF":109.0,"Fls on:":125.0,"+\/-":69.0,"GW":65.0,"GP":6.0,"W":5.0,"L":1.0,"FG%":41.3043478261,"2P%":47.4074074074,"3P%":29.8611111111,"FT%":63.3333333333},"FEU":{"MINS":1225.0,"FGM":129.0,"FGA":401.0,"2PM":111.0,"2PA":289.0,"3PM":18.0,"3PA":112.0,"FTM":68.0,"FTA":99.0,"PTS":344.0,"OFF":80.0,"DEF":199.0,"REB":279.0,"AST":68.0,"TO":93.0,"STL":39.0,"BLK":19.0,"STK":58.0,"PF":110.0,"Fls on:":111.0,"+\/-":-35.0,"GW":11.0,"GP":6.0,"W":1.0,"L":5.0,"FG%":32.1695760599,"2P%":38.4083044983,"3P%":16.0714285714,"FT%":68.6868686869},"NU":{"MINS":1200.0,"FGM":137.0,"FGA":413.0,"2PM":110.0,"2PA":281.0,"3PM":27.0,"3PA":132.0,"FTM":71.0,"FTA":109.0,"PTS":372.0,"OFF":88.0,"DEF":163.0,"REB":251.0,"AST":75.0,"TO":81.0,"STL":47.0,"BLK":14.0,"STK":61.0,"PF":139.0,"Fls on:":120.0,"+\/-":-39.0,"GW":15.0,"GP":6.0,"W":1.0,"L":5.0,"FG%":33.1719128329,"2P%":39.1459074733,"3P%":20.4545454545,"FT%":65.1376146789},"UE":{"MINS":1000.0,"FGM":104.0,"FGA":298.0,"2PM":70.0,"2PA":179.0,"3PM":34.0,"3PA":119.0,"FTM":72.0,"FTA":115.0,"PTS":314.0,"OFF":55.0,"DEF":137.0,"REB":192.0,"AST":65.0,"TO":73.0,"STL":35.0,"BLK":15.0,"STK":50.0,"PF":114.0,"Fls on:":115.0,"+\/-":-10.0,"GW":36.0,"GP":5.0,"W":3.0,"L":2.0,"FG%":34.8993288591,"2P%":39.1061452514,"3P%":28.5714285714,"FT%":62.6086956522},"UP":{"MINS":1000.0,"FGM":142.0,"FGA":333.0,"2PM":109.0,"2PA":232.0,"3PM":33.0,"3PA":101.0,"FTM":68.0,"FTA":106.0,"PTS":385.0,"OFF":72.0,"DEF":166.0,"REB":238.0,"AST":102.0,"TO":71.0,"STL":30.0,"BLK":20.0,"STK":50.0,"PF":117.0,"Fls on:":113.0,"+\/-":76.0,"GW":74.0,"GP":5.0,"W":5.0,"L":0.0,"FG%":42.6426426426,"2P%":46.9827586207,"3P%":32.6732673267,"FT%":64.1509433962},"UST":{"MINS":1000.0,"FGM":121.0,"FGA":308.0,"2PM":85.0,"2PA":171.0,"3PM":36.0,"3PA":137.0,"FTM":56.0,"FTA":85.0,"PTS":334.0,"OFF":46.0,"DEF":145.0,"REB":191.0,"AST":95.0,"TO":65.0,"STL":34.0,"BLK":9.0,"STK":43.0,"PF":104.0,"Fls on:":96.0,"+\/-":-6.0,"GW":37.0,"GP":5.0,"W":3.0,"L":2.0,"FG%":39.2857142857,"2P%":49.7076023392,"3P%":26.2773722628,"FT%":65.8823529412},"League":{"MINS":1106.25,"FGM":128.5,"FGA":357.125,"2PM":96.125,"2PA":228.25,"3PM":32.375,"3PA":128.875,"FTM":69.25,"FTA":108.25,"PTS":358.625,"OFF":73.125,"DEF":166.625,"REB":239.75,"AST":88.5,"TO":80.25,"STL":39.0,"BLK":17.125,"STK":56.125,"PF":114.875,"Fls on:":113.75,"+\/-":0.0,"GW":36.75,"GP":5.5,"W":2.75,"L":2.75,"FG%":35.98179909,"2P%":42.1139101862,"3P%":25.1212415131,"FT%":63.9722863741}}