TEAM,MINS,FGM,FGA,2PM,2PA,3PM,3PA,FTM,FTA,PTS,OFF,DEF,REB,AST,TO,STL,BLK,STK,PF,Fls on:,+/-,GW,GP,W,L,FG%,2P%,3P%,FT%
ADMU,1025.0,105.0,327.0,71.0,181.0,34.0,146.0,67.0,124.0,311.0,58.0,131.0,189.0,90.0,50.0,36.0,15.0,51.0,106.0,114.0,-31.0,13.0,5.0,1.0,4.0,32.11009174311926,39.226519337016576,23.28767123287671,54.03225806451613
AdU,1200.0,119.0,363.0,85.0,223.0,34.0,140.0,76.0,108.0,348.0,78.0,194.0,272.0,82.0,97.0,39.0,28.0,67.0,120.0,116.0,-24.0,43.0,6.0,3.0,3.0,32.78236914600551,38.11659192825112,24.285714285714285,70.37037037037037
DLSU,1200.0,171.0,414.0,128.0,270.0,43.0,144.0,76.0,120.0,461.0,108.0,198.0,306.0,131.0,112.0,52.0,17.0,69.0,109.0,125.0,69.0,65.0,6.0,5.0,1.0,41.30434782608695,47.407407407407405,29.86111111111111,63.333333333333336
FEU,1225.0,129.0,401.0,111.0,289.0,18.0,112.0,68.0,99.0,344.0,80.0,199.0,279.0,68.0,93.0,39.0,19.0,58.0,110.0,111.0,-35.0,11.0,6.0,1.0,5.0,32.16957605985037,38.4083044982699,16.071428571428573,68.68686868686869
NU,1200.0,137.0,413.0,110.0,281.0,27.0,132.0,71.0,109.0,372.0,88.0,163.0,251.0,75.0,81.0,47.0,14.0,61.0,139.0,120.0,-39.0,15.0,6.0,1.0,5.0,33.171912832929785,39.145907473309606,20.454545454545453,65.13761467889908
UE,1000.0,104.0,298.0,70.0,179.0,34.0,119.0,72.0,115.0,314.0,55.0,137.0,192.0,65.0,73.0,35.0,15.0,50.0,114.0,115.0,-10.0,36.0,5.0,3.0,2.0,34.899328859060404,39.10614525139665,28.571428571428573,62.608695652173914
UP,1000.0,142.0,333.0,109.0,232.0,33.0,101.0,68.0,106.0,385.0,72.0,166.0,238.0,102.0,71.0,30.0,20.0,50.0,117.0,113.0,76.0,74.0,5.0,5.0,0.0,42.64264264264264,46.98275862068966,32.67326732673267,64.15094339622641
UST,1000.0,121.0,308.0,85.0,171.0,36.0,137.0,56.0,85.0,334.0,46.0,145.0,191.0,95.0,65.0,34.0,9.0,43.0,104.0,96.0,-6.0,37.0,5.0,3.0,2.0,39.285714285714285,49.707602339181285,26.277372262773724,65.88235294117646
League,1106.25,128.5,357.125,96.125,228.25,32.375,128.875,69.25,108.25,358.625,73.125,166.625,239.75,88.5,80.25,39.0,17.125,56.125,114.875,113.75,0.0,36.75,5.5,2.75,2.75,35.9817990899545,42.11391018619934,25.121241513094084,63.97228637413395
