{"UP":{"OFF":77.2106457165,"DEF":61.9690637049,"NET":15.2415820116,"PACE":74.7953853566,"hAST%":18.4568616097,"hTO%":12.8474232774,"TOR":18.9851284706,"AR":27.2744099154,"STL%":8.0218852692,"BLK%":9.7087378641,"EFG%":47.5975975976,"TS%":50.7059319355,"PPWS":1.0141186387,"REB%":54.9653579677,"OREB%":36.5482233503,"DREB%":70.3389830508,"FTR":0.3183183183,"FFI":35.8697406015,"Py-W":4.8560385783,"Py-L":0.1439614217,"PPR":-0.2959695397,"HHI":0.0959689661},"DLSU":{"OFF":74.4700871702,"DEF":63.3238051425,"NET":11.1462820276,"PACE":77.3800625052,"hAST%":18.4559030713,"hTO%":15.7790927022,"TOR":24.12335434,"AR":28.2157090941,"STL%":11.2001288007,"BLK%":6.5134099617,"EFG%":46.4975845411,"TS%":49.3787489289,"PPWS":0.9875749786,"REB%":57.1962616822,"OREB%":41.3793103448,"DREB%":72.2627737226,"FTR":0.2898550725,"FFI":37.2535605574,"Py-W":5.5829161522,"Py-L":0.4170838478,"PPR":-1.960201464,"HHI":0.1098291463},"League":{"OFF":66.2369732156,"DEF":66.2369732156,"NET":0.0,"PACE":73.7905192587,"hAST%":15.4314260556,"hTO%":13.9929032877,"TOR":19.7625824582,"AR":21.7942498137,"STL%":9.6042456806,"BLK%":7.5027382256,"EFG%":40.5145257263,"TS%":44.3014910254,"PPWS":0.8860298205,"REB%":50.0,"OREB%":30.5005213764,"DREB%":69.4994786236,"FTR":0.3031151558,"FFI":31.7932875167,"Py-W":2.75,"Py-L":2.75,"PPR":-1.9209039548,"HHI":0.0099222285},"UST":{"OFF":69.4973582843,"DEF":70.7458138224,"NET":-1.248455538,"PACE":72.0890710623,"hAST%":18.7969924812,"hTO%":12.8611001187,"TOR":18.0332466606,"AR":26.3562835809,"STL%":9.4327751763,"BLK%":4.4776119403,"EFG%":45.1298701299,"TS%":48.3497394325,"PPWS":0.9669947887,"REB%":47.9899497487,"OREB%":23.5897435897,"DREB%":71.4285714286,"FTR":0.275974026,"FFI":31.4178188247,"Py-W":2.1462962937,"Py-L":2.8537037063,"PPR":-0.1706003378,"HHI":0.1169816057},"UE":{"OFF":64.6645589951,"DEF":66.7239398548,"NET":-2.0593808597,"PACE":72.8374255264,"hAST%":13.3579942458,"hTO%":15.002055076,"TOR":20.0446403679,"AR":17.8479674509,"STL%":9.610444012,"BLK%":7.614213198,"EFG%":40.6040268456,"TS%":45.0372920252,"PPWS":0.9007458405,"REB%":46.6019417476,"OREB%":26.0663507109,"DREB%":68.1592039801,"FTR":0.3859060403,"FFI":32.2546315764,"Py-W":1.8858137249,"Py-L":3.1141862751,"PPR":-3.0054861525,"HHI":0.1231895817},"AdU":{"OFF":61.3633410336,"DEF":65.5952955876,"NET":-4.231954554,"PACE":70.8892300636,"hAST%":13.9096213869,"hTO%":16.4540643235,"TOR":22.8055328745,"AR":19.2789040795,"STL%":9.1692348671,"BLK%":11.7154811715,"EFG%":37.4655647383,"TS%":42.3852674657,"PPWS":0.8477053493,"REB%":51.1278195489,"OREB%":30.8300395257,"DREB%":69.5340501792,"FTR":0.2975206612,"FFI":31.3164269364,"Py-W":1.5357732808,"Py-L":4.4642267192,"PPR":-3.6721594214,"HHI":0.1056612498},"FEU":{"OFF":57.3540317661,"DEF":63.1894710447,"NET":-5.8354392785,"PACE":74.9729333333,"hAST%":11.2292753815,"hTO%":15.3576854482,"TOR":20.6741277297,"AR":15.116566512,"STL%":8.6697954995,"BLK%":7.1698113208,"EFG%":34.4139650873,"TS%":38.6899406154,"PPWS":0.7737988123,"REB%":50.7272727273,"OREB%":29.0909090909,"DREB%":72.3636363636,"FTR":0.246882793,"FFI":28.4555416808,"Py-W":1.0502466001,"Py-L":4.9497533999,"PPR":-3.8297882066,"HHI":0.1453488372},"ADMU":{"OFF":63.3317408547,"DEF":69.6445510364,"NET":-6.3128101817,"PACE":73.6597468669,"hAST%":17.2559245341,"hTO%":9.5866247412,"TOR":13.5759358745,"AR":24.4366845742,"STL%":9.7746738297,"BLK%":6.9444444444,"EFG%":37.3088685015,"TS%":40.7537477723,"PPWS":0.8150749554,"REB%":43.1506849315,"OREB%":24.0663900415,"DREB%":66.4974619289,"FTR":0.379204893,"FFI":28.818882772,"Py-W":0.8970976319,"Py-L":4.1029023681,"PPR":0.9773418123,"HHI":0.1152696932},"NU":{"OFF":63.0933665221,"DEF":69.7079936575,"NET":-6.6146271354,"PACE":73.7002993551,"hAST%":12.156379668,"hTO%":13.1288900415,"TOR":18.3174289903,"AR":16.9605823984,"STL%":10.6286316363,"BLK%":5.8091286307,"EFG%":36.4406779661,"TS%":40.3505727178,"PPWS":0.8070114544,"REB%":46.6542750929,"OREB%":30.8771929825,"DREB%":64.4268774704,"FTR":0.2639225182,"FFI":29.2899048029,"Py-W":1.0119299153,"Py-L":4.9880700847,"PPR":-2.5864957097,"HHI":0.1002283501}}