{"UP":{"OFF":78.1353708224,"DEF":61.8994496125,"NET":16.2359212098,"PACE":73.9101886792,"hAST%":21.186440678,"hTO%":14.7383935151,"TOR":21.6478949465,"AR":31.1188489855,"STL%":2.7059868683,"BLK%":13.6363636364,"EFG%":53.3898305085,"TS%":55.3479010926,"PPWS":1.1069580219,"REB%":53.488372093,"OREB%":33.3333333333,"DREB%":66.0377358491,"FTR":0.406779661,"FFI":39.5362675219,"Py-W":0.9764984072,"Py-L":0.0235015928,"PPR":-0.3228310266,"HHI":0.1310507674},"UST":{"OFF":74.4841843559,"DEF":58.5232877082,"NET":15.9608966477,"PACE":70.4847619048,"hAST%":22.1893491124,"hTO%":12.9437869822,"TOR":19.8624491616,"AR":34.0499128484,"STL%":8.5124782121,"BLK%":2.5641025641,"EFG%":47.65625,"TS%":49.8859749145,"PPWS":0.9977194983,"REB%":55.6962025316,"OREB%":32.4324324324,"DREB%":76.1904761905,"FTR":0.21875,"FFI":33.7958487769,"Py-W":0.9793382497,"Py-L":0.0206617503,"PPR":1.0155600206,"HHI":0.1306122449},"AdU":{"OFF":62.9001728705,"DEF":50.1069173714,"NET":12.7932554991,"PACE":70.3495681818,"hAST%":14.5744267392,"hTO%":15.5460551885,"TOR":22.7435653317,"AR":21.3220924985,"STL%":11.3717826659,"BLK%":17.3076923077,"EFG%":35.15625,"TS%":41.0177975528,"PPWS":0.8203559511,"REB%":56.5656565657,"OREB%":38.6363636364,"DREB%":70.9090909091,"FTR":0.28125,"FFI":31.6944140602,"Py-W":0.9743752415,"Py-L":0.0256247585,"PPR":-3.0525349951,"HHI":0.1525423729},"League":{"OFF":64.4370346658,"DEF":64.4370346658,"NET":0.0,"PACE":71.5815062553,"hAST%":17.0479892932,"hTO%":12.905487222,"TOR":18.8596199022,"AR":24.9133250559,"STL%":7.683548849,"BLK%":8.5714285714,"EFG%":37.5654450262,"TS%":41.9661541261,"PPWS":0.8393230825,"REB%":50.0,"OREB%":31.8181818182,"DREB%":68.1818181818,"FTR":0.3429319372,"FFI":31.2486984072,"Py-W":0.5,"Py-L":0.5,"PPR":-0.8055555556,"HHI":0.0104825499},"FEU":{"OFF":50.1069173714,"DEF":62.9001728705,"NET":-12.7932554991,"PACE":70.3495681818,"hAST%":13.5975135975,"hTO%":11.655011655,"TOR":17.0576739988,"AR":19.9006196652,"STL%":8.5288369994,"BLK%":2.9411764706,"EFG%":28.0821917808,"TS%":30.5353430353,"PPWS":0.6107068607,"REB%":43.4343434343,"OREB%":29.0909090909,"DREB%":61.3636363636,"FTR":0.1232876712,"FFI":23.1647920987,"Py-W":0.0256247585,"Py-L":0.9743752415,"PPR":-1.35668222,"HHI":0.162516976},"UE":{"OFF":58.5232877082,"DEF":74.4841843559,"NET":-15.9608966477,"PACE":70.4847619048,"hAST%":12.8424657534,"hTO%":14.9828767123,"TOR":19.8624491616,"AR":17.0249564242,"STL%":5.6749854747,"BLK%":0.0,"EFG%":31.25,"TS%":40.7769869514,"PPWS":0.815539739,"REB%":44.3037974684,"OREB%":23.8095238095,"DREB%":67.5675675676,"FTR":0.4642857143,"FFI":29.1918027666,"Py-W":0.0206617503,"Py-L":0.9793382497,"PPR":-3.0466800619,"HHI":0.1530578512},"ADMU":{"OFF":61.8994496125,"DEF":78.1353708224,"NET":-16.2359212098,"PACE":73.9101886792,"hAST%":17.0250896057,"hTO%":8.064516129,"TOR":12.1769409074,"AR":25.7068752489,"STL%":9.4709540391,"BLK%":9.0909090909,"EFG%":31.8181818182,"TS%":36.4832535885,"PPWS":0.7296650718,"REB%":46.511627907,"OREB%":33.9622641509,"DREB%":66.6666666667,"FTR":0.6060606061,"FFI":31.6548698752,"Py-W":0.0235015928,"Py-L":0.9764984072,"PPR":1.7755706461,"HHI":0.1405536146}}