{"ADMU":{"POS":73.9101886792,"PACE":73.9101886792},"AdU":{"POS":70.3495681818,"PACE":70.3495681818},"FEU":{"POS":70.3495681818,"PACE":70.3495681818},"UE":{"POS":70.4847619048,"PACE":70.4847619048},"UP":{"POS":73.9101886792,"PACE":73.9101886792},"UST":{"POS":70.4847619048,"PACE":70.4847619048},"League":{"POS":71.5815062553,"PACE":71.5815062553}}