{"FEU":{"2PM":164.0,"2PA":435.0,"3PM":60.0,"3PA":197.0,"FTM":84.0,"FTA":146.0,"OFF":122.0,"DEF":285.0,"AST":160.0,"TO":115.0,"STL":64.0,"BLK":30.0,"PF":177.0,"Fls on:":154.0,"+\/-":35.0,"GW":85.0,"GP":9.0,"MINS":1800.0,"FGM":224.0,"FGA":632.0,"FG%":35.4430379747,"2P%":37.7011494253,"3P%":30.4568527919,"FT%":57.5342465753,"PTS":592.0,"REB":407.0,"STK":94.0},"ADMU":{"2PM":196.0,"2PA":385.0,"3PM":56.0,"3PA":216.0,"FTM":141.0,"FTA":207.0,"OFF":115.0,"DEF":341.0,"AST":166.0,"TO":158.0,"STL":36.0,"BLK":31.0,"PF":228.0,"Fls on:":215.0,"+\/-":58.0,"GW":84.0,"GP":10.0,"MINS":2000.0,"FGM":252.0,"FGA":601.0,"FG%":41.9301164725,"2P%":50.9090909091,"3P%":25.9259259259,"FT%":68.115942029,"PTS":701.0,"REB":456.0,"STK":67.0},"AdU":{"2PM":158.0,"2PA":383.0,"3PM":71.0,"3PA":253.0,"FTM":122.0,"FTA":180.0,"OFF":123.0,"DEF":290.0,"AST":166.0,"TO":144.0,"STL":80.0,"BLK":23.0,"PF":189.0,"Fls on:":198.0,"+\/-":65.0,"GW":91.0,"GP":10.0,"MINS":2000.0,"FGM":229.0,"FGA":636.0,"FG%":36.0062893082,"2P%":41.2532637076,"3P%":28.0632411067,"FT%":67.7777777778,"PTS":651.0,"REB":413.0,"STK":103.0},"UE":{"2PM":143.0,"2PA":336.0,"3PM":62.0,"3PA":221.0,"FTM":111.0,"FTA":194.0,"OFF":118.0,"DEF":264.0,"AST":160.0,"TO":139.0,"STL":61.0,"BLK":32.0,"PF":197.0,"Fls on:":190.0,"+\/-":-5.0,"GW":40.0,"GP":9.0,"MINS":1800.0,"FGM":205.0,"FGA":557.0,"FG%":36.8043087971,"2P%":42.5595238095,"3P%":28.0542986425,"FT%":57.2164948454,"PTS":583.0,"REB":382.0,"STK":93.0},"NU":{"2PM":166.0,"2PA":393.0,"3PM":71.0,"3PA":238.0,"FTM":143.0,"FTA":210.0,"OFF":140.0,"DEF":302.0,"AST":160.0,"TO":147.0,"STL":66.0,"BLK":31.0,"PF":203.0,"Fls on:":226.0,"+\/-":54.0,"GW":103.0,"GP":10.0,"MINS":2000.0,"FGM":237.0,"FGA":631.0,"FG%":37.559429477,"2P%":42.2391857506,"3P%":29.8319327731,"FT%":68.0952380952,"PTS":688.0,"REB":442.0,"STK":97.0},"UP":{"2PM":137.0,"2PA":357.0,"3PM":59.0,"3PA":217.0,"FTM":128.0,"FTA":203.0,"OFF":119.0,"DEF":229.0,"AST":124.0,"TO":150.0,"STL":64.0,"BLK":30.0,"PF":202.0,"Fls on:":193.0,"+\/-":-96.0,"GW":11.0,"GP":9.0,"MINS":1800.0,"FGM":196.0,"FGA":574.0,"FG%":34.1463414634,"2P%":38.3753501401,"3P%":27.1889400922,"FT%":63.0541871921,"PTS":579.0,"REB":348.0,"STK":94.0},"UST":{"2PM":195.0,"2PA":412.0,"3PM":70.0,"3PA":233.0,"FTM":137.0,"FTA":196.0,"OFF":114.0,"DEF":305.0,"AST":173.0,"TO":147.0,"STL":66.0,"BLK":35.0,"PF":199.0,"Fls on:":207.0,"+\/-":26.0,"GW":78.0,"GP":10.0,"MINS":2000.0,"FGM":265.0,"FGA":645.0,"FG%":41.0852713178,"2P%":47.3300970874,"3P%":30.0429184549,"FT%":69.8979591837,"PTS":737.0,"REB":419.0,"STK":101.0},"DLSU":{"2PM":199.0,"2PA":463.0,"3PM":62.0,"3PA":265.0,"FTM":129.0,"FTA":219.0,"OFF":122.0,"DEF":284.0,"AST":141.0,"TO":164.0,"STL":108.0,"BLK":31.0,"PF":228.0,"Fls on:":217.0,"+\/-":-137.0,"GW":11.0,"GP":11.0,"MINS":2200.0,"FGM":261.0,"FGA":728.0,"FG%":35.8516483516,"2P%":42.9805615551,"3P%":23.3962264151,"FT%":58.904109589,"PTS":713.0,"REB":406.0,"STK":139.0},"League":{"2PM":169.75,"2PA":395.5,"3PM":63.875,"3PA":230.0,"FTM":124.375,"FTA":194.375,"OFF":121.625,"DEF":287.5,"AST":156.25,"TO":145.5,"STL":68.125,"BLK":30.375,"PF":202.875,"Fls on:":200.0,"+\/-":0.0,"GW":62.875,"GP":9.75,"MINS":1950.0,"FGM":233.625,"FGA":625.5,"FG%":37.3501199041,"2P%":42.9203539823,"3P%":27.7717391304,"FT%":63.9871382637,"PTS":655.5,"REB":409.125,"STK":98.5}}