{"ADMU":{"POS":724.1036817663,"PACE":72.4103681766},"AdU":{"POS":722.8443276518,"PACE":72.2844327652},"DLSU":{"POS":858.0783164808,"PACE":78.0071196801},"FEU":{"POS":675.1579642952,"PACE":75.0175515884},"NU":{"POS":724.5968744683,"PACE":72.4596874468},"UE":{"POS":647.5517638306,"PACE":71.9501959812},"UP":{"POS":682.5775097042,"PACE":75.8419455227},"UST":{"POS":757.3621377429,"PACE":75.7362137743},"League":{"POS":724.0340719925,"PACE":74.2134393669}}