{"FEU":{"2PM":144.0,"2PA":384.0,"3PM":56.0,"3PA":184.0,"FTM":78.0,"FTA":137.0,"OFF":112.0,"DEF":257.0,"AST":146.0,"TO":103.0,"STL":62.0,"BLK":28.0,"PF":157.0,"Fls on:":145.0,"+\/-":42.0,"GW":85.0,"GP":8.0,"MINS":1600.0,"FGM":200.0,"FGA":568.0,"FG%":35.2112676056,"2P%":37.5,"3P%":30.4347826087,"FT%":56.9343065693,"PTS":534.0,"REB":369.0,"STK":90.0},"NU":{"2PM":131.0,"2PA":314.0,"3PM":56.0,"3PA":193.0,"FTM":119.0,"FTA":177.0,"OFF":116.0,"DEF":245.0,"AST":125.0,"TO":115.0,"STL":51.0,"BLK":26.0,"PF":167.0,"Fls on:":186.0,"+\/-":31.0,"GW":77.0,"GP":8.0,"MINS":1600.0,"FGM":187.0,"FGA":507.0,"FG%":36.8836291913,"2P%":41.7197452229,"3P%":29.0155440415,"FT%":67.2316384181,"PTS":549.0,"REB":361.0,"STK":77.0},"UE":{"2PM":130.0,"2PA":293.0,"3PM":57.0,"3PA":196.0,"FTM":94.0,"FTA":167.0,"OFF":99.0,"DEF":237.0,"AST":149.0,"TO":122.0,"STL":49.0,"BLK":32.0,"PF":177.0,"Fls on:":164.0,"+\/-":11.0,"GW":40.0,"GP":8.0,"MINS":1600.0,"FGM":187.0,"FGA":489.0,"FG%":38.2413087935,"2P%":44.3686006826,"3P%":29.0816326531,"FT%":56.2874251497,"PTS":525.0,"REB":336.0,"STK":81.0},"UP":{"2PM":107.0,"2PA":281.0,"3PM":43.0,"3PA":159.0,"FTM":104.0,"FTA":169.0,"OFF":89.0,"DEF":186.0,"AST":96.0,"TO":113.0,"STL":48.0,"BLK":25.0,"PF":164.0,"Fls on:":155.0,"+\/-":-75.0,"GW":11.0,"GP":7.0,"MINS":1400.0,"FGM":150.0,"FGA":440.0,"FG%":34.0909090909,"2P%":38.0782918149,"3P%":27.0440251572,"FT%":61.5384615385,"PTS":447.0,"REB":275.0,"STK":73.0},"UST":{"2PM":138.0,"2PA":287.0,"3PM":42.0,"3PA":159.0,"FTM":91.0,"FTA":132.0,"OFF":77.0,"DEF":207.0,"AST":117.0,"TO":94.0,"STL":41.0,"BLK":25.0,"PF":138.0,"Fls on:":147.0,"+\/-":6.0,"GW":40.0,"GP":7.0,"MINS":1400.0,"FGM":180.0,"FGA":446.0,"FG%":40.3587443946,"2P%":48.0836236934,"3P%":26.4150943396,"FT%":68.9393939394,"PTS":493.0,"REB":284.0,"STK":66.0},"DLSU":{"2PM":150.0,"2PA":347.0,"3PM":41.0,"3PA":186.0,"FTM":93.0,"FTA":146.0,"OFF":91.0,"DEF":208.0,"AST":104.0,"TO":115.0,"STL":76.0,"BLK":28.0,"PF":166.0,"Fls on:":150.0,"+\/-":-90.0,"GW":11.0,"GP":8.0,"MINS":1600.0,"FGM":191.0,"FGA":533.0,"FG%":35.8348968105,"2P%":43.2276657061,"3P%":22.0430107527,"FT%":63.698630137,"PTS":516.0,"REB":299.0,"STK":104.0},"ADMU":{"2PM":162.0,"2PA":317.0,"3PM":40.0,"3PA":162.0,"FTM":113.0,"FTA":171.0,"OFF":92.0,"DEF":270.0,"AST":127.0,"TO":122.0,"STL":30.0,"BLK":22.0,"PF":184.0,"Fls on:":177.0,"+\/-":46.0,"GW":73.0,"GP":8.0,"MINS":1600.0,"FGM":202.0,"FGA":479.0,"FG%":42.1711899791,"2P%":51.1041009464,"3P%":24.6913580247,"FT%":66.081871345,"PTS":557.0,"REB":362.0,"STK":52.0},"AdU":{"2PM":125.0,"2PA":325.0,"3PM":55.0,"3PA":198.0,"FTM":96.0,"FTA":147.0,"OFF":111.0,"DEF":235.0,"AST":123.0,"TO":103.0,"STL":61.0,"BLK":18.0,"PF":148.0,"Fls on:":162.0,"+\/-":29.0,"GW":63.0,"GP":8.0,"MINS":1600.0,"FGM":180.0,"FGA":523.0,"FG%":34.4168260038,"2P%":38.4615384615,"3P%":27.7777777778,"FT%":65.306122449,"PTS":511.0,"REB":346.0,"STK":79.0},"League":{"2PM":135.875,"2PA":318.5,"3PM":48.75,"3PA":179.625,"FTM":98.5,"FTA":155.75,"OFF":98.375,"DEF":230.625,"AST":123.375,"TO":110.875,"STL":52.25,"BLK":25.5,"PF":162.625,"Fls on:":160.75,"+\/-":0.0,"GW":50.0,"GP":7.75,"MINS":1550.0,"FGM":184.625,"FGA":498.125,"FG%":37.0639899624,"2P%":42.6609105181,"3P%":27.139874739,"FT%":63.2423756019,"PTS":516.5,"REB":329.0,"STK":77.75}}