{"ADMU":{"POS":577.3576808559,"PACE":72.169710107},"AdU":{"POS":572.0632621727,"PACE":71.5079077716},"DLSU":{"POS":613.7684573488,"PACE":76.7210571686},"FEU":{"POS":606.7276121884,"PACE":75.8409515235},"NU":{"POS":580.4520652907,"PACE":72.5565081613},"UE":{"POS":571.8820247253,"PACE":71.4852530907},"UP":{"POS":530.6837214104,"PACE":75.8119602015},"UST":{"POS":515.2015241935,"PACE":73.6002177419},"League":{"POS":571.0170435232,"PACE":73.7116957208}}