{"ADMU":{"MINS":1625.0,"FGM":174.0,"FGA":518.0,"2PM":115.0,"2PA":282.0,"3PM":59.0,"3PA":236.0,"FTM":104.0,"FTA":185.0,"PTS":511.0,"OFF":93.0,"DEF":200.0,"REB":293.0,"AST":133.0,"TO":81.0,"STL":56.0,"BLK":20.0,"STK":76.0,"PF":177.0,"Fls on:":180.0,"+\/-":-46.0,"GW":25.0,"GP":8.0,"W":2.0,"L":6.0,"FG%":33.5907335907,"2P%":40.780141844,"3P%":25.0,"FT%":56.2162162162},"AdU":{"MINS":1625.0,"FGM":165.0,"FGA":488.0,"2PM":111.0,"2PA":307.0,"3PM":54.0,"3PA":181.0,"FTM":98.0,"FTA":147.0,"PTS":482.0,"OFF":100.0,"DEF":255.0,"REB":355.0,"AST":117.0,"TO":127.0,"STL":50.0,"BLK":40.0,"STK":90.0,"PF":163.0,"Fls on:":148.0,"+\/-":-29.0,"GW":43.0,"GP":8.0,"W":3.0,"L":5.0,"FG%":33.8114754098,"2P%":36.1563517915,"3P%":29.8342541436,"FT%":66.6666666667},"DLSU":{"MINS":1600.0,"FGM":220.0,"FGA":546.0,"2PM":158.0,"2PA":356.0,"3PM":62.0,"3PA":190.0,"FTM":104.0,"FTA":166.0,"PTS":606.0,"OFF":141.0,"DEF":262.0,"REB":403.0,"AST":170.0,"TO":144.0,"STL":58.0,"BLK":26.0,"STK":84.0,"PF":152.0,"Fls on:":164.0,"+\/-":90.0,"GW":88.0,"GP":8.0,"W":7.0,"L":1.0,"FG%":40.293040293,"2P%":44.3820224719,"3P%":32.6315789474,"FT%":62.6506024096},"FEU":{"MINS":1650.0,"FGM":181.0,"FGA":531.0,"2PM":152.0,"2PA":375.0,"3PM":29.0,"3PA":156.0,"FTM":101.0,"FTA":149.0,"PTS":492.0,"OFF":104.0,"DEF":268.0,"REB":372.0,"AST":94.0,"TO":121.0,"STL":50.0,"BLK":31.0,"STK":81.0,"PF":147.0,"Fls on:":155.0,"+\/-":-42.0,"GW":22.0,"GP":8.0,"W":2.0,"L":6.0,"FG%":34.0866290019,"2P%":40.5333333333,"3P%":18.5897435897,"FT%":67.7852348993},"NU":{"MINS":1600.0,"FGM":189.0,"FGA":532.0,"2PM":147.0,"2PA":353.0,"3PM":42.0,"3PA":179.0,"FTM":98.0,"FTA":149.0,"PTS":518.0,"OFF":108.0,"DEF":220.0,"REB":328.0,"AST":110.0,"TO":107.0,"STL":50.0,"BLK":20.0,"STK":70.0,"PF":187.0,"Fls on:":164.0,"+\/-":-31.0,"GW":29.0,"GP":8.0,"W":2.0,"L":6.0,"FG%":35.5263157895,"2P%":41.6430594901,"3P%":23.4636871508,"FT%":65.7718120805},"UE":{"MINS":1600.0,"FGM":175.0,"FGA":466.0,"2PM":121.0,"2PA":294.0,"3PM":54.0,"3PA":172.0,"FTM":110.0,"FTA":179.0,"PTS":514.0,"OFF":78.0,"DEF":213.0,"REB":291.0,"AST":105.0,"TO":108.0,"STL":59.0,"BLK":23.0,"STK":82.0,"PF":169.0,"Fls on:":177.0,"+\/-":-11.0,"GW":56.0,"GP":8.0,"W":5.0,"L":3.0,"FG%":37.5536480687,"2P%":41.156462585,"3P%":31.3953488372,"FT%":61.4525139665},"UP":{"MINS":1400.0,"FGM":194.0,"FGA":458.0,"2PM":153.0,"2PA":318.0,"3PM":41.0,"3PA":140.0,"FTM":93.0,"FTA":152.0,"PTS":522.0,"OFF":91.0,"DEF":224.0,"REB":315.0,"AST":128.0,"TO":103.0,"STL":48.0,"BLK":32.0,"STK":80.0,"PF":158.0,"Fls on:":162.0,"+\/-":75.0,"GW":87.0,"GP":7.0,"W":6.0,"L":1.0,"FG%":42.3580786026,"2P%":48.1132075472,"3P%":29.2857142857,"FT%":61.1842105263},"UST":{"MINS":1400.0,"FGM":179.0,"FGA":446.0,"2PM":130.0,"2PA":263.0,"3PM":49.0,"3PA":183.0,"FTM":80.0,"FTA":119.0,"PTS":487.0,"OFF":72.0,"DEF":203.0,"REB":275.0,"AST":130.0,"TO":96.0,"STL":47.0,"BLK":12.0,"STK":59.0,"PF":148.0,"Fls on:":136.0,"+\/-":-6.0,"GW":50.0,"GP":7.0,"W":4.0,"L":3.0,"FG%":40.134529148,"2P%":49.4296577947,"3P%":26.7759562842,"FT%":67.2268907563},"League":{"MINS":1562.5,"FGM":184.625,"FGA":498.125,"2PM":135.875,"2PA":318.5,"3PM":48.75,"3PA":179.625,"FTM":98.5,"FTA":155.75,"PTS":516.5,"OFF":98.375,"DEF":230.625,"REB":329.0,"AST":123.375,"TO":110.875,"STL":52.25,"BLK":25.5,"STK":77.75,"PF":162.625,"Fls on:":160.75,"+\/-":0.0,"GW":50.0,"GP":7.75,"W":3.875,"L":3.875,"FG%":37.0639899624,"2P%":42.6609105181,"3P%":27.139874739,"FT%":63.2423756019}}