{"DLSU":{"MINS":200.0,"FGM":27.5,"FGA":68.25,"2PM":19.75,"2PA":44.5,"3PM":7.75,"3PA":23.75,"FTM":13.0,"FTA":20.75,"PTS":75.75,"OFF":17.625,"DEF":32.75,"REB":50.375,"AST":21.25,"TO":18.0,"STL":7.25,"BLK":3.25,"STK":10.5,"PF":19.0,"Fls on:":20.5,"+\/-":11.25,"GW":88,"GP":8.0,"W":7.0,"L":1.0,"FG%":40.293040293,"2P%":44.3820224719,"3P%":32.6315789474,"FT%":62.6506024096,"W%":0.875},"UP":{"MINS":200.0,"FGM":27.7142857143,"FGA":65.4285714286,"2PM":21.8571428571,"2PA":45.4285714286,"3PM":5.8571428571,"3PA":20.0,"FTM":13.2857142857,"FTA":21.7142857143,"PTS":74.5714285714,"OFF":13.0,"DEF":32.0,"REB":45.0,"AST":18.2857142857,"TO":14.7142857143,"STL":6.8571428571,"BLK":4.5714285714,"STK":11.4285714286,"PF":22.5714285714,"Fls on:":23.1428571429,"+\/-":10.7142857143,"GW":87,"GP":7.0,"W":6.0,"L":1.0,"FG%":42.3580786026,"2P%":48.1132075472,"3P%":29.2857142857,"FT%":61.1842105263,"W%":0.8571428571},"UE":{"MINS":200.0,"FGM":21.875,"FGA":58.25,"2PM":15.125,"2PA":36.75,"3PM":6.75,"3PA":21.5,"FTM":13.75,"FTA":22.375,"PTS":64.25,"OFF":9.75,"DEF":26.625,"REB":36.375,"AST":13.125,"TO":13.5,"STL":7.375,"BLK":2.875,"STK":10.25,"PF":21.125,"Fls on:":22.125,"+\/-":-1.375,"GW":56,"GP":8.0,"W":5.0,"L":3.0,"FG%":37.5536480687,"2P%":41.156462585,"3P%":31.3953488372,"FT%":61.4525139665,"W%":0.625},"UST":{"MINS":200.0,"FGM":25.5714285714,"FGA":63.7142857143,"2PM":18.5714285714,"2PA":37.5714285714,"3PM":7.0,"3PA":26.1428571429,"FTM":11.4285714286,"FTA":17.0,"PTS":69.5714285714,"OFF":10.2857142857,"DEF":29.0,"REB":39.2857142857,"AST":18.5714285714,"TO":13.7142857143,"STL":6.7142857143,"BLK":1.7142857143,"STK":8.4285714286,"PF":21.1428571429,"Fls on:":19.4285714286,"+\/-":-0.8571428571,"GW":50,"GP":7.0,"W":4.0,"L":3.0,"FG%":40.134529148,"2P%":49.4296577947,"3P%":26.7759562842,"FT%":67.2268907563,"W%":0.5714285714},"League":{"MINS":201.6129032258,"FGM":23.8225806452,"FGA":64.2741935484,"2PM":17.5322580645,"2PA":41.0967741935,"3PM":6.2903225806,"3PA":23.1774193548,"FTM":12.7096774194,"FTA":20.0967741935,"PTS":66.6451612903,"OFF":12.6935483871,"DEF":29.7580645161,"REB":42.4516129032,"AST":15.9193548387,"TO":14.3064516129,"STL":6.7419354839,"BLK":3.2903225806,"STK":10.0322580645,"PF":20.9838709677,"Fls on:":20.7419354839,"+\/-":0.0,"GW":50,"GP":7.75,"W":3.875,"L":3.875,"FG%":37.0639899624,"2P%":42.6609105181,"3P%":27.139874739,"FT%":63.2423756019,"W%":0.5},"AdU":{"MINS":203.125,"FGM":20.625,"FGA":61.0,"2PM":13.875,"2PA":38.375,"3PM":6.75,"3PA":22.625,"FTM":12.25,"FTA":18.375,"PTS":60.25,"OFF":12.5,"DEF":31.875,"REB":44.375,"AST":14.625,"TO":15.875,"STL":6.25,"BLK":5.0,"STK":11.25,"PF":20.375,"Fls on:":18.5,"+\/-":-3.625,"GW":43,"GP":8.0,"W":3.0,"L":5.0,"FG%":33.8114754098,"2P%":36.1563517915,"3P%":29.8342541436,"FT%":66.6666666667,"W%":0.375},"ADMU":{"MINS":203.125,"FGM":21.75,"FGA":64.75,"2PM":14.375,"2PA":35.25,"3PM":7.375,"3PA":29.5,"FTM":13.0,"FTA":23.125,"PTS":63.875,"OFF":11.625,"DEF":25.0,"REB":36.625,"AST":16.625,"TO":10.125,"STL":7.0,"BLK":2.5,"STK":9.5,"PF":22.125,"Fls on:":22.5,"+\/-":-5.75,"GW":25,"GP":8.0,"W":2.0,"L":6.0,"FG%":33.5907335907,"2P%":40.780141844,"3P%":25.0,"FT%":56.2162162162,"W%":0.25},"FEU":{"MINS":206.25,"FGM":22.625,"FGA":66.375,"2PM":19.0,"2PA":46.875,"3PM":3.625,"3PA":19.5,"FTM":12.625,"FTA":18.625,"PTS":61.5,"OFF":13.0,"DEF":33.5,"REB":46.5,"AST":11.75,"TO":15.125,"STL":6.25,"BLK":3.875,"STK":10.125,"PF":18.375,"Fls on:":19.375,"+\/-":-5.25,"GW":22,"GP":8.0,"W":2.0,"L":6.0,"FG%":34.0866290019,"2P%":40.5333333333,"3P%":18.5897435897,"FT%":67.7852348993,"W%":0.25},"NU":{"MINS":200.0,"FGM":23.625,"FGA":66.5,"2PM":18.375,"2PA":44.125,"3PM":5.25,"3PA":22.375,"FTM":12.25,"FTA":18.625,"PTS":64.75,"OFF":13.5,"DEF":27.5,"REB":41.0,"AST":13.75,"TO":13.375,"STL":6.25,"BLK":2.5,"STK":8.75,"PF":23.375,"Fls on:":20.5,"+\/-":-3.875,"GW":29,"GP":8.0,"W":2.0,"L":6.0,"FG%":35.5263157895,"2P%":41.6430594901,"3P%":23.4636871508,"FT%":65.7718120805,"W%":0.25}}