{"DLSU":{"2PM":18.5714285714,"2PA":43.4285714286,"3PM":5.1428571429,"3PA":23.0,"FTM":11.3571428571,"FTA":18.7142857143,"OFF":11.4285714286,"DEF":26.0,"AST":12.2857142857,"TO":14.9285714286,"STL":9.1428571429,"BLK":2.8571428571,"PF":20.8571428571,"Fls on:":18.5,"+\/-":-10.2857142857,"GW":25.0,"GP":14,"MINS":200.0,"FGM":23.7142857143,"FGA":66.4285714286,"FG%":35.6989247312,"2P%":42.7631578947,"3P%":22.3602484472,"FT%":60.6870229008,"PTS":63.9285714286,"REB":37.4285714286,"STK":12.0},"UP":{"2PM":16.4285714286,"2PA":40.4285714286,"3PM":6.2142857143,"3PA":22.5,"FTM":13.8571428571,"FTA":21.7857142857,"OFF":12.4285714286,"DEF":25.8571428571,"AST":14.7857142857,"TO":17.2142857143,"STL":7.1428571429,"BLK":3.0,"PF":21.3571428571,"Fls on:":21.4285714286,"+\/-":-7.9285714286,"GW":37.0,"GP":14,"MINS":200.0,"FGM":22.6428571429,"FGA":62.9285714286,"FG%":35.9818388195,"2P%":40.6360424028,"3P%":27.619047619,"FT%":63.606557377,"PTS":65.3571428571,"REB":38.2857142857,"STK":10.1428571429},"UST":{"2PM":17.2857142857,"2PA":39.2142857143,"3PM":7.7857142857,"3PA":25.9285714286,"FTM":12.7857142857,"FTA":18.8571428571,"OFF":12.2857142857,"DEF":29.5714285714,"AST":16.0,"TO":14.4285714286,"STL":6.0714285714,"BLK":3.4285714286,"PF":19.2142857143,"Fls on:":19.9285714286,"+\/-":-0.9285714286,"GW":92.0,"GP":14,"MINS":200.0,"FGM":25.0714285714,"FGA":65.1428571429,"FG%":38.4868421053,"2P%":44.0801457195,"3P%":30.0275482094,"FT%":67.803030303,"PTS":70.7142857143,"REB":41.8571428571,"STK":9.5},"League":{"2PM":17.125,"2PA":39.9910714286,"3PM":6.5357142857,"3PA":24.4285714286,"FTM":11.9553571429,"FTA":19.0982142857,"OFF":12.9910714286,"DEF":29.0803571429,"AST":15.3482142857,"TO":15.3035714286,"STL":6.8571428571,"BLK":3.0535714286,"PF":19.8839285714,"Fls on:":19.5714285714,"+\/-":0.0,"GW":90.5,"GP":14,"MINS":200.0,"FGM":23.6607142857,"FGA":64.4196428571,"FG%":36.729036729,"2P%":42.8220584952,"3P%":26.7543859649,"FT%":62.5993454885,"PTS":65.8125,"REB":42.0714285714,"STK":9.9107142857},"NU":{"2PM":16.2142857143,"2PA":38.2142857143,"3PM":6.5714285714,"3PA":25.2142857143,"FTM":12.4285714286,"FTA":19.7142857143,"OFF":15.2857142857,"DEF":29.6428571429,"AST":15.0,"TO":16.8571428571,"STL":6.2142857143,"BLK":2.8571428571,"PF":18.8571428571,"Fls on:":21.6428571429,"+\/-":2.2857142857,"GW":119.0,"GP":14,"MINS":200.0,"FGM":22.7857142857,"FGA":63.4285714286,"FG%":35.9234234234,"2P%":42.4299065421,"3P%":26.0623229462,"FT%":63.0434782609,"PTS":64.5714285714,"REB":44.9285714286,"STK":9.0714285714},"UE":{"2PM":16.1428571429,"2PA":36.0714285714,"3PM":6.7857142857,"3PA":25.7142857143,"FTM":12.4285714286,"FTA":21.8571428571,"OFF":13.3571428571,"DEF":29.8571428571,"AST":17.0,"TO":15.7857142857,"STL":6.5,"BLK":3.2142857143,"PF":21.0,"Fls on:":20.4285714286,"+\/-":2.4285714286,"GW":97.0,"GP":14,"MINS":200.0,"FGM":22.9285714286,"FGA":61.7857142857,"FG%":37.1098265896,"2P%":44.7524752475,"3P%":26.3888888889,"FT%":56.862745098,"PTS":65.0714285714,"REB":43.2142857143,"STK":9.7142857143},"FEU":{"2PM":18.0,"2PA":46.7857142857,"3PM":6.8571428571,"3PA":24.6428571429,"FTM":9.1428571429,"FTA":15.7857142857,"OFF":14.8571428571,"DEF":30.1428571429,"AST":16.5714285714,"TO":12.5714285714,"STL":7.0714285714,"BLK":3.0714285714,"PF":18.9285714286,"Fls on:":16.2142857143,"+\/-":2.7142857143,"GW":124.0,"GP":14,"MINS":200.0,"FGM":24.8571428571,"FGA":71.4285714286,"FG%":34.8,"2P%":38.4732824427,"3P%":27.8260869565,"FT%":57.9185520362,"PTS":65.7142857143,"REB":45.0,"STK":10.1428571429},"AdU":{"2PM":14.8571428571,"2PA":36.5714285714,"3PM":6.9285714286,"3PA":26.0714285714,"FTM":10.8571428571,"FTA":16.7142857143,"OFF":11.7142857143,"DEF":28.4285714286,"AST":14.8571428571,"TO":14.9285714286,"STL":8.1428571429,"BLK":2.6428571429,"PF":17.4285714286,"Fls on:":18.5,"+\/-":4.0714285714,"GW":104.0,"GP":14,"MINS":200.0,"FGM":21.7857142857,"FGA":62.6428571429,"FG%":34.7776510832,"2P%":40.625,"3P%":26.5753424658,"FT%":64.9572649573,"PTS":61.3571428571,"REB":40.1428571429,"STK":10.7857142857},"ADMU":{"2PM":19.5,"2PA":39.2142857143,"3PM":6.0,"3PA":22.3571428571,"FTM":12.7857142857,"FTA":19.3571428571,"OFF":12.5714285714,"DEF":33.1428571429,"AST":16.2857142857,"TO":15.7142857143,"STL":4.5714285714,"BLK":3.3571428571,"PF":21.4285714286,"Fls on:":19.9285714286,"+\/-":7.6428571429,"GW":126.0,"GP":14,"MINS":200.0,"FGM":25.5,"FGA":61.5714285714,"FG%":41.4153132251,"2P%":49.7267759563,"3P%":26.8370607029,"FT%":66.0516605166,"PTS":69.7857142857,"REB":45.7142857143,"STK":7.9285714286}}