TEAM,MINS,FGM,FGA,2PM,2PA,3PM,3PA,FTM,FTA,PTS,OFF,DEF,REB,AST,TO,STL,BLK,STK,PF,Fls on:,+/-,GW,GP,W,L,FG%,2P%,3P%,FT%
ADMU,1025.0,105.0,327.0,71.0,181.0,34.0,146.0,67.0,124.0,311.0,58.0,131.0,189.0,90.0,50.0,36.0,15.0,51.0,106.0,114.0,-31.0,13.0,5.0,1.0,4.0,32.11009174311926,39.226519337016576,23.28767123287671,54.03225806451613
AdU,1200.0,119.0,363.0,85.0,223.0,34.0,140.0,76.0,108.0,348.0,78.0,194.0,272.0,82.0,97.0,39.0,28.0,67.0,120.0,116.0,-24.0,43.0,6.0,3.0,3.0,32.78236914600551,38.11659192825112,24.285714285714285,70.37037037037037
DLSU,1200.0,171.0,414.0,128.0,270.0,43.0,144.0,76.0,120.0,461.0,108.0,198.0,306.0,131.0,112.0,52.0,17.0,69.0,109.0,125.0,69.0,65.0,6.0,5.0,1.0,41.30434782608695,47.407407407407405,29.86111111111111,63.333333333333336
FEU,1225.0,129.0,401.0,111.0,289.0,18.0,112.0,68.0,99.0,344.0,80.0,199.0,279.0,68.0,93.0,39.0,19.0,58.0,110.0,111.0,-35.0,11.0,6.0,1.0,5.0,32.16957605985037,38.4083044982699,16.071428571428573,68.68686868686869
NU,1200.0,137.0,413.0,110.0,281.0,27.0,132.0,71.0,109.0,372.0,88.0,163.0,251.0,75.0,81.0,47.0,14.0,61.0,139.0,120.0,-39.0,15.0,6.0,1.0,5.0,33.171912832929785,39.145907473309606,20.454545454545453,65.13761467889908
UE,1000.0,104.0,298.0,70.0,179.0,34.0,119.0,72.0,115.0,314.0,55.0,137.0,192.0,65.0,73.0,35.0,15.0,50.0,114.0,115.0,-10.0,36.0,5.0,3.0,2.0,34.899328859060404,39.10614525139665,28.571428571428573,62.608695652173914
UP,1200.0,174.0,397.0,135.0,277.0,39.0,120.0,79.0,126.0,466.0,81.0,192.0,273.0,119.0,87.0,40.0,25.0,65.0,139.0,137.0,87.0,87.0,6.0,6.0,0.0,43.8287153652393,48.73646209386282,32.5,62.698412698412696
UST,1200.0,146.0,363.0,103.0,203.0,43.0,160.0,69.0,104.0,404.0,53.0,173.0,226.0,112.0,89.0,43.0,12.0,55.0,129.0,118.0,-17.0,37.0,6.0,3.0,3.0,40.22038567493113,50.73891625615764,26.875,66.34615384615384
League,1156.25,135.625,372.0,101.625,237.875,34.0,134.125,72.25,113.125,377.5,75.125,173.375,248.5,92.75,85.25,41.375,18.125,59.5,120.75,119.5,0.0,38.375,5.75,2.875,2.875,36.458333333333336,42.722017866526535,25.349487418452934,63.86740331491713
