{"UP":{"MINS":200.0,"FGM":29.0,"FGA":66.1666666667,"2PM":22.5,"2PA":46.1666666667,"3PM":6.5,"3PA":20.0,"FTM":13.1666666667,"FTA":21.0,"PTS":77.6666666667,"OFF":13.5,"DEF":32.0,"REB":45.5,"AST":19.8333333333,"TO":14.5,"STL":6.6666666667,"BLK":4.1666666667,"STK":10.8333333333,"PF":23.1666666667,"Fls on:":22.8333333333,"+\/-":14.5,"GW":87.0,"GP":6.0,"W":6.0,"L":0.0,"FG%":43.8287153652,"2P%":48.7364620939,"3P%":32.5,"FT%":62.6984126984,"W%":1.0},"DLSU":{"MINS":200.0,"FGM":28.5,"FGA":69.0,"2PM":21.3333333333,"2PA":45.0,"3PM":7.1666666667,"3PA":24.0,"FTM":12.6666666667,"FTA":20.0,"PTS":76.8333333333,"OFF":18.0,"DEF":33.0,"REB":51.0,"AST":21.8333333333,"TO":18.6666666667,"STL":8.6666666667,"BLK":2.8333333333,"STK":11.5,"PF":18.1666666667,"Fls on:":20.8333333333,"+\/-":11.5,"GW":65.0,"GP":6.0,"W":5.0,"L":1.0,"FG%":41.3043478261,"2P%":47.4074074074,"3P%":29.8611111111,"FT%":63.3333333333,"W%":0.8333333333},"UE":{"MINS":200.0,"FGM":20.8,"FGA":59.6,"2PM":14.0,"2PA":35.8,"3PM":6.8,"3PA":23.8,"FTM":14.4,"FTA":23.0,"PTS":62.8,"OFF":11.0,"DEF":27.4,"REB":38.4,"AST":13.0,"TO":14.6,"STL":7.0,"BLK":3.0,"STK":10.0,"PF":22.8,"Fls on:":23.0,"+\/-":-2.0,"GW":36.0,"GP":5.0,"W":3.0,"L":2.0,"FG%":34.8993288591,"2P%":39.1061452514,"3P%":28.5714285714,"FT%":62.6086956522,"W%":0.6},"AdU":{"MINS":200.0,"FGM":19.8333333333,"FGA":60.5,"2PM":14.1666666667,"2PA":37.1666666667,"3PM":5.6666666667,"3PA":23.3333333333,"FTM":12.6666666667,"FTA":18.0,"PTS":58.0,"OFF":13.0,"DEF":32.3333333333,"REB":45.3333333333,"AST":13.6666666667,"TO":16.1666666667,"STL":6.5,"BLK":4.6666666667,"STK":11.1666666667,"PF":20.0,"Fls on:":19.3333333333,"+\/-":-4.0,"GW":43.0,"GP":6.0,"W":3.0,"L":3.0,"FG%":32.782369146,"2P%":38.1165919283,"3P%":24.2857142857,"FT%":70.3703703704,"W%":0.5},"UST":{"MINS":200.0,"FGM":24.3333333333,"FGA":60.5,"2PM":17.1666666667,"2PA":33.8333333333,"3PM":7.1666666667,"3PA":26.6666666667,"FTM":11.5,"FTA":17.3333333333,"PTS":67.3333333333,"OFF":8.8333333333,"DEF":28.8333333333,"REB":37.6666666667,"AST":18.6666666667,"TO":14.8333333333,"STL":7.1666666667,"BLK":2.0,"STK":9.1666666667,"PF":21.5,"Fls on:":19.6666666667,"+\/-":-2.8333333333,"GW":37.0,"GP":6.0,"W":3.0,"L":3.0,"FG%":40.2203856749,"2P%":50.7389162562,"3P%":26.875,"FT%":66.3461538462,"W%":0.5},"League":{"MINS":201.0869565217,"FGM":23.5869565217,"FGA":64.6956521739,"2PM":17.6739130435,"2PA":41.3695652174,"3PM":5.9130434783,"3PA":23.3260869565,"FTM":12.5652173913,"FTA":19.6739130435,"PTS":65.652173913,"OFF":13.0652173913,"DEF":30.152173913,"REB":43.2173913043,"AST":16.1304347826,"TO":14.8260869565,"STL":7.1956521739,"BLK":3.152173913,"STK":10.347826087,"PF":21.0,"Fls on:":20.7826086957,"+\/-":0.0,"GW":38.375,"GP":5.75,"W":2.875,"L":2.875,"FG%":36.4583333333,"2P%":42.7220178665,"3P%":25.3494874185,"FT%":63.8674033149,"W%":0.5},"ADMU":{"MINS":205.0,"FGM":21.0,"FGA":65.4,"2PM":14.2,"2PA":36.2,"3PM":6.8,"3PA":29.2,"FTM":13.4,"FTA":24.8,"PTS":62.2,"OFF":11.6,"DEF":26.2,"REB":37.8,"AST":18.0,"TO":10.0,"STL":7.2,"BLK":3.0,"STK":10.2,"PF":21.2,"Fls on:":22.8,"+\/-":-6.2,"GW":13.0,"GP":5.0,"W":1.0,"L":4.0,"FG%":32.1100917431,"2P%":39.226519337,"3P%":23.2876712329,"FT%":54.0322580645,"W%":0.2},"FEU":{"MINS":204.1666666667,"FGM":21.5,"FGA":66.8333333333,"2PM":18.5,"2PA":48.1666666667,"3PM":3.0,"3PA":18.6666666667,"FTM":11.3333333333,"FTA":16.5,"PTS":57.3333333333,"OFF":13.3333333333,"DEF":33.1666666667,"REB":46.5,"AST":11.3333333333,"TO":15.5,"STL":6.5,"BLK":3.1666666667,"STK":9.6666666667,"PF":18.3333333333,"Fls on:":18.5,"+\/-":-5.8333333333,"GW":11.0,"GP":6.0,"W":1.0,"L":5.0,"FG%":32.1695760599,"2P%":38.4083044983,"3P%":16.0714285714,"FT%":68.6868686869,"W%":0.1666666667},"NU":{"MINS":200.0,"FGM":22.8333333333,"FGA":68.8333333333,"2PM":18.3333333333,"2PA":46.8333333333,"3PM":4.5,"3PA":22.0,"FTM":11.8333333333,"FTA":18.1666666667,"PTS":62.0,"OFF":14.6666666667,"DEF":27.1666666667,"REB":41.8333333333,"AST":12.5,"TO":13.5,"STL":7.8333333333,"BLK":2.3333333333,"STK":10.1666666667,"PF":23.1666666667,"Fls on:":20.0,"+\/-":-6.5,"GW":15.0,"GP":6.0,"W":1.0,"L":5.0,"FG%":33.1719128329,"2P%":39.1459074733,"3P%":20.4545454545,"FT%":65.1376146789,"W%":0.1666666667}}