{"ADMU":{"POS":935.2816629158,"PACE":71.9447433012},"AdU":{"POS":930.7553369565,"PACE":71.5965643813},"DLSU":{"POS":1082.5803176599,"PACE":77.3271655471},"FEU":{"POS":1040.8490959064,"PACE":74.3463639933},"NU":{"POS":1018.1064507752,"PACE":72.7218893411},"UE":{"POS":1008.8432868757,"PACE":72.0602347768},"UP":{"POS":1065.0318444834,"PACE":76.0737031774},"UST":{"POS":1046.4268649602,"PACE":74.7447760686},"League":{"POS":1015.9843575666,"PACE":73.8519300734}}