{"DLSU":{"MINS":201.7857142857,"FGM":26.8571428571,"FGA":66.7857142857,"2PM":19.5714285714,"2PA":42.7142857143,"3PM":7.2857142857,"3PA":24.0714285714,"FTM":13.2142857143,"FTA":21.0,"PTS":74.2142857143,"OFF":16.1428571429,"DEF":32.8571428571,"REB":49.0,"AST":20.7857142857,"TO":18.7857142857,"STL":7.0,"BLK":3.2142857143,"STK":10.2142857143,"PF":18.8571428571,"Fls on:":20.2857142857,"+\/-":10.2857142857,"GW":152.0,"GP":14.0,"W":12.0,"L":2.0,"FG%":40.2139037433,"2P%":45.8193979933,"3P%":30.2670623145,"FT%":62.925170068,"W%":0.8571428571},"UP":{"MINS":200.0,"FGM":27.2142857143,"FGA":66.1428571429,"2PM":20.8571428571,"2PA":43.2857142857,"3PM":6.3571428571,"3PA":22.8571428571,"FTM":12.5,"FTA":20.5714285714,"PTS":73.2857142857,"OFF":14.4285714286,"DEF":29.6428571429,"REB":44.0714285714,"AST":17.6428571429,"TO":16.5714285714,"STL":7.8571428571,"BLK":3.7142857143,"STK":11.5714285714,"PF":21.8571428571,"Fls on:":20.9285714286,"+\/-":7.9285714286,"GW":157.0,"GP":14.0,"W":11.0,"L":3.0,"FG%":41.1447084233,"2P%":48.1848184818,"3P%":27.8125,"FT%":60.7638888889,"W%":0.7857142857},"UST":{"MINS":201.7857142857,"FGM":26.0,"FGA":66.8571428571,"2PM":17.9285714286,"2PA":37.7857142857,"3PM":8.0714285714,"3PA":29.0714285714,"FTM":11.5714285714,"FTA":18.1428571429,"PTS":71.6428571429,"OFF":12.5,"DEF":28.5714285714,"REB":41.0714285714,"AST":16.9285714286,"TO":14.1428571429,"STL":7.1428571429,"BLK":2.3571428571,"STK":9.5,"PF":20.2857142857,"Fls on:":18.7857142857,"+\/-":0.9285714286,"GW":87.0,"GP":14.0,"W":7.0,"L":7.0,"FG%":38.8888888889,"2P%":47.4480151229,"3P%":27.7641277641,"FT%":63.7795275591,"W%":0.5},"League":{"MINS":201.3636363636,"FGM":23.6636363636,"FGA":64.4909090909,"2PM":17.1727272727,"2PA":40.1363636364,"3PM":6.4909090909,"3PA":24.3545454545,"FTM":12.0636363636,"FTA":19.2,"PTS":65.8818181818,"OFF":13.0545454545,"DEF":29.1272727273,"REB":42.1818181818,"AST":15.3727272727,"TO":15.2363636364,"STL":6.7909090909,"BLK":3.0818181818,"STK":9.8727272727,"PF":19.9181818182,"Fls on:":19.6181818182,"+\/-":0.0,"GW":88.5,"GP":13.75,"W":6.875,"L":6.875,"FG%":36.6929799831,"2P%":42.7859569649,"3P%":26.6517357223,"FT%":62.8314393939,"W%":0.5},"UE":{"MINS":200.0,"FGM":21.7142857143,"FGA":60.6428571429,"2PM":15.0714285714,"2PA":37.0714285714,"3PM":6.6428571429,"3PA":23.5714285714,"FTM":12.5714285714,"FTA":19.7857142857,"PTS":62.6428571429,"OFF":11.1428571429,"DEF":26.7142857143,"REB":37.8571428571,"AST":13.0714285714,"TO":14.4285714286,"STL":6.5714285714,"BLK":2.7857142857,"STK":9.3571428571,"PF":20.8571428571,"Fls on:":20.8571428571,"+\/-":-2.4285714286,"GW":72.0,"GP":14.0,"W":6.0,"L":8.0,"FG%":35.8068315665,"2P%":40.655105973,"3P%":28.1818181818,"FT%":63.5379061372,"W%":0.4285714286},"AdU":{"MINS":201.9230769231,"FGM":19.5384615385,"FGA":60.4615384615,"2PM":12.6153846154,"2PA":34.6923076923,"3PM":6.9230769231,"3PA":25.7692307692,"FTM":10.3846153846,"FTA":16.6923076923,"PTS":56.3846153846,"OFF":12.3846153846,"DEF":30.6923076923,"REB":43.0769230769,"AST":13.6923076923,"TO":17.2307692308,"STL":6.1538461538,"BLK":4.1538461538,"STK":10.3076923077,"PF":18.7692307692,"Fls on:":17.6153846154,"+\/-":-5.4615384615,"GW":70.0,"GP":13.0,"W":5.0,"L":8.0,"FG%":32.3155216285,"2P%":36.3636363636,"3P%":26.8656716418,"FT%":62.2119815668,"W%":0.3846153846},"FEU":{"MINS":203.5714285714,"FGM":23.0714285714,"FGA":65.1428571429,"2PM":18.5714285714,"2PA":44.9285714286,"3PM":4.5,"3PA":20.2142857143,"FTM":12.3571428571,"FTA":17.9285714286,"PTS":63.0,"OFF":13.0,"DEF":32.4285714286,"REB":45.4285714286,"AST":12.0,"TO":15.2857142857,"STL":5.9285714286,"BLK":4.0714285714,"STK":10.0,"PF":16.5714285714,"Fls on:":18.7142857143,"+\/-":-2.7142857143,"GW":52.0,"GP":14.0,"W":5.0,"L":9.0,"FG%":35.4166666667,"2P%":41.3354531002,"3P%":22.2614840989,"FT%":68.9243027888,"W%":0.3571428571},"NU":{"MINS":200.0,"FGM":22.8571428571,"FGA":64.6428571429,"2PM":17.5,"2PA":43.0714285714,"3PM":5.3571428571,"3PA":21.5714285714,"FTM":11.2142857143,"FTA":17.3571428571,"PTS":62.2857142857,"OFF":12.2857142857,"DEF":27.2142857143,"REB":39.5,"AST":13.2142857143,"TO":14.4285714286,"STL":6.8571428571,"BLK":2.4285714286,"STK":9.2857142857,"PF":21.7857142857,"Fls on:":18.5,"+\/-":-2.2857142857,"GW":71.0,"GP":14.0,"W":5.0,"L":9.0,"FG%":35.3591160221,"2P%":40.6301824212,"3P%":24.8344370861,"FT%":64.6090534979,"W%":0.3571428571},"ADMU":{"MINS":201.9230769231,"FGM":21.6153846154,"FGA":65.0,"2PM":14.7692307692,"2PA":36.9230769231,"3PM":6.8461538462,"3PA":28.0769230769,"FTM":12.6153846154,"FTA":22.1538461538,"PTS":62.6923076923,"OFF":12.4615384615,"DEF":24.6923076923,"REB":37.1538461538,"AST":15.5384615385,"TO":10.8461538462,"STL":6.7692307692,"BLK":1.9230769231,"STK":8.6923076923,"PF":20.3076923077,"Fls on:":21.2307692308,"+\/-":-7.1538461538,"GW":47.0,"GP":13.0,"W":4.0,"L":9.0,"FG%":33.2544378698,"2P%":40.0,"3P%":24.3835616438,"FT%":56.9444444444,"W%":0.3076923077}}