{"DLSU":{"OFF":71.9808024669,"DEF":62.0046373512,"NET":9.9761651157,"PACE":77.3271655471,"hAST%":17.9811661188,"hTO%":16.2510195507,"TOR":24.2938094948,"AR":26.8802226729,"STL%":9.0524461235,"BLK%":7.4013157895,"EFG%":45.6684491979,"TS%":48.808673757,"PPWS":0.9761734751,"REB%":56.694214876,"OREB%":38.3050847458,"DREB%":74.1935483871,"FTR":0.3144385027,"FFI":36.7184265421,"Py-W":12.8216763009,"Py-L":1.1783236991,"PPR":-2.3327080986,"HHI":0.1164414588},"UP":{"OFF":72.2513607444,"DEF":64.4346930615,"NET":7.8166676829,"PACE":76.0737031774,"hAST%":16.1256626537,"hTO%":15.1463713995,"TOR":21.7833862153,"AR":23.1917948068,"STL%":10.3283296711,"BLK%":9.1872791519,"EFG%":45.9503239741,"TS%":48.7309066038,"PPWS":0.9746181321,"REB%":53.512575889,"OREB%":35.8156028369,"DREB%":70.4584040747,"FTR":0.3110151188,"FFI":35.6543234927,"Py-W":12.0679696595,"Py-L":1.9320303405,"PPR":-2.3345295498,"HHI":0.0917148296},"UST":{"OFF":71.8874892445,"DEF":70.9557471107,"NET":0.9317421338,"PACE":74.7447760686,"hAST%":15.9837060617,"hTO%":13.3534759503,"TOR":18.9215325629,"AR":22.648501098,"STL%":9.5563295772,"BLK%":6.0109289617,"EFG%":44.9252136752,"TS%":47.8640146598,"PPWS":0.9572802932,"REB%":49.5262704565,"OREB%":29.7113752122,"DREB%":69.9300699301,"FTR":0.2713675214,"FFI":32.7132564738,"Py-W":7.7279262683,"Py-L":6.2720737317,"PPR":-1.3990155571,"HHI":0.1288686284},"League":{"OFF":66.8717234611,"DEF":66.8717234611,"NET":0.0,"PACE":73.8519300734,"hAST%":14.8459914945,"hTO%":14.714300263,"TOR":20.6203962138,"AR":20.8049462992,"STL%":9.1905942552,"BLK%":7.6783691959,"EFG%":41.725401748,"TS%":45.1623276266,"PPWS":0.9032465525,"REB%":50.0,"OREB%":30.9482758621,"DREB%":69.0517241379,"FTR":0.29771638,"FFI":32.5006606256,"Py-W":6.875,"Py-L":6.875,"PPR":-2.4770504138,"HHI":0.0102171764},"NU":{"OFF":64.2368977725,"DEF":66.594215122,"NET":-2.3573173495,"PACE":72.7218893411,"hAST%":13.2244874618,"hTO%":14.4397106339,"TOR":19.8407543579,"AR":18.170987902,"STL%":9.4292693978,"BLK%":6.3551401869,"EFG%":39.5027624309,"TS%":43.0864099929,"PPWS":0.8617281999,"REB%":46.7851099831,"OREB%":29.3015332198,"DREB%":64.0336134454,"FTR":0.2685082873,"FFI":30.6492245152,"Py-W":5.0358886142,"Py-L":8.9641113858,"PPR":-2.8531815909,"HHI":0.1020589597},"UE":{"OFF":65.1984315658,"DEF":67.7260788557,"NET":-2.5276472899,"PACE":72.0602347768,"hAST%":13.4967696256,"hTO%":14.8980735758,"TOR":20.0229314729,"AR":18.1395864334,"STL%":9.1193549282,"BLK%":7.7227722772,"EFG%":41.2838633687,"TS%":45.1652109426,"PPWS":0.9033042189,"REB%":46.6960352423,"OREB%":27.1777003484,"DREB%":66.6666666667,"FTR":0.3262661955,"FFI":31.8488112182,"Py-W":4.9333822615,"Py-L":9.0666177385,"PPR":-2.9281824455,"HHI":0.1212761448},"FEU":{"OFF":63.5538814033,"DEF":66.2920304887,"NET":-2.7381490854,"PACE":74.3463639933,"hAST%":11.9620631711,"hTO%":15.2373899917,"TOR":20.5601369922,"AR":16.1406682929,"STL%":7.9742587399,"BLK%":8.7022900763,"EFG%":38.8706140351,"TS%":43.132115332,"PPWS":0.8626423066,"REB%":50.2369668246,"OREB%":30.1324503311,"DREB%":68.580060423,"FTR":0.2752192982,"FFI":30.843059402,"Py-W":4.7235890304,"Py-L":9.2764109696,"PPR":-3.5551458954,"HHI":0.1491276783},"AdU":{"OFF":59.064931263,"DEF":64.7860910443,"NET":-5.7211597813,"PACE":71.5965643813,"hAST%":13.8685448936,"hTO%":17.4525508773,"TOR":24.0664749485,"AR":19.1242524144,"STL%":8.5951696244,"BLK%":11.2734864301,"EFG%":38.0407124682,"TS%":41.5778009711,"PPWS":0.8315560194,"REB%":51.5179392824,"OREB%":30.0934579439,"DREB%":72.2826086957,"FTR":0.2760814249,"FFI":31.3928166872,"Py-W":2.4120155761,"Py-L":10.5879844239,"PPR":-4.1391025553,"HHI":0.1118001671},"ADMU":{"OFF":65.3546438721,"DEF":72.8122903508,"NET":-7.4576464787,"PACE":71.9447433012,"hAST%":15.3644882561,"hTO%":10.72471705,"TOR":15.0756724515,"AR":21.5977718809,"STL%":9.4089303243,"BLK%":4.8262548263,"EFG%":38.5207100592,"TS%":41.9359486272,"PPWS":0.8387189725,"REB%":44.4751381215,"OREB%":27.135678392,"DREB%":65.6441717791,"FTR":0.3408284024,"FFI":29.7167638504,"Py-W":1.9594679576,"Py-L":11.0405320424,"PPR":-0.2476656755,"HHI":0.1102743799}}