{"ADMU":{"MINS":2625.0,"FGM":281.0,"FGA":845.0,"2PM":192.0,"2PA":480.0,"3PM":89.0,"3PA":365.0,"FTM":164.0,"FTA":288.0,"PTS":815.0,"OFF":162.0,"DEF":321.0,"REB":483.0,"AST":202.0,"TO":141.0,"STL":88.0,"BLK":25.0,"STK":113.0,"PF":264.0,"Fls on:":276.0,"+\/-":-93.0,"GW":47.0,"GP":13.0,"W":4.0,"L":9.0,"FG%":33.2544378698,"2P%":40.0,"3P%":24.3835616438,"FT%":56.9444444444},"AdU":{"MINS":2625.0,"FGM":254.0,"FGA":786.0,"2PM":164.0,"2PA":451.0,"3PM":90.0,"3PA":335.0,"FTM":135.0,"FTA":217.0,"PTS":733.0,"OFF":161.0,"DEF":399.0,"REB":560.0,"AST":178.0,"TO":224.0,"STL":80.0,"BLK":54.0,"STK":134.0,"PF":244.0,"Fls on:":229.0,"+\/-":-71.0,"GW":70.0,"GP":13.0,"W":5.0,"L":8.0,"FG%":32.3155216285,"2P%":36.3636363636,"3P%":26.8656716418,"FT%":62.2119815668},"DLSU":{"MINS":2825.0,"FGM":376.0,"FGA":935.0,"2PM":274.0,"2PA":598.0,"3PM":102.0,"3PA":337.0,"FTM":185.0,"FTA":294.0,"PTS":1039.0,"OFF":226.0,"DEF":460.0,"REB":686.0,"AST":291.0,"TO":263.0,"STL":98.0,"BLK":45.0,"STK":143.0,"PF":264.0,"Fls on:":284.0,"+\/-":144.0,"GW":152.0,"GP":14.0,"W":12.0,"L":2.0,"FG%":40.2139037433,"2P%":45.8193979933,"3P%":30.2670623145,"FT%":62.925170068},"FEU":{"MINS":2850.0,"FGM":323.0,"FGA":912.0,"2PM":260.0,"2PA":629.0,"3PM":63.0,"3PA":283.0,"FTM":173.0,"FTA":251.0,"PTS":882.0,"OFF":182.0,"DEF":454.0,"REB":636.0,"AST":168.0,"TO":214.0,"STL":83.0,"BLK":57.0,"STK":140.0,"PF":232.0,"Fls on:":262.0,"+\/-":-38.0,"GW":52.0,"GP":14.0,"W":5.0,"L":9.0,"FG%":35.4166666667,"2P%":41.3354531002,"3P%":22.2614840989,"FT%":68.9243027888},"NU":{"MINS":2800.0,"FGM":320.0,"FGA":905.0,"2PM":245.0,"2PA":603.0,"3PM":75.0,"3PA":302.0,"FTM":157.0,"FTA":243.0,"PTS":872.0,"OFF":172.0,"DEF":381.0,"REB":553.0,"AST":185.0,"TO":202.0,"STL":96.0,"BLK":34.0,"STK":130.0,"PF":305.0,"Fls on:":259.0,"+\/-":-32.0,"GW":71.0,"GP":14.0,"W":5.0,"L":9.0,"FG%":35.3591160221,"2P%":40.6301824212,"3P%":24.8344370861,"FT%":64.6090534979},"UE":{"MINS":2800.0,"FGM":304.0,"FGA":849.0,"2PM":211.0,"2PA":519.0,"3PM":93.0,"3PA":330.0,"FTM":176.0,"FTA":277.0,"PTS":877.0,"OFF":156.0,"DEF":374.0,"REB":530.0,"AST":183.0,"TO":202.0,"STL":92.0,"BLK":39.0,"STK":131.0,"PF":292.0,"Fls on:":292.0,"+\/-":-34.0,"GW":72.0,"GP":14.0,"W":6.0,"L":8.0,"FG%":35.8068315665,"2P%":40.655105973,"3P%":28.1818181818,"FT%":63.5379061372},"UP":{"MINS":2800.0,"FGM":381.0,"FGA":926.0,"2PM":292.0,"2PA":606.0,"3PM":89.0,"3PA":320.0,"FTM":175.0,"FTA":288.0,"PTS":1026.0,"OFF":202.0,"DEF":415.0,"REB":617.0,"AST":247.0,"TO":232.0,"STL":110.0,"BLK":52.0,"STK":162.0,"PF":306.0,"Fls on:":293.0,"+\/-":111.0,"GW":157.0,"GP":14.0,"W":11.0,"L":3.0,"FG%":41.1447084233,"2P%":48.1848184818,"3P%":27.8125,"FT%":60.7638888889},"UST":{"MINS":2825.0,"FGM":364.0,"FGA":936.0,"2PM":251.0,"2PA":529.0,"3PM":113.0,"3PA":407.0,"FTM":162.0,"FTA":254.0,"PTS":1003.0,"OFF":175.0,"DEF":400.0,"REB":575.0,"AST":237.0,"TO":198.0,"STL":100.0,"BLK":33.0,"STK":133.0,"PF":284.0,"Fls on:":263.0,"+\/-":13.0,"GW":87.0,"GP":14.0,"W":7.0,"L":7.0,"FG%":38.8888888889,"2P%":47.4480151229,"3P%":27.7641277641,"FT%":63.7795275591},"League":{"MINS":2768.75,"FGM":325.375,"FGA":886.75,"2PM":236.125,"2PA":551.875,"3PM":89.25,"3PA":334.875,"FTM":165.875,"FTA":264.0,"PTS":905.875,"OFF":179.5,"DEF":400.5,"REB":580.0,"AST":211.375,"TO":209.5,"STL":93.375,"BLK":42.375,"STK":135.75,"PF":273.875,"Fls on:":269.75,"+\/-":0.0,"GW":88.5,"GP":13.75,"W":6.875,"L":6.875,"FG%":36.6929799831,"2P%":42.7859569649,"3P%":26.6517357223,"FT%":62.8314393939}}