TEAM,MINS,FGM,FGA,2PM,2PA,3PM,3PA,FTM,FTA,PTS,OFF,DEF,REB,AST,TO,STL,BLK,STK,PF,Fls on:,+/-,GW,GP,W,L,FG%,2P%,3P%,FT%
ADMU,2625.0,281.0,845.0,192.0,480.0,89.0,365.0,164.0,288.0,815.0,162.0,321.0,483.0,202.0,141.0,88.0,25.0,113.0,264.0,276.0,-93.0,47.0,13.0,4.0,9.0,33.25443786982248,40.0,24.383561643835616,56.94444444444444
AdU,2625.0,254.0,786.0,164.0,451.0,90.0,335.0,135.0,217.0,733.0,161.0,399.0,560.0,178.0,224.0,80.0,54.0,134.0,244.0,229.0,-71.0,70.0,13.0,5.0,8.0,32.31552162849873,36.36363636363637,26.865671641791046,62.21198156682028
DLSU,2825.0,376.0,935.0,274.0,598.0,102.0,337.0,185.0,294.0,1039.0,226.0,460.0,686.0,291.0,263.0,98.0,45.0,143.0,264.0,284.0,144.0,152.0,14.0,12.0,2.0,40.213903743315505,45.819397993311036,30.26706231454006,62.925170068027214
FEU,2850.0,323.0,912.0,260.0,629.0,63.0,283.0,173.0,251.0,882.0,182.0,454.0,636.0,168.0,214.0,83.0,57.0,140.0,232.0,262.0,-38.0,52.0,14.0,5.0,9.0,35.416666666666664,41.33545310015898,22.261484098939928,68.92430278884463
NU,2800.0,320.0,905.0,245.0,603.0,75.0,302.0,157.0,243.0,872.0,172.0,381.0,553.0,185.0,202.0,96.0,34.0,130.0,305.0,259.0,-32.0,71.0,14.0,5.0,9.0,35.35911602209945,40.6301824212272,24.834437086092716,64.60905349794238
UE,2800.0,304.0,849.0,211.0,519.0,93.0,330.0,176.0,277.0,877.0,156.0,374.0,530.0,183.0,202.0,92.0,39.0,131.0,292.0,292.0,-34.0,72.0,14.0,6.0,8.0,35.80683156654888,40.65510597302505,28.181818181818183,63.537906137184116
UP,2800.0,381.0,926.0,292.0,606.0,89.0,320.0,175.0,288.0,1026.0,202.0,415.0,617.0,247.0,232.0,110.0,52.0,162.0,306.0,293.0,111.0,157.0,14.0,11.0,3.0,41.144708423326136,48.18481848184818,27.8125,60.763888888888886
UST,2825.0,364.0,936.0,251.0,529.0,113.0,407.0,162.0,254.0,1003.0,175.0,400.0,575.0,237.0,198.0,100.0,33.0,133.0,284.0,263.0,13.0,87.0,14.0,7.0,7.0,38.888888888888886,47.44801512287334,27.764127764127764,63.77952755905512
League,2768.75,325.375,886.75,236.125,551.875,89.25,334.875,165.875,264.0,905.875,179.5,400.5,580.0,211.375,209.5,93.375,42.375,135.75,273.875,269.75,0.0,88.5,13.75,6.875,6.875,36.6929799830843,42.785956964892414,26.651735722284435,62.83143939393939
