{"AdU":{"2PM":91.0,"2PA":239.0,"3PM":40.0,"3PA":159.0,"FTM":70.0,"FTA":100.0,"OFF":85.0,"DEF":175.0,"AST":98.0,"TO":77.0,"STL":46.0,"BLK":9.0,"PF":116.0,"Fls on:":119.0,"+\/-":24.0,"GW":41.0,"GP":6.0,"MINS":1200.0,"FGM":131.0,"FGA":398.0,"FG%":32.9145728643,"2P%":38.0753138075,"3P%":25.1572327044,"FT%":70.0,"PTS":372.0,"REB":260.0,"STK":55.0},"NU":{"2PM":102.0,"2PA":241.0,"3PM":40.0,"3PA":138.0,"FTM":87.0,"FTA":128.0,"OFF":90.0,"DEF":197.0,"AST":101.0,"TO":98.0,"STL":39.0,"BLK":21.0,"PF":122.0,"Fls on:":139.0,"+\/-":39.0,"GW":65.0,"GP":6.0,"MINS":1200.0,"FGM":142.0,"FGA":379.0,"FG%":37.4670184697,"2P%":42.3236514523,"3P%":28.9855072464,"FT%":67.96875,"PTS":411.0,"REB":287.0,"STK":60.0},"UP":{"2PM":95.0,"2PA":238.0,"3PM":32.0,"3PA":135.0,"FTM":93.0,"FTA":151.0,"OFF":77.0,"DEF":153.0,"AST":79.0,"TO":98.0,"STL":43.0,"BLK":22.0,"PF":139.0,"Fls on:":136.0,"+\/-":-87.0,"GW":0.0,"GP":6.0,"MINS":1200.0,"FGM":127.0,"FGA":373.0,"FG%":34.0482573727,"2P%":39.9159663866,"3P%":23.7037037037,"FT%":61.5894039735,"PTS":379.0,"REB":230.0,"STK":65.0},"FEU":{"2PM":128.0,"2PA":325.0,"3PM":46.0,"3PA":165.0,"FTM":68.0,"FTA":116.0,"OFF":95.0,"DEF":225.0,"AST":129.0,"TO":89.0,"STL":55.0,"BLK":24.0,"PF":132.0,"Fls on:":126.0,"+\/-":46.0,"GW":85.0,"GP":7.0,"MINS":1400.0,"FGM":174.0,"FGA":490.0,"FG%":35.5102040816,"2P%":39.3846153846,"3P%":27.8787878788,"FT%":58.6206896552,"PTS":462.0,"REB":320.0,"STK":79.0},"UE":{"2PM":102.0,"2PA":225.0,"3PM":39.0,"3PA":152.0,"FTM":65.0,"FTA":121.0,"OFF":73.0,"DEF":177.0,"AST":109.0,"TO":89.0,"STL":44.0,"BLK":18.0,"PF":141.0,"Fls on:":131.0,"+\/-":3.0,"GW":28.0,"GP":6.0,"MINS":1200.0,"FGM":141.0,"FGA":377.0,"FG%":37.400530504,"2P%":45.3333333333,"3P%":25.6578947368,"FT%":53.7190082645,"PTS":386.0,"REB":250.0,"STK":62.0},"UST":{"2PM":138.0,"2PA":287.0,"3PM":42.0,"3PA":159.0,"FTM":91.0,"FTA":132.0,"OFF":77.0,"DEF":207.0,"AST":117.0,"TO":94.0,"STL":41.0,"BLK":25.0,"PF":138.0,"Fls on:":147.0,"+\/-":6.0,"GW":40.0,"GP":7.0,"MINS":1400.0,"FGM":180.0,"FGA":446.0,"FG%":40.3587443946,"2P%":48.0836236934,"3P%":26.4150943396,"FT%":68.9393939394,"PTS":493.0,"REB":284.0,"STK":66.0},"ADMU":{"2PM":125.0,"2PA":245.0,"3PM":25.0,"3PA":115.0,"FTM":86.0,"FTA":131.0,"OFF":72.0,"DEF":213.0,"AST":92.0,"TO":96.0,"STL":27.0,"BLK":16.0,"PF":136.0,"Fls on:":133.0,"+\/-":38.0,"GW":59.0,"GP":6.0,"MINS":1200.0,"FGM":150.0,"FGA":360.0,"FG%":41.6666666667,"2P%":51.0204081633,"3P%":21.7391304348,"FT%":65.6488549618,"PTS":411.0,"REB":285.0,"STK":43.0},"DLSU":{"2PM":110.0,"2PA":261.0,"3PM":36.0,"3PA":150.0,"FTM":64.0,"FTA":97.0,"OFF":76.0,"DEF":153.0,"AST":87.0,"TO":91.0,"STL":59.0,"BLK":18.0,"PF":125.0,"Fls on:":108.0,"+\/-":-69.0,"GW":11.0,"GP":6.0,"MINS":1200.0,"FGM":146.0,"FGA":411.0,"FG%":35.5231143552,"2P%":42.1455938697,"3P%":24.0,"FT%":65.9793814433,"PTS":392.0,"REB":229.0,"STK":77.0},"League":{"2PM":111.375,"2PA":257.625,"3PM":37.5,"3PA":146.625,"FTM":78.0,"FTA":122.0,"OFF":80.625,"DEF":187.5,"AST":101.5,"TO":91.5,"STL":44.25,"BLK":19.125,"PF":131.125,"Fls on:":129.875,"+\/-":0.0,"GW":41.125,"GP":6.25,"MINS":1250.0,"FGM":148.875,"FGA":404.25,"FG%":36.827458256,"2P%":43.231441048,"3P%":25.5754475703,"FT%":63.9344262295,"PTS":413.25,"REB":268.125,"STK":63.375}}