{"UP":{"2PM":15.8333333333,"2PA":39.6666666667,"3PM":5.3333333333,"3PA":22.5,"FTM":15.5,"FTA":25.1666666667,"OFF":12.8333333333,"DEF":25.5,"AST":13.1666666667,"TO":16.3333333333,"STL":7.1666666667,"BLK":3.6666666667,"PF":23.1666666667,"Fls on:":22.6666666667,"+\/-":-14.5,"GW":0.0,"GP":6.0,"MINS":200.0,"FGM":21.1666666667,"FGA":62.1666666667,"FG%":34.0482573727,"2P%":39.9159663866,"3P%":23.7037037037,"FT%":61.5894039735,"PTS":63.1666666667,"REB":38.3333333333,"STK":10.8333333333},"DLSU":{"2PM":18.3333333333,"2PA":43.5,"3PM":6.0,"3PA":25.0,"FTM":10.6666666667,"FTA":16.1666666667,"OFF":12.6666666667,"DEF":25.5,"AST":14.5,"TO":15.1666666667,"STL":9.8333333333,"BLK":3.0,"PF":20.8333333333,"Fls on:":18.0,"+\/-":-11.5,"GW":11.0,"GP":6.0,"MINS":200.0,"FGM":24.3333333333,"FGA":68.5,"FG%":35.5231143552,"2P%":42.1455938697,"3P%":24.0,"FT%":65.9793814433,"PTS":65.3333333333,"REB":38.1666666667,"STK":12.8333333333},"League":{"2PM":17.82,"2PA":41.22,"3PM":6.0,"3PA":23.46,"FTM":12.48,"FTA":19.52,"OFF":12.9,"DEF":30.0,"AST":16.24,"TO":14.64,"STL":7.08,"BLK":3.06,"PF":20.98,"Fls on:":20.78,"+\/-":0.0,"GW":41.125,"GP":6.25,"MINS":200.0,"FGM":23.82,"FGA":64.68,"FG%":36.827458256,"2P%":43.231441048,"3P%":25.5754475703,"FT%":63.9344262295,"PTS":66.12,"REB":42.9,"STK":10.14},"UE":{"2PM":17.0,"2PA":37.5,"3PM":6.5,"3PA":25.3333333333,"FTM":10.8333333333,"FTA":20.1666666667,"OFF":12.1666666667,"DEF":29.5,"AST":18.1666666667,"TO":14.8333333333,"STL":7.3333333333,"BLK":3.0,"PF":23.5,"Fls on:":21.8333333333,"+\/-":0.5,"GW":28.0,"GP":6.0,"MINS":200.0,"FGM":23.5,"FGA":62.8333333333,"FG%":37.400530504,"2P%":45.3333333333,"3P%":25.6578947368,"FT%":53.7190082645,"PTS":64.3333333333,"REB":41.6666666667,"STK":10.3333333333},"UST":{"2PM":19.7142857143,"2PA":41.0,"3PM":6.0,"3PA":22.7142857143,"FTM":13.0,"FTA":18.8571428571,"OFF":11.0,"DEF":29.5714285714,"AST":16.7142857143,"TO":13.4285714286,"STL":5.8571428571,"BLK":3.5714285714,"PF":19.7142857143,"Fls on:":21.0,"+\/-":0.8571428571,"GW":40.0,"GP":7.0,"MINS":200.0,"FGM":25.7142857143,"FGA":63.7142857143,"FG%":40.3587443946,"2P%":48.0836236934,"3P%":26.4150943396,"FT%":68.9393939394,"PTS":70.4285714286,"REB":40.5714285714,"STK":9.4285714286},"AdU":{"2PM":15.1666666667,"2PA":39.8333333333,"3PM":6.6666666667,"3PA":26.5,"FTM":11.6666666667,"FTA":16.6666666667,"OFF":14.1666666667,"DEF":29.1666666667,"AST":16.3333333333,"TO":12.8333333333,"STL":7.6666666667,"BLK":1.5,"PF":19.3333333333,"Fls on:":19.8333333333,"+\/-":4.0,"GW":41.0,"GP":6.0,"MINS":200.0,"FGM":21.8333333333,"FGA":66.3333333333,"FG%":32.9145728643,"2P%":38.0753138075,"3P%":25.1572327044,"FT%":70.0,"PTS":62.0,"REB":43.3333333333,"STK":9.1666666667},"ADMU":{"2PM":20.8333333333,"2PA":40.8333333333,"3PM":4.1666666667,"3PA":19.1666666667,"FTM":14.3333333333,"FTA":21.8333333333,"OFF":12.0,"DEF":35.5,"AST":15.3333333333,"TO":16.0,"STL":4.5,"BLK":2.6666666667,"PF":22.6666666667,"Fls on:":22.1666666667,"+\/-":6.3333333333,"GW":59.0,"GP":6.0,"MINS":200.0,"FGM":25.0,"FGA":60.0,"FG%":41.6666666667,"2P%":51.0204081633,"3P%":21.7391304348,"FT%":65.6488549618,"PTS":68.5,"REB":47.5,"STK":7.1666666667},"NU":{"2PM":17.0,"2PA":40.1666666667,"3PM":6.6666666667,"3PA":23.0,"FTM":14.5,"FTA":21.3333333333,"OFF":15.0,"DEF":32.8333333333,"AST":16.8333333333,"TO":16.3333333333,"STL":6.5,"BLK":3.5,"PF":20.3333333333,"Fls on:":23.1666666667,"+\/-":6.5,"GW":65.0,"GP":6.0,"MINS":200.0,"FGM":23.6666666667,"FGA":63.1666666667,"FG%":37.4670184697,"2P%":42.3236514523,"3P%":28.9855072464,"FT%":67.96875,"PTS":68.5,"REB":47.8333333333,"STK":10.0},"FEU":{"2PM":18.2857142857,"2PA":46.4285714286,"3PM":6.5714285714,"3PA":23.5714285714,"FTM":9.7142857143,"FTA":16.5714285714,"OFF":13.5714285714,"DEF":32.1428571429,"AST":18.4285714286,"TO":12.7142857143,"STL":7.8571428571,"BLK":3.4285714286,"PF":18.8571428571,"Fls on:":18.0,"+\/-":6.5714285714,"GW":85.0,"GP":7.0,"MINS":200.0,"FGM":24.8571428571,"FGA":70.0,"FG%":35.5102040816,"2P%":39.3846153846,"3P%":27.8787878788,"FT%":58.6206896552,"PTS":66.0,"REB":45.7142857143,"STK":11.2857142857}}