TEAM,MINS,FGM,FGA,2PM,2PA,3PM,3PA,FTM,FTA,PTS,OFF,DEF,REB,AST,TO,STL,BLK,STK,PF,Fls on:,+/-,GW,GP,W,L,FG%,2P%,3P%,FT%
ADMU,1225.0,129.0,390.0,86.0,209.0,43.0,181.0,72.0,136.0,373.0,67.0,152.0,219.0,109.0,64.0,44.0,15.0,59.0,132.0,133.0,-38.0,13.0,6.0,1.0,5.0,33.07692307692308,41.14832535885167,23.756906077348066,52.94117647058823
AdU,1200.0,119.0,363.0,85.0,223.0,34.0,140.0,76.0,108.0,348.0,78.0,194.0,272.0,82.0,97.0,39.0,28.0,67.0,120.0,116.0,-24.0,43.0,6.0,3.0,3.0,32.78236914600551,38.11659192825112,24.285714285714285,70.37037037037037
DLSU,1200.0,171.0,414.0,128.0,270.0,43.0,144.0,76.0,120.0,461.0,108.0,198.0,306.0,131.0,112.0,52.0,17.0,69.0,109.0,125.0,69.0,65.0,6.0,5.0,1.0,41.30434782608695,47.407407407407405,29.86111111111111,63.333333333333336
FEU,1425.0,156.0,468.0,133.0,330.0,23.0,138.0,81.0,115.0,416.0,90.0,231.0,321.0,82.0,104.0,43.0,26.0,69.0,128.0,130.0,-46.0,11.0,7.0,1.0,6.0,33.333333333333336,40.303030303030305,16.666666666666668,70.43478260869566
NU,1200.0,137.0,413.0,110.0,281.0,27.0,132.0,71.0,109.0,372.0,88.0,163.0,251.0,75.0,81.0,47.0,14.0,61.0,139.0,120.0,-39.0,15.0,6.0,1.0,5.0,33.171912832929785,39.145907473309606,20.454545454545453,65.13761467889908
UE,1200.0,126.0,343.0,84.0,208.0,42.0,135.0,89.0,143.0,383.0,61.0,167.0,228.0,84.0,91.0,42.0,16.0,58.0,134.0,142.0,-3.0,45.0,6.0,4.0,2.0,36.734693877551024,40.38461538461539,31.11111111111111,62.23776223776224
UP,1200.0,174.0,397.0,135.0,277.0,39.0,120.0,79.0,126.0,466.0,81.0,192.0,273.0,119.0,87.0,40.0,25.0,65.0,139.0,137.0,87.0,87.0,6.0,6.0,0.0,43.8287153652393,48.73646209386282,32.5,62.698412698412696
UST,1400.0,179.0,446.0,130.0,263.0,49.0,183.0,80.0,119.0,487.0,72.0,203.0,275.0,130.0,96.0,47.0,12.0,59.0,148.0,136.0,-6.0,50.0,7.0,4.0,3.0,40.134529147982065,49.42965779467681,26.775956284153004,67.22689075630252
League,1256.25,148.875,404.25,111.375,257.625,37.5,146.625,78.0,122.0,413.25,80.625,187.5,268.125,101.5,91.5,44.25,19.125,63.375,131.125,129.875,0.0,41.125,6.25,3.125,3.125,36.827458256029686,43.23144104803494,25.575447570332482,63.9344262295082
