{"UP":{"MINS":200.0,"FGM":29.0,"FGA":66.1666666667,"2PM":22.5,"2PA":46.1666666667,"3PM":6.5,"3PA":20.0,"FTM":13.1666666667,"FTA":21.0,"PTS":77.6666666667,"OFF":13.5,"DEF":32.0,"REB":45.5,"AST":19.8333333333,"TO":14.5,"STL":6.6666666667,"BLK":4.1666666667,"STK":10.8333333333,"PF":23.1666666667,"Fls on:":22.8333333333,"+\/-":14.5,"GW":87.0,"GP":6.0,"W":6.0,"L":0.0,"FG%":43.8287153652,"2P%":48.7364620939,"3P%":32.5,"FT%":62.6984126984,"W%":1.0},"DLSU":{"MINS":200.0,"FGM":28.5,"FGA":69.0,"2PM":21.3333333333,"2PA":45.0,"3PM":7.1666666667,"3PA":24.0,"FTM":12.6666666667,"FTA":20.0,"PTS":76.8333333333,"OFF":18.0,"DEF":33.0,"REB":51.0,"AST":21.8333333333,"TO":18.6666666667,"STL":8.6666666667,"BLK":2.8333333333,"STK":11.5,"PF":18.1666666667,"Fls on:":20.8333333333,"+\/-":11.5,"GW":65.0,"GP":6.0,"W":5.0,"L":1.0,"FG%":41.3043478261,"2P%":47.4074074074,"3P%":29.8611111111,"FT%":63.3333333333,"W%":0.8333333333},"UE":{"MINS":200.0,"FGM":21.0,"FGA":57.1666666667,"2PM":14.0,"2PA":34.6666666667,"3PM":7.0,"3PA":22.5,"FTM":14.8333333333,"FTA":23.8333333333,"PTS":63.8333333333,"OFF":10.1666666667,"DEF":27.8333333333,"REB":38.0,"AST":14.0,"TO":15.1666666667,"STL":7.0,"BLK":2.6666666667,"STK":9.6666666667,"PF":22.3333333333,"Fls on:":23.6666666667,"+\/-":-0.5,"GW":45.0,"GP":6.0,"W":4.0,"L":2.0,"FG%":36.7346938776,"2P%":40.3846153846,"3P%":31.1111111111,"FT%":62.2377622378,"W%":0.6666666667},"UST":{"MINS":200.0,"FGM":25.5714285714,"FGA":63.7142857143,"2PM":18.5714285714,"2PA":37.5714285714,"3PM":7.0,"3PA":26.1428571429,"FTM":11.4285714286,"FTA":17.0,"PTS":69.5714285714,"OFF":10.2857142857,"DEF":29.0,"REB":39.2857142857,"AST":18.5714285714,"TO":13.7142857143,"STL":6.7142857143,"BLK":1.7142857143,"STK":8.4285714286,"PF":21.1428571429,"Fls on:":19.4285714286,"+\/-":-0.8571428571,"GW":50.0,"GP":7.0,"W":4.0,"L":3.0,"FG%":40.134529148,"2P%":49.4296577947,"3P%":26.7759562842,"FT%":67.2268907563,"W%":0.5714285714},"AdU":{"MINS":200.0,"FGM":19.8333333333,"FGA":60.5,"2PM":14.1666666667,"2PA":37.1666666667,"3PM":5.6666666667,"3PA":23.3333333333,"FTM":12.6666666667,"FTA":18.0,"PTS":58.0,"OFF":13.0,"DEF":32.3333333333,"REB":45.3333333333,"AST":13.6666666667,"TO":16.1666666667,"STL":6.5,"BLK":4.6666666667,"STK":11.1666666667,"PF":20.0,"Fls on:":19.3333333333,"+\/-":-4.0,"GW":43.0,"GP":6.0,"W":3.0,"L":3.0,"FG%":32.782369146,"2P%":38.1165919283,"3P%":24.2857142857,"FT%":70.3703703704,"W%":0.5},"League":{"MINS":201.0,"FGM":23.82,"FGA":64.68,"2PM":17.82,"2PA":41.22,"3PM":6.0,"3PA":23.46,"FTM":12.48,"FTA":19.52,"PTS":66.12,"OFF":12.9,"DEF":30.0,"REB":42.9,"AST":16.24,"TO":14.64,"STL":7.08,"BLK":3.06,"STK":10.14,"PF":20.98,"Fls on:":20.78,"+\/-":0.0,"GW":41.125,"GP":6.25,"W":3.125,"L":3.125,"FG%":36.827458256,"2P%":43.231441048,"3P%":25.5754475703,"FT%":63.9344262295,"W%":0.5},"ADMU":{"MINS":204.1666666667,"FGM":21.5,"FGA":65.0,"2PM":14.3333333333,"2PA":34.8333333333,"3PM":7.1666666667,"3PA":30.1666666667,"FTM":12.0,"FTA":22.6666666667,"PTS":62.1666666667,"OFF":11.1666666667,"DEF":25.3333333333,"REB":36.5,"AST":18.1666666667,"TO":10.6666666667,"STL":7.3333333333,"BLK":2.5,"STK":9.8333333333,"PF":22.0,"Fls on:":22.1666666667,"+\/-":-6.3333333333,"GW":13.0,"GP":6.0,"W":1.0,"L":5.0,"FG%":33.0769230769,"2P%":41.1483253589,"3P%":23.7569060773,"FT%":52.9411764706,"W%":0.1666666667},"NU":{"MINS":200.0,"FGM":22.8333333333,"FGA":68.8333333333,"2PM":18.3333333333,"2PA":46.8333333333,"3PM":4.5,"3PA":22.0,"FTM":11.8333333333,"FTA":18.1666666667,"PTS":62.0,"OFF":14.6666666667,"DEF":27.1666666667,"REB":41.8333333333,"AST":12.5,"TO":13.5,"STL":7.8333333333,"BLK":2.3333333333,"STK":10.1666666667,"PF":23.1666666667,"Fls on:":20.0,"+\/-":-6.5,"GW":15.0,"GP":6.0,"W":1.0,"L":5.0,"FG%":33.1719128329,"2P%":39.1459074733,"3P%":20.4545454545,"FT%":65.1376146789,"W%":0.1666666667},"FEU":{"MINS":203.5714285714,"FGM":22.2857142857,"FGA":66.8571428571,"2PM":19.0,"2PA":47.1428571429,"3PM":3.2857142857,"3PA":19.7142857143,"FTM":11.5714285714,"FTA":16.4285714286,"PTS":59.4285714286,"OFF":12.8571428571,"DEF":33.0,"REB":45.8571428571,"AST":11.7142857143,"TO":14.8571428571,"STL":6.1428571429,"BLK":3.7142857143,"STK":9.8571428571,"PF":18.2857142857,"Fls on:":18.5714285714,"+\/-":-6.5714285714,"GW":11.0,"GP":7.0,"W":1.0,"L":6.0,"FG%":33.3333333333,"2P%":40.303030303,"3P%":16.6666666667,"FT%":70.4347826087,"W%":0.1428571429}}