{"UP":{"2PM":125.0,"2PA":323.0,"3PM":52.0,"3PA":194.0,"FTM":114.0,"FTA":186.0,"OFF":107.0,"DEF":201.0,"AST":110.0,"TO":124.0,"STL":58.0,"BLK":27.0,"PF":180.0,"Fls on:":173.0,"+\/-":-85.0,"GW":11.0,"GP":8.0,"MINS":1600.0,"FGM":177.0,"FGA":517.0,"FG%":34.2359767892,"2P%":38.6996904025,"3P%":26.8041237113,"FT%":61.2903225806,"PTS":520.0,"REB":308.0,"STK":85.0},"AdU":{"2PM":139.0,"2PA":355.0,"3PM":65.0,"3PA":225.0,"FTM":108.0,"FTA":160.0,"OFF":117.0,"DEF":266.0,"AST":147.0,"TO":124.0,"STL":69.0,"BLK":21.0,"PF":169.0,"Fls on:":177.0,"+\/-":54.0,"GW":78.0,"GP":9.0,"MINS":1800.0,"FGM":204.0,"FGA":580.0,"FG%":35.1724137931,"2P%":39.1549295775,"3P%":28.8888888889,"FT%":67.5,"PTS":581.0,"REB":383.0,"STK":90.0},"UST":{"2PM":195.0,"2PA":412.0,"3PM":70.0,"3PA":233.0,"FTM":137.0,"FTA":196.0,"OFF":114.0,"DEF":305.0,"AST":173.0,"TO":147.0,"STL":66.0,"BLK":35.0,"PF":199.0,"Fls on:":207.0,"+\/-":26.0,"GW":78.0,"GP":10.0,"MINS":2000.0,"FGM":265.0,"FGA":645.0,"FG%":41.0852713178,"2P%":47.3300970874,"3P%":30.0429184549,"FT%":69.8979591837,"PTS":737.0,"REB":419.0,"STK":101.0},"NU":{"2PM":166.0,"2PA":393.0,"3PM":71.0,"3PA":238.0,"FTM":143.0,"FTA":210.0,"OFF":140.0,"DEF":302.0,"AST":160.0,"TO":147.0,"STL":66.0,"BLK":31.0,"PF":203.0,"Fls on:":226.0,"+\/-":54.0,"GW":103.0,"GP":10.0,"MINS":2000.0,"FGM":237.0,"FGA":631.0,"FG%":37.559429477,"2P%":42.2391857506,"3P%":29.8319327731,"FT%":68.0952380952,"PTS":688.0,"REB":442.0,"STK":97.0},"FEU":{"2PM":164.0,"2PA":435.0,"3PM":60.0,"3PA":197.0,"FTM":84.0,"FTA":146.0,"OFF":122.0,"DEF":285.0,"AST":160.0,"TO":115.0,"STL":64.0,"BLK":30.0,"PF":177.0,"Fls on:":154.0,"+\/-":35.0,"GW":85.0,"GP":9.0,"MINS":1800.0,"FGM":224.0,"FGA":632.0,"FG%":35.4430379747,"2P%":37.7011494253,"3P%":30.4568527919,"FT%":57.5342465753,"PTS":592.0,"REB":407.0,"STK":94.0},"DLSU":{"2PM":199.0,"2PA":463.0,"3PM":62.0,"3PA":265.0,"FTM":129.0,"FTA":219.0,"OFF":122.0,"DEF":284.0,"AST":141.0,"TO":164.0,"STL":108.0,"BLK":31.0,"PF":228.0,"Fls on:":217.0,"+\/-":-137.0,"GW":11.0,"GP":11.0,"MINS":2200.0,"FGM":261.0,"FGA":728.0,"FG%":35.8516483516,"2P%":42.9805615551,"3P%":23.3962264151,"FT%":58.904109589,"PTS":713.0,"REB":406.0,"STK":139.0},"UE":{"2PM":143.0,"2PA":336.0,"3PM":62.0,"3PA":221.0,"FTM":111.0,"FTA":194.0,"OFF":118.0,"DEF":264.0,"AST":160.0,"TO":139.0,"STL":61.0,"BLK":32.0,"PF":197.0,"Fls on:":190.0,"+\/-":-5.0,"GW":40.0,"GP":9.0,"MINS":1800.0,"FGM":205.0,"FGA":557.0,"FG%":36.8043087971,"2P%":42.5595238095,"3P%":28.0542986425,"FT%":57.2164948454,"PTS":583.0,"REB":382.0,"STK":93.0},"ADMU":{"2PM":196.0,"2PA":385.0,"3PM":56.0,"3PA":216.0,"FTM":141.0,"FTA":207.0,"OFF":115.0,"DEF":341.0,"AST":166.0,"TO":158.0,"STL":36.0,"BLK":31.0,"PF":228.0,"Fls on:":215.0,"+\/-":58.0,"GW":84.0,"GP":10.0,"MINS":2000.0,"FGM":252.0,"FGA":601.0,"FG%":41.9301164725,"2P%":50.9090909091,"3P%":25.9259259259,"FT%":68.115942029,"PTS":701.0,"REB":456.0,"STK":67.0},"League":{"2PM":165.875,"2PA":387.75,"3PM":62.25,"3PA":223.625,"FTM":120.875,"FTA":189.75,"OFF":119.375,"DEF":281.0,"AST":152.125,"TO":139.75,"STL":66.0,"BLK":29.75,"PF":197.625,"Fls on:":194.875,"+\/-":0.0,"GW":61.25,"GP":9.5,"MINS":1900.0,"FGM":228.125,"FGA":611.375,"FG%":37.3134328358,"2P%":42.7788523533,"3P%":27.8367803242,"FT%":63.7022397892,"PTS":639.375,"REB":400.375,"STK":95.75}}