{"ADMU":{"MINS":2025.0,"FGM":219.0,"FGA":651.0,"2PM":146.0,"2PA":367.0,"3PM":73.0,"3PA":284.0,"FTM":132.0,"FTA":233.0,"PTS":643.0,"OFF":118.0,"DEF":246.0,"REB":364.0,"AST":160.0,"TO":100.0,"STL":72.0,"BLK":20.0,"STK":92.0,"PF":216.0,"Fls on:":224.0,"+\/-":-58.0,"GW":36.0,"GP":10.0,"W":3.0,"L":7.0,"FG%":33.6405529954,"2P%":39.7820163488,"3P%":25.7042253521,"FT%":56.652360515},"AdU":{"MINS":1825.0,"FGM":182.0,"FGA":542.0,"2PM":125.0,"2PA":344.0,"3PM":57.0,"3PA":198.0,"FTM":106.0,"FTA":170.0,"PTS":527.0,"OFF":111.0,"DEF":280.0,"REB":391.0,"AST":125.0,"TO":145.0,"STL":61.0,"BLK":43.0,"STK":104.0,"PF":178.0,"Fls on:":169.0,"+\/-":-54.0,"GW":43.0,"GP":9.0,"W":3.0,"L":6.0,"FG%":33.5793357934,"2P%":36.3372093023,"3P%":28.7878787879,"FT%":62.3529411765},"DLSU":{"MINS":2225.0,"FGM":301.0,"FGA":731.0,"2PM":207.0,"2PA":458.0,"3PM":94.0,"3PA":273.0,"FTM":154.0,"FTA":230.0,"PTS":850.0,"OFF":170.0,"DEF":369.0,"REB":539.0,"AST":237.0,"TO":210.0,"STL":77.0,"BLK":38.0,"STK":115.0,"PF":220.0,"Fls on:":223.0,"+\/-":137.0,"GW":128.0,"GP":11.0,"W":10.0,"L":1.0,"FG%":41.1764705882,"2P%":45.1965065502,"3P%":34.4322344322,"FT%":66.9565217391},"FEU":{"MINS":1850.0,"FGM":207.0,"FGA":598.0,"2PM":175.0,"2PA":423.0,"3PM":32.0,"3PA":175.0,"FTM":111.0,"FTA":164.0,"PTS":557.0,"OFF":120.0,"DEF":295.0,"REB":415.0,"AST":109.0,"TO":133.0,"STL":56.0,"BLK":34.0,"STK":90.0,"PF":156.0,"Fls on:":175.0,"+\/-":-35.0,"GW":32.0,"GP":9.0,"W":3.0,"L":6.0,"FG%":34.6153846154,"2P%":41.3711583924,"3P%":18.2857142857,"FT%":67.6829268293},"NU":{"MINS":2000.0,"FGM":231.0,"FGA":664.0,"2PM":180.0,"2PA":447.0,"3PM":51.0,"3PA":217.0,"FTM":121.0,"FTA":185.0,"PTS":634.0,"OFF":137.0,"DEF":275.0,"REB":412.0,"AST":135.0,"TO":136.0,"STL":64.0,"BLK":22.0,"STK":86.0,"PF":227.0,"Fls on:":199.0,"+\/-":-54.0,"GW":29.0,"GP":10.0,"W":2.0,"L":8.0,"FG%":34.7891566265,"2P%":40.2684563758,"3P%":23.5023041475,"FT%":65.4054054054},"UE":{"MINS":1800.0,"FGM":199.0,"FGA":523.0,"2PM":133.0,"2PA":325.0,"3PM":66.0,"3PA":198.0,"FTM":124.0,"FTA":197.0,"PTS":588.0,"OFF":86.0,"DEF":243.0,"REB":329.0,"AST":125.0,"TO":128.0,"STL":68.0,"BLK":25.0,"STK":93.0,"PF":196.0,"Fls on:":197.0,"+\/-":5.0,"GW":72.0,"GP":9.0,"W":6.0,"L":3.0,"FG%":38.0497131931,"2P%":40.9230769231,"3P%":33.3333333333,"FT%":62.9441624365},"UP":{"MINS":1600.0,"FGM":226.0,"FGA":517.0,"2PM":176.0,"2PA":356.0,"3PM":50.0,"3PA":161.0,"FTM":103.0,"FTA":163.0,"PTS":605.0,"OFF":99.0,"DEF":255.0,"REB":354.0,"AST":148.0,"TO":123.0,"STL":55.0,"BLK":36.0,"STK":91.0,"PF":178.0,"Fls on:":178.0,"+\/-":85.0,"GW":100.0,"GP":8.0,"W":7.0,"L":1.0,"FG%":43.7137330754,"2P%":49.4382022472,"3P%":31.0559006211,"FT%":63.1901840491},"UST":{"MINS":2025.0,"FGM":260.0,"FGA":665.0,"2PM":185.0,"2PA":382.0,"3PM":75.0,"3PA":283.0,"FTM":116.0,"FTA":176.0,"PTS":711.0,"OFF":114.0,"DEF":285.0,"REB":399.0,"AST":178.0,"TO":143.0,"STL":75.0,"BLK":20.0,"STK":95.0,"PF":210.0,"Fls on:":194.0,"+\/-":-26.0,"GW":50.0,"GP":10.0,"W":4.0,"L":6.0,"FG%":39.0977443609,"2P%":48.4293193717,"3P%":26.5017667845,"FT%":65.9090909091},"League":{"MINS":1918.75,"FGM":228.125,"FGA":611.375,"2PM":165.875,"2PA":387.75,"3PM":62.25,"3PA":223.625,"FTM":120.875,"FTA":189.75,"PTS":639.375,"OFF":119.375,"DEF":281.0,"REB":400.375,"AST":152.125,"TO":139.75,"STL":66.0,"BLK":29.75,"STK":95.75,"PF":197.625,"Fls on:":194.875,"+\/-":0.0,"GW":61.25,"GP":9.5,"W":4.75,"L":4.75,"FG%":37.3134328358,"2P%":42.7788523533,"3P%":27.8367803242,"FT%":63.7022397892}}