,2PM,2PA,3PM,3PA,FTM,FTA,OFF,DEF,AST,TO,STL,BLK,PF,Fls on:,+/-,GW,GP,MINS,FGM,FGA,FG%,2P%,3P%,FT%,PTS,REB,STK
UST,210.0,457.0,80.0,262.0,147.0,209.0,126.0,336.0,182.0,159.0,74.0,39.0,215.0,223.0,17.0,78.0,11.0,2200.0,290.0,719.0,40.333796940194716,45.951859956236326,30.53435114503817,70.33492822966507,807.0,462.0,113.0
ADMU,223.0,436.0,60.0,234.0,150.0,225.0,133.0,374.0,185.0,171.0,46.0,35.0,246.0,231.0,86.0,100.0,11.0,2200.0,283.0,670.0,42.23880597014925,51.14678899082569,25.641025641025642,66.66666666666667,776.0,507.0,81.0
UE,152.0,355.0,70.0,261.0,114.0,204.0,129.0,299.0,173.0,159.0,67.0,33.0,210.0,204.0,3.0,51.0,10.0,2000.0,222.0,616.0,36.03896103896104,42.816901408450704,26.81992337164751,55.88235294117647,628.0,428.0,100.0
UP,150.0,396.0,64.0,245.0,134.0,215.0,136.0,252.0,136.0,167.0,70.0,31.0,218.0,211.0,-124.0,11.0,10.0,2000.0,214.0,641.0,33.385335413416534,37.878787878787875,26.122448979591837,62.325581395348834,626.0,388.0,101.0
DLSU,199.0,463.0,62.0,265.0,129.0,219.0,122.0,284.0,141.0,164.0,108.0,31.0,228.0,217.0,-137.0,11.0,11.0,2200.0,261.0,728.0,35.85164835164835,42.980561555075596,23.39622641509434,58.9041095890411,713.0,406.0,139.0
NU,166.0,393.0,71.0,238.0,143.0,210.0,140.0,302.0,160.0,147.0,66.0,31.0,203.0,226.0,54.0,103.0,10.0,2000.0,237.0,631.0,37.5594294770206,42.23918575063613,29.831932773109244,68.0952380952381,688.0,442.0,97.0
AdU,170.0,416.0,74.0,277.0,126.0,187.0,132.0,317.0,174.0,164.0,88.0,26.0,202.0,210.0,57.0,91.0,11.0,2200.0,244.0,693.0,35.20923520923521,40.86538461538461,26.71480144404332,67.37967914438502,688.0,449.0,114.0
FEU,179.0,468.0,72.0,232.0,97.0,165.0,133.0,313.0,173.0,128.0,68.0,34.0,193.0,170.0,44.0,98.0,10.0,2000.0,251.0,700.0,35.857142857142854,38.24786324786325,31.03448275862069,58.78787878787879,671.0,446.0,102.0
League,181.125,423.0,69.125,251.75,130.0,204.25,131.375,309.625,165.5,157.375,73.375,32.5,214.375,211.5,0.0,67.875,10.5,2100.0,250.25,674.75,37.08781030011115,42.819148936170215,27.457795431976166,63.647490820073436,699.625,441.0,105.875
