{"UP":{"OFF":74.6340122187,"DEF":62.2945221985,"NET":12.3394900202,"PACE":75.3677825,"hAST%":17.3436276155,"hTO%":14.5462683227,"TOR":20.6984993886,"AR":24.6789800403,"STL%":10.0838843175,"BLK%":10.6060606061,"EFG%":48.5981308411,"TS%":51.3389190077,"PPWS":1.0267783802,"REB%":52.8554070474,"OREB%":32.8,"DREB%":69.6428571429,"FTR":0.3130841121,"FFI":35.8701388659,"Py-W":9.4742790441,"Py-L":0.5257209559,"PPR":-1.5734683689,"HHI":0.0947164444},"DLSU":{"OFF":74.2939179042,"DEF":62.3194864302,"NET":11.974431474,"PACE":78.0071196801,"hAST%":18.5272045028,"hTO%":16.4165103189,"TOR":24.4732906037,"AR":27.6198565385,"STL%":8.973539888,"BLK%":8.2073434125,"EFG%":47.6060191518,"TS%":51.0694544581,"PPWS":1.0213890892,"REB%":57.037037037,"OREB%":37.4449339207,"DREB%":75.1527494908,"FTR":0.3146374829,"FFI":37.3692793393,"Py-W":10.3765757019,"Py-L":0.6234242981,"PPR":-2.2205617649,"HHI":0.1172235294},"League":{"OFF":67.40517917,"DEF":67.40517917,"NET":0.0,"PACE":74.1180136254,"hAST%":15.2184607745,"hTO%":14.4713309027,"TOR":20.2163350783,"AR":21.2600696137,"STL%":9.4257257275,"BLK%":7.68321513,"EFG%":42.2100778066,"TS%":45.7498495985,"PPWS":0.914996992,"REB%":50.0,"OREB%":29.7902494331,"DREB%":70.2097505669,"FTR":0.3027047054,"FFI":32.4367353605,"Py-W":5.25,"Py-L":5.25,"PPR":-2.2202556539,"HHI":0.010064397},"UE":{"OFF":65.3094580079,"DEF":65.6229434064,"NET":-0.3134853984,"PACE":71.7736778558,"hAST%":13.9888089528,"hTO%":15.5664941731,"TOR":20.620372875,"AR":18.5304702188,"STL%":10.588840125,"BLK%":7.8873239437,"EFG%":42.8448275862,"TS%":46.6585045389,"PPWS":0.9331700908,"REB%":46.0277427491,"OREB%":24.1116751269,"DREB%":67.6691729323,"FTR":0.3517241379,"FFI":32.3912213476,"Py-W":4.8085529719,"Py-L":5.1914470281,"PPR":-3.0635665747,"HHI":0.12693248},"UST":{"OFF":71.0664698634,"DEF":72.5957483288,"NET":-1.5292784654,"PACE":75.7933192224,"hAST%":16.3835992452,"hTO%":13.381369017,"TOR":18.7111718121,"AR":22.909191129,"STL%":9.4755293151,"BLK%":5.2516411379,"EFG%":45.0886766712,"TS%":48.2413287738,"PPWS":0.9648265755,"REB%":48.6666666667,"OREB%":27.114967462,"DREB%":71.298405467,"FTR":0.2660300136,"FFI":32.1267073186,"Py-W":4.5721633412,"Py-L":6.4278366588,"PPR":-1.2599114601,"HHI":0.1269283769},"FEU":{"OFF":62.5774565684,"DEF":66.9688570293,"NET":-4.3914004609,"PACE":75.1468701011,"hAST%":11.6499486612,"hTO%":14.3156148803,"TOR":19.2955474799,"AR":15.7025834664,"STL%":8.5166554394,"BLK%":8.1196581197,"EFG%":37.6488095238,"TS%":41.8066890703,"PPWS":0.8361337814,"REB%":50.6637168142,"OREB%":29.6629213483,"DREB%":71.0239651416,"FTR":0.2633928571,"FFI":29.7668878063,"Py-W":2.5253048619,"Py-L":7.4746951381,"PPR":-3.191470508,"HHI":0.1532143393},"AdU":{"OFF":59.6706067234,"DEF":65.060820009,"NET":-5.3902132856,"PACE":72.1003683977,"hAST%":13.9746984407,"hTO%":17.5603118564,"TOR":24.0825903522,"AR":19.1652027934,"STL%":9.2043408152,"BLK%":11.2980769231,"EFG%":38.6018237082,"TS%":42.3671912768,"PPWS":0.8473438255,"REB%":51.5118790497,"OREB%":29.711751663,"DREB%":72.2105263158,"FTR":0.2993920973,"FFI":31.8946088629,"Py-W":2.2045209673,"Py-L":8.7954790327,"PPR":-4.142736377,"HHI":0.1138006987},"NU":{"OFF":65.6226954262,"DEF":71.2120101786,"NET":-5.5893147524,"PACE":72.4596874468,"hAST%":13.2821723731,"hTO%":13.3805588351,"TOR":18.7690569463,"AR":18.6310491746,"STL%":8.8324973865,"BLK%":5.5979643766,"EFG%":38.6295180723,"TS%":42.5275020123,"PPWS":0.8505500402,"REB%":48.243559719,"OREB%":31.2072892938,"DREB%":66.265060241,"FTR":0.2786144578,"FFI":30.5647461917,"Py-W":2.1284882706,"Py-L":7.8715117294,"PPR":-2.3526382371,"HHI":0.1007871508},"ADMU":{"OFF":65.0740298303,"DEF":73.184706012,"NET":-8.1106761817,"PACE":72.2952837993,"hAST%":15.4287764621,"hTO%":10.4951560818,"TOR":14.7123893529,"AR":21.628469818,"STL%":9.8082595686,"BLK%":4.8165137615,"EFG%":38.4401114206,"TS%":41.777670138,"PPWS":0.8355534028,"REB%":44.3468715697,"OREB%":26.5225933202,"DREB%":66.9154228856,"FTR":0.3412256267,"FFI":29.4770449716,"Py-W":1.4570677686,"Py-L":9.5429322314,"PPR":-0.1075128996,"HHI":0.1102793531}}