TEAM,MINS,FGM,FGA,2PM,2PA,3PM,3PA,FTM,FTA,PTS,OFF,DEF,REB,AST,TO,STL,BLK,STK,PF,Fls on:,+/-,GW,GP,W,L,FG%,2P%,3P%,FT%
ADMU,2225.0,237.0,718.0,159.0,406.0,78.0,312.0,138.0,245.0,690.0,135.0,269.0,404.0,172.0,117.0,78.0,21.0,99.0,232.0,242.0,-86.0,36.0,11.0,3.0,8.0,33.008356545961,39.16256157635468,25.0,56.326530612244895
AdU,2225.0,218.0,658.0,146.0,397.0,72.0,261.0,123.0,197.0,631.0,134.0,343.0,477.0,152.0,191.0,73.0,47.0,120.0,213.0,203.0,-57.0,54.0,11.0,4.0,7.0,33.130699088145896,36.77581863979849,27.586206896551722,62.43654822335025
DLSU,2225.0,301.0,731.0,207.0,458.0,94.0,273.0,154.0,230.0,850.0,170.0,369.0,539.0,237.0,210.0,77.0,38.0,115.0,220.0,223.0,137.0,128.0,11.0,10.0,1.0,41.1764705882353,45.19650655021834,34.43223443223443,66.95652173913044
FEU,2050.0,232.0,672.0,190.0,468.0,42.0,204.0,121.0,177.0,627.0,132.0,326.0,458.0,118.0,145.0,64.0,38.0,102.0,172.0,191.0,-44.0,32.0,10.0,3.0,7.0,34.523809523809526,40.598290598290596,20.58823529411765,68.36158192090396
NU,2000.0,231.0,664.0,180.0,447.0,51.0,217.0,121.0,185.0,634.0,137.0,275.0,412.0,135.0,136.0,64.0,22.0,86.0,227.0,199.0,-54.0,29.0,10.0,2.0,8.0,34.78915662650602,40.26845637583892,23.502304147465438,65.4054054054054
UE,2000.0,214.0,580.0,145.0,358.0,69.0,222.0,128.0,204.0,625.0,95.0,270.0,365.0,133.0,148.0,76.0,28.0,104.0,209.0,209.0,-3.0,72.0,10.0,6.0,4.0,36.89655172413793,40.502793296089386,31.08108108108108,62.745098039215684
UP,2000.0,282.0,642.0,222.0,435.0,60.0,207.0,126.0,201.0,750.0,123.0,312.0,435.0,186.0,156.0,76.0,42.0,118.0,216.0,215.0,124.0,129.0,10.0,9.0,1.0,43.925233644859816,51.03448275862069,28.985507246376812,62.6865671641791
UST,2225.0,287.0,733.0,200.0,415.0,87.0,318.0,129.0,195.0,790.0,125.0,313.0,438.0,191.0,156.0,79.0,24.0,103.0,226.0,210.0,-17.0,63.0,11.0,5.0,6.0,39.15416098226466,48.19277108433735,27.358490566037737,66.15384615384616
League,2118.75,250.25,674.75,181.125,423.0,69.125,251.75,130.0,204.25,699.625,131.375,309.625,441.0,165.5,157.375,73.375,32.5,105.875,214.375,211.5,0.0,67.875,10.5,5.25,5.25,37.08781030011115,42.819148936170215,27.457795431976166,63.647490820073436
