{"DLSU":{"MINS":202.2727272727,"FGM":27.3636363636,"FGA":66.4545454545,"2PM":18.8181818182,"2PA":41.6363636364,"3PM":8.5454545455,"3PA":24.8181818182,"FTM":14.0,"FTA":20.9090909091,"PTS":77.2727272727,"OFF":15.4545454545,"DEF":33.5454545455,"REB":49.0,"AST":21.5454545455,"TO":19.0909090909,"STL":7.0,"BLK":3.4545454545,"STK":10.4545454545,"PF":20.0,"Fls on:":20.2727272727,"+\/-":12.4545454545,"GW":128.0,"GP":11.0,"W":10.0,"L":1.0,"FG%":41.1764705882,"2P%":45.1965065502,"3P%":34.4322344322,"FT%":66.9565217391,"W%":0.9090909091},"UP":{"MINS":200.0,"FGM":28.2,"FGA":64.2,"2PM":22.2,"2PA":43.5,"3PM":6.0,"3PA":20.7,"FTM":12.6,"FTA":20.1,"PTS":75.0,"OFF":12.3,"DEF":31.2,"REB":43.5,"AST":18.6,"TO":15.6,"STL":7.6,"BLK":4.2,"STK":11.8,"PF":21.6,"Fls on:":21.5,"+\/-":12.4,"GW":129.0,"GP":10.0,"W":9.0,"L":1.0,"FG%":43.9252336449,"2P%":51.0344827586,"3P%":28.9855072464,"FT%":62.6865671642,"W%":0.9},"UE":{"MINS":200.0,"FGM":21.4,"FGA":58.0,"2PM":14.5,"2PA":35.8,"3PM":6.9,"3PA":22.2,"FTM":12.8,"FTA":20.4,"PTS":62.5,"OFF":9.5,"DEF":27.0,"REB":36.5,"AST":13.3,"TO":14.8,"STL":7.6,"BLK":2.8,"STK":10.4,"PF":20.9,"Fls on:":20.9,"+\/-":-0.3,"GW":72.0,"GP":10.0,"W":6.0,"L":4.0,"FG%":36.8965517241,"2P%":40.5027932961,"3P%":31.0810810811,"FT%":62.7450980392,"W%":0.6},"League":{"MINS":201.7857142857,"FGM":23.8333333333,"FGA":64.2619047619,"2PM":17.25,"2PA":40.2857142857,"3PM":6.5833333333,"3PA":23.9761904762,"FTM":12.380952381,"FTA":19.4523809524,"PTS":66.630952381,"OFF":12.5119047619,"DEF":29.4880952381,"REB":42.0,"AST":15.7619047619,"TO":14.9880952381,"STL":6.9880952381,"BLK":3.0952380952,"STK":10.0833333333,"PF":20.4166666667,"Fls on:":20.1428571429,"+\/-":0.0,"GW":67.875,"GP":10.5,"W":5.25,"L":5.25,"FG%":37.0878103001,"2P%":42.8191489362,"3P%":27.457795432,"FT%":63.6474908201,"W%":0.5},"UST":{"MINS":202.2727272727,"FGM":26.0909090909,"FGA":66.6363636364,"2PM":18.1818181818,"2PA":37.7272727273,"3PM":7.9090909091,"3PA":28.9090909091,"FTM":11.7272727273,"FTA":17.7272727273,"PTS":71.8181818182,"OFF":11.3636363636,"DEF":28.4545454545,"REB":39.8181818182,"AST":17.3636363636,"TO":14.1818181818,"STL":7.1818181818,"BLK":2.1818181818,"STK":9.3636363636,"PF":20.5454545455,"Fls on:":19.0909090909,"+\/-":-1.5454545455,"GW":63.0,"GP":11.0,"W":5.0,"L":6.0,"FG%":39.1541609823,"2P%":48.1927710843,"3P%":27.358490566,"FT%":66.1538461538,"W%":0.4545454545},"AdU":{"MINS":202.2727272727,"FGM":19.8181818182,"FGA":59.8181818182,"2PM":13.2727272727,"2PA":36.0909090909,"3PM":6.5454545455,"3PA":23.7272727273,"FTM":11.1818181818,"FTA":17.9090909091,"PTS":57.3636363636,"OFF":12.1818181818,"DEF":31.1818181818,"REB":43.3636363636,"AST":13.8181818182,"TO":17.3636363636,"STL":6.6363636364,"BLK":4.2727272727,"STK":10.9090909091,"PF":19.3636363636,"Fls on:":18.4545454545,"+\/-":-5.1818181818,"GW":54.0,"GP":11.0,"W":4.0,"L":7.0,"FG%":33.1306990881,"2P%":36.7758186398,"3P%":27.5862068966,"FT%":62.4365482234,"W%":0.3636363636},"FEU":{"MINS":205.0,"FGM":23.2,"FGA":67.2,"2PM":19.0,"2PA":46.8,"3PM":4.2,"3PA":20.4,"FTM":12.1,"FTA":17.7,"PTS":62.7,"OFF":13.2,"DEF":32.6,"REB":45.8,"AST":11.8,"TO":14.5,"STL":6.4,"BLK":3.8,"STK":10.2,"PF":17.2,"Fls on:":19.1,"+\/-":-4.4,"GW":32.0,"GP":10.0,"W":3.0,"L":7.0,"FG%":34.5238095238,"2P%":40.5982905983,"3P%":20.5882352941,"FT%":68.3615819209,"W%":0.3},"ADMU":{"MINS":202.2727272727,"FGM":21.5454545455,"FGA":65.2727272727,"2PM":14.4545454545,"2PA":36.9090909091,"3PM":7.0909090909,"3PA":28.3636363636,"FTM":12.5454545455,"FTA":22.2727272727,"PTS":62.7272727273,"OFF":12.2727272727,"DEF":24.4545454545,"REB":36.7272727273,"AST":15.6363636364,"TO":10.6363636364,"STL":7.0909090909,"BLK":1.9090909091,"STK":9.0,"PF":21.0909090909,"Fls on:":22.0,"+\/-":-7.8181818182,"GW":36.0,"GP":11.0,"W":3.0,"L":8.0,"FG%":33.008356546,"2P%":39.1625615764,"3P%":25.0,"FT%":56.3265306122,"W%":0.2727272727},"NU":{"MINS":200.0,"FGM":23.1,"FGA":66.4,"2PM":18.0,"2PA":44.7,"3PM":5.1,"3PA":21.7,"FTM":12.1,"FTA":18.5,"PTS":63.4,"OFF":13.7,"DEF":27.5,"REB":41.2,"AST":13.5,"TO":13.6,"STL":6.4,"BLK":2.2,"STK":8.6,"PF":22.7,"Fls on:":19.9,"+\/-":-5.4,"GW":29.0,"GP":10.0,"W":2.0,"L":8.0,"FG%":34.7891566265,"2P%":40.2684563758,"3P%":23.5023041475,"FT%":65.4054054054,"W%":0.2}}