{"DLSU":{"MINS":202.0833333333,"FGM":27.0833333333,"FGA":67.1666666667,"2PM":19.0833333333,"2PA":42.25,"3PM":8.0,"3PA":24.9166666667,"FTM":13.5,"FTA":20.5,"PTS":75.6666666667,"OFF":16.0,"DEF":33.5833333333,"REB":49.5833333333,"AST":21.0833333333,"TO":18.6666666667,"STL":7.0,"BLK":3.5,"STK":10.5,"PF":19.8333333333,"Fls on:":19.75,"+\/-":11.8333333333,"GW":140.0,"GP":12.0,"W":11.0,"L":1.0,"FG%":40.3225806452,"2P%":45.16765286,"3P%":32.1070234114,"FT%":65.8536585366,"W%":0.9166666667},"UP":{"MINS":200.0,"FGM":27.1818181818,"FGA":64.2727272727,"2PM":21.3636363636,"2PA":42.8181818182,"3PM":5.8181818182,"3PA":21.4545454545,"FTM":12.2727272727,"FTA":20.4545454545,"PTS":72.4545454545,"OFF":13.3636363636,"DEF":30.6363636364,"REB":44.0,"AST":17.6363636364,"TO":16.8181818182,"STL":7.4545454545,"BLK":4.0,"STK":11.4545454545,"PF":21.3636363636,"Fls on:":21.9090909091,"+\/-":9.4545454545,"GW":129.0,"GP":11.0,"W":9.0,"L":2.0,"FG%":42.2913719943,"2P%":49.8938428875,"3P%":27.1186440678,"FT%":60.0,"W%":0.8181818182},"UE":{"MINS":200.0,"FGM":21.4545454545,"FGA":59.6363636364,"2PM":14.9090909091,"2PA":37.4545454545,"3PM":6.5454545455,"3PA":22.1818181818,"FTM":12.0,"FTA":19.1818181818,"PTS":61.4545454545,"OFF":10.3636363636,"DEF":27.0909090909,"REB":37.4545454545,"AST":13.1818181818,"TO":14.4545454545,"STL":7.4545454545,"BLK":2.6363636364,"STK":10.0909090909,"PF":20.7272727273,"Fls on:":20.0909090909,"+\/-":-1.0,"GW":72.0,"GP":11.0,"W":6.0,"L":5.0,"FG%":35.9756097561,"2P%":39.8058252427,"3P%":29.5081967213,"FT%":62.5592417062,"W%":0.5454545455},"League":{"MINS":201.6304347826,"FGM":23.7065217391,"FGA":64.3695652174,"2PM":17.25,"2PA":40.4130434783,"3PM":6.4565217391,"3PA":23.9565217391,"FTM":12.0108695652,"FTA":19.0326086957,"PTS":65.8804347826,"OFF":12.7826086957,"DEF":29.4782608696,"REB":42.2608695652,"AST":15.5,"TO":15.2282608696,"STL":6.9456521739,"BLK":3.0652173913,"STK":10.0108695652,"PF":20.1847826087,"Fls on:":19.8804347826,"+\/-":0.0,"GW":74.125,"GP":11.5,"W":5.75,"L":5.75,"FG%":36.8287740628,"2P%":42.6842388381,"3P%":26.9509981851,"FT%":63.1067961165,"W%":0.5},"UST":{"MINS":202.0833333333,"FGM":26.0,"FGA":66.8333333333,"2PM":18.1666666667,"2PA":37.9166666667,"3PM":7.8333333333,"3PA":28.9166666667,"FTM":11.1666666667,"FTA":17.1666666667,"PTS":71.0,"OFF":11.9166666667,"DEF":28.3333333333,"REB":40.25,"AST":17.1666666667,"TO":14.5,"STL":7.1666666667,"BLK":2.1666666667,"STK":9.3333333333,"PF":20.1666666667,"Fls on:":18.75,"+\/-":-1.8333333333,"GW":63.0,"GP":12.0,"W":5.0,"L":7.0,"FG%":38.9027431421,"2P%":47.9120879121,"3P%":27.0893371758,"FT%":65.0485436893,"W%":0.4166666667},"AdU":{"MINS":202.2727272727,"FGM":19.8181818182,"FGA":59.8181818182,"2PM":13.2727272727,"2PA":36.0909090909,"3PM":6.5454545455,"3PA":23.7272727273,"FTM":11.1818181818,"FTA":17.9090909091,"PTS":57.3636363636,"OFF":12.1818181818,"DEF":31.1818181818,"REB":43.3636363636,"AST":13.8181818182,"TO":17.3636363636,"STL":6.6363636364,"BLK":4.2727272727,"STK":10.9090909091,"PF":19.3636363636,"Fls on:":18.4545454545,"+\/-":-5.1818181818,"GW":54.0,"GP":11.0,"W":4.0,"L":7.0,"FG%":33.1306990881,"2P%":36.7758186398,"3P%":27.5862068966,"FT%":62.4365482234,"W%":0.3636363636},"FEU":{"MINS":204.1666666667,"FGM":22.9166666667,"FGA":66.0,"2PM":18.75,"2PA":45.5833333333,"3PM":4.1666666667,"3PA":20.4166666667,"FTM":11.5833333333,"FTA":17.0833333333,"PTS":61.5833333333,"OFF":12.8333333333,"DEF":32.5,"REB":45.3333333333,"AST":11.5,"TO":14.8333333333,"STL":6.0833333333,"BLK":3.9166666667,"STK":10.0,"PF":16.6666666667,"Fls on:":18.9166666667,"+\/-":-3.4166666667,"GW":42.0,"GP":12.0,"W":4.0,"L":8.0,"FG%":34.7222222222,"2P%":41.1334552102,"3P%":20.4081632653,"FT%":67.8048780488,"W%":0.3333333333},"NU":{"MINS":200.0,"FGM":23.25,"FGA":65.25,"2PM":17.5833333333,"2PA":43.5833333333,"3PM":5.6666666667,"3PA":21.6666666667,"FTM":11.8333333333,"FTA":18.0,"PTS":64.0,"OFF":13.0833333333,"DEF":27.6666666667,"REB":40.75,"AST":13.8333333333,"TO":14.4166666667,"STL":6.75,"BLK":2.1666666667,"STK":8.9166666667,"PF":22.4166666667,"Fls on:":19.4166666667,"+\/-":-2.4166666667,"GW":57.0,"GP":12.0,"W":4.0,"L":8.0,"FG%":35.632183908,"2P%":40.34416826,"3P%":26.1538461538,"FT%":65.7407407407,"W%":0.3333333333},"ADMU":{"MINS":202.2727272727,"FGM":21.5454545455,"FGA":65.2727272727,"2PM":14.4545454545,"2PA":36.9090909091,"3PM":7.0909090909,"3PA":28.3636363636,"FTM":12.5454545455,"FTA":22.2727272727,"PTS":62.7272727273,"OFF":12.2727272727,"DEF":24.4545454545,"REB":36.7272727273,"AST":15.6363636364,"TO":10.6363636364,"STL":7.0909090909,"BLK":1.9090909091,"STK":9.0,"PF":21.0909090909,"Fls on:":22.0,"+\/-":-7.8181818182,"GW":36.0,"GP":11.0,"W":3.0,"L":8.0,"FG%":33.008356546,"2P%":39.1625615764,"3P%":25.0,"FT%":56.3265306122,"W%":0.2727272727}}