{"ADMU":{"POS":795.2481217928,"PACE":72.2952837993},"AdU":{"POS":793.1040523748,"PACE":72.1003683977},"DLSU":{"POS":930.513119817,"PACE":77.5427599847},"FEU":{"POS":893.6394922174,"PACE":74.4699576848},"NU":{"POS":874.789818773,"PACE":72.8991515644},"UE":{"POS":787.8288194759,"PACE":71.6208017705},"UP":{"POS":832.9965199795,"PACE":75.7269563618},"UST":{"POS":904.4485628277,"PACE":75.370713569},"League":{"POS":851.5710634073,"PACE":74.0032491415}}