{"ADMU":{"MINS":2225.0,"FGM":237.0,"FGA":718.0,"2PM":159.0,"2PA":406.0,"3PM":78.0,"3PA":312.0,"FTM":138.0,"FTA":245.0,"PTS":690.0,"OFF":135.0,"DEF":269.0,"REB":404.0,"AST":172.0,"TO":117.0,"STL":78.0,"BLK":21.0,"STK":99.0,"PF":232.0,"Fls on:":242.0,"+\/-":-86.0,"GW":36.0,"GP":11.0,"W":3.0,"L":8.0,"FG%":33.008356546,"2P%":39.1625615764,"3P%":25.0,"FT%":56.3265306122},"AdU":{"MINS":2225.0,"FGM":218.0,"FGA":658.0,"2PM":146.0,"2PA":397.0,"3PM":72.0,"3PA":261.0,"FTM":123.0,"FTA":197.0,"PTS":631.0,"OFF":134.0,"DEF":343.0,"REB":477.0,"AST":152.0,"TO":191.0,"STL":73.0,"BLK":47.0,"STK":120.0,"PF":213.0,"Fls on:":203.0,"+\/-":-57.0,"GW":54.0,"GP":11.0,"W":4.0,"L":7.0,"FG%":33.1306990881,"2P%":36.7758186398,"3P%":27.5862068966,"FT%":62.4365482234},"DLSU":{"MINS":2425.0,"FGM":325.0,"FGA":806.0,"2PM":229.0,"2PA":507.0,"3PM":96.0,"3PA":299.0,"FTM":162.0,"FTA":246.0,"PTS":908.0,"OFF":192.0,"DEF":403.0,"REB":595.0,"AST":253.0,"TO":224.0,"STL":84.0,"BLK":42.0,"STK":126.0,"PF":238.0,"Fls on:":237.0,"+\/-":142.0,"GW":140.0,"GP":12.0,"W":11.0,"L":1.0,"FG%":40.3225806452,"2P%":45.16765286,"3P%":32.1070234114,"FT%":65.8536585366},"FEU":{"MINS":2450.0,"FGM":275.0,"FGA":792.0,"2PM":225.0,"2PA":547.0,"3PM":50.0,"3PA":245.0,"FTM":139.0,"FTA":205.0,"PTS":739.0,"OFF":154.0,"DEF":390.0,"REB":544.0,"AST":138.0,"TO":178.0,"STL":73.0,"BLK":47.0,"STK":120.0,"PF":200.0,"Fls on:":227.0,"+\/-":-41.0,"GW":42.0,"GP":12.0,"W":4.0,"L":8.0,"FG%":34.7222222222,"2P%":41.1334552102,"3P%":20.4081632653,"FT%":67.8048780488},"NU":{"MINS":2400.0,"FGM":279.0,"FGA":783.0,"2PM":211.0,"2PA":523.0,"3PM":68.0,"3PA":260.0,"FTM":142.0,"FTA":216.0,"PTS":768.0,"OFF":157.0,"DEF":332.0,"REB":489.0,"AST":166.0,"TO":173.0,"STL":81.0,"BLK":26.0,"STK":107.0,"PF":269.0,"Fls on:":233.0,"+\/-":-29.0,"GW":57.0,"GP":12.0,"W":4.0,"L":8.0,"FG%":35.632183908,"2P%":40.34416826,"3P%":26.1538461538,"FT%":65.7407407407},"UE":{"MINS":2200.0,"FGM":236.0,"FGA":656.0,"2PM":164.0,"2PA":412.0,"3PM":72.0,"3PA":244.0,"FTM":132.0,"FTA":211.0,"PTS":676.0,"OFF":114.0,"DEF":298.0,"REB":412.0,"AST":145.0,"TO":159.0,"STL":82.0,"BLK":29.0,"STK":111.0,"PF":228.0,"Fls on:":221.0,"+\/-":-11.0,"GW":72.0,"GP":11.0,"W":6.0,"L":5.0,"FG%":35.9756097561,"2P%":39.8058252427,"3P%":29.5081967213,"FT%":62.5592417062},"UP":{"MINS":2200.0,"FGM":299.0,"FGA":707.0,"2PM":235.0,"2PA":471.0,"3PM":64.0,"3PA":236.0,"FTM":135.0,"FTA":225.0,"PTS":797.0,"OFF":147.0,"DEF":337.0,"REB":484.0,"AST":194.0,"TO":185.0,"STL":82.0,"BLK":44.0,"STK":126.0,"PF":235.0,"Fls on:":241.0,"+\/-":104.0,"GW":129.0,"GP":11.0,"W":9.0,"L":2.0,"FG%":42.2913719943,"2P%":49.8938428875,"3P%":27.1186440678,"FT%":60.0},"UST":{"MINS":2425.0,"FGM":312.0,"FGA":802.0,"2PM":218.0,"2PA":455.0,"3PM":94.0,"3PA":347.0,"FTM":134.0,"FTA":206.0,"PTS":852.0,"OFF":143.0,"DEF":340.0,"REB":483.0,"AST":206.0,"TO":174.0,"STL":86.0,"BLK":26.0,"STK":112.0,"PF":242.0,"Fls on:":225.0,"+\/-":-22.0,"GW":63.0,"GP":12.0,"W":5.0,"L":7.0,"FG%":38.9027431421,"2P%":47.9120879121,"3P%":27.0893371758,"FT%":65.0485436893},"League":{"MINS":2318.75,"FGM":272.625,"FGA":740.25,"2PM":198.375,"2PA":464.75,"3PM":74.25,"3PA":275.5,"FTM":138.125,"FTA":218.875,"PTS":757.625,"OFF":147.0,"DEF":339.0,"REB":486.0,"AST":178.25,"TO":175.125,"STL":79.875,"BLK":35.25,"STK":115.125,"PF":232.125,"Fls on:":228.625,"+\/-":0.0,"GW":74.125,"GP":11.5,"W":5.75,"L":5.75,"FG%":36.8287740628,"2P%":42.6842388381,"3P%":26.9509981851,"FT%":63.1067961165}}