{"DLSU":{"OFF":73.1854269969,"DEF":61.7401289423,"NET":11.4452980546,"PACE":77.5427599847,"hAST%":18.1852160662,"hTO%":16.1007446594,"TOR":24.0727395702,"AR":27.1892996038,"STL%":9.0272773388,"BLK%":8.2514734774,"EFG%":46.2779156328,"TS%":49.6587329366,"PPWS":0.9931746587,"REB%":56.9377990431,"OREB%":37.8698224852,"DREB%":74.907063197,"FTR":0.3052109181,"FFI":36.6814794144,"Py-W":11.2590506672,"Py-L":0.7409493328,"PPR":-2.1776326708,"HHI":0.1165921132},"UP":{"OFF":71.7590032687,"DEF":62.3952186514,"NET":9.3637846172,"PACE":75.7269563618,"hAST%":16.3713080169,"hTO%":15.611814346,"TOR":22.2089763358,"AR":23.2894130224,"STL%":9.8439787002,"BLK%":10.0917431193,"EFG%":46.8175388967,"TS%":49.4416873449,"PPWS":0.9888337469,"REB%":53.3627342889,"OREB%":34.4262295082,"DREB%":70.2083333333,"FTR":0.3182461103,"FFI":35.9381971992,"Py-W":9.9389427869,"Py-L":1.0610572131,"PPR":-2.4727079306,"HHI":0.091817024},"League":{"OFF":66.7259345012,"DEF":66.7259345012,"NET":0.0,"PACE":74.0032491415,"hAST%":14.9798727656,"hTO%":14.7172522753,"TOR":20.5649308114,"AR":20.9318995982,"STL%":9.3797221902,"BLK%":7.5847229693,"EFG%":41.8439716312,"TS%":45.2824380943,"PPWS":0.9056487619,"REB%":50.0,"OREB%":30.2469135802,"DREB%":69.7530864198,"FTR":0.2956771361,"FFI":32.3633611129,"Py-W":5.75,"Py-L":5.75,"PPR":-2.427672956,"HHI":0.0103037049},"UE":{"OFF":64.3540814282,"DEF":65.4012632265,"NET":-1.0471817984,"PACE":71.6208017705,"hAST%":13.7722730899,"hTO%":15.1020098021,"TOR":20.1820492053,"AR":18.4050134262,"STL%":10.4083524203,"BLK%":7.4742268041,"EFG%":41.4634146341,"TS%":45.1364777523,"PPWS":0.902729555,"REB%":46.7120181406,"OREB%":25.5605381166,"DREB%":68.3486238532,"FTR":0.3216463415,"FFI":31.5676809002,"Py-W":4.7937078177,"Py-L":6.2062921823,"PPR":-2.9275834309,"HHI":0.1297704912},"UST":{"OFF":70.6507839431,"DEF":72.4750999604,"NET":-1.8243160173,"PACE":75.370713569,"hAST%":16.1868242394,"hTO%":13.6723661051,"TOR":19.2382416371,"AR":22.7763090646,"STL%":9.5085562114,"BLK%":5.2738336714,"EFG%":44.7630922693,"TS%":47.7236063811,"PPWS":0.9544721276,"REB%":48.9361702128,"OREB%":28.1496062992,"DREB%":70.9812108559,"FTR":0.2568578554,"FFI":32.1975864073,"Py-W":4.7929846702,"Py-L":7.2070153298,"PPR":-1.4845945044,"HHI":0.1297526946},"NU":{"OFF":65.8443877191,"DEF":68.3306992345,"NET":-2.4863115154,"PACE":72.8991515644,"hAST%":13.6396502991,"hTO%":14.2148162756,"TOR":19.7761789504,"AR":18.9759867385,"STL%":9.259367023,"BLK%":5.5437100213,"EFG%":39.9744572158,"TS%":43.733770671,"PPWS":0.8746754134,"REB%":47.7073170732,"OREB%":30.7240704501,"DREB%":64.5914396887,"FTR":0.275862069,"FFI":31.2165727484,"Py-W":4.2712540911,"Py-L":7.7287459089,"PPR":-2.6365585753,"HHI":0.0996873644},"FEU":{"OFF":62.0216546859,"DEF":65.4626395873,"NET":-3.4409849014,"PACE":74.4699576848,"hAST%":11.5172759139,"hTO%":14.8556167585,"TOR":19.9185467462,"AR":15.4424688257,"STL%":8.1688422049,"BLK%":8.23117338,"EFG%":37.8787878788,"TS%":41.8839265473,"PPWS":0.8376785309,"REB%":49.7712717292,"OREB%":29.1115311909,"DREB%":69.1489361702,"FTR":0.2588383838,"FFI":29.8360338338,"Py-W":3.558211958,"Py-L":8.441788042,"PPR":-3.488205382,"HHI":0.1532902049},"AdU":{"OFF":59.6706067234,"DEF":65.060820009,"NET":-5.3902132856,"PACE":72.1003683977,"hAST%":13.9746984407,"hTO%":17.5603118564,"TOR":24.0825903522,"AR":19.1652027934,"STL%":9.2043408152,"BLK%":11.2980769231,"EFG%":38.6018237082,"TS%":42.3671912768,"PPWS":0.8473438255,"REB%":51.5118790497,"OREB%":29.711751663,"DREB%":72.2105263158,"FTR":0.2993920973,"FFI":31.8946088629,"Py-W":2.2045209673,"Py-L":8.7954790327,"PPR":-4.1363217555,"HHI":0.1138006987},"ADMU":{"OFF":65.0740298303,"DEF":73.184706012,"NET":-8.1106761817,"PACE":72.2952837993,"hAST%":15.4287764621,"hTO%":10.4951560818,"TOR":14.7123893529,"AR":21.628469818,"STL%":9.8082595686,"BLK%":4.8165137615,"EFG%":38.4401114206,"TS%":41.777670138,"PPWS":0.8355534028,"REB%":44.3468715697,"OREB%":26.5225933202,"DREB%":66.9154228856,"FTR":0.3412256267,"FFI":29.4770449716,"Py-W":1.4570677686,"Py-L":9.5429322314,"PPR":-0.1073464264,"HHI":0.1102793531}}