TEAM,MINS,FGM,FGA,2PM,2PA,3PM,3PA,FTM,FTA,PTS,OFF,DEF,REB,AST,TO,STL,BLK,STK,PF,Fls on:,+/-,GW,GP,W,L,FG%,2P%,3P%,FT%
ADMU,2225.0,237.0,718.0,159.0,406.0,78.0,312.0,138.0,245.0,690.0,135.0,269.0,404.0,172.0,117.0,78.0,21.0,99.0,232.0,242.0,-86.0,36.0,11.0,3.0,8.0,33.008356545961,39.16256157635468,25.0,56.326530612244895
AdU,2225.0,218.0,658.0,146.0,397.0,72.0,261.0,123.0,197.0,631.0,134.0,343.0,477.0,152.0,191.0,73.0,47.0,120.0,213.0,203.0,-57.0,54.0,11.0,4.0,7.0,33.130699088145896,36.77581863979849,27.586206896551722,62.43654822335025
DLSU,2425.0,325.0,806.0,229.0,507.0,96.0,299.0,162.0,246.0,908.0,192.0,403.0,595.0,253.0,224.0,84.0,42.0,126.0,238.0,237.0,142.0,140.0,12.0,11.0,1.0,40.32258064516129,45.167652859960555,32.10702341137124,65.85365853658537
FEU,2450.0,275.0,792.0,225.0,547.0,50.0,245.0,139.0,205.0,739.0,154.0,390.0,544.0,138.0,178.0,73.0,47.0,120.0,200.0,227.0,-41.0,42.0,12.0,4.0,8.0,34.72222222222222,41.13345521023766,20.408163265306122,67.8048780487805
NU,2400.0,279.0,783.0,211.0,523.0,68.0,260.0,142.0,216.0,768.0,157.0,332.0,489.0,166.0,173.0,81.0,26.0,107.0,269.0,233.0,-29.0,57.0,12.0,4.0,8.0,35.632183908045974,40.34416826003824,26.153846153846153,65.74074074074075
UE,2200.0,236.0,656.0,164.0,412.0,72.0,244.0,132.0,211.0,676.0,114.0,298.0,412.0,145.0,159.0,82.0,29.0,111.0,228.0,221.0,-11.0,72.0,11.0,6.0,5.0,35.97560975609756,39.80582524271845,29.508196721311474,62.55924170616114
UP,2200.0,299.0,707.0,235.0,471.0,64.0,236.0,135.0,225.0,797.0,147.0,337.0,484.0,194.0,185.0,82.0,44.0,126.0,235.0,241.0,104.0,129.0,11.0,9.0,2.0,42.29137199434229,49.89384288747346,27.11864406779661,60.0
UST,2425.0,312.0,802.0,218.0,455.0,94.0,347.0,134.0,206.0,852.0,143.0,340.0,483.0,206.0,174.0,86.0,26.0,112.0,242.0,225.0,-22.0,63.0,12.0,5.0,7.0,38.90274314214464,47.91208791208791,27.089337175792508,65.04854368932038
League,2318.75,272.625,740.25,198.375,464.75,74.25,275.5,138.125,218.875,757.625,147.0,339.0,486.0,178.25,175.125,79.875,35.25,115.125,232.125,228.625,0.0,74.125,11.5,5.75,5.75,36.82877406281661,42.684238838084994,26.950998185117967,63.10679611650485
