{"UP":{"2PM":15.0,"2PA":44.0,"3PM":4.0,"3PA":22.0,"FTM":19.0,"FTA":40.0,"OFF":18.0,"DEF":22.0,"AST":19.0,"TO":9.0,"STL":7.0,"BLK":4.0,"PF":26.0,"Fls on:":29.0,"+\/-":-16.0,"GW":0,"GP":1,"MINS":200.0,"FGM":19.0,"FGA":66.0,"FG%":28.7878787879,"2P%":34.0909090909,"3P%":18.1818181818,"FT%":47.5,"PTS":61.0,"REB":40.0,"STK":11.0},"League":{"2PM":19.5,"2PA":44.0,"3PM":4.5,"3PA":18.5,"FTM":16.5,"FTA":32.0,"OFF":14.5,"DEF":28.5,"AST":21.0,"TO":12.5,"STL":4.5,"BLK":5.0,"PF":28.0,"Fls on:":27.5,"+\/-":0.0,"GW":7,"GP":1,"MINS":200.0,"FGM":24.0,"FGA":62.5,"FG%":38.4,"2P%":44.3181818182,"3P%":24.3243243243,"FT%":51.5625,"PTS":69.0,"REB":43.0,"STK":9.5},"ADMU":{"2PM":24.0,"2PA":44.0,"3PM":5.0,"3PA":15.0,"FTM":14.0,"FTA":24.0,"OFF":11.0,"DEF":35.0,"AST":23.0,"TO":16.0,"STL":2.0,"BLK":6.0,"PF":30.0,"Fls on:":26.0,"+\/-":16.0,"GW":14,"GP":1,"MINS":200.0,"FGM":29.0,"FGA":59.0,"FG%":49.1525423729,"2P%":54.5454545455,"3P%":33.3333333333,"FT%":58.3333333333,"PTS":77.0,"REB":46.0,"STK":8.0}}