{"A. Balogun":{"TEAM":"ADMU","MINS":6.2,"FGM":1.0,"FGA":1.0,"FG%":100.0,"2PM":1.0,"2PA":1.0,"2P%":100.0,"3PM":0.0,"3PA":0.0,"3P%":0.0,"FTM":2.0,"FTA":5.0,"FT%":40.0,"PTS":4.0,"OFF":1.0,"DEF":0.0,"REB":1.0,"AST":0.0,"TO":1.0,"STL":0.0,"BLK":2.0,"STK":2.0,"PF":5.0,"Fls on:":3.0,"+\/-":-6.0,"GW":0.0,"GP":1.0},"S. Tuano":{"TEAM":"ADMU","MINS":19.8166666667,"FGM":4.0,"FGA":12.0,"FG%":33.3333333333,"2PM":4.0,"2PA":10.0,"2P%":40.0,"3PM":0.0,"3PA":2.0,"3P%":0.0,"FTM":3.0,"FTA":10.0,"FT%":30.0,"PTS":11.0,"OFF":4.0,"DEF":1.0,"REB":5.0,"AST":0.0,"TO":3.0,"STL":0.0,"BLK":0.0,"STK":0.0,"PF":1.0,"Fls on:":6.0,"+\/-":-12.0,"GW":0.0,"GP":1.0},"S. Quitevis":{"TEAM":"ADMU","MINS":27.2666666667,"FGM":0.0,"FGA":0.0,"FG%":0.0,"2PM":0.0,"2PA":0.0,"2P%":0.0,"3PM":0.0,"3PA":0.0,"3P%":0.0,"FTM":0.0,"FTA":0.0,"FT%":0.0,"PTS":0.0,"OFF":0.0,"DEF":0.0,"REB":0.0,"AST":5.0,"TO":0.0,"STL":1.0,"BLK":0.0,"STK":1.0,"PF":3.0,"Fls on:":0.0,"+\/-":-6.0,"GW":0.0,"GP":1.0},"K. Porter":{"TEAM":"ADMU","MINS":19.8666666667,"FGM":1.0,"FGA":4.0,"FG%":25.0,"2PM":1.0,"2PA":3.0,"2P%":33.3333333333,"3PM":0.0,"3PA":1.0,"3P%":0.0,"FTM":1.0,"FTA":4.0,"FT%":25.0,"PTS":3.0,"OFF":3.0,"DEF":3.0,"REB":6.0,"AST":0.0,"TO":1.0,"STL":1.0,"BLK":0.0,"STK":1.0,"PF":3.0,"Fls on:":2.0,"+\/-":-9.0,"GW":0.0,"GP":1.0},"K. Ong":{"TEAM":"ADMU","MINS":5.2833333333,"FGM":0.0,"FGA":0.0,"FG%":0.0,"2PM":0.0,"2PA":0.0,"2P%":0.0,"3PM":0.0,"3PA":0.0,"3P%":0.0,"FTM":0.0,"FTA":0.0,"FT%":0.0,"PTS":0.0,"OFF":1.0,"DEF":0.0,"REB":1.0,"AST":0.0,"TO":0.0,"STL":0.0,"BLK":0.0,"STK":0.0,"PF":1.0,"Fls on:":0.0,"+\/-":-3.0,"GW":0.0,"GP":1.0},"K. Gamber":{"TEAM":"ADMU","MINS":7.8666666667,"FGM":1.0,"FGA":3.0,"FG%":33.3333333333,"2PM":0.0,"2PA":0.0,"2P%":0.0,"3PM":1.0,"3PA":3.0,"3P%":33.3333333333,"FTM":0.0,"FTA":0.0,"FT%":0.0,"PTS":3.0,"OFF":0.0,"DEF":0.0,"REB":0.0,"AST":1.0,"TO":1.0,"STL":0.0,"BLK":0.0,"STK":0.0,"PF":0.0,"Fls on:":0.0,"+\/-":-3.0,"GW":0.0,"GP":1.0},"J. Lazaro":{"TEAM":"ADMU","MINS":23.8,"FGM":5.0,"FGA":12.0,"FG%":41.6666666667,"2PM":5.0,"2PA":12.0,"2P%":41.6666666667,"3PM":0.0,"3PA":0.0,"3P%":0.0,"FTM":1.0,"FTA":3.0,"FT%":33.3333333333,"PTS":11.0,"OFF":6.0,"DEF":5.0,"REB":11.0,"AST":3.0,"TO":0.0,"STL":0.0,"BLK":1.0,"STK":1.0,"PF":2.0,"Fls on:":5.0,"+\/-":-8.0,"GW":0.0,"GP":1.0},"J. Bahay":{"TEAM":"ADMU","MINS":20.4666666667,"FGM":3.0,"FGA":11.0,"FG%":27.2727272727,"2PM":1.0,"2PA":4.0,"2P%":25.0,"3PM":2.0,"3PA":7.0,"3P%":28.5714285714,"FTM":5.0,"FTA":6.0,"FT%":83.3333333333,"PTS":13.0,"OFF":0.0,"DEF":5.0,"REB":5.0,"AST":4.0,"TO":1.0,"STL":0.0,"BLK":0.0,"STK":0.0,"PF":0.0,"Fls on:":4.0,"+\/-":1.0,"GW":0.0,"GP":1.0},"I. Espinosa":{"TEAM":"ADMU","MINS":19.5166666667,"FGM":2.0,"FGA":8.0,"FG%":25.0,"2PM":2.0,"2PA":6.0,"2P%":33.3333333333,"3PM":0.0,"3PA":2.0,"3P%":0.0,"FTM":0.0,"FTA":0.0,"FT%":0.0,"PTS":4.0,"OFF":2.0,"DEF":2.0,"REB":4.0,"AST":2.0,"TO":1.0,"STL":1.0,"BLK":1.0,"STK":2.0,"PF":2.0,"Fls on:":3.0,"+\/-":-17.0,"GW":0.0,"GP":1.0},"W. Espina":{"TEAM":"ADMU","MINS":17.6333333333,"FGM":1.0,"FGA":8.0,"FG%":12.5,"2PM":0.0,"2PA":3.0,"2P%":0.0,"3PM":1.0,"3PA":5.0,"3P%":20.0,"FTM":4.0,"FTA":5.0,"FT%":80.0,"PTS":7.0,"OFF":1.0,"DEF":1.0,"REB":2.0,"AST":2.0,"TO":0.0,"STL":2.0,"BLK":0.0,"STK":2.0,"PF":1.0,"Fls on:":2.0,"+\/-":-8.0,"GW":0.0,"GP":1.0},"C. Koon":{"TEAM":"ADMU","MINS":7.3,"FGM":1.0,"FGA":3.0,"FG%":33.3333333333,"2PM":1.0,"2PA":3.0,"2P%":33.3333333333,"3PM":0.0,"3PA":0.0,"3P%":0.0,"FTM":1.0,"FTA":2.0,"FT%":50.0,"PTS":3.0,"OFF":0.0,"DEF":1.0,"REB":1.0,"AST":1.0,"TO":1.0,"STL":0.0,"BLK":0.0,"STK":0.0,"PF":2.0,"Fls on:":1.0,"+\/-":-2.0,"GW":0.0,"GP":1.0},"A. Bongo":{"TEAM":"ADMU","MINS":20.8833333333,"FGM":0.0,"FGA":4.0,"FG%":0.0,"2PM":0.0,"2PA":2.0,"2P%":0.0,"3PM":0.0,"3PA":2.0,"3P%":0.0,"FTM":2.0,"FTA":3.0,"FT%":66.6666666667,"PTS":2.0,"OFF":0.0,"DEF":3.0,"REB":3.0,"AST":1.0,"TO":0.0,"STL":1.0,"BLK":0.0,"STK":1.0,"PF":3.0,"Fls on:":2.0,"+\/-":-12.0,"GW":0.0,"GP":1.0},"F. Edu":{"TEAM":"ADMU","MINS":4.0,"FGM":0.0,"FGA":0.0,"FG%":0.0,"2PM":0.0,"2PA":0.0,"2P%":0.0,"3PM":0.0,"3PA":0.0,"3P%":0.0,"FTM":0.0,"FTA":2.0,"FT%":0.0,"PTS":0.0,"OFF":0.0,"DEF":1.0,"REB":1.0,"AST":0.0,"TO":0.0,"STL":1.0,"BLK":0.0,"STK":1.0,"PF":3.0,"Fls on:":1.0,"+\/-":5.0,"GW":0.0,"GP":1.0},"C. Briones":{"TEAM":"UP","MINS":4.1666666667,"FGM":0.0,"FGA":1.0,"FG%":0.0,"2PM":0.0,"2PA":0.0,"2P%":0.0,"3PM":0.0,"3PA":1.0,"3P%":0.0,"FTM":0.0,"FTA":0.0,"FT%":0.0,"PTS":0.0,"OFF":0.0,"DEF":0.0,"REB":0.0,"AST":1.0,"TO":0.0,"STL":0.0,"BLK":0.0,"STK":0.0,"PF":1.0,"Fls on:":0.0,"+\/-":3.0,"GW":1.0,"GP":1.0},"S. Alter":{"TEAM":"UP","MINS":1.3166666667,"FGM":0.0,"FGA":0.0,"FG%":0.0,"2PM":0.0,"2PA":0.0,"2P%":0.0,"3PM":0.0,"3PA":0.0,"3P%":0.0,"FTM":0.0,"FTA":0.0,"FT%":0.0,"PTS":0.0,"OFF":0.0,"DEF":1.0,"REB":1.0,"AST":0.0,"TO":0.0,"STL":0.0,"BLK":0.0,"STK":0.0,"PF":0.0,"Fls on:":0.0,"+\/-":2.0,"GW":1.0,"GP":1.0},"R. Torres":{"TEAM":"UP","MINS":11.9,"FGM":1.0,"FGA":2.0,"FG%":50.0,"2PM":1.0,"2PA":1.0,"2P%":100.0,"3PM":0.0,"3PA":1.0,"3P%":0.0,"FTM":0.0,"FTA":0.0,"FT%":0.0,"PTS":2.0,"OFF":1.0,"DEF":1.0,"REB":2.0,"AST":1.0,"TO":0.0,"STL":0.0,"BLK":0.0,"STK":0.0,"PF":3.0,"Fls on:":0.0,"+\/-":-2.0,"GW":1.0,"GP":1.0},"Q. Millora-Brown":{"TEAM":"UP","MINS":24.8166666667,"FGM":3.0,"FGA":6.0,"FG%":50.0,"2PM":3.0,"2PA":6.0,"2P%":50.0,"3PM":0.0,"3PA":0.0,"3P%":0.0,"FTM":1.0,"FTA":4.0,"FT%":25.0,"PTS":7.0,"OFF":5.0,"DEF":12.0,"REB":17.0,"AST":2.0,"TO":2.0,"STL":0.0,"BLK":2.0,"STK":2.0,"PF":4.0,"Fls on:":7.0,"+\/-":17.0,"GW":1.0,"GP":1.0},"M. Belmonte":{"TEAM":"UP","MINS":9.1666666667,"FGM":2.0,"FGA":3.0,"FG%":66.6666666667,"2PM":2.0,"2PA":3.0,"2P%":66.6666666667,"3PM":0.0,"3PA":0.0,"3P%":0.0,"FTM":0.0,"FTA":0.0,"FT%":0.0,"PTS":4.0,"OFF":0.0,"DEF":1.0,"REB":1.0,"AST":1.0,"TO":2.0,"STL":0.0,"BLK":0.0,"STK":0.0,"PF":3.0,"Fls on:":1.0,"+\/-":11.0,"GW":1.0,"GP":1.0},"G. Stevens":{"TEAM":"UP","MINS":9.3833333333,"FGM":0.0,"FGA":0.0,"FG%":0.0,"2PM":0.0,"2PA":0.0,"2P%":0.0,"3PM":0.0,"3PA":0.0,"3P%":0.0,"FTM":0.0,"FTA":0.0,"FT%":0.0,"PTS":0.0,"OFF":0.0,"DEF":3.0,"REB":3.0,"AST":0.0,"TO":0.0,"STL":0.0,"BLK":1.0,"STK":1.0,"PF":3.0,"Fls on:":1.0,"+\/-":3.0,"GW":1.0,"GP":1.0},"D. Ududo":{"TEAM":"UP","MINS":9.7833333333,"FGM":3.0,"FGA":4.0,"FG%":75.0,"2PM":3.0,"2PA":4.0,"2P%":75.0,"3PM":0.0,"3PA":0.0,"3P%":0.0,"FTM":1.0,"FTA":2.0,"FT%":50.0,"PTS":7.0,"OFF":1.0,"DEF":2.0,"REB":3.0,"AST":0.0,"TO":2.0,"STL":0.0,"BLK":0.0,"STK":0.0,"PF":2.0,"Fls on:":2.0,"+\/-":-5.0,"GW":1.0,"GP":1.0},"F. Lopez":{"TEAM":"UP","MINS":20.75,"FGM":3.0,"FGA":3.0,"FG%":100.0,"2PM":3.0,"2PA":3.0,"2P%":100.0,"3PM":0.0,"3PA":0.0,"3P%":0.0,"FTM":8.0,"FTA":13.0,"FT%":61.5384615385,"PTS":14.0,"OFF":1.0,"DEF":5.0,"REB":6.0,"AST":3.0,"TO":1.0,"STL":0.0,"BLK":2.0,"STK":2.0,"PF":3.0,"Fls on:":7.0,"+\/-":5.0,"GW":1.0,"GP":1.0},"J. Felicilda":{"TEAM":"UP","MINS":9.9,"FGM":0.0,"FGA":2.0,"FG%":0.0,"2PM":0.0,"2PA":2.0,"2P%":0.0,"3PM":0.0,"3PA":0.0,"3P%":0.0,"FTM":0.0,"FTA":0.0,"FT%":0.0,"PTS":0.0,"OFF":0.0,"DEF":0.0,"REB":0.0,"AST":0.0,"TO":1.0,"STL":0.0,"BLK":0.0,"STK":0.0,"PF":2.0,"Fls on:":0.0,"+\/-":-3.0,"GW":1.0,"GP":1.0},"T. Fortea":{"TEAM":"UP","MINS":13.4333333333,"FGM":3.0,"FGA":5.0,"FG%":60.0,"2PM":1.0,"2PA":2.0,"2P%":50.0,"3PM":2.0,"3PA":3.0,"3P%":66.6666666667,"FTM":0.0,"FTA":0.0,"FT%":0.0,"PTS":8.0,"OFF":0.0,"DEF":0.0,"REB":0.0,"AST":0.0,"TO":0.0,"STL":0.0,"BLK":0.0,"STK":0.0,"PF":1.0,"Fls on:":0.0,"+\/-":5.0,"GW":1.0,"GP":1.0},"J. Bayla":{"TEAM":"UP","MINS":20.8,"FGM":2.0,"FGA":5.0,"FG%":40.0,"2PM":1.0,"2PA":2.0,"2P%":50.0,"3PM":1.0,"3PA":3.0,"3P%":33.3333333333,"FTM":2.0,"FTA":2.0,"FT%":100.0,"PTS":7.0,"OFF":1.0,"DEF":2.0,"REB":3.0,"AST":2.0,"TO":3.0,"STL":0.0,"BLK":0.0,"STK":0.0,"PF":3.0,"Fls on:":2.0,"+\/-":13.0,"GW":1.0,"GP":1.0},"G. Abadiano":{"TEAM":"UP","MINS":15.1666666667,"FGM":2.0,"FGA":6.0,"FG%":33.3333333333,"2PM":1.0,"2PA":3.0,"2P%":33.3333333333,"3PM":1.0,"3PA":3.0,"3P%":33.3333333333,"FTM":0.0,"FTA":0.0,"FT%":0.0,"PTS":5.0,"OFF":0.0,"DEF":0.0,"REB":0.0,"AST":0.0,"TO":1.0,"STL":0.0,"BLK":0.0,"STK":0.0,"PF":0.0,"Fls on:":0.0,"+\/-":8.0,"GW":1.0,"GP":1.0},"H. Alarcon":{"TEAM":"UP","MINS":19.25,"FGM":2.0,"FGA":8.0,