{"ADMU":{"POS":73.9101886792,"PACE":73.9101886792},"UP":{"POS":73.9101886792,"PACE":73.9101886792},"League":{"POS":73.9101886792,"PACE":73.9101886792}}