{"NU":{"2PM":78.0,"2PA":169.0,"3PM":25.0,"3PA":90.0,"FTM":63.0,"FTA":87.0,"OFF":62.0,"DEF":127.0,"AST":75.0,"TO":67.0,"STL":27.0,"BLK":15.0,"PF":77.0,"Fls on:":92.0,"+\/-":31.0,"GW":39.0,"GP":4.0,"MINS":800.0,"FGM":103.0,"FGA":259.0,"FG%":39.7683397683,"2P%":46.1538461538,"3P%":27.7777777778,"FT%":72.4137931034,"PTS":294.0,"REB":189.0,"STK":42.0},"UP":{"2PM":53.0,"2PA":129.0,"3PM":12.0,"3PA":63.0,"FTM":52.0,"FTA":93.0,"OFF":45.0,"DEF":70.0,"AST":40.0,"TO":40.0,"STL":22.0,"BLK":10.0,"PF":75.0,"Fls on:":76.0,"+\/-":-53.0,"GW":0.0,"GP":3.0,"MINS":600.0,"FGM":65.0,"FGA":192.0,"FG%":33.8541666667,"2P%":41.0852713178,"3P%":19.0476190476,"FT%":55.9139784946,"PTS":194.0,"REB":115.0,"STK":32.0},"UE":{"2PM":55.0,"2PA":122.0,"3PM":21.0,"3PA":70.0,"FTM":29.0,"FTA":56.0,"OFF":38.0,"DEF":97.0,"AST":61.0,"TO":45.0,"STL":16.0,"BLK":11.0,"PF":70.0,"Fls on:":61.0,"+\/-":20.0,"GW":28.0,"GP":3.0,"MINS":600.0,"FGM":76.0,"FGA":192.0,"FG%":39.5833333333,"2P%":45.0819672131,"3P%":30.0,"FT%":51.7857142857,"PTS":202.0,"REB":135.0,"STK":27.0},"FEU":{"2PM":47.0,"2PA":128.0,"3PM":17.0,"3PA":68.0,"FTM":32.0,"FTA":55.0,"OFF":42.0,"DEF":94.0,"AST":46.0,"TO":41.0,"STL":27.0,"BLK":15.0,"PF":56.0,"Fls on:":58.0,"+\/-":19.0,"GW":43.0,"GP":3.0,"MINS":600.0,"FGM":64.0,"FGA":196.0,"FG%":32.6530612245,"2P%":36.71875,"3P%":25.0,"FT%":58.1818181818,"PTS":177.0,"REB":136.0,"STK":42.0},"AdU":{"2PM":57.0,"2PA":146.0,"3PM":32.0,"3PA":116.0,"FTM":35.0,"FTA":57.0,"OFF":46.0,"DEF":116.0,"AST":74.0,"TO":49.0,"STL":33.0,"BLK":3.0,"PF":75.0,"Fls on:":72.0,"+\/-":14.0,"GW":27.0,"GP":4.0,"MINS":800.0,"FGM":89.0,"FGA":262.0,"FG%":33.9694656489,"2P%":39.0410958904,"3P%":27.5862068966,"FT%":61.4035087719,"PTS":245.0,"REB":162.0,"STK":36.0},"DLSU":{"2PM":60.0,"2PA":137.0,"3PM":10.0,"3PA":68.0,"FTM":38.0,"FTA":55.0,"OFF":41.0,"DEF":78.0,"AST":45.0,"TO":44.0,"STL":28.0,"BLK":7.0,"PF":53.0,"Fls on:":56.0,"+\/-":-46.0,"GW":0.0,"GP":3.0,"MINS":600.0,"FGM":70.0,"FGA":205.0,"FG%":34.1463414634,"2P%":43.795620438,"3P%":14.7058823529,"FT%":69.0909090909,"PTS":188.0,"REB":119.0,"STK":35.0},"ADMU":{"2PM":88.0,"2PA":170.0,"3PM":16.0,"3PA":83.0,"FTM":52.0,"FTA":78.0,"OFF":56.0,"DEF":139.0,"AST":68.0,"TO":62.0,"STL":15.0,"BLK":12.0,"PF":99.0,"Fls on:":85.0,"+\/-":30.0,"GW":39.0,"GP":4.0,"MINS":800.0,"FGM":104.0,"FGA":253.0,"FG%":41.1067193676,"2P%":51.7647058824,"3P%":19.2771084337,"FT%":66.6666666667,"PTS":276.0,"REB":195.0,"STK":27.0},"UST":{"2PM":67.0,"2PA":152.0,"3PM":23.0,"3PA":92.0,"FTM":49.0,"FTA":68.0,"OFF":37.0,"DEF":115.0,"AST":60.0,"TO":50.0,"STL":20.0,"BLK":12.0,"PF":81.0,"Fls on:":82.0,"+\/-":-15.0,"GW":14.0,"GP":4.0,"MINS":800.0,"FGM":90.0,"FGA":244.0,"FG%":36.8852459016,"2P%":44.0789473684,"3P%":25.0,"FT%":72.0588235294,"PTS":252.0,"REB":152.0,"STK":32.0},"League":{"2PM":63.125,"2PA":144.125,"3PM":19.5,"3PA":81.25,"FTM":43.75,"FTA":68.625,"OFF":45.875,"DEF":104.5,"AST":58.625,"TO":49.75,"STL":23.5,"BLK":10.625,"PF":73.25,"Fls on:":72.75,"+\/-":0.0,"GW":23.75,"GP":3.5,"MINS":700.0,"FGM":82.625,"FGA":225.375,"FG%":36.661120355,"2P%":43.7987857762,"3P%":24.0,"FT%":63.752276867,"PTS":228.5,"REB":150.375,"STK":34.125}}