{"DLSU":{"OFF":77.1936025448,"DEF":61.27242202,"NET":15.9211805249,"PACE":77.7266483516,"hAST%":19.6721311475,"hTO%":14.7540983607,"TOR":23.1580807635,"AR":30.8774410179,"STL%":11.5790403817,"BLK%":7.0707070707,"EFG%":47.6510067114,"TS%":50.0,"PPWS":1.0,"REB%":55.2486187845,"OREB%":39.5604395604,"DREB%":71.1111111111,"FTR":0.1677852349,"FFI":35.278789311,"Py-W":1.9515472007,"Py-L":0.0484527993,"PPR":-0.9484214663,"HHI":0.1290625},"UST":{"OFF":76.2927039513,"DEF":63.0474428487,"NET":13.2452611027,"PACE":70.7800316456,"hAST%":21.5315483992,"hTO%":9.3615427823,"TOR":14.1282785095,"AR":32.4950405719,"STL%":7.7705531802,"BLK%":3.8461538462,"EFG%":45.5223880597,"TS%":48.7672717421,"PPWS":0.9753454348,"REB%":54.4303797468,"OREB%":29.1139240506,"DREB%":79.746835443,"FTR":0.2313432836,"FFI":31.0339589151,"Py-W":1.909654543,"Py-L":0.090345457,"PPR":2.7773415783,"HHI":0.1278935185},"UP":{"OFF":79.4788844877,"DEF":66.4000807112,"NET":13.0788037765,"PACE":74.5481021556,"hAST%":20.3215317919,"hTO%":13.5476878613,"TOR":20.1212365792,"AR":30.1818548687,"STL%":4.6949552018,"BLK%":14.4578313253,"EFG%":53.6290322581,"TS%":53.9470090139,"PPWS":1.0789401803,"REB%":53.9877300613,"OREB%":36.3636363636,"DREB%":65.9793814433,"FTR":0.4112903226,"FFI":39.9240041595,"Py-W":1.8933640518,"Py-L":0.1066359482,"PPR":0.0,"HHI":0.1250600865},"League":{"OFF":67.9111707297,"DEF":67.9111707297,"NET":0.0,"PACE":73.7176218023,"hAST%":16.6818852286,"hTO%":13.2284423217,"TOR":19.160954538,"AR":24.1631506341,"STL%":9.3261283149,"BLK%":7.7683615819,"EFG%":41.0798122066,"TS%":44.5951362908,"PPWS":0.8919027258,"REB%":50.0,"OREB%":32.3699421965,"DREB%":67.6300578035,"FTR":0.282629108,"FFI":31.9355885761,"Py-W":1.0,"Py-L":1.0,"PPR":-1.125,"HHI":0.0106473667},"NU":{"OFF":67.2195921267,"DEF":67.7102460839,"NET":-0.4906539571,"PACE":76.4286101337,"hAST%":14.1317788377,"hTO%":12.8069245716,"TOR":18.971953009,"AR":20.9345688375,"STL%":13.0841055235,"BLK%":3.0927835052,"EFG%":38.961038961,"TS%":41.4047388781,"PPWS":0.8280947776,"REB%":47.5675675676,"OREB%":36.7346938776,"DREB%":59.7701149425,"FTR":0.1688311688,"FFI":30.2068101446,"Py-W":0.9418834883,"Py-L":1.0581165117,"PPR":-1.8486808566,"HHI":0.1056529384},"FEU":{"OFF":55.804791717,"DEF":63.10635325,"NET":-7.3015615331,"PACE":71.9024276688,"hAST%":14.2240533647,"hTO%":14.7145379635,"TOR":20.8616043802,"AR":20.1662175675,"STL%":9.0400285647,"BLK%":5.376344086,"EFG%":33.4586466165,"TS%":36.9271120928,"PPWS":0.7385422419,"REB%":47.8947368421,"OREB%":32.2580645161,"DREB%":62.8865979381,"FTR":0.2030075188,"FFI":28.0955854268,"Py-W":0.2453395702,"Py-L":1.7546604298,"PPR":-2.73398731,"HHI":0.1478731767},"AdU":{"OFF":56.8634914112,"DEF":66.0845981266,"NET":-9.2211067153,"PACE":73.2016254489,"hAST%":13.1339664579,"hTO%":16.1648817943,"TOR":21.8574381401,"AR":17.7591684888,"STL%":12.2948089538,"BLK%":14.7727272727,"EFG%":34.0,"TS%":39.6541869105,"PPWS":0.7930837382,"REB%":49.4623655914,"OREB%":29.2134831461,"DREB%":68.0412371134,"FTR":0.272,"FFI":28.9870561642,"Py-W":0.1656580672,"Py-L":1.8343419328,"PPR":-3.6925129046,"HHI":0.1200389579},"UE":{"OFF":64.9272166689,"DEF":77.8096009286,"NET":-12.8823842597,"PACE":72.7737956811,"hAST%":10.9011627907,"hTO%":15.053986711,"TOR":19.9247543217,"AR":14.4282703709,"STL%":8.2447259262,"BLK%":5.0632911392,"EFG%":36.4406779661,"TS%":44.1671340437,"PPWS":0.8833426809,"REB%":44.8717948718,"OREB%":29.0697674419,"DREB%":64.2857142857,"FTR":0.4745762712,"FFI":32.490057323,"Py-W":0.1047065904,"Py-L":1.8952934096,"PPR":-3.7986349231,"HHI":0.1381960191},"ADMU":{"OFF":64.7626038965,"DEF":78.2332255069,"NET":-13.4706216105,"PACE":72.3797333333,"hAST%":18.2306658991,"hTO%":9.5950873153,"TOR":13.8160221646,"AR":26.2504421127,"STL%":7.5988121905,"BLK%":8.7912087912,"EFG%":38.28125,"TS%":41.5448019144,"PPWS":0.8308960383,"REB%":46.6666666667,"OREB%":26.6666666667,"DREB%":70.6666666667,"FTR":0.3984375,"FFI":30.0764013745,"Py-W":0.0927546348,"Py-L":1.9072453652,"PPR":1.3579790623,"HHI":0.138048}}