{"ADMU":{"MINS":400.0,"FGM":45.0,"FGA":128.0,"2PM":37.0,"2PA":83.0,"3PM":8.0,"3PA":45.0,"FTM":27.0,"FTA":51.0,"PTS":125.0,"OFF":24.0,"DEF":53.0,"REB":77.0,"AST":38.0,"TO":20.0,"STL":11.0,"BLK":8.0,"STK":19.0,"PF":46.0,"Fls on:":47.0,"+\/-":-26.0,"GW":0.0,"GP":2.0,"W":0.0,"L":2.0,"FG%":35.15625,"2P%":44.578313253,"3P%":17.7777777778,"FT%":52.9411764706},"AdU":{"MINS":400.0,"FGM":37.0,"FGA":125.0,"2PM":26.0,"2PA":76.0,"3PM":11.0,"3PA":49.0,"FTM":26.0,"FTA":34.0,"PTS":111.0,"OFF":26.0,"DEF":66.0,"REB":92.0,"AST":26.0,"TO":32.0,"STL":18.0,"BLK":13.0,"STK":31.0,"PF":29.0,"Fls on:":37.0,"+\/-":-18.0,"GW":16.0,"GP":2.0,"W":1.0,"L":1.0,"FG%":29.6,"2P%":34.2105263158,"3P%":22.4489795918,"FT%":76.4705882353},"DLSU":{"MINS":400.0,"FGM":60.0,"FGA":149.0,"2PM":38.0,"2PA":87.0,"3PM":22.0,"3PA":62.0,"FTM":18.0,"FTA":25.0,"PTS":160.0,"OFF":36.0,"DEF":64.0,"REB":100.0,"AST":48.0,"TO":36.0,"STL":18.0,"BLK":7.0,"STK":25.0,"PF":30.0,"Fls on:":36.0,"+\/-":33.0,"GW":26.0,"GP":2.0,"W":2.0,"L":0.0,"FG%":40.2684563758,"2P%":43.6781609195,"3P%":35.4838709677,"FT%":72.0},"FEU":{"MINS":400.0,"FGM":43.0,"FGA":133.0,"2PM":40.0,"2PA":98.0,"3PM":3.0,"3PA":35.0,"FTM":18.0,"FTA":27.0,"PTS":107.0,"OFF":30.0,"DEF":61.0,"REB":91.0,"AST":29.0,"TO":30.0,"STL":13.0,"BLK":5.0,"STK":18.0,"PF":37.0,"Fls on:":36.0,"+\/-":-14.0,"GW":0.0,"GP":2.0,"W":0.0,"L":2.0,"FG%":32.3308270677,"2P%":40.8163265306,"3P%":8.5714285714,"FT%":66.6666666667},"NU":{"MINS":400.0,"FGM":57.0,"FGA":154.0,"2PM":51.0,"2PA":116.0,"3PM":6.0,"3PA":38.0,"FTM":17.0,"FTA":26.0,"PTS":137.0,"OFF":36.0,"DEF":52.0,"REB":88.0,"AST":32.0,"TO":29.0,"STL":20.0,"BLK":3.0,"STK":23.0,"PF":43.0,"Fls on:":30.0,"+\/-":-1.0,"GW":15.0,"GP":2.0,"W":1.0,"L":1.0,"FG%":37.012987013,"2P%":43.9655172414,"3P%":15.7894736842,"FT%":65.3846153846},"UE":{"MINS":400.0,"FGM":39.0,"FGA":118.0,"2PM":31.0,"2PA":78.0,"3PM":8.0,"3PA":40.0,"FTM":40.0,"FTA":56.0,"PTS":126.0,"OFF":25.0,"DEF":45.0,"REB":70.0,"AST":21.0,"TO":29.0,"STL":12.0,"BLK":4.0,"STK":16.0,"PF":43.0,"Fls on:":49.0,"+\/-":-25.0,"GW":0.0,"GP":2.0,"W":0.0,"L":2.0,"FG%":33.0508474576,"2P%":39.7435897436,"3P%":20.0,"FT%":71.4285714286},"UP":{"MINS":400.0,"FGM":60.0,"FGA":124.0,"2PM":47.0,"2PA":91.0,"3PM":13.0,"3PA":33.0,"FTM":25.0,"FTA":51.0,"PTS":158.0,"OFF":24.0,"DEF":64.0,"REB":88.0,"AST":45.0,"TO":30.0,"STL":7.0,"BLK":12.0,"STK":19.0,"PF":55.0,"Fls on:":51.0,"+\/-":26.0,"GW":28.0,"GP":2.0,"W":2.0,"L":0.0,"FG%":48.3870967742,"2P%":51.6483516484,"3P%":39.3939393939,"FT%":49.0196078431},"UST":{"MINS":400.0,"FGM":55.0,"FGA":134.0,"2PM":43.0,"2PA":79.0,"3PM":12.0,"3PA":55.0,"FTM":22.0,"FTA":31.0,"PTS":144.0,"OFF":23.0,"DEF":63.0,"REB":86.0,"AST":46.0,"TO":20.0,"STL":11.0,"BLK":3.0,"STK":14.0,"PF":42.0,"Fls on:":37.0,"+\/-":25.0,"GW":26.0,"GP":2.0,"W":2.0,"L":0.0,"FG%":41.0447761194,"2P%":54.4303797468,"3P%":21.8181818182,"FT%":70.9677419355},"League":{"MINS":400.0,"FGM":49.5,"FGA":133.125,"2PM":39.125,"2PA":88.5,"3PM":10.375,"3PA":44.625,"FTM":24.125,"FTA":37.625,"PTS":133.5,"OFF":28.0,"DEF":58.5,"REB":86.5,"AST":35.625,"TO":28.25,"STL":13.75,"BLK":6.875,"STK":20.625,"PF":40.625,"Fls on:":40.375,"+\/-":0.0,"GW":13.875,"GP":2.0,"W":1.0,"L":1.0,"FG%":37.1830985915,"2P%":44.209039548,"3P%":23.2492997199,"FT%":64.1196013289}}