TEAM,MINS,FGM,FGA,2PM,2PA,3PM,3PA,FTM,FTA,PTS,OFF,DEF,REB,AST,TO,STL,BLK,STK,PF,Fls on:,+/-,GW,GP,W,L,FG%,2P%,3P%,FT%,W%
DLSU,200.0,30.0,74.5,19.0,43.5,11.0,31.0,9.0,12.5,80.0,18.0,32.0,50.0,24.0,18.0,9.0,3.5,12.5,15.0,18.0,16.5,26.0,2,2,0,40.2684563758,43.6781609195,35.4838709677,72.0,1.0
UP,200.0,30.0,62.0,23.5,45.5,6.5,16.5,12.5,25.5,79.0,12.0,32.0,44.0,22.5,15.0,3.5,6.0,9.5,27.5,25.5,13.0,28.0,2,2,0,48.3870967742,51.6483516484,39.3939393939,49.0196078431,1.0
UST,200.0,27.5,67.0,21.5,39.5,6.0,27.5,11.0,15.5,72.0,11.5,31.5,43.0,23.0,10.0,5.5,1.5,7.0,21.0,18.5,12.5,26.0,2,2,0,41.0447761194,54.4303797468,21.8181818182,70.9677419355,1.0
AdU,200.0,18.5,62.5,13.0,38.0,5.5,24.5,13.0,17.0,55.5,13.0,33.0,46.0,13.0,16.0,9.0,6.5,15.5,14.5,18.5,-9.0,16.0,2,1,1,29.6,34.2105263158,22.4489795918,76.4705882353,0.5
NU,200.0,28.5,77.0,25.5,58.0,3.0,19.0,8.5,13.0,68.5,18.0,26.0,44.0,16.0,14.5,10.0,1.5,11.5,21.5,15.0,-0.5,15.0,2,1,1,37.012987013,43.9655172414,15.7894736842,65.3846153846,0.5
League,200.0,24.75,66.5625,19.5625,44.25,5.1875,22.3125,12.0625,18.8125,66.75,14.0,29.25,43.25,17.8125,14.125,6.875,3.4375,10.3125,20.3125,20.1875,0.0,13.875,2,1,1,37.1830985915,44.209039548,23.2492997199,64.1196013289,0.5
ADMU,200.0,22.5,64.0,18.5,41.5,4.0,22.5,13.5,25.5,62.5,12.0,26.5,38.5,19.0,10.0,5.5,4.0,9.5,23.0,23.5,-13.0,0.0,2,0,2,35.15625,44.578313253,17.7777777778,52.9411764706,0.0
FEU,200.0,21.5,66.5,20.0,49.0,1.5,17.5,9.0,13.5,53.5,15.0,30.5,45.5,14.5,15.0,6.5,2.5,9.0,18.5,18.0,-7.0,0.0,2,0,2,32.3308270677,40.8163265306,8.5714285714,66.6666666667,0.0
UE,200.0,19.5,59.0,15.5,39.0,4.0,20.0,20.0,28.0,63.0,12.5,22.5,35.0,10.5,14.5,6.0,2.0,8.0,21.5,24.5,-12.5,0.0,2,0,2,33.0508474576,39.7435897436,20.0,71.4285714286,0.0
