TEAM,MINS,FGM,FGA,2PM,2PA,3PM,3PA,FTM,FTA,PTS,OFF,DEF,REB,AST,TO,STL,BLK,STK,PF,Fls on:,+/-,GW,GP,W,L,FG%,2P%,3P%,FT%
ADMU,400.0,45.0,128.0,37.0,83.0,8.0,45.0,27.0,51.0,125.0,24.0,53.0,77.0,38.0,20.0,11.0,8.0,19.0,46.0,47.0,-26.0,0.0,2.0,0.0,2.0,35.15625,44.57831325301205,17.77777777777778,52.94117647058823
AdU,400.0,37.0,125.0,26.0,76.0,11.0,49.0,26.0,34.0,111.0,26.0,66.0,92.0,26.0,32.0,18.0,13.0,31.0,29.0,37.0,-18.0,16.0,2.0,1.0,1.0,29.6,34.21052631578947,22.448979591836736,76.47058823529412
DLSU,400.0,60.0,149.0,38.0,87.0,22.0,62.0,18.0,25.0,160.0,36.0,64.0,100.0,48.0,36.0,18.0,7.0,25.0,30.0,36.0,33.0,26.0,2.0,2.0,0.0,40.26845637583892,43.67816091954023,35.483870967741936,72.0
FEU,400.0,43.0,133.0,40.0,98.0,3.0,35.0,18.0,27.0,107.0,30.0,61.0,91.0,29.0,30.0,13.0,5.0,18.0,37.0,36.0,-14.0,0.0,2.0,0.0,2.0,32.330827067669176,40.816326530612244,8.571428571428571,66.66666666666667
NU,400.0,57.0,154.0,51.0,116.0,6.0,38.0,17.0,26.0,137.0,36.0,52.0,88.0,32.0,29.0,20.0,3.0,23.0,43.0,30.0,-1.0,15.0,2.0,1.0,1.0,37.01298701298701,43.96551724137931,15.789473684210526,65.38461538461539
UE,400.0,39.0,118.0,31.0,78.0,8.0,40.0,40.0,56.0,126.0,25.0,45.0,70.0,21.0,29.0,12.0,4.0,16.0,43.0,49.0,-25.0,0.0,2.0,0.0,2.0,33.05084745762712,39.743589743589745,20.0,71.42857142857143
UP,400.0,60.0,124.0,47.0,91.0,13.0,33.0,25.0,51.0,158.0,24.0,64.0,88.0,45.0,30.0,7.0,12.0,19.0,55.0,51.0,26.0,28.0,2.0,2.0,0.0,48.38709677419355,51.64835164835165,39.39393939393939,49.01960784313726
UST,400.0,55.0,134.0,43.0,79.0,12.0,55.0,22.0,31.0,144.0,23.0,63.0,86.0,46.0,20.0,11.0,3.0,14.0,42.0,37.0,25.0,26.0,2.0,2.0,0.0,41.04477611940298,54.43037974683544,21.818181818181817,70.96774193548387
League,400.0,49.5,133.125,39.125,88.5,10.375,44.625,24.125,37.625,133.5,28.0,58.5,86.5,35.625,28.25,13.75,6.875,20.625,40.625,40.375,0.0,13.875,2.0,1.0,1.0,37.183098591549296,44.2090395480226,23.249299719887954,64.11960132890366
