{"ADMU":{"POS":144.7594666667,"PACE":72.3797333333},"AdU":{"POS":146.4032508977,"PACE":73.2016254489},"DLSU":{"POS":155.4532967033,"PACE":77.7266483516},"FEU":{"POS":143.8048553375,"PACE":71.9024276688},"NU":{"POS":152.8572202674,"PACE":76.4286101337},"UE":{"POS":145.5475913621,"PACE":72.7737956811},"UP":{"POS":149.0962043112,"PACE":74.5481021556},"UST":{"POS":141.5600632911,"PACE":70.7800316456},"League":{"POS":147.4352436046,"PACE":73.7176218023}}