{"DLSU":{"MINS":200.0,"FGM":30.0,"FGA":74.5,"2PM":19.0,"2PA":43.5,"3PM":11.0,"3PA":31.0,"FTM":9.0,"FTA":12.5,"PTS":80.0,"OFF":18.0,"DEF":32.0,"REB":50.0,"AST":24.0,"TO":18.0,"STL":9.0,"BLK":3.5,"STK":12.5,"PF":15.0,"Fls on:":18.0,"+\/-":16.5,"GW":26.0,"GP":2,"W":2,"L":0,"FG%":40.2684563758,"2P%":43.6781609195,"3P%":35.4838709677,"FT%":72.0,"W%":1.0},"UP":{"MINS":200.0,"FGM":30.0,"FGA":62.0,"2PM":23.5,"2PA":45.5,"3PM":6.5,"3PA":16.5,"FTM":12.5,"FTA":25.5,"PTS":79.0,"OFF":12.0,"DEF":32.0,"REB":44.0,"AST":22.5,"TO":15.0,"STL":3.5,"BLK":6.0,"STK":9.5,"PF":27.5,"Fls on:":25.5,"+\/-":13.0,"GW":28.0,"GP":2,"W":2,"L":0,"FG%":48.3870967742,"2P%":51.6483516484,"3P%":39.3939393939,"FT%":49.0196078431,"W%":1.0},"UST":{"MINS":200.0,"FGM":27.5,"FGA":67.0,"2PM":21.5,"2PA":39.5,"3PM":6.0,"3PA":27.5,"FTM":11.0,"FTA":15.5,"PTS":72.0,"OFF":11.5,"DEF":31.5,"REB":43.0,"AST":23.0,"TO":10.0,"STL":5.5,"BLK":1.5,"STK":7.0,"PF":21.0,"Fls on:":18.5,"+\/-":12.5,"GW":26.0,"GP":2,"W":2,"L":0,"FG%":41.0447761194,"2P%":54.4303797468,"3P%":21.8181818182,"FT%":70.9677419355,"W%":1.0},"AdU":{"MINS":200.0,"FGM":18.5,"FGA":62.5,"2PM":13.0,"2PA":38.0,"3PM":5.5,"3PA":24.5,"FTM":13.0,"FTA":17.0,"PTS":55.5,"OFF":13.0,"DEF":33.0,"REB":46.0,"AST":13.0,"TO":16.0,"STL":9.0,"BLK":6.5,"STK":15.5,"PF":14.5,"Fls on:":18.5,"+\/-":-9.0,"GW":16.0,"GP":2,"W":1,"L":1,"FG%":29.6,"2P%":34.2105263158,"3P%":22.4489795918,"FT%":76.4705882353,"W%":0.5},"NU":{"MINS":200.0,"FGM":28.5,"FGA":77.0,"2PM":25.5,"2PA":58.0,"3PM":3.0,"3PA":19.0,"FTM":8.5,"FTA":13.0,"PTS":68.5,"OFF":18.0,"DEF":26.0,"REB":44.0,"AST":16.0,"TO":14.5,"STL":10.0,"BLK":1.5,"STK":11.5,"PF":21.5,"Fls on:":15.0,"+\/-":-0.5,"GW":15.0,"GP":2,"W":1,"L":1,"FG%":37.012987013,"2P%":43.9655172414,"3P%":15.7894736842,"FT%":65.3846153846,"W%":0.5},"League":{"MINS":200.0,"FGM":24.75,"FGA":66.5625,"2PM":19.5625,"2PA":44.25,"3PM":5.1875,"3PA":22.3125,"FTM":12.0625,"FTA":18.8125,"PTS":66.75,"OFF":14.0,"DEF":29.25,"REB":43.25,"AST":17.8125,"TO":14.125,"STL":6.875,"BLK":3.4375,"STK":10.3125,"PF":20.3125,"Fls on:":20.1875,"+\/-":0.0,"GW":13.875,"GP":2,"W":1,"L":1,"FG%":37.1830985915,"2P%":44.209039548,"3P%":23.2492997199,"FT%":64.1196013289,"W%":0.5},"ADMU":{"MINS":200.0,"FGM":22.5,"FGA":64.0,"2PM":18.5,"2PA":41.5,"3PM":4.0,"3PA":22.5,"FTM":13.5,"FTA":25.5,"PTS":62.5,"OFF":12.0,"DEF":26.5,"REB":38.5,"AST":19.0,"TO":10.0,"STL":5.5,"BLK":4.0,"STK":9.5,"PF":23.0,"Fls on:":23.5,"+\/-":-13.0,"GW":0.0,"GP":2,"W":0,"L":2,"FG%":35.15625,"2P%":44.578313253,"3P%":17.7777777778,"FT%":52.9411764706,"W%":0.0},"FEU":{"MINS":200.0,"FGM":21.5,"FGA":66.5,"2PM":20.0,"2PA":49.0,"3PM":1.5,"3PA":17.5,"FTM":9.0,"FTA":13.5,"PTS":53.5,"OFF":15.0,"DEF":30.5,"REB":45.5,"AST":14.5,"TO":15.0,"STL":6.5,"BLK":2.5,"STK":9.0,"PF":18.5,"Fls on:":18.0,"+\/-":-7.0,"GW":0.0,"GP":2,"W":0,"L":2,"FG%":32.3308270677,"2P%":40.8163265306,"3P%":8.5714285714,"FT%":66.6666666667,"W%":0.0},"UE":{"MINS":200.0,"FGM":19.5,"FGA":59.0,"2PM":15.5,"2PA":39.0,"3PM":4.0,"3PA":20.0,"FTM":20.0,"FTA":28.0,"PTS":63.0,"OFF":12.5,"DEF":22.5,"REB":35.0,"AST":10.5,"TO":14.5,"STL":6.0,"BLK":2.0,"STK":8.0,"PF":21.5,"Fls on:":24.5,"+\/-":-12.5,"GW":0.0,"GP":2,"W":0,"L":2,"FG%":33.0508474576,"2P%":39.7435897436,"3P%":20.0,"FT%":71.4285714286,"W%":0.0}}