{"ADMU":{"2PM":240.0,"2PA":477.0,"3PM":67.0,"3PA":256.0,"FTM":160.0,"FTA":241.0,"OFF":149.0,"DEF":408.0,"AST":199.0,"TO":189.0,"STL":51.0,"BLK":41.0,"PF":261.0,"Fls on:":244.0,"+\/-":97.0,"GW":110.0,"GP":12.0,"MINS":2400.0,"FGM":307.0,"FGA":733.0,"FG%":41.8826739427,"2P%":50.3144654088,"3P%":26.171875,"FT%":66.3900414938,"PTS":841.0,"REB":557.0,"STK":92.0},"NU":{"2PM":227.0,"2PA":535.0,"3PM":92.0,"3PA":353.0,"FTM":174.0,"FTA":276.0,"OFF":214.0,"DEF":415.0,"AST":210.0,"TO":236.0,"STL":87.0,"BLK":40.0,"PF":264.0,"Fls on:":303.0,"+\/-":32.0,"GW":119.0,"GP":14.0,"MINS":2800.0,"FGM":319.0,"FGA":888.0,"FG%":35.9234234234,"2P%":42.4299065421,"3P%":26.0623229462,"FT%":63.0434782609,"PTS":904.0,"REB":629.0,"STK":127.0},"AdU":{"2PM":181.0,"2PA":446.0,"3PM":77.0,"3PA":301.0,"FTM":136.0,"FTA":204.0,"OFF":138.0,"DEF":343.0,"AST":181.0,"TO":182.0,"STL":95.0,"BLK":31.0,"PF":214.0,"Fls on:":226.0,"+\/-":45.0,"GW":91.0,"GP":12.0,"MINS":2400.0,"FGM":258.0,"FGA":747.0,"FG%":34.5381526104,"2P%":40.5829596413,"3P%":25.5813953488,"FT%":66.6666666667,"PTS":729.0,"REB":481.0,"STK":126.0},"DLSU":{"2PM":260.0,"2PA":608.0,"3PM":72.0,"3PA":322.0,"FTM":159.0,"FTA":262.0,"OFF":160.0,"DEF":364.0,"AST":172.0,"TO":209.0,"STL":128.0,"BLK":40.0,"PF":292.0,"Fls on:":259.0,"+\/-":-144.0,"GW":25.0,"GP":14.0,"MINS":2800.0,"FGM":332.0,"FGA":930.0,"FG%":35.6989247312,"2P%":42.7631578947,"3P%":22.3602484472,"FT%":60.6870229008,"PTS":895.0,"REB":524.0,"STK":168.0},"FEU":{"2PM":234.0,"2PA":606.0,"3PM":82.0,"3PA":308.0,"FTM":120.0,"FTA":207.0,"OFF":186.0,"DEF":399.0,"AST":214.0,"TO":166.0,"STL":87.0,"BLK":42.0,"PF":243.0,"Fls on:":211.0,"+\/-":30.0,"GW":110.0,"GP":13.0,"MINS":2600.0,"FGM":316.0,"FGA":914.0,"FG%":34.5733041575,"2P%":38.6138613861,"3P%":26.6233766234,"FT%":57.9710144928,"PTS":834.0,"REB":585.0,"STK":129.0},"UP":{"2PM":194.0,"2PA":489.0,"3PM":76.0,"3PA":276.0,"FTM":154.0,"FTA":250.0,"OFF":153.0,"DEF":307.0,"AST":174.0,"TO":208.0,"STL":90.0,"BLK":35.0,"PF":261.0,"Fls on:":253.0,"+\/-":-93.0,"GW":37.0,"GP":12.0,"MINS":2400.0,"FGM":270.0,"FGA":765.0,"FG%":35.2941176471,"2P%":39.672801636,"3P%":27.5362318841,"FT%":61.6,"PTS":770.0,"REB":460.0,"STK":125.0},"UE":{"2PM":188.0,"2PA":429.0,"3PM":81.0,"3PA":307.0,"FTM":144.0,"FTA":255.0,"OFF":155.0,"DEF":361.0,"AST":201.0,"TO":192.0,"STL":81.0,"BLK":39.0,"PF":250.0,"Fls on:":246.0,"+\/-":20.0,"GW":72.0,"GP":12.0,"MINS":2400.0,"FGM":269.0,"FGA":736.0,"FG%":36.5489130435,"2P%":43.8228438228,"3P%":26.3843648208,"FT%":56.4705882353,"PTS":763.0,"REB":516.0,"STK":120.0},"UST":{"2PM":235.0,"2PA":523.0,"3PM":100.0,"3PA":322.0,"FTM":171.0,"FTA":248.0,"OFF":153.0,"DEF":389.0,"AST":211.0,"TO":189.0,"STL":82.0,"BLK":43.0,"PF":254.0,"Fls on:":265.0,"+\/-":13.0,"GW":92.0,"GP":13.0,"MINS":2600.0,"FGM":335.0,"FGA":845.0,"FG%":39.6449704142,"2P%":44.9330783939,"3P%":31.0559006211,"FT%":68.9516129032,"PTS":941.0,"REB":542.0,"STK":125.0},"League":{"2PM":219.875,"2PA":514.125,"3PM":80.875,"3PA":305.625,"FTM":152.25,"FTA":242.875,"OFF":163.5,"DEF":373.25,"AST":195.25,"TO":196.375,"STL":87.625,"BLK":38.875,"PF":254.875,"Fls on:":250.875,"+\/-":0.0,"GW":82.0,"GP":12.75,"MINS":2550.0,"FGM":300.75,"FGA":819.75,"FG%":36.6880146386,"2P%":42.7668368587,"3P%":26.4621676892,"FT%":62.6865671642,"PTS":834.625,"REB":536.75,"STK":126.5}}