{"ADMU":{"MINS":2425.0,"FGM":256.0,"FGA":781.0,"2PM":173.0,"2PA":441.0,"3PM":83.0,"3PA":340.0,"FTM":149.0,"FTA":264.0,"PTS":744.0,"OFF":147.0,"DEF":293.0,"REB":440.0,"AST":185.0,"TO":130.0,"STL":84.0,"BLK":24.0,"STK":108.0,"PF":245.0,"Fls on:":257.0,"+\/-":-97.0,"GW":36.0,"GP":12.0,"W":3.0,"L":9.0,"FG%":32.7784891165,"2P%":39.2290249433,"3P%":24.4117647059,"FT%":56.4393939394},"AdU":{"MINS":2425.0,"FGM":238.0,"FGA":719.0,"2PM":157.0,"2PA":425.0,"3PM":81.0,"3PA":294.0,"FTM":127.0,"FTA":201.0,"PTS":684.0,"OFF":142.0,"DEF":374.0,"REB":516.0,"AST":165.0,"TO":211.0,"STL":77.0,"BLK":49.0,"STK":126.0,"PF":229.0,"Fls on:":215.0,"+\/-":-45.0,"GW":70.0,"GP":12.0,"W":5.0,"L":7.0,"FG%":33.1015299026,"2P%":36.9411764706,"3P%":27.5510204082,"FT%":63.184079602},"DLSU":{"MINS":2825.0,"FGM":376.0,"FGA":935.0,"2PM":274.0,"2PA":598.0,"3PM":102.0,"3PA":337.0,"FTM":185.0,"FTA":294.0,"PTS":1039.0,"OFF":226.0,"DEF":460.0,"REB":686.0,"AST":291.0,"TO":263.0,"STL":98.0,"BLK":45.0,"STK":143.0,"PF":264.0,"Fls on:":284.0,"+\/-":144.0,"GW":152.0,"GP":14.0,"W":12.0,"L":2.0,"FG%":40.2139037433,"2P%":45.8193979933,"3P%":30.2670623145,"FT%":62.925170068},"FEU":{"MINS":2650.0,"FGM":299.0,"FGA":855.0,"2PM":242.0,"2PA":588.0,"3PM":57.0,"3PA":267.0,"FTM":149.0,"FTA":221.0,"PTS":804.0,"OFF":170.0,"DEF":424.0,"REB":594.0,"AST":152.0,"TO":196.0,"STL":78.0,"BLK":53.0,"STK":131.0,"PF":215.0,"Fls on:":240.0,"+\/-":-30.0,"GW":52.0,"GP":13.0,"W":5.0,"L":8.0,"FG%":34.9707602339,"2P%":41.156462585,"3P%":21.3483146067,"FT%":67.4208144796},"NU":{"MINS":2800.0,"FGM":320.0,"FGA":905.0,"2PM":245.0,"2PA":603.0,"3PM":75.0,"3PA":302.0,"FTM":157.0,"FTA":243.0,"PTS":872.0,"OFF":172.0,"DEF":381.0,"REB":553.0,"AST":185.0,"TO":202.0,"STL":96.0,"BLK":34.0,"STK":130.0,"PF":305.0,"Fls on:":259.0,"+\/-":-32.0,"GW":71.0,"GP":14.0,"W":5.0,"L":9.0,"FG%":35.3591160221,"2P%":40.6301824212,"3P%":24.8344370861,"FT%":64.6090534979},"UE":{"MINS":2400.0,"FGM":258.0,"FGA":720.0,"2PM":176.0,"2PA":442.0,"3PM":82.0,"3PA":278.0,"FTM":145.0,"FTA":233.0,"PTS":743.0,"OFF":128.0,"DEF":322.0,"REB":450.0,"AST":157.0,"TO":176.0,"STL":83.0,"BLK":33.0,"STK":116.0,"PF":252.0,"Fls on:":248.0,"+\/-":-20.0,"GW":72.0,"GP":12.0,"W":6.0,"L":6.0,"FG%":35.8333333333,"2P%":39.8190045249,"3P%":29.4964028777,"FT%":62.2317596567},"UP":{"MINS":2400.0,"FGM":322.0,"FGA":775.0,"2PM":255.0,"2PA":520.0,"3PM":67.0,"3PA":255.0,"FTM":152.0,"FTA":247.0,"PTS":863.0,"OFF":163.0,"DEF":363.0,"REB":526.0,"AST":209.0,"TO":204.0,"STL":92.0,"BLK":46.0,"STK":138.0,"PF":259.0,"Fls on:":256.0,"+\/-":93.0,"GW":129.0,"GP":12.0,"W":9.0,"L":3.0,"FG%":41.5483870968,"2P%":49.0384615385,"3P%":26.2745098039,"FT%":61.5384615385},"UST":{"MINS":2625.0,"FGM":337.0,"FGA":868.0,"2PM":237.0,"2PA":496.0,"3PM":100.0,"3PA":372.0,"FTM":154.0,"FTA":240.0,"PTS":928.0,"OFF":160.0,"DEF":369.0,"REB":529.0,"AST":218.0,"TO":189.0,"STL":93.0,"BLK":27.0,"STK":120.0,"PF":270.0,"Fls on:":248.0,"+\/-":-13.0,"GW":74.0,"GP":13.0,"W":6.0,"L":7.0,"FG%":38.8248847926,"2P%":47.7822580645,"3P%":26.8817204301,"FT%":64.1666666667},"League":{"MINS":2568.75,"FGM":300.75,"FGA":819.75,"2PM":219.875,"2PA":514.125,"3PM":80.875,"3PA":305.625,"FTM":152.25,"FTA":242.875,"PTS":834.625,"OFF":163.5,"DEF":373.25,"REB":536.75,"AST":195.25,"TO":196.375,"STL":87.625,"BLK":38.875,"STK":126.5,"PF":254.875,"Fls on:":250.875,"+\/-":0.0,"GW":82.0,"GP":12.75,"W":6.375,"L":6.375,"FG%":36.6880146386,"2P%":42.7668368587,"3P%":26.4621676892,"FT%":62.6865671642}}