{"DLSU":{"MINS":201.7857142857,"FGM":26.8571428571,"FGA":66.7857142857,"2PM":19.5714285714,"2PA":42.7142857143,"3PM":7.2857142857,"3PA":24.0714285714,"FTM":13.2142857143,"FTA":21.0,"PTS":74.2142857143,"OFF":16.1428571429,"DEF":32.8571428571,"REB":49.0,"AST":20.7857142857,"TO":18.7857142857,"STL":7.0,"BLK":3.2142857143,"STK":10.2142857143,"PF":18.8571428571,"Fls on:":20.2857142857,"+\/-":10.2857142857,"GW":152,"GP":14.0,"W":12.0,"L":2.0,"FG%":40.2139037433,"2P%":45.8193979933,"3P%":30.2670623145,"FT%":62.925170068,"W%":0.8571428571},"UP":{"MINS":200.0,"FGM":26.8333333333,"FGA":64.5833333333,"2PM":21.25,"2PA":43.3333333333,"3PM":5.5833333333,"3PA":21.25,"FTM":12.6666666667,"FTA":20.5833333333,"PTS":71.9166666667,"OFF":13.5833333333,"DEF":30.25,"REB":43.8333333333,"AST":17.4166666667,"TO":17.0,"STL":7.6666666667,"BLK":3.8333333333,"STK":11.5,"PF":21.5833333333,"Fls on:":21.3333333333,"+\/-":7.75,"GW":129,"GP":12.0,"W":9.0,"L":3.0,"FG%":41.5483870968,"2P%":49.0384615385,"3P%":26.2745098039,"FT%":61.5384615385,"W%":0.75},"UE":{"MINS":200.0,"FGM":21.5,"FGA":60.0,"2PM":14.6666666667,"2PA":36.8333333333,"3PM":6.8333333333,"3PA":23.1666666667,"FTM":12.0833333333,"FTA":19.4166666667,"PTS":61.9166666667,"OFF":10.6666666667,"DEF":26.8333333333,"REB":37.5,"AST":13.0833333333,"TO":14.6666666667,"STL":6.9166666667,"BLK":2.75,"STK":9.6666666667,"PF":21.0,"Fls on:":20.6666666667,"+\/-":-1.6666666667,"GW":72,"GP":12.0,"W":6.0,"L":6.0,"FG%":35.8333333333,"2P%":39.8190045249,"3P%":29.4964028777,"FT%":62.2317596567,"W%":0.5},"League":{"MINS":201.4705882353,"FGM":23.5882352941,"FGA":64.2941176471,"2PM":17.2450980392,"2PA":40.3235294118,"3PM":6.3431372549,"3PA":23.9705882353,"FTM":11.9411764706,"FTA":19.0490196078,"PTS":65.4607843137,"OFF":12.8235294118,"DEF":29.2745098039,"REB":42.0980392157,"AST":15.3137254902,"TO":15.4019607843,"STL":6.8725490196,"BLK":3.0490196078,"STK":9.9215686275,"PF":19.9901960784,"Fls on:":19.6764705882,"+\/-":0.0,"GW":82,"GP":12.75,"W":6.375,"L":6.375,"FG%":36.6880146386,"2P%":42.7668368587,"3P%":26.4621676892,"FT%":62.6865671642,"W%":0.5},"UST":{"MINS":201.9230769231,"FGM":25.9230769231,"FGA":66.7692307692,"2PM":18.2307692308,"2PA":38.1538461538,"3PM":7.6923076923,"3PA":28.6153846154,"FTM":11.8461538462,"FTA":18.4615384615,"PTS":71.3846153846,"OFF":12.3076923077,"DEF":28.3846153846,"REB":40.6923076923,"AST":16.7692307692,"TO":14.5384615385,"STL":7.1538461538,"BLK":2.0769230769,"STK":9.2307692308,"PF":20.7692307692,"Fls on:":19.0769230769,"+\/-":-1.0,"GW":74,"GP":13.0,"W":6.0,"L":7.0,"FG%":38.8248847926,"2P%":47.7822580645,"3P%":26.8817204301,"FT%":64.1666666667,"W%":0.4615384615},"AdU":{"MINS":202.0833333333,"FGM":19.8333333333,"FGA":59.9166666667,"2PM":13.0833333333,"2PA":35.4166666667,"3PM":6.75,"3PA":24.5,"FTM":10.5833333333,"FTA":16.75,"PTS":57.0,"OFF":11.8333333333,"DEF":31.1666666667,"REB":43.0,"AST":13.75,"TO":17.5833333333,"STL":6.4166666667,"BLK":4.0833333333,"STK":10.5,"PF":19.0833333333,"Fls on:":17.9166666667,"+\/-":-3.75,"GW":70,"GP":12.0,"W":5.0,"L":7.0,"FG%":33.1015299026,"2P%":36.9411764706,"3P%":27.5510204082,"FT%":63.184079602,"W%":0.4166666667},"FEU":{"MINS":203.8461538462,"FGM":23.0,"FGA":65.7692307692,"2PM":18.6153846154,"2PA":45.2307692308,"3PM":4.3846153846,"3PA":20.5384615385,"FTM":11.4615384615,"FTA":17.0,"PTS":61.8461538462,"OFF":13.0769230769,"DEF":32.6153846154,"REB":45.6923076923,"AST":11.6923076923,"TO":15.0769230769,"STL":6.0,"BLK":4.0769230769,"STK":10.0769230769,"PF":16.5384615385,"Fls on:":18.4615384615,"+\/-":-2.3076923077,"GW":52,"GP":13.0,"W":5.0,"L":8.0,"FG%":34.9707602339,"2P%":41.156462585,"3P%":21.3483146067,"FT%":67.4208144796,"W%":0.3846153846},"NU":{"MINS":200.0,"FGM":22.8571428571,"FGA":64.6428571429,"2PM":17.5,"2PA":43.0714285714,"3PM":5.3571428571,"3PA":21.5714285714,"FTM":11.2142857143,"FTA":17.3571428571,"PTS":62.2857142857,"OFF":12.2857142857,"DEF":27.2142857143,"REB":39.5,"AST":13.2142857143,"TO":14.4285714286,"STL":6.8571428571,"BLK":2.4285714286,"STK":9.2857142857,"PF":21.7857142857,"Fls on:":18.5,"+\/-":-2.2857142857,"GW":71,"GP":14.0,"W":5.0,"L":9.0,"FG%":35.3591160221,"2P%":40.6301824212,"3P%":24.8344370861,"FT%":64.6090534979,"W%":0.3571428571},"ADMU":{"MINS":202.0833333333,"FGM":21.3333333333,"FGA":65.0833333333,"2PM":14.4166666667,"2PA":36.75,"3PM":6.9166666667,"3PA":28.3333333333,"FTM":12.4166666667,"FTA":22.0,"PTS":62.0,"OFF":12.25,"DEF":24.4166666667,"REB":36.6666666667,"AST":15.4166666667,"TO":10.8333333333,"STL":7.0,"BLK":2.0,"STK":9.0,"PF":20.4166666667,"Fls on:":21.4166666667,"+\/-":-8.0833333333,"GW":36,"GP":12.0,"W":3.0,"L":9.0,"FG%":32.7784891165,"2P%":39.2290249433,"3P%":24.4117647059,"FT%":56.4393939394,"W%":0.25}}