{"NU":{"2PM":43.0,"2PA":97.0,"3PM":9.0,"3PA":39.0,"FTM":25.0,"FTA":34.0,"OFF":35.0,"DEF":62.0,"AST":36.0,"TO":37.0,"STL":15.0,"BLK":10.0,"PF":30.0,"Fls on:":43.0,"+\/-":1.0,"GW":12.0,"GP":2.0,"MINS":400.0,"FGM":52.0,"FGA":136.0,"FG%":38.2352941176,"2P%":44.3298969072,"3P%":23.0769230769,"FT%":73.5294117647,"PTS":138.0,"REB":97.0,"STK":25.0},"FEU":{"2PM":33.0,"2PA":93.0,"3PM":11.0,"3PA":46.0,"FTM":22.0,"FTA":34.0,"OFF":36.0,"DEF":63.0,"AST":30.0,"TO":30.0,"STL":20.0,"BLK":11.0,"PF":36.0,"Fls on:":37.0,"+\/-":14.0,"GW":31.0,"GP":2.0,"MINS":400.0,"FGM":44.0,"FGA":139.0,"FG%":31.654676259,"2P%":35.4838709677,"3P%":23.9130434783,"FT%":64.7058823529,"PTS":121.0,"REB":99.0,"STK":31.0},"UP":{"2PM":15.0,"2PA":44.0,"3PM":4.0,"3PA":22.0,"FTM":19.0,"FTA":40.0,"OFF":18.0,"DEF":22.0,"AST":19.0,"TO":9.0,"STL":7.0,"BLK":4.0,"PF":26.0,"Fls on:":29.0,"+\/-":-16.0,"GW":0.0,"GP":1.0,"MINS":200.0,"FGM":19.0,"FGA":66.0,"FG%":28.7878787879,"2P%":34.0909090909,"3P%":18.1818181818,"FT%":47.5,"PTS":61.0,"REB":40.0,"STK":11.0},"DLSU":{"2PM":44.0,"2PA":99.0,"3PM":6.0,"3PA":41.0,"FTM":21.0,"FTA":26.0,"OFF":26.0,"DEF":55.0,"AST":28.0,"TO":31.0,"STL":18.0,"BLK":5.0,"PF":36.0,"Fls on:":30.0,"+\/-":-33.0,"GW":0.0,"GP":2.0,"MINS":400.0,"FGM":50.0,"FGA":140.0,"FG%":35.7142857143,"2P%":44.4444444444,"3P%":14.6341463415,"FT%":80.7692307692,"PTS":127.0,"REB":81.0,"STK":23.0},"AdU":{"2PM":35.0,"2PA":88.0,"3PM":16.0,"3PA":58.0,"FTM":11.0,"FTA":18.0,"OFF":31.0,"DEF":63.0,"AST":41.0,"TO":29.0,"STL":16.0,"BLK":2.0,"PF":37.0,"Fls on:":29.0,"+\/-":18.0,"GW":14.0,"GP":2.0,"MINS":400.0,"FGM":51.0,"FGA":146.0,"FG%":34.9315068493,"2P%":39.7727272727,"3P%":27.5862068966,"FT%":61.1111111111,"PTS":129.0,"REB":94.0,"STK":18.0},"UE":{"2PM":20.0,"2PA":32.0,"3PM":7.0,"3PA":32.0,"FTM":9.0,"FTA":14.0,"OFF":12.0,"DEF":32.0,"AST":24.0,"TO":14.0,"STL":6.0,"BLK":1.0,"PF":24.0,"Fls on:":17.0,"+\/-":15.0,"GW":14.0,"GP":1.0,"MINS":200.0,"FGM":27.0,"FGA":64.0,"FG%":42.1875,"2P%":62.5,"3P%":21.875,"FT%":64.2857142857,"PTS":70.0,"REB":44.0,"STK":7.0},"ADMU":{"2PM":47.0,"2PA":91.0,"3PM":10.0,"3PA":38.0,"FTM":27.0,"FTA":41.0,"OFF":22.0,"DEF":66.0,"AST":45.0,"TO":22.0,"STL":7.0,"BLK":8.0,"PF":48.0,"Fls on:":46.0,"+\/-":26.0,"GW":26.0,"GP":2.0,"MINS":400.0,"FGM":57.0,"FGA":129.0,"FG%":44.1860465116,"2P%":51.6483516484,"3P%":26.3157894737,"FT%":65.8536585366,"PTS":151.0,"REB":88.0,"STK":15.0},"UST":{"2PM":35.0,"2PA":78.0,"3PM":7.0,"3PA":40.0,"FTM":28.0,"FTA":37.0,"OFF":16.0,"DEF":56.0,"AST":31.0,"TO":25.0,"STL":8.0,"BLK":4.0,"PF":38.0,"Fls on:":42.0,"+\/-":-25.0,"GW":0.0,"GP":2.0,"MINS":400.0,"FGM":42.0,"FGA":118.0,"FG%":35.593220339,"2P%":44.8717948718,"3P%":17.5,"FT%":75.6756756757,"PTS":119.0,"REB":72.0,"STK":12.0},"League":{"2PM":34.0,"2PA":77.75,"3PM":8.75,"3PA":39.5,"FTM":20.25,"FTA":30.5,"OFF":24.5,"DEF":52.375,"AST":31.75,"TO":24.625,"STL":12.125,"BLK":5.625,"PF":34.375,"Fls on:":34.125,"+\/-":0.0,"GW":12.125,"GP":1.75,"MINS":350.0,"FGM":42.75,"FGA":117.25,"FG%":36.460554371,"2P%":43.729903537,"3P%":22.1518987342,"FT%":66.393442623,"PTS":114.5,"REB":76.875,"STK":17.75}}