{"DLSU":{"2PM":22.0,"2PA":49.5,"3PM":3.0,"3PA":20.5,"FTM":10.5,"FTA":13.0,"OFF":13.0,"DEF":27.5,"AST":14.0,"TO":15.5,"STL":9.0,"BLK":2.5,"PF":18.0,"Fls on:":15.0,"+\/-":-16.5,"GW":0.0,"GP":2.0,"MINS":200.0,"FGM":25.0,"FGA":70.0,"FG%":35.7142857143,"2P%":44.4444444444,"3P%":14.6341463415,"FT%":80.7692307692,"PTS":63.5,"REB":40.5,"STK":11.5},"UP":{"2PM":15.0,"2PA":44.0,"3PM":4.0,"3PA":22.0,"FTM":19.0,"FTA":40.0,"OFF":18.0,"DEF":22.0,"AST":19.0,"TO":9.0,"STL":7.0,"BLK":4.0,"PF":26.0,"Fls on:":29.0,"+\/-":-16.0,"GW":0.0,"GP":1.0,"MINS":200.0,"FGM":19.0,"FGA":66.0,"FG%":28.7878787879,"2P%":34.0909090909,"3P%":18.1818181818,"FT%":47.5,"PTS":61.0,"REB":40.0,"STK":11.0},"UST":{"2PM":17.5,"2PA":39.0,"3PM":3.5,"3PA":20.0,"FTM":14.0,"FTA":18.5,"OFF":8.0,"DEF":28.0,"AST":15.5,"TO":12.5,"STL":4.0,"BLK":2.0,"PF":19.0,"Fls on:":21.0,"+\/-":-12.5,"GW":0.0,"GP":2.0,"MINS":200.0,"FGM":21.0,"FGA":59.0,"FG%":35.593220339,"2P%":44.8717948718,"3P%":17.5,"FT%":75.6756756757,"PTS":59.5,"REB":36.0,"STK":6.0},"League":{"2PM":19.4285714286,"2PA":44.4285714286,"3PM":5.0,"3PA":22.5714285714,"FTM":11.5714285714,"FTA":17.4285714286,"OFF":14.0,"DEF":29.9285714286,"AST":18.1428571429,"TO":14.0714285714,"STL":6.9285714286,"BLK":3.2142857143,"PF":19.6428571429,"Fls on:":19.5,"+\/-":0.0,"GW":12.125,"GP":1.75,"MINS":200.0,"FGM":24.4285714286,"FGA":67.0,"FG%":36.460554371,"2P%":43.729903537,"3P%":22.1518987342,"FT%":66.393442623,"PTS":65.4285714286,"REB":43.9285714286,"STK":10.1428571429},"NU":{"2PM":21.5,"2PA":48.5,"3PM":4.5,"3PA":19.5,"FTM":12.5,"FTA":17.0,"OFF":17.5,"DEF":31.0,"AST":18.0,"TO":18.5,"STL":7.5,"BLK":5.0,"PF":15.0,"Fls on:":21.5,"+\/-":0.5,"GW":12.0,"GP":2.0,"MINS":200.0,"FGM":26.0,"FGA":68.0,"FG%":38.2352941176,"2P%":44.3298969072,"3P%":23.0769230769,"FT%":73.5294117647,"PTS":69.0,"REB":48.5,"STK":12.5},"FEU":{"2PM":16.5,"2PA":46.5,"3PM":5.5,"3PA":23.0,"FTM":11.0,"FTA":17.0,"OFF":18.0,"DEF":31.5,"AST":15.0,"TO":15.0,"STL":10.0,"BLK":5.5,"PF":18.0,"Fls on:":18.5,"+\/-":7.0,"GW":31.0,"GP":2.0,"MINS":200.0,"FGM":22.0,"FGA":69.5,"FG%":31.654676259,"2P%":35.4838709677,"3P%":23.9130434783,"FT%":64.7058823529,"PTS":60.5,"REB":49.5,"STK":15.5},"AdU":{"2PM":17.5,"2PA":44.0,"3PM":8.0,"3PA":29.0,"FTM":5.5,"FTA":9.0,"OFF":15.5,"DEF":31.5,"AST":20.5,"TO":14.5,"STL":8.0,"BLK":1.0,"PF":18.5,"Fls on:":14.5,"+\/-":9.0,"GW":14.0,"GP":2.0,"MINS":200.0,"FGM":25.5,"FGA":73.0,"FG%":34.9315068493,"2P%":39.7727272727,"3P%":27.5862068966,"FT%":61.1111111111,"PTS":64.5,"REB":47.0,"STK":9.0},"ADMU":{"2PM":23.5,"2PA":45.5,"3PM":5.0,"3PA":19.0,"FTM":13.5,"FTA":20.5,"OFF":11.0,"DEF":33.0,"AST":22.5,"TO":11.0,"STL":3.5,"BLK":4.0,"PF":24.0,"Fls on:":23.0,"+\/-":13.0,"GW":26.0,"GP":2.0,"MINS":200.0,"FGM":28.5,"FGA":64.5,"FG%":44.1860465116,"2P%":51.6483516484,"3P%":26.3157894737,"FT%":65.8536585366,"PTS":75.5,"REB":44.0,"STK":7.5},"UE":{"2PM":20.0,"2PA":32.0,"3PM":7.0,"3PA":32.0,"FTM":9.0,"FTA":14.0,"OFF":12.0,"DEF":32.0,"AST":24.0,"TO":14.0,"STL":6.0,"BLK":1.0,"PF":24.0,"Fls on:":17.0,"+\/-":15.0,"GW":14.0,"GP":1.0,"MINS":200.0,"FGM":27.0,"FGA":64.0,"FG%":42.1875,"2P%":62.5,"3P%":21.875,"FT%":64.2857142857,"PTS":70.0,"REB":44.0,"STK":7.0}}