TEAM,MINS,FGM,FGA,2PM,2PA,3PM,3PA,FTM,FTA,PTS,OFF,DEF,REB,AST,TO,STL,BLK,STK,PF,Fls on:,+/-,GW,GP,W,L,FG%,2P%,3P%,FT%
ADMU,400.0,45.0,128.0,37.0,83.0,8.0,45.0,27.0,51.0,125.0,24.0,53.0,77.0,38.0,20.0,11.0,8.0,19.0,46.0,47.0,-26.0,0.0,2.0,0.0,2.0,35.15625,44.57831325301205,17.77777777777778,52.94117647058823
AdU,400.0,37.0,125.0,26.0,76.0,11.0,49.0,26.0,34.0,111.0,26.0,66.0,92.0,26.0,32.0,18.0,13.0,31.0,29.0,37.0,-18.0,16.0,2.0,1.0,1.0,29.6,34.21052631578947,22.448979591836736,76.47058823529412
DLSU,400.0,60.0,149.0,38.0,87.0,22.0,62.0,18.0,25.0,160.0,36.0,64.0,100.0,48.0,36.0,18.0,7.0,25.0,30.0,36.0,33.0,26.0,2.0,2.0,0.0,40.26845637583892,43.67816091954023,35.483870967741936,72.0
FEU,400.0,43.0,133.0,40.0,98.0,3.0,35.0,18.0,27.0,107.0,30.0,61.0,91.0,29.0,30.0,13.0,5.0,18.0,37.0,36.0,-14.0,0.0,2.0,0.0,2.0,32.330827067669176,40.816326530612244,8.571428571428571,66.66666666666667
NU,400.0,57.0,154.0,51.0,116.0,6.0,38.0,17.0,26.0,137.0,36.0,52.0,88.0,32.0,29.0,20.0,3.0,23.0,43.0,30.0,-1.0,15.0,2.0,1.0,1.0,37.01298701298701,43.96551724137931,15.789473684210526,65.38461538461539
UE,200.0,16.0,56.0,13.0,39.0,3.0,17.0,20.0,26.0,55.0,10.0,25.0,35.0,12.0,14.0,4.0,0.0,4.0,18.0,24.0,-15.0,0.0,1.0,0.0,1.0,28.571428571428573,33.333333333333336,17.647058823529413,76.92307692307692
UP,200.0,29.0,59.0,24.0,44.0,5.0,15.0,14.0,24.0,77.0,11.0,35.0,46.0,23.0,16.0,2.0,6.0,8.0,30.0,26.0,16.0,14.0,1.0,1.0,0.0,49.152542372881356,54.54545454545455,33.333333333333336,58.333333333333336
UST,400.0,55.0,134.0,43.0,79.0,12.0,55.0,22.0,31.0,144.0,23.0,63.0,86.0,46.0,20.0,11.0,3.0,14.0,42.0,37.0,25.0,26.0,2.0,2.0,0.0,41.04477611940298,54.43037974683544,21.818181818181817,70.96774193548387
League,350.0,42.75,117.25,34.0,77.75,8.75,39.5,20.25,30.5,114.5,24.5,52.375,76.875,31.75,24.625,12.125,5.625,17.75,34.375,34.125,0.0,12.125,1.75,0.875,0.875,36.46055437100213,43.72990353697749,22.151898734177216,66.39344262295081
