{"ADMU":{"POS":144.7594666667,"PACE":72.3797333333},"AdU":{"POS":146.4032508977,"PACE":73.2016254489},"DLSU":{"POS":155.4532967033,"PACE":77.7266483516},"FEU":{"POS":143.8048553375,"PACE":71.9024276688},"NU":{"POS":152.8572202674,"PACE":76.4286101337},"UE":{"POS":70.4847619048,"PACE":70.4847619048},"UP":{"POS":73.9101886792,"PACE":73.9101886792},"UST":{"POS":141.5600632911,"PACE":70.7800316456},"League":{"POS":128.6541379685,"PACE":73.3517533957}}