{"UP":{"OFF":78.1353708224,"DEF":61.8994496125,"NET":16.2359212098,"PACE":73.9101886792,"hAST%":21.186440678,"hTO%":14.7383935151,"TOR":21.6478949465,"AR":31.1188489855,"STL%":2.7059868683,"BLK%":13.6363636364,"EFG%":53.3898305085,"TS%":55.3479010926,"PPWS":1.1069580219,"REB%":53.488372093,"OREB%":33.3333333333,"DREB%":66.0377358491,"FTR":0.406779661,"FFI":39.5362675219,"Py-W":0.9764984072,"Py-L":0.0235015928,"PPR":-0.3308148024,"HHI":0.1310507674},"DLSU":{"OFF":77.1936025448,"DEF":61.27242202,"NET":15.9211805249,"PACE":77.7266483516,"hAST%":19.6721311475,"hTO%":14.7540983607,"TOR":23.1580807635,"AR":30.8774410179,"STL%":11.5790403817,"BLK%":7.0707070707,"EFG%":47.6510067114,"TS%":50.0,"PPWS":1.0,"REB%":55.2486187845,"OREB%":39.5604395604,"DREB%":71.1111111111,"FTR":0.1677852349,"FFI":35.278789311,"Py-W":1.9515472007,"Py-L":0.0484527993,"PPR":-0.9437143496,"HHI":0.1290625},"UST":{"OFF":76.2927039513,"DEF":63.0474428487,"NET":13.2452611027,"PACE":70.7800316456,"hAST%":21.5315483992,"hTO%":9.3615427823,"TOR":14.1282785095,"AR":32.4950405719,"STL%":7.7705531802,"BLK%":3.8461538462,"EFG%":45.5223880597,"TS%":48.7672717421,"PPWS":0.9753454348,"REB%":54.4303797468,"OREB%":29.1139240506,"DREB%":79.746835443,"FTR":0.2313432836,"FFI":31.0339589151,"Py-W":1.909654543,"Py-L":0.090345457,"PPR":2.7635573364,"HHI":0.1278935185},"League":{"OFF":66.7487275233,"DEF":66.7487275233,"NET":0.0,"PACE":73.3517533957,"hAST%":16.974524847,"hTO%":13.1652810821,"TOR":19.1404648065,"AR":24.6785688368,"STL%":9.4244928235,"BLK%":7.2347266881,"EFG%":40.1918976546,"TS%":43.8126578404,"PPWS":0.8762531568,"REB%":50.0,"OREB%":31.8699186992,"DREB%":68.1300813008,"FTR":0.2601279318,"FFI":31.1377779798,"Py-W":0.875,"Py-L":0.875,"PPR":-0.9880952381,"HHI":0.0118939002},"NU":{"OFF":67.2195921267,"DEF":67.7102460839,"NET":-0.4906539571,"PACE":76.4286101337,"hAST%":14.1317788377,"hTO%":12.8069245716,"TOR":18.971953009,"AR":20.9345688375,"STL%":13.0841055235,"BLK%":3.0927835052,"EFG%":38.961038961,"TS%":41.4047388781,"PPWS":0.8280947776,"REB%":47.5675675676,"OREB%":36.7346938776,"DREB%":59.7701149425,"FTR":0.1688311688,"FFI":30.2068101446,"Py-W":0.9418834883,"Py-L":1.0581165117,"PPR":-1.8395056567,"HHI":0.1056529384},"FEU":{"OFF":55.804791717,"DEF":63.10635325,"NET":-7.3015615331,"PACE":71.9024276688,"hAST%":14.2240533647,"hTO%":14.7145379635,"TOR":20.8616043802,"AR":20.1662175675,"STL%":9.0400285647,"BLK%":5.376344086,"EFG%":33.4586466165,"TS%":36.9271120928,"PPWS":0.7385422419,"REB%":47.8947368421,"OREB%":32.2580645161,"DREB%":62.8865979381,"FTR":0.2030075188,"FFI":28.0955854268,"Py-W":0.2453395702,"Py-L":1.7546604298,"PPR":-2.7204182399,"HHI":0.1478731767},"AdU":{"OFF":56.8634914112,"DEF":66.0845981266,"NET":-9.2211067153,"PACE":73.2016254489,"hAST%":13.1339664579,"hTO%":16.1648817943,"TOR":21.8574381401,"AR":17.7591684888,"STL%":12.2948089538,"BLK%":14.7727272727,"EFG%":34.0,"TS%":39.6541869105,"PPWS":0.7930837382,"REB%":49.4623655914,"OREB%":29.2134831461,"DREB%":68.0412371134,"FTR":0.272,"FFI":28.9870561642,"Py-W":0.1656580672,"Py-L":1.8343419328,"PPR":-3.6741865699,"HHI":0.1200389579},"ADMU":{"OFF":64.7626038965,"DEF":78.2332255069,"NET":-13.4706216105,"PACE":72.3797333333,"hAST%":18.2306658991,"hTO%":9.5950873153,"TOR":13.8160221646,"AR":26.2504421127,"STL%":7.5988121905,"BLK%":8.7912087912,"EFG%":38.28125,"TS%":41.5448019144,"PPWS":0.8308960383,"REB%":46.6666666667,"OREB%":26.6666666667,"DREB%":70.6666666667,"FTR":0.3984375,"FFI":30.0764013745,"Py-W":0.0927546348,"Py-L":1.9072453652,"PPR":1.3512392676,"HHI":0.138048},"UE":{"OFF":58.5232877082,"DEF":74.4841843559,"NET":-15.9608966477,"PACE":70.4847619048,"hAST%":12.8424657534,"hTO%":14.9828767123,"TOR":19.8624491616,"AR":17.0249564242,"STL%":5.6749854747,"BLK%":0.0,"EFG%":31.25,"TS%":40.7769869514,"PPWS":0.815539739,"REB%":44.3037974684,"OREB%":23.8095238095,"DREB%":67.5675675676,"FTR":0.4642857143,"FFI":29.1918027666,"Py-W":0.0206617503,"Py-L":0.9793382497,"PPR":-3.122026013,"HHI":0.1530578512}}