{"ADMU":{"POS":288.9757801394,"PACE":72.2439450349},"AdU":{"POS":284.6705056293,"PACE":71.1676264073},"DLSU":{"POS":385.9482878412,"PACE":77.1896575682},"FEU":{"POS":370.3953366823,"PACE":74.0790673365},"NU":{"POS":301.3400306089,"PACE":75.3350076522},"UE":{"POS":295.7491400964,"PACE":73.9372850241},"UP":{"POS":305.7327544351,"PACE":76.4331886088},"UST":{"POS":282.3320004058,"PACE":70.5830001014},"League":{"POS":314.3929794798,"PACE":73.8710972167}}