{"UP":{"OFF":77.5186814504,"DEF":61.8186953338,"NET":15.6999861165,"PACE":76.4331886088,"hAST%":19.9822380107,"hTO%":12.43339254,"TOR":18.3166504693,"AR":29.4374739685,"STL%":7.8499930583,"BLK%":8.6206896552,"EFG%":49.6254681648,"TS%":51.9053876478,"PPWS":1.038107753,"REB%":54.0935672515,"OREB%":32.6797385621,"DREB%":71.4285714286,"FTR":0.3183520599,"FFI":35.7405784945,"Py-W":3.895766283,"Py-L":0.104233717,"PPR":0.483239667,"HHI":0.0969596219},"DLSU":{"OFF":72.4838038704,"DEF":63.1561293777,"NET":9.3276744927,"PACE":77.1896575682,"hAST%":17.9954754233,"hTO%":16.2816206211,"TOR":24.614696578,"AR":27.2057172704,"STL%":11.6595931159,"BLK%":7.0796460177,"EFG%":45.9183673469,"TS%":48.6335662877,"PPWS":0.9726713258,"REB%":55.6541019956,"OREB%":40.0921658986,"DREB%":70.0854700855,"FTR":0.2682215743,"FFI":36.5627778782,"Py-W":4.5030638699,"Py-L":0.4969361301,"PPR":-2.3925192683,"HHI":0.1182859073},"UST":{"OFF":70.9271353273,"DEF":66.9424648033,"NET":3.984670524,"PACE":70.5830001014,"hAST%":19.7316495659,"hTO%":12.3322809787,"TOR":17.7096467733,"AR":28.3354348374,"STL%":8.8548233867,"BLK%":3.2894736842,"EFG%":44.6280991736,"TS%":48.467905896,"PPWS":0.9693581179,"REB%":51.5923566879,"OREB%":25.8064516129,"DREB%":76.7295597484,"FTR":0.3140495868,"FFI":32.150685487,"Py-W":2.864331182,"Py-L":1.135668818,"PPR":0.4360770128,"HHI":0.1203411466},"League":{"OFF":66.5270103506,"DEF":66.5270103506,"NET":0.0,"PACE":73.8710972167,"hAST%":15.9833256553,"hTO%":14.0170114271,"TOR":19.8398196115,"AR":22.6229606392,"STL%":9.8602710694,"BLK%":7.1827057183,"EFG%":41.1444141689,"TS%":44.7639608982,"PPWS":0.895279218,"REB%":50.0,"OREB%":30.2118933698,"DREB%":69.7881066302,"FTR":0.2992733878,"FFI":31.9492000618,"Py-W":2.125,"Py-L":2.125,"PPR":-1.7598039216,"HHI":0.0102072623},"AdU":{"OFF":60.8598349931,"DEF":64.5483098412,"NET":-3.6884748481,"PACE":71.1676264073,"hAST%":13.8960370561,"hTO%":16.2120432321,"TOR":22.1308490884,"AR":18.9692992186,"STL%":8.7820829716,"BLK%":13.698630137,"EFG%":37.4485596708,"TS%":42.5257731959,"PPWS":0.8505154639,"REB%":53.0434782609,"OREB%":28.8343558282,"DREB%":74.7252747253,"FTR":0.2674897119,"FFI":30.2913529851,"Py-W":1.1224317843,"Py-L":2.8775682157,"PPR":-3.5032073668,"HHI":0.1064260415},"UE":{"OFF":65.1734777444,"DEF":69.2309705223,"NET":-4.0574927779,"PACE":73.9372850241,"hAST%":13.5314542484,"hTO%":15.0633169935,"TOR":19.9493394912,"AR":17.9205931022,"STL%":10.819980741,"BLK%":6.7073170732,"EFG%":41.3502109705,"TS%":45.9453661327,"PPWS":0.9189073227,"REB%":45.1713395639,"OREB%":25.1497005988,"DREB%":66.8831168831,"FTR":0.4092827004,"FFI":32.6965998871,"Py-W":1.1024493706,"Py-L":2.8975506294,"PPR":-2.9556850673,"HHI":0.1238928674},"FEU":{"OFF":56.2912054638,"DEF":63.580714085,"NET":-7.2895086212,"PACE":74.0790673365,"hAST%":12.315270936,"hTO%":15.0519978106,"TOR":20.7885986605,"AR":17.0088534495,"STL%":9.1793812267,"BLK%":6.8669527897,"EFG%":33.4808259587,"TS%":37.4098395952,"PPWS":0.7481967919,"REB%":49.2341356674,"OREB%":29.6610169492,"DREB%":70.1357466063,"FTR":0.2182890855,"FFI":27.7960197216,"Py-W":0.6236669512,"Py-L":4.3763330488,"PPR":-3.4901740742,"HHI":0.1414005486},"NU":{"OFF":65.45761597,"DEF":73.1731524532,"NET":-7.7155364832,"PACE":75.3350076522,"hAST%":12.6383059901,"hTO%":13.5921404044,"TOR":18.9155087974,"AR":17.5881046713,"STL%":10.9510840406,"BLK%":5.325443787,"EFG%":39.7849462366,"TS%":42.5071114559,"PPWS":0.8501422291,"REB%":46.1538461538,"OREB%":31.3513513514,"DREB%":62.6506024096,"FTR":0.247311828,"FFI":30.6228033836,"Py-W":0.575825142,"Py-L":3.424174858,"PPR":-2.6557049796,"HHI":0.094247423},"ADMU":{"OFF":63.8461811267,"DEF":71.6323007763,"NET":-7.7861196496,"PACE":72.2439450349,"hAST%":17.3407581086,"hTO%":10.2579132474,"TOR":14.5340900126,"AR":24.5695331165,"STL%":10.3814928661,"BLK%":6.4705882353,"EFG%":37.5,"TS%":41.4923761975,"PPWS":0.829847524,"REB%":43.4782608696,"OREB%":25.6684491979,"DREB%":64.5569620253,"FTR":0.4007936508,"FFI":29.7791171046,"Py-W":0.5476806128,"Py-L":3.4523193872,"PPR":0.6816820167,"HHI":0.1234053804}}