{"DLSU":{"MINS":201.7857142857,"FGM":26.8571428571,"FGA":66.7857142857,"2PM":19.5714285714,"2PA":42.7142857143,"3PM":7.2857142857,"3PA":24.0714285714,"FTM":13.2142857143,"FTA":21.0,"PTS":74.2142857143,"OFF":16.1428571429,"DEF":32.8571428571,"REB":49.0,"AST":20.7857142857,"TO":18.7857142857,"STL":7.0,"BLK":3.2142857143,"STK":10.2142857143,"PF":18.8571428571,"Fls on:":20.2857142857,"+\/-":10.2857142857,"GW":152.0,"GP":14.0,"W":12.0,"L":2.0,"FG%":40.2139037433,"2P%":45.8193979933,"3P%":30.2670623145,"FT%":62.925170068,"W%":0.8571428571},"UP":{"MINS":200.0,"FGM":27.2307692308,"FGA":66.2307692308,"2PM":21.0,"2PA":43.7692307692,"3PM":6.2307692308,"3PA":22.4615384615,"FTM":12.3076923077,"FTA":20.0769230769,"PTS":73.0,"OFF":14.2307692308,"DEF":29.6923076923,"REB":43.9230769231,"AST":17.4615384615,"TO":16.4615384615,"STL":8.0,"BLK":3.6153846154,"STK":11.6153846154,"PF":21.6153846154,"Fls on:":20.9230769231,"+\/-":7.7692307692,"GW":143.0,"GP":13.0,"W":10.0,"L":3.0,"FG%":41.1149825784,"2P%":47.9789103691,"3P%":27.7397260274,"FT%":61.3026819923,"W%":0.7692307692},"League":{"MINS":201.4150943396,"FGM":23.679245283,"FGA":64.4811320755,"2PM":17.2735849057,"2PA":40.4056603774,"3PM":6.4056603774,"3PA":24.0754716981,"FTM":12.0754716981,"FTA":19.1509433962,"PTS":65.8396226415,"OFF":12.9811320755,"DEF":29.1886792453,"REB":42.1698113208,"AST":15.3018867925,"TO":15.2924528302,"STL":6.8490566038,"BLK":3.0188679245,"STK":9.8679245283,"PF":19.9622641509,"Fls on:":19.6509433962,"+\/-":0.0,"GW":85.125,"GP":13.25,"W":6.625,"L":6.625,"FG%":36.7227505486,"2P%":42.7504085921,"3P%":26.6065830721,"FT%":63.0541871921,"W%":0.5},"UE":{"MINS":200.0,"FGM":21.6153846154,"FGA":60.7692307692,"2PM":14.8461538462,"2PA":37.1538461538,"3PM":6.7692307692,"3PA":23.6153846154,"FTM":12.3076923077,"FTA":19.3846153846,"PTS":62.3076923077,"OFF":11.3076923077,"DEF":26.8461538462,"REB":38.1538461538,"AST":12.7692307692,"TO":14.3846153846,"STL":6.6923076923,"BLK":2.7692307692,"STK":9.4615384615,"PF":20.8461538462,"Fls on:":20.5384615385,"+\/-":-1.8461538462,"GW":72.0,"GP":13.0,"W":6.0,"L":7.0,"FG%":35.5696202532,"2P%":39.9585921325,"3P%":28.664495114,"FT%":63.4920634921,"W%":0.4615384615},"UST":{"MINS":201.9230769231,"FGM":25.9230769231,"FGA":66.7692307692,"2PM":18.2307692308,"2PA":38.1538461538,"3PM":7.6923076923,"3PA":28.6153846154,"FTM":11.8461538462,"FTA":18.4615384615,"PTS":71.3846153846,"OFF":12.3076923077,"DEF":28.3846153846,"REB":40.6923076923,"AST":16.7692307692,"TO":14.5384615385,"STL":7.1538461538,"BLK":2.0769230769,"STK":9.2307692308,"PF":20.7692307692,"Fls on:":19.0769230769,"+\/-":-1.0,"GW":74.0,"GP":13.0,"W":6.0,"L":7.0,"FG%":38.8248847926,"2P%":47.7822580645,"3P%":26.8817204301,"FT%":64.1666666667,"W%":0.4615384615},"AdU":{"MINS":202.0833333333,"FGM":19.8333333333,"FGA":59.9166666667,"2PM":13.0833333333,"2PA":35.4166666667,"3PM":6.75,"3PA":24.5,"FTM":10.5833333333,"FTA":16.75,"PTS":57.0,"OFF":11.8333333333,"DEF":31.1666666667,"REB":43.0,"AST":13.75,"TO":17.5833333333,"STL":6.4166666667,"BLK":4.0833333333,"STK":10.5,"PF":19.0833333333,"Fls on:":17.9166666667,"+\/-":-3.75,"GW":70.0,"GP":12.0,"W":5.0,"L":7.0,"FG%":33.1015299026,"2P%":36.9411764706,"3P%":27.5510204082,"FT%":63.184079602,"W%":0.4166666667},"FEU":{"MINS":203.5714285714,"FGM":23.0714285714,"FGA":65.1428571429,"2PM":18.5714285714,"2PA":44.9285714286,"3PM":4.5,"3PA":20.2142857143,"FTM":12.3571428571,"FTA":17.9285714286,"PTS":63.0,"OFF":13.0,"DEF":32.4285714286,"REB":45.4285714286,"AST":12.0,"TO":15.2857142857,"STL":5.9285714286,"BLK":4.0714285714,"STK":10.0,"PF":16.5714285714,"Fls on:":18.7142857143,"+\/-":-2.7142857143,"GW":52.0,"GP":14.0,"W":5.0,"L":9.0,"FG%":35.4166666667,"2P%":41.3354531002,"3P%":22.2614840989,"FT%":68.9243027888,"W%":0.3571428571},"NU":{"MINS":200.0,"FGM":22.8571428571,"FGA":64.6428571429,"2PM":17.5,"2PA":43.0714285714,"3PM":5.3571428571,"3PA":21.5714285714,"FTM":11.2142857143,"FTA":17.3571428571,"PTS":62.2857142857,"OFF":12.2857142857,"DEF":27.2142857143,"REB":39.5,"AST":13.2142857143,"TO":14.4285714286,"STL":6.8571428571,"BLK":2.4285714286,"STK":9.2857142857,"PF":21.7857142857,"Fls on:":18.5,"+\/-":-2.2857142857,"GW":71.0,"GP":14.0,"W":5.0,"L":9.0,"FG%":35.3591160221,"2P%":40.6301824212,"3P%":24.8344370861,"FT%":64.6090534979,"W%":0.3571428571},"ADMU":{"MINS":201.9230769231,"FGM":21.6153846154,"FGA":65.0,"2PM":14.7692307692,"2PA":36.9230769231,"3PM":6.8461538462,"3PA":28.0769230769,"FTM":12.6153846154,"FTA":22.1538461538,"PTS":62.6923076923,"OFF":12.4615384615,"DEF":24.6923076923,"REB":37.1538461538,"AST":15.5384615385,"TO":10.8461538462,"STL":6.7692307692,"BLK":1.9230769231,"STK":8.6923076923,"PF":20.3076923077,"Fls on:":21.2307692308,"+\/-":-7.1538461538,"GW":47.0,"GP":13.0,"W":4.0,"L":9.0,"FG%":33.2544378698,"2P%":40.0,"3P%":24.3835616438,"FT%":56.9444444444,"W%":0.3076923077}}