{"UP":{"2PM":17.25,"2PA":43.5,"3PM":4.0,"3PA":20.75,"FTM":16.5,"FTA":28.0,"OFF":13.5,"DEF":25.75,"AST":12.0,"TO":14.25,"STL":7.25,"BLK":3.25,"PF":22.5,"Fls on:":23.75,"+\/-":-16.0,"GW":0.0,"GP":4.0,"MINS":200.0,"FGM":21.25,"FGA":64.25,"FG%":33.0739299611,"2P%":39.6551724138,"3P%":19.2771084337,"FT%":58.9285714286,"PTS":63.0,"REB":39.25,"STK":10.5},"DLSU":{"2PM":20.0,"2PA":45.6666666667,"3PM":3.3333333333,"3PA":22.6666666667,"FTM":12.6666666667,"FTA":18.3333333333,"OFF":13.6666666667,"DEF":26.0,"AST":15.0,"TO":14.6666666667,"STL":9.3333333333,"BLK":2.3333333333,"PF":17.6666666667,"Fls on:":18.6666666667,"+\/-":-15.3333333333,"GW":0.0,"GP":3.0,"MINS":200.0,"FGM":23.3333333333,"FGA":68.3333333333,"FG%":34.1463414634,"2P%":43.795620438,"3P%":14.7058823529,"FT%":69.0909090909,"PTS":62.6666666667,"REB":39.6666666667,"STK":11.6666666667},"UST":{"2PM":16.75,"2PA":38.0,"3PM":5.75,"3PA":23.0,"FTM":12.25,"FTA":17.0,"OFF":9.25,"DEF":28.75,"AST":15.0,"TO":12.5,"STL":5.0,"BLK":3.0,"PF":20.25,"Fls on:":20.5,"+\/-":-3.75,"GW":14.0,"GP":4.0,"MINS":200.0,"FGM":22.5,"FGA":61.0,"FG%":36.8852459016,"2P%":44.0789473684,"3P%":25.0,"FT%":72.0588235294,"PTS":63.0,"REB":38.0,"STK":8.0},"League":{"2PM":18.1666666667,"2PA":41.8,"3PM":5.5,"3PA":22.8333333333,"FTM":12.3333333333,"FTA":19.2,"OFF":12.8666666667,"DEF":30.2333333333,"AST":16.6666666667,"TO":14.3333333333,"STL":6.8666666667,"BLK":2.9333333333,"PF":20.7,"Fls on:":20.5,"+\/-":0.0,"GW":25.75,"GP":3.75,"MINS":200.0,"FGM":23.6666666667,"FGA":64.6333333333,"FG%":36.6168127901,"2P%":43.4609250399,"3P%":24.0875912409,"FT%":64.2361111111,"PTS":65.1666666667,"REB":43.1,"STK":9.8},"AdU":{"2PM":14.25,"2PA":36.5,"3PM":8.0,"3PA":29.0,"FTM":8.75,"FTA":14.25,"OFF":11.5,"DEF":29.0,"AST":18.5,"TO":12.25,"STL":8.25,"BLK":0.75,"PF":18.75,"Fls on:":18.0,"+\/-":3.5,"GW":27.0,"GP":4.0,"MINS":200.0,"FGM":22.25,"FGA":65.5,"FG%":33.9694656489,"2P%":39.0410958904,"3P%":27.5862068966,"FT%":61.4035087719,"PTS":61.25,"REB":40.5,"STK":9.0},"UE":{"2PM":18.3333333333,"2PA":40.6666666667,"3PM":7.0,"3PA":23.3333333333,"FTM":9.6666666667,"FTA":18.6666666667,"OFF":12.6666666667,"DEF":32.3333333333,"AST":20.3333333333,"TO":15.0,"STL":5.3333333333,"BLK":3.6666666667,"PF":23.3333333333,"Fls on:":20.3333333333,"+\/-":6.6666666667,"GW":28.0,"GP":3.0,"MINS":200.0,"FGM":25.3333333333,"FGA":64.0,"FG%":39.5833333333,"2P%":45.0819672131,"3P%":30.0,"FT%":51.7857142857,"PTS":67.3333333333,"REB":45.0,"STK":9.0},"FEU":{"2PM":17.75,"2PA":46.0,"3PM":5.5,"3PA":20.75,"FTM":9.5,"FTA":15.75,"OFF":13.0,"DEF":33.0,"AST":17.25,"TO":14.0,"STL":9.5,"BLK":3.75,"PF":19.0,"Fls on:":18.0,"+\/-":7.5,"GW":59.0,"GP":4.0,"MINS":200.0,"FGM":23.25,"FGA":66.75,"FG%":34.8314606742,"2P%":38.5869565217,"3P%":26.5060240964,"FT%":60.3174603175,"PTS":61.5,"REB":46.0,"STK":13.25},"ADMU":{"2PM":22.0,"2PA":42.5,"3PM":4.0,"3PA":20.75,"FTM":13.0,"FTA":19.5,"OFF":14.0,"DEF":34.75,"AST":17.0,"TO":15.5,"STL":3.75,"BLK":3.0,"PF":24.75,"Fls on:":21.25,"+\/-":7.5,"GW":39.0,"GP":4.0,"MINS":200.0,"FGM":26.0,"FGA":63.25,"FG%":41.1067193676,"2P%":51.7647058824,"3P%":19.2771084337,"FT%":66.6666666667,"PTS":69.0,"REB":48.75,"STK":6.75},"NU":{"2PM":19.5,"2PA":42.25,"3PM":6.25,"3PA":22.5,"FTM":15.75,"FTA":21.75,"OFF":15.5,"DEF":31.75,"AST":18.75,"TO":16.75,"STL":6.75,"BLK":3.75,"PF":19.25,"Fls on:":23.0,"+\/-":7.75,"GW":39.0,"GP":4.0,"MINS":200.0,"FGM":25.75,"FGA":64.75,"FG%":39.7683397683,"2P%":46.1538461538,"3P%":27.7777777778,"FT%":72.4137931034,"PTS":73.5,"REB":47.25,"STK":10.5}}