{"FEU":{"2PM":71.0,"2PA":184.0,"3PM":22.0,"3PA":83.0,"FTM":38.0,"FTA":63.0,"OFF":52.0,"DEF":132.0,"AST":69.0,"TO":56.0,"STL":38.0,"BLK":15.0,"PF":76.0,"Fls on:":72.0,"+\/-":30.0,"GW":59.0,"GP":4.0,"MINS":800.0,"FGM":93.0,"FGA":267.0,"FG%":34.8314606742,"2P%":38.5869565217,"3P%":26.5060240964,"FT%":60.3174603175,"PTS":246.0,"REB":184.0,"STK":53.0},"DLSU":{"2PM":60.0,"2PA":137.0,"3PM":10.0,"3PA":68.0,"FTM":38.0,"FTA":55.0,"OFF":41.0,"DEF":78.0,"AST":45.0,"TO":44.0,"STL":28.0,"BLK":7.0,"PF":53.0,"Fls on:":56.0,"+\/-":-46.0,"GW":0.0,"GP":3.0,"MINS":600.0,"FGM":70.0,"FGA":205.0,"FG%":34.1463414634,"2P%":43.795620438,"3P%":14.7058823529,"FT%":69.0909090909,"PTS":188.0,"REB":119.0,"STK":35.0},"UP":{"2PM":69.0,"2PA":174.0,"3PM":16.0,"3PA":83.0,"FTM":66.0,"FTA":112.0,"OFF":54.0,"DEF":103.0,"AST":48.0,"TO":57.0,"STL":29.0,"BLK":13.0,"PF":90.0,"Fls on:":95.0,"+\/-":-64.0,"GW":0.0,"GP":4.0,"MINS":800.0,"FGM":85.0,"FGA":257.0,"FG%":33.0739299611,"2P%":39.6551724138,"3P%":19.2771084337,"FT%":58.9285714286,"PTS":252.0,"REB":157.0,"STK":42.0},"UST":{"2PM":67.0,"2PA":152.0,"3PM":23.0,"3PA":92.0,"FTM":49.0,"FTA":68.0,"OFF":37.0,"DEF":115.0,"AST":60.0,"TO":50.0,"STL":20.0,"BLK":12.0,"PF":81.0,"Fls on:":82.0,"+\/-":-15.0,"GW":14.0,"GP":4.0,"MINS":800.0,"FGM":90.0,"FGA":244.0,"FG%":36.8852459016,"2P%":44.0789473684,"3P%":25.0,"FT%":72.0588235294,"PTS":252.0,"REB":152.0,"STK":32.0},"NU":{"2PM":78.0,"2PA":169.0,"3PM":25.0,"3PA":90.0,"FTM":63.0,"FTA":87.0,"OFF":62.0,"DEF":127.0,"AST":75.0,"TO":67.0,"STL":27.0,"BLK":15.0,"PF":77.0,"Fls on:":92.0,"+\/-":31.0,"GW":39.0,"GP":4.0,"MINS":800.0,"FGM":103.0,"FGA":259.0,"FG%":39.7683397683,"2P%":46.1538461538,"3P%":27.7777777778,"FT%":72.4137931034,"PTS":294.0,"REB":189.0,"STK":42.0},"AdU":{"2PM":57.0,"2PA":146.0,"3PM":32.0,"3PA":116.0,"FTM":35.0,"FTA":57.0,"OFF":46.0,"DEF":116.0,"AST":74.0,"TO":49.0,"STL":33.0,"BLK":3.0,"PF":75.0,"Fls on:":72.0,"+\/-":14.0,"GW":27.0,"GP":4.0,"MINS":800.0,"FGM":89.0,"FGA":262.0,"FG%":33.9694656489,"2P%":39.0410958904,"3P%":27.5862068966,"FT%":61.4035087719,"PTS":245.0,"REB":162.0,"STK":36.0},"UE":{"2PM":55.0,"2PA":122.0,"3PM":21.0,"3PA":70.0,"FTM":29.0,"FTA":56.0,"OFF":38.0,"DEF":97.0,"AST":61.0,"TO":45.0,"STL":16.0,"BLK":11.0,"PF":70.0,"Fls on:":61.0,"+\/-":20.0,"GW":28.0,"GP":3.0,"MINS":600.0,"FGM":76.0,"FGA":192.0,"FG%":39.5833333333,"2P%":45.0819672131,"3P%":30.0,"FT%":51.7857142857,"PTS":202.0,"REB":135.0,"STK":27.0},"ADMU":{"2PM":88.0,"2PA":170.0,"3PM":16.0,"3PA":83.0,"FTM":52.0,"FTA":78.0,"OFF":56.0,"DEF":139.0,"AST":68.0,"TO":62.0,"STL":15.0,"BLK":12.0,"PF":99.0,"Fls on:":85.0,"+\/-":30.0,"GW":39.0,"GP":4.0,"MINS":800.0,"FGM":104.0,"FGA":253.0,"FG%":41.1067193676,"2P%":51.7647058824,"3P%":19.2771084337,"FT%":66.6666666667,"PTS":276.0,"REB":195.0,"STK":27.0},"League":{"2PM":68.125,"2PA":156.75,"3PM":20.625,"3PA":85.625,"FTM":46.25,"FTA":72.0,"OFF":48.25,"DEF":113.375,"AST":62.5,"TO":53.75,"STL":25.75,"BLK":11.0,"PF":77.625,"Fls on:":76.875,"+\/-":0.0,"GW":25.75,"GP":3.75,"MINS":750.0,"FGM":88.75,"FGA":242.375,"FG%":36.6168127901,"2P%":43.4609250399,"3P%":24.0875912409,"FT%":64.2361111111,"PTS":244.375,"REB":161.625,"STK":36.75}}