{"UP":{"OFF":77.5186814504,"DEF":61.8186953338,"NET":15.6999861165,"PACE":76.4331886088,"hAST%":19.9822380107,"hTO%":12.43339254,"TOR":18.3166504693,"AR":29.4374739685,"STL%":7.8499930583,"BLK%":8.6206896552,"EFG%":49.6254681648,"TS%":51.9053876478,"PPWS":1.038107753,"REB%":54.0935672515,"OREB%":32.6797385621,"DREB%":71.4285714286,"FTR":0.3183520599,"FFI":35.7405784945,"Py-W":3.895766283,"Py-L":0.104233717,"PPR":0.4816025242,"HHI":0.0969596219},"DLSU":{"OFF":75.8139354821,"DEF":60.9103413275,"NET":14.9035941546,"PACE":77.1625950137,"hAST%":17.5253143429,"hTO%":16.1344163792,"TOR":25.0553177092,"AR":27.215258891,"STL%":10.7997059091,"BLK%":5.8394160584,"EFG%":46.3636363636,"TS%":49.0607178799,"PPWS":0.9812143576,"REB%":57.6512455516,"OREB%":43.4782608696,"DREB%":71.3286713287,"FTR":0.1909090909,"FFI":36.3685725103,"Py-W":2.9122395257,"Py-L":0.0877604743,"PPR":-2.5442667094,"HHI":0.1183431953},"UST":{"OFF":70.9271353273,"DEF":66.9424648033,"NET":3.984670524,"PACE":70.5830001014,"hAST%":19.7316495659,"hTO%":12.3322809787,"TOR":17.7096467733,"AR":28.3354348374,"STL%":8.8548233867,"BLK%":3.2894736842,"EFG%":44.6280991736,"TS%":48.467905896,"PPWS":0.9693581179,"REB%":51.5923566879,"OREB%":25.8064516129,"DREB%":76.7295597484,"FTR":0.3140495868,"FFI":32.150685487,"Py-W":2.864331182,"Py-L":1.135668818,"PPR":0.43459965,"HHI":0.1203411466},"League":{"OFF":66.4541140242,"DEF":66.4541140242,"NET":0.0,"PACE":73.6208331397,"hAST%":16.0131179462,"hTO%":13.7712814338,"TOR":19.4886745306,"AR":22.6612494541,"STL%":9.3364347751,"BLK%":7.0175438596,"EFG%":40.8715832904,"TS%":44.5850285527,"PPWS":0.8917005711,"REB%":50.0,"OREB%":29.8530549111,"DREB%":70.1469450889,"FTR":0.2970603404,"FFI":31.6473180367,"Py-W":1.875,"Py-L":1.875,"PPR":-1.6111111111,"HHI":0.0096792465},"AdU":{"OFF":60.8598349931,"DEF":64.5483098412,"NET":-3.6884748481,"PACE":71.1676264073,"hAST%":13.8960370561,"hTO%":16.2120432321,"TOR":22.1308490884,"AR":18.9692992186,"STL%":8.7820829716,"BLK%":13.698630137,"EFG%":37.4485596708,"TS%":42.5257731959,"PPWS":0.8505154639,"REB%":53.0434782609,"OREB%":28.8343558282,"DREB%":74.7252747253,"FTR":0.2674897119,"FFI":30.2913529851,"Py-W":1.1224317843,"Py-L":2.8775682157,"PPR":-3.4913390314,"HHI":0.1064260415},"UE":{"OFF":62.9371082791,"DEF":69.853274024,"NET":-6.916165745,"PACE":72.2943923611,"hAST%":12.9424933539,"hTO%":13.9918847069,"TOR":18.4431086532,"AR":17.0598755042,"STL%":8.7604766103,"BLK%":6.5573770492,"EFG%":37.7142857143,"TS%":43.5656836461,"PPWS":0.8713136729,"REB%":44.2148760331,"OREB%":24.21875,"DREB%":66.6666666667,"FTR":0.44,"FFI":31.140241449,"Py-W":0.4760024846,"Py-L":2.5239975154,"PPR":-2.6024442974,"HHI":0.1284868977},"FEU":{"OFF":54.917555236,"DEF":62.5449934632,"NET":-7.6274382272,"PACE":73.7469099379,"hAST%":12.8763866878,"hTO%":15.8478605388,"TOR":21.6958242908,"AR":17.6278572363,"STL%":8.4749313636,"BLK%":6.5217391304,"EFG%":33.5249042146,"TS%":37.5208449138,"PPWS":0.7504168983,"REB%":49.7267759563,"OREB%":28.2608695652,"DREB%":71.4285714286,"FTR":0.2337164751,"FFI":27.991838798,"Py-W":0.4438883007,"Py-L":3.5561116993,"PPR":-3.660398179,"HHI":0.1444615912},"NU":{"OFF":65.45761597,"DEF":73.1731524532,"NET":-7.7155364832,"PACE":75.3350076522,"hAST%":12.6383059901,"hTO%":13.5921404044,"TOR":18.9155087974,"AR":17.5881046713,"STL%":10.9510840406,"BLK%":5.325443787,"EFG%":39.7849462366,"TS%":42.5071114559,"PPWS":0.8501422291,"REB%":46.1538461538,"OREB%":31.3513513514,"DREB%":62.6506024096,"FTR":0.247311828,"FFI":30.6228033836,"Py-W":0.575825142,"Py-L":3.424174858,"PPR":-2.6467078538,"HHI":0.094247423},"ADMU":{"OFF":63.8461811267,"DEF":71.6323007763,"NET":-7.7861196496,"PACE":72.2439450349,"hAST%":17.3407581086,"hTO%":10.2579132474,"TOR":14.5340900126,"AR":24.5695331165,"STL%":10.3814928661,"BLK%":6.4705882353,"EFG%":37.5,"TS%":41.4923761975,"PPWS":0.829847524,"REB%":43.4782608696,"OREB%":25.6684491979,"DREB%":64.5569620253,"FTR":0.4007936508,"FFI":29.7791171046,"Py-W":0.5476806128,"Py-L":3.4523193872,"PPR":0.6793725814,"HHI":0.1234053804}}