{"ADMU":{"POS":288.9757801394,"PACE":72.2439450349},"AdU":{"POS":284.6705056293,"PACE":71.1676264073},"DLSU":{"POS":231.487785041,"PACE":77.1625950137},"FEU":{"POS":294.9876397516,"PACE":73.7469099379},"NU":{"POS":301.3400306089,"PACE":75.3350076522},"UE":{"POS":216.8831770833,"PACE":72.2943923611},"UP":{"POS":305.7327544351,"PACE":76.4331886088},"UST":{"POS":282.3320004058,"PACE":70.5830001014},"League":{"POS":275.8012091368,"PACE":73.6208331397}}