{"DLSU":{"MINS":200.0,"FGM":29.3333333333,"FGA":73.3333333333,"2PM":20.0,"2PA":43.3333333333,"3PM":9.3333333333,"3PA":30.0,"FTM":10.0,"FTA":14.0,"PTS":78.0,"OFF":20.0,"DEF":34.0,"REB":54.0,"AST":21.0,"TO":19.3333333333,"STL":8.3333333333,"BLK":2.6666666667,"STK":11.0,"PF":18.6666666667,"Fls on:":17.6666666667,"+\/-":15.3333333333,"GW":39.0,"GP":3.0,"W":3.0,"L":0.0,"FG%":40.0,"2P%":46.1538461538,"3P%":31.1111111111,"FT%":71.4285714286,"W%":1.0},"UP":{"MINS":200.0,"FGM":29.75,"FGA":66.75,"2PM":23.0,"2PA":48.0,"3PM":6.75,"3PA":18.75,"FTM":12.75,"FTA":21.25,"PTS":79.0,"OFF":12.5,"DEF":33.75,"REB":46.25,"AST":22.5,"TO":14.0,"STL":6.0,"BLK":3.75,"STK":9.75,"PF":24.5,"Fls on:":22.25,"+\/-":16.0,"GW":60.0,"GP":4.0,"W":4.0,"L":0.0,"FG%":44.5692883895,"2P%":47.9166666667,"3P%":36.0,"FT%":60.0,"W%":1.0},"UST":{"MINS":200.0,"FGM":23.75,"FGA":60.5,"2PM":17.25,"2PA":34.0,"3PM":6.5,"3PA":26.5,"FTM":12.75,"FTA":19.0,"PTS":66.75,"OFF":10.0,"DEF":30.5,"REB":40.5,"AST":20.0,"TO":12.5,"STL":6.25,"BLK":1.25,"STK":7.5,"PF":20.5,"Fls on:":20.0,"+\/-":3.75,"GW":37.0,"GP":4.0,"W":3.0,"L":1.0,"FG%":39.2561983471,"2P%":50.7352941176,"3P%":24.5283018868,"FT%":67.1052631579,"W%":0.75},"AdU":{"MINS":200.0,"FGM":20.5,"FGA":60.75,"2PM":16.0,"2PA":38.25,"3PM":4.5,"3PA":22.5,"FTM":12.25,"FTA":16.25,"PTS":57.75,"OFF":11.75,"DEF":34.0,"REB":45.75,"AST":13.5,"TO":15.75,"STL":6.25,"BLK":5.0,"STK":11.25,"PF":18.0,"Fls on:":18.75,"+\/-":-3.5,"GW":30.0,"GP":4.0,"W":2.0,"L":2.0,"FG%":33.7448559671,"2P%":41.8300653595,"3P%":20.0,"FT%":75.3846153846,"W%":0.5},"League":{"MINS":200.0,"FGM":23.6666666667,"FGA":64.6333333333,"2PM":18.1666666667,"2PA":41.8,"3PM":5.5,"3PA":22.8333333333,"FTM":12.3333333333,"FTA":19.2,"PTS":65.1666666667,"OFF":12.8666666667,"DEF":30.2333333333,"REB":43.1,"AST":16.6666666667,"TO":14.3333333333,"STL":6.8666666667,"BLK":2.9333333333,"STK":9.8,"PF":20.7,"Fls on:":20.5,"+\/-":0.0,"GW":25.75,"GP":3.75,"W":1.875,"L":1.875,"FG%":36.6168127901,"2P%":43.4609250399,"3P%":24.0875912409,"FT%":64.2361111111,"W%":0.5},"UE":{"MINS":200.0,"FGM":19.6666666667,"FGA":58.3333333333,"2PM":15.0,"2PA":37.6666666667,"3PM":4.6666666667,"3PA":20.6666666667,"FTM":16.6666666667,"FTA":25.6666666667,"PTS":60.6666666667,"OFF":10.3333333333,"DEF":25.3333333333,"REB":35.6666666667,"AST":12.3333333333,"TO":13.3333333333,"STL":6.3333333333,"BLK":2.6666666667,"STK":9.0,"PF":21.0,"Fls on:":23.3333333333,"+\/-":-6.6666666667,"GW":12.0,"GP":3.0,"W":1.0,"L":2.0,"FG%":33.7142857143,"2P%":39.8230088496,"3P%":22.5806451613,"FT%":64.9350649351,"W%":0.3333333333},"ADMU":{"MINS":200.0,"FGM":21.0,"FGA":63.0,"2PM":15.75,"2PA":37.25,"3PM":5.25,"3PA":25.75,"FTM":14.25,"FTA":25.25,"PTS":61.5,"OFF":12.0,"DEF":25.5,"REB":37.5,"AST":17.75,"TO":10.5,"STL":7.5,"BLK":2.75,"STK":10.25,"PF":21.25,"Fls on:":24.5,"+\/-":-7.5,"GW":13.0,"GP":4.0,"W":1.0,"L":3.0,"FG%":33.3333333333,"2P%":42.2818791946,"3P%":20.3883495146,"FT%":56.4356435644,"W%":0.25},"NU":{"MINS":200.0,"FGM":25.5,"FGA":69.75,"2PM":21.0,"2PA":48.75,"3PM":4.5,"3PA":21.0,"FTM":10.25,"FTA":17.25,"PTS":65.75,"OFF":14.5,"DEF":26.0,"REB":40.5,"AST":13.25,"TO":14.25,"STL":8.25,"BLK":2.25,"STK":10.5,"PF":23.0,"Fls on:":19.0,"+\/-":-7.75,"GW":15.0,"GP":4.0,"W":1.0,"L":3.0,"FG%":36.5591397849,"2P%":43.0769230769,"3P%":21.4285714286,"FT%":59.4202898551,"W%":0.25},"FEU":{"MINS":200.0,"FGM":20.25,"FGA":65.25,"2PM":17.0,"2PA":46.5,"3PM":3.25,"3PA":18.75,"FTM":10.25,"FTA":15.25,"PTS":54.0,"OFF":13.0,"DEF":32.5,"REB":45.5,"AST":13.0,"TO":16.0,"STL":6.25,"BLK":3.0,"STK":9.25,"PF":18.25,"Fls on:":18.5,"+\/-":-7.5,"GW":0.0,"GP":4.0,"W":0.0,"L":4.0,"FG%":31.0344827586,"2P%":36.5591397849,"3P%":17.3333333333,"FT%":67.2131147541,"W%":0.0}}