{"DLSU":{"OFF":73.1105056332,"DEF":61.7542545044,"NET":11.3562511288,"PACE":77.7274381906,"hAST%":18.3628553246,"hTO%":15.9763470513,"TOR":23.8506014993,"AR":27.4133469515,"STL%":9.3027242362,"BLK%":7.5268817204,"EFG%":46.5635738832,"TS%":49.7233664486,"PPWS":0.994467329,"REB%":56.2277580071,"OREB%":37.2007366483,"DREB%":74.0103270224,"FTR":0.3058419244,"FFI":36.6158561237,"Py-W":13.0,"Py-L":0.0,"PPR":-2.0445228201,"HHI":0.1166275864},"UP":{"OFF":70.9062112784,"DEF":63.2651016042,"NET":7.6411096743,"PACE":76.0687942953,"hAST%":16.1180861893,"hTO%":15.7324860413,"TOR":22.3481917355,"AR":22.8959415329,"STL%":10.0785962729,"BLK%":9.4069529652,"EFG%":45.8709677419,"TS%":48.829893174,"PPWS":0.9765978635,"REB%":53.3468559838,"OREB%":34.6808510638,"DREB%":70.3488372093,"FTR":0.3187096774,"FFI":35.6522504047,"Py-W":20.3268995399,"Py-L":-8.3268995399,"PPR":-2.6229672923,"HHI":0.0911329553},"League":{"OFF":66.4057020547,"DEF":66.4057020547,"NET":0.0,"PACE":74.0508715309,"hAST%":14.8540129044,"hTO%":14.8733540671,"TOR":20.758530439,"AR":20.7315362512,"STL%":9.2994977064,"BLK%":7.5776397516,"EFG%":41.6925948973,"TS%":45.1377803221,"PPWS":0.9027556064,"REB%":50.0,"OREB%":30.2994296578,"DREB%":69.7005703422,"FTR":0.2965152458,"FFI":32.3742851872,"Py-W":6.25,"Py-L":6.25,"PPR":-2.5508684864,"HHI":0.01028583},"UST":{"OFF":70.9962635283,"DEF":71.9908232544,"NET":-0.9945597262,"PACE":75.4102524242,"hAST%":15.7902361292,"hTO%":13.6897001304,"TOR":19.2791577685,"AR":22.2373354155,"STL%":9.4865696956,"BLK%":5.1625239006,"EFG%":44.5852534562,"TS%":47.6581758422,"PPWS":0.9531635168,"REB%":49.3930905696,"OREB%":29.1438979964,"DREB%":70.6896551724,"FTR":0.2764976959,"FFI":32.6301358617,"Py-W":0.0,"Py-L":13.0,"PPR":-1.6335051684,"HHI":0.1315491231},"UE":{"OFF":64.5178415233,"DEF":66.2545263557,"NET":-1.7366848324,"PACE":71.9762144913,"hAST%":13.5869565217,"hTO%":15.2312378842,"TOR":20.3771020334,"AR":18.1773012457,"STL%":9.6096560726,"BLK%":7.6923076923,"EFG%":41.5277777778,"TS%":45.1660749891,"PPWS":0.9033214998,"REB%":46.5838509317,"OREB%":26.1758691207,"DREB%":67.5052410901,"FTR":0.3236111111,"FFI":31.7947271103,"Py-W":-16.7172932666,"Py-L":28.7172932666,"PPR":-3.0578941598,"HHI":0.1257768785},"FEU":{"OFF":62.5080650479,"DEF":64.8404555348,"NET":-2.3323904869,"PACE":74.2058090409,"hAST%":11.6901495109,"hTO%":15.0741401587,"TOR":20.3177126856,"AR":15.7565935113,"STL%":8.0856203545,"BLK%":8.7458745875,"EFG%":38.3040935673,"TS%":42.2162480047,"PPWS":0.8443249601,"REB%":50.3816793893,"OREB%":29.8769771529,"DREB%":69.5081967213,"FTR":0.2584795322,"FFI":30.2536540113,"Py-W":-16.4638024061,"Py-L":29.4638024061,"PPR":-3.5648682283,"HHI":0.1488112918},"NU":{"OFF":64.1332658167,"DEF":67.3835302153,"NET":-3.2502643986,"PACE":72.7751445817,"hAST%":13.2717564748,"hTO%":14.652632871,"TOR":20.1886341508,"AR":18.2860403565,"STL%":9.3015696611,"BLK%":6.2374245473,"EFG%":39.247311828,"TS%":43.0538998638,"PPWS":0.8610779973,"REB%":47.5364963504,"OREB%":29.7445255474,"DREB%":65.3284671533,"FTR":0.2783751493,"FFI":30.8706156185,"Py-W":102.0768982869,"Py-L":-89.0768982869,"PPR":-2.9612723519,"HHI":0.1003955806},"AdU":{"OFF":59.3308356962,"DEF":63.2341801499,"NET":-3.9033444537,"PACE":72.0535948944,"hAST%":13.9424051916,"hTO%":17.8293787602,"TOR":24.4031312513,"AR":19.0830173292,"STL%":8.905408087,"BLK%":10.9865470852,"EFG%":38.7343532684,"TS%":42.3560883781,"PPWS":0.8471217676,"REB%":51.7552657974,"OREB%":29.2783505155,"DREB%":73.046875,"FTR":0.2795549374,"FFI":31.6435182845,"Py-W":-1.4938347445,"Py-L":13.4938347445,"PPR":-4.2803979916,"HHI":0.1145608905},"ADMU":{"OFF":64.413599626,"DEF":72.8116092546,"NET":-8.3980096287,"PACE":72.1897243284,"hAST%":15.2620116156,"hTO%":10.724656811,"TOR":15.006752601,"AR":21.3557633169,"STL%":9.6966709114,"BLK%":5.0314465409,"EFG%":38.0921895006,"TS%":41.4641758438,"PPWS":0.8292835169,"REB%":44.1323971916,"OREB%":26.4864864865,"DREB%":66.2895927602,"FTR":0.338028169,"FFI":29.356283783,"Py-W":-9.4347858576,"Py-L":21.4347858576,"PPR":-0.2820017406,"HHI":0.1083434501}}