{"ADMU":{"POS":866.2766919408,"PACE":72.1897243284},"AdU":{"POS":864.6431387323,"PACE":72.0535948944},"DLSU":{"POS":1010.4566964781,"PACE":77.7274381906},"FEU":{"POS":964.6755175315,"PACE":74.2058090409},"NU":{"POS":946.076879562,"PACE":72.7751445817},"UE":{"POS":863.7145738962,"PACE":71.9762144913},"UP":{"POS":912.8255315438,"PACE":76.0687942953},"UST":{"POS":980.333281515,"PACE":75.4102524242},"League":{"POS":926.1252889,"PACE":74.0508715309}}