{"ADMU":{"MINS":1425.0,"FGM":151.0,"FGA":456.0,"2PM":98.0,"2PA":241.0,"3PM":53.0,"3PA":215.0,"FTM":86.0,"FTA":154.0,"PTS":441.0,"OFF":79.0,"DEF":172.0,"REB":251.0,"AST":122.0,"TO":71.0,"STL":50.0,"BLK":18.0,"STK":68.0,"PF":157.0,"Fls on:":154.0,"+\/-":-48.0,"GW":13.0,"GP":7.0,"W":1.0,"L":6.0,"FG%":33.1140350877,"2P%":40.6639004149,"3P%":24.6511627907,"FT%":55.8441558442},"AdU":{"MINS":1200.0,"FGM":119.0,"FGA":363.0,"2PM":85.0,"2PA":223.0,"3PM":34.0,"3PA":140.0,"FTM":76.0,"FTA":108.0,"PTS":348.0,"OFF":78.0,"DEF":194.0,"REB":272.0,"AST":82.0,"TO":97.0,"STL":39.0,"BLK":28.0,"STK":67.0,"PF":120.0,"Fls on:":116.0,"+\/-":-24.0,"GW":43.0,"GP":6.0,"W":3.0,"L":3.0,"FG%":32.782369146,"2P%":38.1165919283,"3P%":24.2857142857,"FT%":70.3703703704},"DLSU":{"MINS":1200.0,"FGM":171.0,"FGA":414.0,"2PM":128.0,"2PA":270.0,"3PM":43.0,"3PA":144.0,"FTM":76.0,"FTA":120.0,"PTS":461.0,"OFF":108.0,"DEF":198.0,"REB":306.0,"AST":131.0,"TO":112.0,"STL":52.0,"BLK":17.0,"STK":69.0,"PF":109.0,"Fls on:":125.0,"+\/-":69.0,"GW":65.0,"GP":6.0,"W":5.0,"L":1.0,"FG%":41.3043478261,"2P%":47.4074074074,"3P%":29.8611111111,"FT%":63.3333333333},"FEU":{"MINS":1425.0,"FGM":156.0,"FGA":468.0,"2PM":133.0,"2PA":330.0,"3PM":23.0,"3PA":138.0,"FTM":81.0,"FTA":115.0,"PTS":416.0,"OFF":90.0,"DEF":231.0,"REB":321.0,"AST":82.0,"TO":104.0,"STL":43.0,"BLK":26.0,"STK":69.0,"PF":128.0,"Fls on:":130.0,"+\/-":-46.0,"GW":11.0,"GP":7.0,"W":1.0,"L":6.0,"FG%":33.3333333333,"2P%":40.303030303,"3P%":16.6666666667,"FT%":70.4347826087},"NU":{"MINS":1400.0,"FGM":164.0,"FGA":465.0,"2PM":132.0,"2PA":319.0,"3PM":32.0,"3PA":146.0,"FTM":90.0,"FTA":133.0,"PTS":450.0,"OFF":94.0,"DEF":192.0,"REB":286.0,"AST":89.0,"TO":93.0,"STL":47.0,"BLK":16.0,"STK":63.0,"PF":161.0,"Fls on:":144.0,"+\/-":-29.0,"GW":29.0,"GP":7.0,"W":2.0,"L":5.0,"FG%":35.2688172043,"2P%":41.3793103448,"3P%":21.9178082192,"FT%":67.6691729323},"UE":{"MINS":1200.0,"FGM":126.0,"FGA":343.0,"2PM":84.0,"2PA":208.0,"3PM":42.0,"3PA":135.0,"FTM":89.0,"FTA":143.0,"PTS":383.0,"OFF":61.0,"DEF":167.0,"REB":228.0,"AST":84.0,"TO":91.0,"STL":42.0,"BLK":16.0,"STK":58.0,"PF":134.0,"Fls on:":142.0,"+\/-":-3.0,"GW":45.0,"GP":6.0,"W":4.0,"L":2.0,"FG%":36.7346938776,"2P%":40.3846153846,"3P%":31.1111111111,"FT%":62.2377622378},"UP":{"MINS":1200.0,"FGM":174.0,"FGA":397.0,"2PM":135.0,"2PA":277.0,"3PM":39.0,"3PA":120.0,"FTM":79.0,"FTA":126.0,"PTS":466.0,"OFF":81.0,"DEF":192.0,"REB":273.0,"AST":119.0,"TO":87.0,"STL":40.0,"BLK":25.0,"STK":65.0,"PF":139.0,"Fls on:":137.0,"+\/-":87.0,"GW":87.0,"GP":6.0,"W":6.0,"L":0.0,"FG%":43.8287153652,"2P%":48.7364620939,"3P%":32.5,"FT%":62.6984126984},"UST":{"MINS":1400.0,"FGM":179.0,"FGA":446.0,"2PM":130.0,"2PA":263.0,"3PM":49.0,"3PA":183.0,"FTM":80.0,"FTA":119.0,"PTS":487.0,"OFF":72.0,"DEF":203.0,"REB":275.0,"AST":130.0,"TO":96.0,"STL":47.0,"BLK":12.0,"STK":59.0,"PF":148.0,"Fls on:":136.0,"+\/-":-6.0,"GW":50.0,"GP":7.0,"W":4.0,"L":3.0,"FG%":40.134529148,"2P%":49.4296577947,"3P%":26.7759562842,"FT%":67.2268907563},"League":{"MINS":1306.25,"FGM":155.0,"FGA":419.0,"2PM":115.625,"2PA":266.375,"3PM":39.375,"3PA":152.625,"FTM":82.125,"FTA":127.25,"PTS":431.5,"OFF":82.875,"DEF":193.625,"REB":276.5,"AST":104.875,"TO":93.875,"STL":45.0,"BLK":19.75,"STK":64.75,"PF":137.0,"Fls on:":135.5,"+\/-":0.0,"GW":42.875,"GP":6.5,"W":3.25,"L":3.25,"FG%":36.9928400955,"2P%":43.4068512435,"3P%":25.7985257985,"FT%":64.5383104126}}