{"ADMU":{"POS":505.9154666667,"PACE":72.2736380952},"AdU":{"POS":425.3353803817,"PACE":70.8892300636},"DLSU":{"POS":464.2803750315,"PACE":77.3800625052},"FEU":{"POS":524.7426205083,"PACE":74.9632315012},"NU":{"POS":508.9700009843,"PACE":72.7100001406},"UE":{"POS":434.6404754902,"PACE":72.4400792484},"UP":{"POS":453.9293644552,"PACE":75.6548940759},"UST":{"POS":515.2015241935,"PACE":73.6002177419},"League":{"POS":479.1269009639,"PACE":73.7389191715}}