{"ADMU":{"2PM":125.0,"2PA":245.0,"3PM":25.0,"3PA":115.0,"FTM":86.0,"FTA":131.0,"OFF":72.0,"DEF":213.0,"AST":92.0,"TO":96.0,"STL":27.0,"BLK":16.0,"PF":136.0,"Fls on:":133.0,"+\/-":38.0,"GW":59.0,"GP":6.0,"MINS":1200.0,"FGM":150.0,"FGA":360.0,"FG%":41.6666666667,"2P%":51.0204081633,"3P%":21.7391304348,"FT%":65.6488549618,"PTS":411.0,"REB":285.0,"STK":43.0},"FEU":{"2PM":101.0,"2PA":265.0,"3PM":40.0,"3PA":142.0,"FTM":57.0,"FTA":101.0,"OFF":76.0,"DEF":195.0,"AST":111.0,"TO":82.0,"STL":51.0,"BLK":24.0,"PF":113.0,"Fls on:":108.0,"+\/-":35.0,"GW":72.0,"GP":6.0,"MINS":1200.0,"FGM":141.0,"FGA":407.0,"FG%":34.6437346437,"2P%":38.1132075472,"3P%":28.1690140845,"FT%":56.4356435644,"PTS":379.0,"REB":271.0,"STK":75.0},"UE":{"2PM":102.0,"2PA":225.0,"3PM":39.0,"3PA":152.0,"FTM":65.0,"FTA":121.0,"OFF":73.0,"DEF":177.0,"AST":109.0,"TO":89.0,"STL":44.0,"BLK":18.0,"PF":141.0,"Fls on:":131.0,"+\/-":3.0,"GW":28.0,"GP":6.0,"MINS":1200.0,"FGM":141.0,"FGA":377.0,"FG%":37.400530504,"2P%":45.3333333333,"3P%":25.6578947368,"FT%":53.7190082645,"PTS":386.0,"REB":250.0,"STK":62.0},"UP":{"2PM":95.0,"2PA":238.0,"3PM":32.0,"3PA":135.0,"FTM":93.0,"FTA":151.0,"OFF":77.0,"DEF":153.0,"AST":79.0,"TO":98.0,"STL":43.0,"BLK":22.0,"PF":139.0,"Fls on:":136.0,"+\/-":-87.0,"GW":0.0,"GP":6.0,"MINS":1200.0,"FGM":127.0,"FGA":373.0,"FG%":34.0482573727,"2P%":39.9159663866,"3P%":23.7037037037,"FT%":61.5894039735,"PTS":379.0,"REB":230.0,"STK":65.0},"DLSU":{"2PM":110.0,"2PA":261.0,"3PM":36.0,"3PA":150.0,"FTM":64.0,"FTA":97.0,"OFF":76.0,"DEF":153.0,"AST":87.0,"TO":91.0,"STL":59.0,"BLK":18.0,"PF":125.0,"Fls on:":108.0,"+\/-":-69.0,"GW":11.0,"GP":6.0,"MINS":1200.0,"FGM":146.0,"FGA":411.0,"FG%":35.5231143552,"2P%":42.1455938697,"3P%":24.0,"FT%":65.9793814433,"PTS":392.0,"REB":229.0,"STK":77.0},"UST":{"2PM":116.0,"2PA":246.0,"3PM":37.0,"3PA":133.0,"FTM":78.0,"FTA":116.0,"OFF":67.0,"DEF":175.0,"AST":103.0,"TO":83.0,"STL":37.0,"BLK":18.0,"PF":120.0,"Fls on:":128.0,"+\/-":17.0,"GW":40.0,"GP":6.0,"MINS":1200.0,"FGM":153.0,"FGA":379.0,"FG%":40.3693931398,"2P%":47.1544715447,"3P%":27.8195488722,"FT%":67.2413793103,"PTS":421.0,"REB":242.0,"STK":55.0},"AdU":{"2PM":91.0,"2PA":239.0,"3PM":40.0,"3PA":159.0,"FTM":70.0,"FTA":100.0,"OFF":85.0,"DEF":175.0,"AST":98.0,"TO":77.0,"STL":46.0,"BLK":9.0,"PF":116.0,"Fls on:":119.0,"+\/-":24.0,"GW":41.0,"GP":6.0,"MINS":1200.0,"FGM":131.0,"FGA":398.0,"FG%":32.9145728643,"2P%":38.0753138075,"3P%":25.1572327044,"FT%":70.0,"PTS":372.0,"REB":260.0,"STK":55.0},"NU":{"2PM":102.0,"2PA":241.0,"3PM":40.0,"3PA":138.0,"FTM":87.0,"FTA":128.0,"OFF":90.0,"DEF":197.0,"AST":101.0,"TO":98.0,"STL":39.0,"BLK":21.0,"PF":122.0,"Fls on:":139.0,"+\/-":39.0,"GW":65.0,"GP":6.0,"MINS":1200.0,"FGM":142.0,"FGA":379.0,"FG%":37.4670184697,"2P%":42.3236514523,"3P%":28.9855072464,"FT%":67.96875,"PTS":411.0,"REB":287.0,"STK":60.0},"League":{"2PM":105.25,"2PA":245.0,"3PM":36.125,"3PA":140.5,"FTM":75.0,"FTA":118.125,"OFF":77.0,"DEF":179.75,"AST":97.5,"TO":89.25,"STL":43.25,"BLK":18.25,"PF":126.5,"Fls on:":125.25,"+\/-":0.0,"GW":39.5,"GP":6.0,"MINS":1200.0,"FGM":141.375,"FGA":385.5,"FG%":36.673151751,"2P%":42.9591836735,"3P%":25.7117437722,"FT%":63.4920634921,"PTS":393.875,"REB":256.75,"STK":61.5}}