{"UP":{"OFF":76.9943580142,"DEF":62.6198748656,"NET":14.3744831486,"PACE":75.6548940759,"hAST%":18.0730210801,"hTO%":13.213049025,"TOR":19.1659775314,"AR":26.2155324855,"STL%":8.8119436926,"BLK%":10.5042016807,"EFG%":48.7405541562,"TS%":51.498541243,"PPWS":1.0299708249,"REB%":54.2743538767,"OREB%":34.6153846154,"DREB%":71.375464684,"FTR":0.3173803526,"FFI":35.9714982581,"Py-W":5.7878844324,"Py-L":0.2121155676,"PPR":-0.6244489984,"HHI":0.0933338245},"DLSU":{"OFF":74.4700871702,"DEF":63.3238051425,"NET":11.1462820276,"PACE":77.3800625052,"hAST%":18.4559030713,"hTO%":15.7790927022,"TOR":24.12335434,"AR":28.2157090941,"STL%":11.2001288007,"BLK%":6.5134099617,"EFG%":46.4975845411,"TS%":49.3787489289,"PPWS":0.9875749786,"REB%":57.1962616822,"OREB%":41.3793103448,"DREB%":72.2627737226,"FTR":0.2898550725,"FFI":37.2535605574,"Py-W":5.5829161522,"Py-L":0.4170838478,"PPR":-1.9643044858,"HHI":0.1098291463},"League":{"OFF":66.5824487604,"DEF":66.5824487604,"NET":0.0,"PACE":73.9449748645,"hAST%":15.6193680163,"hTO%":14.2977291842,"TOR":20.1163094954,"AR":21.975800289,"STL%":9.7482396154,"BLK%":7.4489795918,"EFG%":41.3586251621,"TS%":45.0168581062,"PPWS":0.9003371621,"REB%":50.0,"OREB%":29.9902629017,"DREB%":70.0097370983,"FTR":0.3064202335,"FFI":32.166883521,"Py-W":3.0,"Py-L":3.0,"PPR":-2.0103626943,"HHI":0.0098104029},"UE":{"OFF":66.0891049496,"DEF":66.6067741789,"NET":-0.5176692294,"PACE":72.4400792484,"hAST%":14.4598223508,"hTO%":15.6648075467,"TOR":20.9368443879,"AR":19.3263178965,"STL%":9.6631589482,"BLK%":7.1111111111,"EFG%":42.8571428571,"TS%":47.1767836027,"PPWS":0.9435356721,"REB%":47.6987447699,"OREB%":25.6302521008,"DREB%":69.5833333333,"FTR":0.416909621,"FFI":33.7567629749,"Py-W":2.8129856879,"Py-L":3.1870143121,"PPR":-2.9772585231,"HHI":0.1239697592},"UST":{"OFF":68.8231303977,"DEF":71.7191532115,"NET":-2.8960228138,"PACE":73.3764937865,"hAST%":18.3678824456,"hTO%":14.5959065862,"TOR":20.2153749353,"AR":25.4395729523,"STL%":9.7669789013,"BLK%":4.8780487805,"EFG%":46.1432506887,"TS%":49.4177512477,"PPWS":0.988355025,"REB%":48.2905982906,"OREB%":23.2456140351,"DREB%":72.0833333333,"FTR":0.2865013774,"FFI":32.4577874775,"Py-W":2.0451287628,"Py-L":3.9548712372,"PPR":-1.2036983489,"HHI":0.1238358984},"AdU":{"OFF":61.3633410336,"DEF":65.5952955876,"NET":-4.231954554,"PACE":70.8892300636,"hAST%":13.9096213869,"hTO%":16.4540643235,"TOR":22.8055328745,"AR":19.2789040795,"STL%":9.1692348671,"BLK%":11.7154811715,"EFG%":37.4655647383,"TS%":42.3852674657,"PPWS":0.8477053493,"REB%":51.1278195489,"OREB%":30.8300395257,"DREB%":69.5340501792,"FTR":0.2975206612,"FFI":31.3164269364,"Py-W":1.5357732808,"Py-L":4.4642267192,"PPR":-3.6798458507,"HHI":0.1056612498},"FEU":{"OFF":57.3540317661,"DEF":63.1894710447,"NET":-5.8354392785,"PACE":74.9729333333,"hAST%":11.2292753815,"hTO%":15.3576854482,"TOR":20.6741277297,"AR":15.116566512,"STL%":8.6697954995,"BLK%":7.1698113208,"EFG%":34.4139650873,"TS%":38.6899406154,"PPWS":0.7737988123,"REB%":50.7272727273,"OREB%":29.0909090909,"DREB%":72.3636363636,"FTR":0.246882793,"FFI":28.4555416808,"Py-W":1.0502466001,"Py-L":4.9497533999,"PPR":-3.8378045786,"HHI":0.1453488372},"ADMU":{"OFF":63.7425468398,"DEF":70.2364256064,"NET":-6.4938787665,"PACE":73.1458065476,"hAST%":17.5004816646,"hTO%":10.2755121701,"TOR":14.5827453003,"AR":24.8362380895,"STL%":10.0256373939,"BLK%":6.1224489796,"EFG%":38.5897435897,"TS%":41.4591854882,"PPWS":0.8291837098,"REB%":43.4523809524,"OREB%":23.9285714286,"DREB%":67.8571428571,"FTR":0.3487179487,"FFI":29.0980672774,"Py-W":1.0485807083,"Py-L":4.9514192917,"PPR":0.7152127322,"HHI":0.120384679},"NU":{"OFF":63.0933665221,"DEF":69.7079936575,"NET":-6.6146271354,"PACE":73.7002993551,"hAST%":12.156379668,"hTO%":13.1288900415,"TOR":18.3174289903,"AR":16.9605823984,"STL%":10.6286316363,"BLK%":5.8091286307,"EFG%":36.4406779661,"TS%":40.3505727178,"PPWS":0.8070114544,"REB%":46.6542750929,"OREB%":30.8771929825,"DREB%":64.4268774704,"FTR":0.2639225182,"FFI":29.2899048029,"Py-W":1.0119299153,"Py-L":4.9880700847,"PPR":-2.5919096676,"HHI":0.1002283501}}