{"ADMU":{"MINS":1225.0,"FGM":129.0,"FGA":390.0,"2PM":86.0,"2PA":209.0,"3PM":43.0,"3PA":181.0,"FTM":72.0,"FTA":136.0,"PTS":373.0,"OFF":67.0,"DEF":152.0,"REB":219.0,"AST":109.0,"TO":64.0,"STL":44.0,"BLK":15.0,"STK":59.0,"PF":132.0,"Fls on:":133.0,"+\/-":-38.0,"GW":13.0,"GP":6.0,"W":1.0,"L":5.0,"FG%":33.0769230769,"2P%":41.1483253589,"3P%":23.7569060773,"FT%":52.9411764706},"AdU":{"MINS":1200.0,"FGM":119.0,"FGA":363.0,"2PM":85.0,"2PA":223.0,"3PM":34.0,"3PA":140.0,"FTM":76.0,"FTA":108.0,"PTS":348.0,"OFF":78.0,"DEF":194.0,"REB":272.0,"AST":82.0,"TO":97.0,"STL":39.0,"BLK":28.0,"STK":67.0,"PF":120.0,"Fls on:":116.0,"+\/-":-24.0,"GW":43.0,"GP":6.0,"W":3.0,"L":3.0,"FG%":32.782369146,"2P%":38.1165919283,"3P%":24.2857142857,"FT%":70.3703703704},"DLSU":{"MINS":1200.0,"FGM":171.0,"FGA":414.0,"2PM":128.0,"2PA":270.0,"3PM":43.0,"3PA":144.0,"FTM":76.0,"FTA":120.0,"PTS":461.0,"OFF":108.0,"DEF":198.0,"REB":306.0,"AST":131.0,"TO":112.0,"STL":52.0,"BLK":17.0,"STK":69.0,"PF":109.0,"Fls on:":125.0,"+\/-":69.0,"GW":65.0,"GP":6.0,"W":5.0,"L":1.0,"FG%":41.3043478261,"2P%":47.4074074074,"3P%":29.8611111111,"FT%":63.3333333333},"FEU":{"MINS":1225.0,"FGM":129.0,"FGA":401.0,"2PM":111.0,"2PA":289.0,"3PM":18.0,"3PA":112.0,"FTM":68.0,"FTA":99.0,"PTS":344.0,"OFF":80.0,"DEF":199.0,"REB":279.0,"AST":68.0,"TO":93.0,"STL":39.0,"BLK":19.0,"STK":58.0,"PF":110.0,"Fls on:":111.0,"+\/-":-35.0,"GW":11.0,"GP":6.0,"W":1.0,"L":5.0,"FG%":32.1695760599,"2P%":38.4083044983,"3P%":16.0714285714,"FT%":68.6868686869},"NU":{"MINS":1200.0,"FGM":137.0,"FGA":413.0,"2PM":110.0,"2PA":281.0,"3PM":27.0,"3PA":132.0,"FTM":71.0,"FTA":109.0,"PTS":372.0,"OFF":88.0,"DEF":163.0,"REB":251.0,"AST":75.0,"TO":81.0,"STL":47.0,"BLK":14.0,"STK":61.0,"PF":139.0,"Fls on:":120.0,"+\/-":-39.0,"GW":15.0,"GP":6.0,"W":1.0,"L":5.0,"FG%":33.1719128329,"2P%":39.1459074733,"3P%":20.4545454545,"FT%":65.1376146789},"UE":{"MINS":1200.0,"FGM":126.0,"FGA":343.0,"2PM":84.0,"2PA":208.0,"3PM":42.0,"3PA":135.0,"FTM":89.0,"FTA":143.0,"PTS":383.0,"OFF":61.0,"DEF":167.0,"REB":228.0,"AST":84.0,"TO":91.0,"STL":42.0,"BLK":16.0,"STK":58.0,"PF":134.0,"Fls on:":142.0,"+\/-":-3.0,"GW":45.0,"GP":6.0,"W":4.0,"L":2.0,"FG%":36.7346938776,"2P%":40.3846153846,"3P%":31.1111111111,"FT%":62.2377622378},"UP":{"MINS":1200.0,"FGM":174.0,"FGA":397.0,"2PM":135.0,"2PA":277.0,"3PM":39.0,"3PA":120.0,"FTM":79.0,"FTA":126.0,"PTS":466.0,"OFF":81.0,"DEF":192.0,"REB":273.0,"AST":119.0,"TO":87.0,"STL":40.0,"BLK":25.0,"STK":65.0,"PF":139.0,"Fls on:":137.0,"+\/-":87.0,"GW":87.0,"GP":6.0,"W":6.0,"L":0.0,"FG%":43.8287153652,"2P%":48.7364620939,"3P%":32.5,"FT%":62.6984126984},"UST":{"MINS":1200.0,"FGM":146.0,"FGA":363.0,"2PM":103.0,"2PA":203.0,"3PM":43.0,"3PA":160.0,"FTM":69.0,"FTA":104.0,"PTS":404.0,"OFF":53.0,"DEF":173.0,"REB":226.0,"AST":112.0,"TO":89.0,"STL":43.0,"BLK":12.0,"STK":55.0,"PF":129.0,"Fls on:":118.0,"+\/-":-17.0,"GW":37.0,"GP":6.0,"W":3.0,"L":3.0,"FG%":40.2203856749,"2P%":50.7389162562,"3P%":26.875,"FT%":66.3461538462},"League":{"MINS":1206.25,"FGM":141.375,"FGA":385.5,"2PM":105.25,"2PA":245.0,"3PM":36.125,"3PA":140.5,"FTM":75.0,"FTA":118.125,"PTS":393.875,"OFF":77.0,"DEF":179.75,"REB":256.75,"AST":97.5,"TO":89.25,"STL":43.25,"BLK":18.25,"STK":61.5,"PF":126.5,"Fls on:":125.25,"+\/-":0.0,"GW":39.5,"GP":6.0,"W":3.0,"L":3.0,"FG%":36.673151751,"2P%":42.9591836735,"3P%":25.7117437722,"FT%":63.4920634921}}