{"ADMU":{"POS":438.8748392857,"PACE":73.1458065476},"AdU":{"POS":425.3353803817,"PACE":70.8892300636},"DLSU":{"POS":464.2803750315,"PACE":77.3800625052},"FEU":{"POS":449.8376,"PACE":74.9729333333},"NU":{"POS":442.2017961306,"PACE":73.7002993551},"UE":{"POS":434.6404754902,"PACE":72.4400792484},"UP":{"POS":453.9293644552,"PACE":75.6548940759},"UST":{"POS":440.2589627193,"PACE":73.3764937865},"League":{"POS":443.6698491868,"PACE":73.9449748645}}