,2PM,2PA,3PM,3PA,FTM,FTA,OFF,DEF,AST,TO,STL,BLK,PF,Fls on:,+/-,GW,GP,MINS,FGM,FGA,FG%,2P%,3P%,FT%,PTS,REB,STK
DLSU,44.0,99.0,6.0,41.0,21.0,26.0,26.0,55.0,28.0,31.0,18.0,5.0,36.0,30.0,-33.0,0.0,2.0,400.0,50.0,140.0,35.714285714285715,44.44444444444444,14.634146341463415,80.76923076923077,127.0,81.0,23.0
AdU,47.0,118.0,23.0,85.0,22.0,36.0,37.0,90.0,58.0,40.0,24.0,2.0,53.0,47.0,5.0,14.0,3.0,600.0,70.0,203.0,34.48275862068966,39.83050847457627,27.058823529411764,61.111111111111114,185.0,127.0,26.0
FEU,33.0,93.0,11.0,46.0,22.0,34.0,36.0,63.0,30.0,30.0,20.0,11.0,36.0,37.0,14.0,31.0,2.0,400.0,44.0,139.0,31.654676258992804,35.483870967741936,23.91304347826087,64.70588235294117,121.0,99.0,31.0
UE,43.0,79.0,15.0,50.0,20.0,41.0,25.0,61.0,46.0,28.0,11.0,7.0,49.0,42.0,25.0,28.0,2.0,400.0,58.0,129.0,44.96124031007752,54.43037974683544,30.0,48.78048780487805,151.0,86.0,18.0
UST,54.0,119.0,14.0,64.0,38.0,48.0,27.0,91.0,51.0,38.0,14.0,8.0,56.0,58.0,-12.0,14.0,3.0,600.0,68.0,183.0,37.15846994535519,45.378151260504204,21.875,79.16666666666667,188.0,118.0,22.0
NU,43.0,97.0,9.0,39.0,25.0,34.0,35.0,62.0,36.0,37.0,15.0,10.0,30.0,43.0,1.0,12.0,2.0,400.0,52.0,136.0,38.23529411764706,44.329896907216494,23.076923076923077,73.52941176470588,138.0,97.0,25.0
ADMU,47.0,91.0,10.0,38.0,27.0,41.0,22.0,66.0,45.0,22.0,7.0,8.0,48.0,46.0,26.0,26.0,2.0,400.0,57.0,129.0,44.18604651162791,51.64835164835165,26.31578947368421,65.85365853658537,151.0,88.0,15.0
UP,33.0,83.0,9.0,45.0,39.0,70.0,33.0,42.0,28.0,24.0,15.0,8.0,51.0,54.0,-26.0,0.0,2.0,400.0,42.0,128.0,32.8125,39.75903614457831,20.0,55.714285714285715,132.0,75.0,23.0
League,43.0,97.375,12.125,51.0,26.75,41.25,30.125,66.25,40.25,31.25,15.5,7.375,44.875,44.625,0.0,15.625,2.25,450.0,55.125,148.375,37.15248525695029,44.1591784338896,23.774509803921568,64.84848484848484,149.125,96.375,22.875
