TEAM,2PM,2PA,3PM,3PA,FTM,FTA,OFF,DEF,AST,TO,STL,BLK,PF,Fls on:,+/-,GW,GP,MINS,FGM,FGA,FG%,2P%,3P%,FT%,PTS,REB,STK
DLSU,22.0,49.5,3.0,20.5,10.5,13.0,13.0,27.5,14.0,15.5,9.0,2.5,18.0,15.0,-16.5,0.0,2.0,200.0,25.0,70.0,35.7142857143,44.4444444444,14.6341463415,80.76923076919999,63.5,40.5,11.5
UP,16.5,41.5,4.5,22.5,19.5,35.0,16.5,21.0,14.0,12.0,7.5,4.0,25.5,27.0,-13.0,0.0,2.0,200.0,21.0,64.0,32.8125,39.7590361446,20.0,55.7142857143,66.0,37.5,11.5
UST,18.0,39.666666666666664,4.666666666666667,21.333333333333332,12.666666666666666,16.0,9.0,30.333333333333332,17.0,12.666666666666666,4.666666666666667,2.6666666666666665,18.666666666666668,19.333333333333332,-4.0,14.0,3.0,200.0,22.666666666666668,61.0,37.1584699454,45.3781512605,21.875,79.1666666667,62.666666666666664,39.333333333333336,7.333333333333333
League,19.11111111111111,43.27777777777778,5.388888888888889,22.666666666666668,11.88888888888889,18.333333333333332,13.38888888888889,29.444444444444443,17.88888888888889,13.88888888888889,6.888888888888889,3.2777777777777777,19.944444444444443,19.833333333333332,0.0,15.625,2.25,200.0,24.5,65.94444444444444,37.152485257,44.1591784339,23.7745098039,64.8484848485,66.27777777777777,42.833333333333336,10.166666666666666
NU,21.5,48.5,4.5,19.5,12.5,17.0,17.5,31.0,18.0,18.5,7.5,5.0,15.0,21.5,0.5,12.0,2.0,200.0,26.0,68.0,38.2352941176,44.3298969072,23.0769230769,73.5294117647,69.0,48.5,12.5
AdU,15.666666666666666,39.333333333333336,7.666666666666667,28.333333333333332,7.333333333333333,12.0,12.333333333333334,30.0,19.333333333333332,13.333333333333334,8.0,0.6666666666666666,17.666666666666668,15.666666666666666,1.6666666666666667,14.0,3.0,200.0,23.333333333333332,67.66666666666667,34.4827586207,39.8305084746,27.0588235294,61.1111111111,61.666666666666664,42.333333333333336,8.666666666666666
FEU,16.5,46.5,5.5,23.0,11.0,17.0,18.0,31.5,15.0,15.0,10.0,5.5,18.0,18.5,7.0,31.0,2.0,200.0,22.0,69.5,31.654676259,35.4838709677,23.9130434783,64.7058823529,60.5,49.5,15.5
UE,21.5,39.5,7.5,25.0,10.0,20.5,12.5,30.5,23.0,14.0,5.5,3.5,24.5,21.0,12.5,28.0,2.0,200.0,29.0,64.5,44.9612403101,54.4303797468,30.0,48.7804878049,75.5,43.0,9.0
ADMU,23.5,45.5,5.0,19.0,13.5,20.5,11.0,33.0,22.5,11.0,3.5,4.0,24.0,23.0,13.0,26.0,2.0,200.0,28.5,64.5,44.1860465116,51.6483516484,26.3157894737,65.8536585366,75.5,44.0,7.5
