{"DLSU":{"2PM":22.0,"2PA":49.5,"3PM":3.0,"3PA":20.5,"FTM":10.5,"FTA":13.0,"OFF":13.0,"DEF":27.5,"AST":14.0,"TO":15.5,"STL":9.0,"BLK":2.5,"PF":18.0,"Fls on:":15.0,"+\/-":-16.5,"GW":0.0,"GP":2.0,"MINS":200.0,"FGM":25.0,"FGA":70.0,"FG%":35.7142857143,"2P%":44.4444444444,"3P%":14.6341463415,"FT%":80.7692307692,"PTS":63.5,"REB":40.5,"STK":11.5},"UP":{"2PM":16.5,"2PA":41.5,"3PM":4.5,"3PA":22.5,"FTM":19.5,"FTA":35.0,"OFF":16.5,"DEF":21.0,"AST":14.0,"TO":12.0,"STL":7.5,"BLK":4.0,"PF":25.5,"Fls on:":27.0,"+\/-":-13.0,"GW":0.0,"GP":2.0,"MINS":200.0,"FGM":21.0,"FGA":64.0,"FG%":32.8125,"2P%":39.7590361446,"3P%":20.0,"FT%":55.7142857143,"PTS":66.0,"REB":37.5,"STK":11.5},"UST":{"2PM":18.0,"2PA":39.6666666667,"3PM":4.6666666667,"3PA":21.3333333333,"FTM":12.6666666667,"FTA":16.0,"OFF":9.0,"DEF":30.3333333333,"AST":17.0,"TO":12.6666666667,"STL":4.6666666667,"BLK":2.6666666667,"PF":18.6666666667,"Fls on:":19.3333333333,"+\/-":-4.0,"GW":14.0,"GP":3.0,"MINS":200.0,"FGM":22.6666666667,"FGA":61.0,"FG%":37.1584699454,"2P%":45.3781512605,"3P%":21.875,"FT%":79.1666666667,"PTS":62.6666666667,"REB":39.3333333333,"STK":7.3333333333},"League":{"2PM":19.1111111111,"2PA":43.2777777778,"3PM":5.3888888889,"3PA":22.6666666667,"FTM":11.8888888889,"FTA":18.3333333333,"OFF":13.3888888889,"DEF":29.4444444444,"AST":17.8888888889,"TO":13.8888888889,"STL":6.8888888889,"BLK":3.2777777778,"PF":19.9444444444,"Fls on:":19.8333333333,"+\/-":0.0,"GW":15.625,"GP":2.25,"MINS":200.0,"FGM":24.5,"FGA":65.9444444444,"FG%":37.152485257,"2P%":44.1591784339,"3P%":23.7745098039,"FT%":64.8484848485,"PTS":66.2777777778,"REB":42.8333333333,"STK":10.1666666667},"NU":{"2PM":21.5,"2PA":48.5,"3PM":4.5,"3PA":19.5,"FTM":12.5,"FTA":17.0,"OFF":17.5,"DEF":31.0,"AST":18.0,"TO":18.5,"STL":7.5,"BLK":5.0,"PF":15.0,"Fls on:":21.5,"+\/-":0.5,"GW":12.0,"GP":2.0,"MINS":200.0,"FGM":26.0,"FGA":68.0,"FG%":38.2352941176,"2P%":44.3298969072,"3P%":23.0769230769,"FT%":73.5294117647,"PTS":69.0,"REB":48.5,"STK":12.5},"AdU":{"2PM":15.6666666667,"2PA":39.3333333333,"3PM":7.6666666667,"3PA":28.3333333333,"FTM":7.3333333333,"FTA":12.0,"OFF":12.3333333333,"DEF":30.0,"AST":19.3333333333,"TO":13.3333333333,"STL":8.0,"BLK":0.6666666667,"PF":17.6666666667,"Fls on:":15.6666666667,"+\/-":1.6666666667,"GW":14.0,"GP":3.0,"MINS":200.0,"FGM":23.3333333333,"FGA":67.6666666667,"FG%":34.4827586207,"2P%":39.8305084746,"3P%":27.0588235294,"FT%":61.1111111111,"PTS":61.6666666667,"REB":42.3333333333,"STK":8.6666666667},"FEU":{"2PM":16.5,"2PA":46.5,"3PM":5.5,"3PA":23.0,"FTM":11.0,"FTA":17.0,"OFF":18.0,"DEF":31.5,"AST":15.0,"TO":15.0,"STL":10.0,"BLK":5.5,"PF":18.0,"Fls on:":18.5,"+\/-":7.0,"GW":31.0,"GP":2.0,"MINS":200.0,"FGM":22.0,"FGA":69.5,"FG%":31.654676259,"2P%":35.4838709677,"3P%":23.9130434783,"FT%":64.7058823529,"PTS":60.5,"REB":49.5,"STK":15.5},"UE":{"2PM":21.5,"2PA":39.5,"3PM":7.5,"3PA":25.0,"FTM":10.0,"FTA":20.5,"OFF":12.5,"DEF":30.5,"AST":23.0,"TO":14.0,"STL":5.5,"BLK":3.5,"PF":24.5,"Fls on:":21.0,"+\/-":12.5,"GW":28.0,"GP":2.0,"MINS":200.0,"FGM":29.0,"FGA":64.5,"FG%":44.9612403101,"2P%":54.4303797468,"3P%":30.0,"FT%":48.7804878049,"PTS":75.5,"REB":43.0,"STK":9.0},"ADMU":{"2PM":23.5,"2PA":45.5,"3PM":5.0,"3PA":19.0,"FTM":13.5,"FTA":20.5,"OFF":11.0,"DEF":33.0,"AST":22.5,"TO":11.0,"STL":3.5,"BLK":4.0,"PF":24.0,"Fls on:":23.0,"+\/-":13.0,"GW":26.0,"GP":2.0,"MINS":200.0,"FGM":28.5,"FGA":64.5,"FG%":44.1860465116,"2P%":51.6483516484,"3P%":26.3157894737,"FT%":65.8536585366,"PTS":75.5,"REB":44.0,"STK":7.5}}