{"ADMU":{"POS":144.7594666667,"PACE":72.3797333333},"AdU":{"POS":216.3272101449,"PACE":72.1090700483},"DLSU":{"POS":155.4532967033,"PACE":77.7266483516},"FEU":{"POS":143.8048553375,"PACE":71.9024276688},"NU":{"POS":152.8572202674,"PACE":76.4286101337},"UE":{"POS":145.5475913621,"PACE":72.7737956811},"UP":{"POS":149.0962043112,"PACE":74.5481021556},"UST":{"POS":211.5747980769,"PACE":70.5249326923},"League":{"POS":164.9275803588,"PACE":73.5491650081}}