{"DLSU":{"OFF":74.2939179042,"DEF":62.3194864302,"NET":11.974431474,"PACE":78.0071196801,"hAST%":18.5272045028,"hTO%":16.4165103189,"TOR":24.4732906037,"AR":27.6198565385,"STL%":8.973539888,"BLK%":8.2073434125,"EFG%":47.6060191518,"TS%":51.0694544581,"PPWS":1.0213890892,"REB%":57.037037037,"OREB%":37.4449339207,"DREB%":75.1527494908,"FTR":0.3146374829,"FFI":37.3692793393,"Py-W":10.3765757019,"Py-L":0.6234242981,"PPR":-2.2241188555,"HHI":0.1172235294},"UP":{"OFF":74.1674011819,"DEF":63.6191485694,"NET":10.5482526125,"PACE":75.8419455227,"hAST%":17.332281634,"hTO%":14.8414148124,"TOR":20.9500017166,"AR":24.4660859208,"STL%":9.6692315615,"BLK%":10.6442577031,"EFG%":48.6910994764,"TS%":51.6434080059,"PPWS":1.0328681601,"REB%":52.4590163934,"OREB%":31.4371257485,"DREB%":70.1005025126,"FTR":0.3193717277,"FFI":35.7919412857,"Py-W":8.288050721,"Py-L":0.711949279,"PPR":-1.7220243426,"HHI":0.095102332},"UE":{"OFF":68.1026636992,"DEF":67.5235594161,"NET":0.5791042832,"PACE":71.9501959812,"hAST%":14.4897296796,"hTO%":14.8374831919,"TOR":19.7667595317,"AR":19.3034761052,"STL%":10.5010910012,"BLK%":7.4404761905,"EFG%":44.3594646272,"TS%":48.2220181079,"PPWS":0.9644403622,"REB%":46.2728551336,"OREB%":24.5714285714,"DREB%":67.3130193906,"FTR":0.3766730402,"FFI":33.2498570504,"Py-W":4.8069540091,"Py-L":4.1930459909,"PPR":-2.5603418991,"HHI":0.125},"League":{"OFF":68.0367635409,"DEF":68.0367635409,"NET":0.0,"PACE":74.236742362,"hAST%":15.3155582954,"hTO%":14.3161940356,"TOR":20.0001759936,"AR":21.3963194818,"STL%":9.3693002762,"BLK%":7.7421344849,"EFG%":42.508744656,"TS%":46.1391309109,"PPWS":0.9227826182,"REB%":50.0,"OREB%":29.6870342772,"DREB%":70.3129657228,"FTR":0.3083948698,"FFI":32.5668717633,"Py-W":5.0,"Py-L":5.0,"PPR":-2.1114551084,"HHI":0.0102723069},"UST":{"OFF":71.0664698634,"DEF":72.5957483288,"NET":-1.5292784654,"PACE":75.7933192224,"hAST%":16.3835992452,"hTO%":13.381369017,"TOR":18.7111718121,"AR":22.909191129,"STL%":9.4755293151,"BLK%":5.2516411379,"EFG%":45.0886766712,"TS%":48.2413287738,"PPWS":0.9648265755,"REB%":48.6666666667,"OREB%":27.114967462,"DREB%":71.298405467,"FTR":0.2660300136,"FFI":32.1267073186,"Py-W":4.5721633412,"Py-L":6.4278366588,"PPR":-1.2619296968,"HHI":0.1269283769},"FEU":{"OFF":62.5774565684,"DEF":66.9688570293,"NET":-4.3914004609,"PACE":75.1468701011,"hAST%":11.6499486612,"hTO%":14.3156148803,"TOR":19.2955474799,"AR":15.7025834664,"STL%":8.5166554394,"BLK%":8.1196581197,"EFG%":37.6488095238,"TS%":41.8066890703,"PPWS":0.8361337814,"REB%":50.6637168142,"OREB%":29.6629213483,"DREB%":71.0239651416,"FTR":0.2633928571,"FFI":29.7668878063,"Py-W":2.5253048619,"Py-L":7.4746951381,"PPR":-3.1965828855,"HHI":0.1532143393},"NU":{"OFF":65.6226954262,"DEF":71.2120101786,"NET":-5.5893147524,"PACE":72.4596874468,"hAST%":13.2821723731,"hTO%":13.3805588351,"TOR":18.7690569463,"AR":18.6310491746,"STL%":8.8324973865,"BLK%":5.5979643766,"EFG%":38.6295180723,"TS%":42.5275020123,"PPWS":0.8505500402,"REB%":48.243559719,"OREB%":31.2072892938,"DREB%":66.265060241,"FTR":0.2786144578,"FFI":30.5647461917,"Py-W":2.1284882706,"Py-L":7.8715117294,"PPR":-2.3564068995,"HHI":0.1007871508},"ADMU":{"OFF":66.5995785056,"DEF":72.6070054937,"NET":-6.0074269881,"PACE":72.4103681766,"hAST%":15.7865656326,"hTO%":9.8666035204,"TOR":13.8101769841,"AR":22.0962831745,"STL%":9.9433274285,"BLK%":5.1948051948,"EFG%":39.247311828,"TS%":42.6664189404,"PPWS":0.8533283788,"REB%":44.3902439024,"OREB%":25.7080610022,"DREB%":68.1440443213,"FTR":0.3579109063,"FFI":29.6617447721,"Py-W":2.0071836611,"Py-L":7.9928163389,"PPR":0.3375218274,"HHI":0.1110390883},"AdU":{"OFF":60.8014731786,"DEF":67.5456638895,"NET":-6.7441907109,"PACE":72.2844327652,"hAST%":14.0222742313,"hTO%":17.2504236946,"TOR":23.6565458784,"AR":19.2295899245,"STL%":9.2689390284,"BLK%":12.0104438642,"EFG%":38.898163606,"TS%":43.0072804133,"PPWS":0.8601456083,"REB%":51.0663507109,"OREB%":29.7820823245,"DREB%":71.4617169374,"FTR":0.3121869783,"FFI":32.1126230513,"Py-W":1.5669365385,"Py-L":8.4330634615,"PPR":-3.9727909115,"HHI":0.1115272164}}