{"DLSU":{"2PM":22.0,"2PA":49.5,"3PM":3.0,"3PA":20.5,"FTM":10.5,"FTA":13.0,"OFF":13.0,"DEF":27.5,"AST":14.0,"TO":15.5,"STL":9.0,"BLK":2.5,"PF":18.0,"Fls on:":15.0,"+\/-":-16.5,"GW":0.0,"GP":2.0,"MINS":200.0,"FGM":25.0,"FGA":70.0,"FG%":35.7142857143,"2P%":44.4444444444,"3P%":14.6341463415,"FT%":80.7692307692,"PTS":63.5,"REB":40.5,"STK":11.5},"UP":{"2PM":15.0,"2PA":44.0,"3PM":4.0,"3PA":22.0,"FTM":19.0,"FTA":40.0,"OFF":18.0,"DEF":22.0,"AST":19.0,"TO":9.0,"STL":7.0,"BLK":4.0,"PF":26.0,"Fls on:":29.0,"+\/-":-16.0,"GW":0.0,"GP":1.0,"MINS":200.0,"FGM":19.0,"FGA":66.0,"FG%":28.7878787879,"2P%":34.0909090909,"3P%":18.1818181818,"FT%":47.5,"PTS":61.0,"REB":40.0,"STK":11.0},"UST":{"2PM":13.0,"2PA":39.0,"3PM":3.0,"3PA":17.0,"FTM":20.0,"FTA":26.0,"OFF":10.0,"DEF":25.0,"AST":12.0,"TO":14.0,"STL":4.0,"BLK":0.0,"PF":18.0,"Fls on:":24.0,"+\/-":-15.0,"GW":0.0,"GP":1.0,"MINS":200.0,"FGM":16.0,"FGA":56.0,"FG%":28.5714285714,"2P%":33.3333333333,"3P%":17.6470588235,"FT%":76.9230769231,"PTS":55.0,"REB":35.0,"STK":4.0},"League":{"2PM":18.5,"2PA":43.1,"3PM":5.5,"3PA":24.0,"FTM":12.1,"FTA":18.2,"OFF":14.6,"DEF":29.9,"AST":18.3,"TO":14.8,"STL":6.9,"BLK":3.3,"PF":19.9,"Fls on:":19.7,"+\/-":0.0,"GW":8.75,"GP":1.25,"MINS":200.0,"FGM":24.0,"FGA":67.1,"FG%":35.7675111773,"2P%":42.9234338747,"3P%":22.9166666667,"FT%":66.4835164835,"PTS":65.6,"REB":44.5,"STK":10.2},"NU":{"2PM":22.0,"2PA":51.0,"3PM":7.0,"3PA":25.0,"FTM":13.0,"FTA":16.0,"OFF":21.0,"DEF":28.0,"AST":21.0,"TO":19.0,"STL":8.0,"BLK":6.0,"PF":12.0,"Fls on:":23.0,"+\/-":3.0,"GW":12.0,"GP":1.0,"MINS":200.0,"FGM":29.0,"FGA":76.0,"FG%":38.1578947368,"2P%":43.137254902,"3P%":28.0,"FT%":81.25,"PTS":78.0,"REB":49.0,"STK":14.0},"AdU":{"2PM":17.5,"2PA":44.0,"3PM":8.0,"3PA":29.0,"FTM":5.5,"FTA":9.0,"OFF":15.5,"DEF":31.5,"AST":20.5,"TO":14.5,"STL":8.0,"BLK":1.0,"PF":18.5,"Fls on:":14.5,"+\/-":9.0,"GW":14.0,"GP":2.0,"MINS":200.0,"FGM":25.5,"FGA":73.0,"FG%":34.9315068493,"2P%":39.7727272727,"3P%":27.5862068966,"FT%":61.1111111111,"PTS":64.5,"REB":47.0,"STK":9.0},"FEU":{"2PM":12.0,"2PA":34.0,"3PM":7.0,"3PA":30.0,"FTM":14.0,"FTA":18.0,"OFF":17.0,"DEF":39.0,"AST":15.0,"TO":16.0,"STL":8.0,"BLK":9.0,"PF":16.0,"Fls on:":19.0,"+\/-":12.0,"GW":16.0,"GP":1.0,"MINS":200.0,"FGM":19.0,"FGA":64.0,"FG%":29.6875,"2P%":35.2941176471,"3P%":23.3333333333,"FT%":77.7777777778,"PTS":59.0,"REB":56.0,"STK":17.0},"UE":{"2PM":20.0,"2PA":32.0,"3PM":7.0,"3PA":32.0,"FTM":9.0,"FTA":14.0,"OFF":12.0,"DEF":32.0,"AST":24.0,"TO":14.0,"STL":6.0,"BLK":1.0,"PF":24.0,"Fls on:":17.0,"+\/-":15.0,"GW":14.0,"GP":1.0,"MINS":200.0,"FGM":27.0,"FGA":64.0,"FG%":42.1875,"2P%":62.5,"3P%":21.875,"FT%":64.2857142857,"PTS":70.0,"REB":44.0,"STK":7.0},"ADMU":{"2PM":24.0,"2PA":44.0,"3PM":5.0,"3PA":15.0,"FTM":14.0,"FTA":24.0,"OFF":11.0,"DEF":35.0,"AST":23.0,"TO":16.0,"STL":2.0,"BLK":6.0,"PF":30.0,"Fls on:":26.0,"+\/-":16.0,"GW":14.0,"GP":1.0,"MINS":200.0,"FGM":29.0,"FGA":59.0,"FG%":49.1525423729,"2P%":54.5454545455,"3P%":33.3333333333,"FT%":58.3333333333,"PTS":77.0,"REB":46.0,"STK":8.0}}