{"UP":{"OFF":78.1353708224,"DEF":61.8994496125,"NET":16.2359212098,"PACE":73.9101886792,"hAST%":21.186440678,"hTO%":14.7383935151,"TOR":21.6478949465,"AR":31.1188489855,"STL%":2.7059868683,"BLK%":13.6363636364,"EFG%":53.3898305085,"TS%":55.3479010926,"PPWS":1.1069580219,"REB%":53.488372093,"OREB%":33.3333333333,"DREB%":66.0377358491,"FTR":0.406779661,"FFI":39.5362675219,"Py-W":1.5453714454,"Py-L":-0.5453714454,"PPR":-0.3323245544,"HHI":0.1310507674},"UST":{"OFF":74.4841843559,"DEF":58.5232877082,"NET":15.9608966477,"PACE":70.4847619048,"hAST%":22.1893491124,"hTO%":12.9437869822,"TOR":19.8624491616,"AR":34.0499128484,"STL%":8.5124782121,"BLK%":2.5641025641,"EFG%":47.65625,"TS%":49.8859749145,"PPWS":0.9977194983,"REB%":55.6962025316,"OREB%":32.4324324324,"DREB%":76.1904761905,"FTR":0.21875,"FFI":33.7958487769,"Py-W":0.7976092554,"Py-L":0.2023907446,"PPR":1.0454247067,"HHI":0.1306122449},"DLSU":{"OFF":77.1936025448,"DEF":61.27242202,"NET":15.9211805249,"PACE":77.7266483516,"hAST%":19.6721311475,"hTO%":14.7540983607,"TOR":23.1580807635,"AR":30.8774410179,"STL%":11.5790403817,"BLK%":7.0707070707,"EFG%":47.6510067114,"TS%":50.0,"PPWS":1.0,"REB%":55.2486187845,"OREB%":39.5604395604,"DREB%":71.1111111111,"FTR":0.1677852349,"FFI":35.278789311,"Py-W":0.0,"Py-L":2.0,"PPR":-0.9480212142,"HHI":0.1290625},"League":{"OFF":66.4487394578,"DEF":66.4487394578,"NET":0.0,"PACE":73.6865115446,"hAST%":16.911873429,"hTO%":13.6773621174,"TOR":19.9886452028,"AR":24.7156896764,"STL%":9.3190305337,"BLK%":7.656612529,"EFG%":39.8658718331,"TS%":43.6704478884,"PPWS":0.8734089578,"REB%":50.0,"OREB%":32.808988764,"DREB%":67.191011236,"FTR":0.2712369598,"FFI":31.5738621832,"Py-W":-5.3938400624,"Py-L":6.6438400624,"PPR":-1.3,"HHI":0.0123078648},"NU":{"OFF":70.8221100483,"DEF":73.6549944502,"NET":-2.8328844019,"PACE":79.4243492063,"hAST%":14.7313691508,"hTO%":12.9982668977,"TOR":18.8858960129,"AR":21.4040154813,"STL%":10.0724778735,"BLK%":1.9607843137,"EFG%":41.7721518987,"TS%":44.964028777,"PPWS":0.8992805755,"REB%":47.8723404255,"OREB%":37.7777777778,"DREB%":57.1428571429,"FTR":0.1265822785,"FFI":30.8846244955,"Py-W":14.3825245552,"Py-L":-13.3825245552,"PPR":-1.7008881934,"HHI":0.1264},"AdU":{"OFF":56.8634914112,"DEF":66.0845981266,"NET":-9.2211067153,"PACE":73.2016254489,"hAST%":13.1339664579,"hTO%":16.1648817943,"TOR":21.8574381401,"AR":17.7591684888,"STL%":12.2948089538,"BLK%":14.7727272727,"EFG%":34.0,"TS%":39.6541869105,"PPWS":0.7930837382,"REB%":49.4623655914,"OREB%":29.2134831461,"DREB%":68.0412371134,"FTR":0.272,"FFI":28.9870561642,"Py-W":0.2140337207,"Py-L":1.7859662793,"PPR":-3.690954593,"HHI":0.1200389579},"FEU":{"OFF":50.1069173714,"DEF":62.9001728705,"NET":-12.7932554991,"PACE":70.3495681818,"hAST%":13.5975135975,"hTO%":11.655011655,"TOR":17.0576739988,"AR":19.9006196652,"STL%":8.5288369994,"BLK%":2.9411764706,"EFG%":28.0821917808,"TS%":30.5353430353,"PPWS":0.6107068607,"REB%":43.4343434343,"OREB%":29.0909090909,"DREB%":61.3636363636,"FTR":0.1232876712,"FFI":23.1647920987,"Py-W":-1.3218177467,"Py-L":2.3218177467,"PPR":-1.3965783245,"HHI":0.162516976},"UE":{"OFF":58.5232877082,"DEF":74.4841843559,"NET":-15.9608966477,"PACE":70.4847619048,"hAST%":12.8424657534,"hTO%":14.9828767123,"TOR":19.8624491616,"AR":17.0249564242,"STL%":5.6749854747,"BLK%":0.0,"EFG%":31.25,"TS%":40.7769869514,"PPWS":0.815539739,"REB%":44.3037974684,"OREB%":23.8095238095,"DREB%":67.5675675676,"FTR":0.4642857143,"FFI":29.1918027666,"Py-W":0.2023907446,"Py-L":0.7976092554,"PPR":-3.1362741202,"HHI":0.1530578512},"ADMU":{"OFF":61.8994496125,"DEF":78.1353708224,"NET":-16.2359212098,"PACE":73.9101886792,"hAST%":17.0250896057,"hTO%":8.064516129,"TOR":12.1769409074,"AR":25.7068752489,"STL%":9.4709540391,"BLK%":9.0909090909,"EFG%":31.8181818182,"TS%":36.4832535885,"PPWS":0.7296650718,"REB%":46.511627907,"OREB%":33.9622641509,"DREB%":66.6666666667,"FTR":0.6060606061,"FFI":31.6548698752,"Py-W":-0.5453714454,"Py-L":1.5453714454,"PPR":1.8277850489,"HHI":0.1405536146}}