{"ADMU":{"POS":73.9101886792,"PACE":73.9101886792},"AdU":{"POS":146.4032508977,"PACE":73.2016254489},"DLSU":{"POS":155.4532967033,"PACE":77.7266483516},"FEU":{"POS":70.3495681818,"PACE":70.3495681818},"NU":{"POS":79.4243492063,"PACE":79.4243492063},"UE":{"POS":70.4847619048,"PACE":70.4847619048},"UP":{"POS":73.9101886792,"PACE":73.9101886792},"UST":{"POS":70.4847619048,"PACE":70.4847619048},"League":{"POS":92.5525457696,"PACE":73.6865115446}}