TEAM,MINS,FGM,FGA,2PM,2PA,3PM,3PA,FTM,FTA,PTS,OFF,DEF,REB,AST,TO,STL,BLK,STK,PF,Fls on:,+/-,GW,GP,W,L,FG%,2P%,3P%,FT%,W%
DLSU,200.0,30.0,74.5,19.0,43.5,11.0,31.0,9.0,12.5,80.0,18.0,32.0,50.0,24.0,18.0,9.0,3.5,12.5,15.0,18.0,16.5,26.0,2.0,2.0,0.0,40.2684563758,43.6781609195,35.4838709677,72.0,1.0
UP,200.0,29.0,59.0,24.0,44.0,5.0,15.0,14.0,24.0,77.0,11.0,35.0,46.0,23.0,16.0,2.0,6.0,8.0,30.0,26.0,16.0,14.0,1.0,1.0,0.0,49.1525423729,54.5454545455,33.3333333333,58.3333333333,1.0
UST,200.0,27.0,64.0,20.0,32.0,7.0,32.0,9.0,14.0,70.0,12.0,32.0,44.0,24.0,14.0,6.0,1.0,7.0,24.0,17.0,15.0,14.0,1.0,1.0,0.0,42.1875,62.5,21.875,64.2857142857,1.0
AdU,200.0,18.5,62.5,13.0,38.0,5.5,24.5,13.0,17.0,55.5,13.0,33.0,46.0,13.0,16.0,9.0,6.5,15.5,14.5,18.5,-9.0,16.0,2.0,1.0,1.0,29.6,34.2105263158,22.4489795918,76.4705882353,0.5
League,200.0,24.0,67.1,18.5,43.1,5.5,24.0,12.1,18.2,65.6,14.6,29.9,44.5,18.3,14.8,6.9,3.3,10.2,19.9,19.7,0.0,8.75,1.25,0.625,0.625,35.7675111773,42.9234338747,22.9166666667,66.4835164835,0.5
ADMU,200.0,19.0,66.0,15.0,44.0,4.0,22.0,19.0,40.0,61.0,18.0,22.0,40.0,19.0,9.0,7.0,4.0,11.0,26.0,29.0,-16.0,0.0,1.0,0.0,1.0,28.7878787879,34.0909090909,18.1818181818,47.5,0.0
FEU,200.0,20.0,73.0,19.0,52.0,1.0,21.0,6.0,9.0,47.0,16.0,27.0,43.0,14.0,12.0,6.0,1.0,7.0,19.0,16.0,-12.0,0.0,1.0,0.0,1.0,27.397260274,36.5384615385,4.7619047619,66.6666666667,0.0
NU,200.0,32.0,79.0,30.0,57.0,2.0,22.0,9.0,10.0,75.0,17.0,28.0,45.0,17.0,15.0,8.0,1.0,9.0,23.0,12.0,-3.0,0.0,1.0,0.0,1.0,40.5063291139,52.6315789474,9.0909090909,90.0,0.0
UE,200.0,16.0,56.0,13.0,39.0,3.0,17.0,20.0,26.0,55.0,10.0,25.0,35.0,12.0,14.0,4.0,0.0,4.0,18.0,24.0,-15.0,0.0,1.0,0.0,1.0,28.5714285714,33.3333333333,17.6470588235,76.9230769231,0.0
