{"UP":{"OFF":74.9804272703,"DEF":64.4459870753,"NET":10.534440195,"PACE":75.6447409876,"hAST%":17.2149071791,"hTO%":14.3069836691,"TOR":20.3252728468,"AR":24.4564258645,"STL%":9.0885366388,"BLK%":11.1455108359,"EFG%":48.5493230174,"TS%":51.3826606876,"PPWS":1.0276532138,"REB%":53.4743202417,"OREB%":33.0,"DREB%":70.4419889503,"FTR":0.3152804642,"FFI":35.8302543819,"Py-W":0.1159138418,"Py-L":7.8840861582,"PPR":-1.4902278196,"HHI":0.0987664777},"DLSU":{"OFF":73.9697495862,"DEF":63.719655715,"NET":10.2500938712,"PACE":78.8610663949,"hAST%":18.1425079902,"hTO%":15.9804474525,"TOR":23.9521093898,"AR":27.1926888955,"STL%":9.2990542337,"BLK%":8.2262210797,"EFG%":46.6666666667,"TS%":49.9429223744,"PPWS":0.9988584475,"REB%":57.1428571429,"OREB%":39.0306122449,"DREB%":74.6305418719,"FTR":0.3170731707,"FFI":37.2169140241,"Py-W":9.9691995863,"Py-L":-0.9691995863,"PPR":-2.1287501919,"HHI":0.1158653061},"League":{"OFF":68.2519589697,"DEF":68.2519589697,"NET":0.0,"PACE":74.1224531008,"hAST%":15.3882709693,"hTO%":13.9597641974,"TOR":19.5600126316,"AR":21.5615944713,"STL%":9.2350211614,"BLK%":7.8703703704,"EFG%":42.4090909091,"TS%":45.963021388,"PPWS":0.9192604278,"REB%":50.0,"OREB%":29.9548767789,"DREB%":70.0451232211,"FTR":0.3075,"FFI":32.4571148773,"Py-W":4.25,"Py-L":4.25,"PPR":-1.903030303,"HHI":0.010450022},"UE":{"OFF":67.4090080354,"DEF":68.8516132657,"NET":-1.4426052303,"PACE":71.4852530907,"hAST%":13.8566300676,"hTO%":14.2525337838,"TOR":18.8850139243,"AR":18.3604302042,"STL%":10.3168131624,"BLK%":7.8498293515,"EFG%":43.347639485,"TS%":47.1767383802,"PPWS":0.9435347676,"REB%":46.4114832536,"OREB%":24.7619047619,"DREB%":68.2692307692,"FTR":0.3841201717,"FFI":32.7744928026,"Py-W":-6.4979164222,"Py-L":14.4979164222,"PPR":-2.4626173722,"HHI":0.124475768},"UST":{"OFF":70.7643695425,"DEF":73.2799499126,"NET":-2.5155803701,"PACE":76.1918279146,"hAST%":16.5922277414,"hTO%":13.1485578328,"TOR":18.3746740079,"AR":23.1870886291,"STL%":10.4998137188,"BLK%":3.8461538462,"EFG%":45.0996677741,"TS%":48.0483602662,"PPWS":0.9609672053,"REB%":48.280605227,"OREB%":26.7716535433,"DREB%":71.9653179191,"FTR":0.26910299,"FFI":32.0244111708,"Py-W":-47.4625322432,"Py-L":56.4625322432,"PPR":-1.0661259588,"HHI":0.1324027911},"AdU":{"OFF":63.1923117431,"DEF":66.9943387982,"NET":-3.8020270551,"PACE":71.5079077716,"hAST%":14.6859466787,"hTO%":15.9411557966,"TOR":22.2003418849,"AR":20.4522834687,"STL%":8.7402920807,"BLK%":12.3076923077,"EFG%":39.3442622951,"TS%":43.6057031193,"PPWS":0.8721140624,"REB%":50.6419400856,"OREB%":29.8507462687,"DREB%":69.6721311475,"FTR":0.3012295082,"FFI":31.7763822659,"Py-W":21.9706474054,"Py-L":-13.9706474054,"PPR":-3.1256361947,"HHI":0.1095280729},"FEU":{"OFF":61.8744089668,"DEF":65.7623879863,"NET":-3.8879790195,"PACE":75.0175515884,"hAST%":11.9496579547,"hTO%":14.5807753026,"TOR":19.6990936986,"AR":16.1443700237,"STL%":8.2943552415,"BLK%":7.816091954,"EFG%":37.2909698997,"TS%":41.5572400621,"PPWS":0.8311448012,"REB%":50.4866180049,"OREB%":29.6296296296,"DREB%":70.7434052758,"FTR":0.2742474916,"FFI":29.880799685,"Py-W":9.0,"Py-L":0.0,"PPR":-3.2223483674,"HHI":0.1525323208},"NU":{"OFF":66.5727556687,"DEF":70.9647082997,"NET":-4.3919526309,"PACE":72.1015669516,"hAST%":13.6485713028,"hTO%":13.0982256857,"TOR":18.3383285291,"AR":19.1088465345,"STL%":8.0133872564,"BLK%":6.0773480663,"EFG%":39.5973154362,"TS%":43.2744320231,"PPWS":0.8654886405,"REB%":47.5324675325,"OREB%":30.2564102564,"DREB%":65.2631578947,"FTR":0.2651006711,"FFI":30.4513004252,"Py-W":0.0,"Py-L":9.0,"PPR":-2.0750942115,"HHI":0.1020748939},"ADMU":{"OFF":66.3799950547,"DEF":72.355493631,"NET":-5.9754985764,"PACE":72.169710107,"hAST%":16.3511187608,"hTO%":9.9582001475,"TOR":14.0294314401,"AR":23.035980019,"STL%":9.699360008,"BLK%":6.309148265,"EFG%":39.2857142857,"TS%":42.6259592926,"PPWS":0.8525191859,"REB%":44.7328244275,"OREB%":25.6198347107,"DREB%":68.4931506849,"FTR":0.3571428571,"FFI":29.7027533736,"Py-W":10.6663571304,"Py-L":-2.6663571304,"PPR":0.4845605339,"HHI":0.110596237}}