{"DLSU":{"MINS":200.0,"FGM":27.7142857143,"FGA":68.7142857143,"2PM":20.0,"2PA":44.7142857143,"3PM":7.7142857143,"3PA":24.0,"FTM":12.4285714286,"FTA":19.7142857143,"PTS":75.5714285714,"OFF":17.1428571429,"DEF":33.0,"REB":50.1428571429,"AST":21.1428571429,"TO":18.1428571429,"STL":8.1428571429,"BLK":2.8571428571,"STK":11.0,"PF":19.1428571429,"Fls on:":20.5714285714,"+\/-":11.5714285714,"GW":76.0,"GP":7,"W":6.0,"L":1.0,"FG%":40.3326403326,"2P%":44.7284345048,"3P%":32.1428571429,"FT%":63.0434782609,"W%":0.8571428571},"UP":{"MINS":200.0,"FGM":27.7142857143,"FGA":65.4285714286,"2PM":21.8571428571,"2PA":45.4285714286,"3PM":5.8571428571,"3PA":20.0,"FTM":13.2857142857,"FTA":21.7142857143,"PTS":74.5714285714,"OFF":13.0,"DEF":32.0,"REB":45.0,"AST":18.2857142857,"TO":14.7142857143,"STL":6.8571428571,"BLK":4.5714285714,"STK":11.4285714286,"PF":22.5714285714,"Fls on:":23.1428571429,"+\/-":10.7142857143,"GW":87.0,"GP":7,"W":6.0,"L":1.0,"FG%":42.3580786026,"2P%":48.1132075472,"3P%":29.2857142857,"FT%":61.1842105263,"W%":0.8571428571},"UE":{"MINS":200.0,"FGM":21.4285714286,"FGA":57.8571428571,"2PM":14.1428571429,"2PA":35.5714285714,"3PM":7.2857142857,"3PA":22.2857142857,"FTM":13.5714285714,"FTA":22.2857142857,"PTS":63.7142857143,"OFF":10.4285714286,"DEF":27.1428571429,"REB":37.5714285714,"AST":13.8571428571,"TO":14.2857142857,"STL":7.1428571429,"BLK":2.8571428571,"STK":10.0,"PF":21.0,"Fls on:":22.8571428571,"+\/-":-0.2857142857,"GW":56.0,"GP":7,"W":5.0,"L":2.0,"FG%":37.037037037,"2P%":39.7590361446,"3P%":32.6923076923,"FT%":60.8974358974,"W%":0.7142857143},"UST":{"MINS":200.0,"FGM":25.5714285714,"FGA":63.7142857143,"2PM":18.5714285714,"2PA":37.5714285714,"3PM":7.0,"3PA":26.1428571429,"FTM":11.4285714286,"FTA":17.0,"PTS":69.5714285714,"OFF":10.2857142857,"DEF":29.0,"REB":39.2857142857,"AST":18.5714285714,"TO":13.7142857143,"STL":6.7142857143,"BLK":1.7142857143,"STK":8.4285714286,"PF":21.1428571429,"Fls on:":19.4285714286,"+\/-":-0.8571428571,"GW":50.0,"GP":7,"W":4.0,"L":3.0,"FG%":40.134529148,"2P%":49.4296577947,"3P%":26.7759562842,"FT%":67.2268907563,"W%":0.5714285714},"League":{"MINS":200.8928571429,"FGM":23.6964285714,"FGA":64.0892857143,"2PM":17.5,"2PA":40.7321428571,"3PM":6.1964285714,"3PA":23.3571428571,"FTM":12.5,"FTA":19.5178571429,"PTS":66.0892857143,"OFF":12.5357142857,"DEF":29.75,"REB":42.2857142857,"AST":16.0,"TO":14.4107142857,"STL":6.875,"BLK":3.2142857143,"STK":10.0892857143,"PF":20.9107142857,"Fls on:":20.6964285714,"+\/-":0.0,"GW":45.625,"GP":7,"W":3.5,"L":3.5,"FG%":36.9740874896,"2P%":42.9636124507,"3P%":26.5290519878,"FT%":64.043915828,"W%":0.5},"AdU":{"MINS":200.0,"FGM":19.8571428571,"FGA":58.5714285714,"2PM":13.5714285714,"2PA":35.4285714286,"3PM":6.2857142857,"3PA":23.1428571429,"FTM":12.5714285714,"FTA":18.0,"PTS":58.5714285714,"OFF":11.8571428571,"DEF":31.8571428571,"REB":43.7142857143,"AST":14.2857142857,"TO":16.1428571429,"STL":6.1428571429,"BLK":5.1428571429,"STK":11.2857142857,"PF":19.7142857143,"Fls on:":18.4285714286,"+\/-":-3.5714285714,"GW":43.0,"GP":7,"W":3.0,"L":4.0,"FG%":33.9024390244,"2P%":38.3064516129,"3P%":27.1604938272,"FT%":69.8412698413,"W%":0.4285714286},"NU":{"MINS":200.0,"FGM":23.4285714286,"FGA":66.4285714286,"2PM":18.8571428571,"2PA":45.5714285714,"3PM":4.5714285714,"3PA":20.8571428571,"FTM":12.8571428571,"FTA":19.0,"PTS":64.2857142857,"OFF":13.4285714286,"DEF":27.4285714286,"REB":40.8571428571,"AST":12.7142857143,"TO":13.2857142857,"STL":6.7142857143,"BLK":2.2857142857,"STK":9.0,"PF":23.0,"Fls on:":20.5714285714,"+\/-":-4.1428571429,"GW":29.0,"GP":7,"W":2.0,"L":5.0,"FG%":35.2688172043,"2P%":41.3793103448,"3P%":21.9178082192,"FT%":67.6691729323,"W%":0.2857142857},"ADMU":{"MINS":203.5714285714,"FGM":21.5714285714,"FGA":65.1428571429,"2PM":14.0,"2PA":34.4285714286,"3PM":7.5714285714,"3PA":30.7142857143,"FTM":12.2857142857,"FTA":22.0,"PTS":63.0,"OFF":11.2857142857,"DEF":24.5714285714,"REB":35.8571428571,"AST":17.4285714286,"TO":10.1428571429,"STL":7.1428571429,"BLK":2.5714285714,"STK":9.7142857143,"PF":22.4285714286,"Fls on:":22.0,"+\/-":-6.8571428571,"GW":13.0,"GP":7,"W":1.0,"L":6.0,"FG%":33.1140350877,"2P%":40.6639004149,"3P%":24.6511627907,"FT%":55.8441558442,"W%":0.1428571429},"FEU":{"MINS":203.5714285714,"FGM":22.2857142857,"FGA":66.8571428571,"2PM":19.0,"2PA":47.1428571429,"3PM":3.2857142857,"3PA":19.7142857143,"FTM":11.5714285714,"FTA":16.4285714286,"PTS":59.4285714286,"OFF":12.8571428571,"DEF":33.0,"REB":45.8571428571,"AST":11.7142857143,"TO":14.8571428571,"STL":6.1428571429,"BLK":3.7142857143,"STK":9.8571428571,"PF":18.2857142857,"Fls on:":18.5714285714,"+\/-":-6.5714285714,"GW":11.0,"GP":7,"W":1.0,"L":6.0,"FG%":33.3333333333,"2P%":40.303030303,"3P%":16.6666666667,"FT%":70.4347826087,"W%":0.1428571429}}