{"DLSU":{"2PM":18.0833333333,"2PA":42.4166666667,"3PM":5.4166666667,"3PA":23.75,"FTM":11.4166666667,"FTA":19.1666666667,"OFF":11.25,"DEF":26.25,"AST":12.0833333333,"TO":14.9166666667,"STL":9.1666666667,"BLK":2.9166666667,"PF":20.3333333333,"Fls on:":19.5,"+\/-":-11.8333333333,"GW":11.0,"GP":12.0,"MINS":200.0,"FGM":23.5,"FGA":66.1666666667,"FG%":35.516372796,"2P%":42.6326129666,"3P%":22.8070175439,"FT%":59.5652173913,"PTS":63.8333333333,"REB":37.5,"STK":12.0833333333},"UP":{"2PM":15.2727272727,"2PA":39.6363636364,"3PM":6.4545454545,"3PA":23.8181818182,"FTM":13.0909090909,"FTA":20.8181818182,"OFF":13.0,"DEF":25.4545454545,"AST":13.6363636364,"TO":17.3636363636,"STL":7.2727272727,"BLK":3.1818181818,"PF":22.2727272727,"Fls on:":20.9090909091,"+\/-":-9.4545454545,"GW":25.0,"GP":11.0,"MINS":200.0,"FGM":21.7272727273,"FGA":63.4545454545,"FG%":34.2406876791,"2P%":38.5321100917,"3P%":27.0992366412,"FT%":62.8820960699,"PTS":63.0,"REB":38.4545454545,"STK":10.4545454545},"League":{"2PM":17.2888888889,"2PA":40.4666666667,"3PM":6.4111111111,"3PA":23.8777777778,"FTM":12.1,"FTA":19.1444444444,"OFF":12.7222222222,"DEF":29.5111111111,"AST":15.4888888889,"TO":15.2222222222,"STL":6.9444444444,"BLK":3.1111111111,"PF":20.2888888889,"Fls on:":19.9888888889,"+\/-":0.0,"GW":72.375,"GP":11.25,"MINS":200.0,"FGM":23.7,"FGA":64.3444444444,"FG%":36.8330167501,"2P%":42.7237781439,"3P%":26.8496975337,"FT%":63.2037144515,"PTS":65.9111111111,"REB":42.2333333333,"STK":10.0555555556},"UE":{"2PM":15.3636363636,"2PA":35.2727272727,"3PM":6.8181818182,"3PA":25.6363636364,"FTM":11.2727272727,"FTA":20.0909090909,"OFF":12.5454545455,"DEF":30.1818181818,"AST":17.1818181818,"TO":16.0909090909,"STL":6.7272727273,"BLK":3.4545454545,"PF":20.1818181818,"Fls on:":20.2727272727,"+\/-":1.0,"GW":61.0,"GP":11.0,"MINS":200.0,"FGM":22.1818181818,"FGA":60.9090909091,"FG%":36.4179104478,"2P%":43.5567010309,"3P%":26.5957446809,"FT%":56.1085972851,"PTS":62.4545454545,"REB":42.7272727273,"STK":10.1818181818},"UST":{"2PM":19.0909090909,"2PA":41.5454545455,"3PM":7.2727272727,"3PA":23.8181818182,"FTM":13.3636363636,"FTA":19.0,"OFF":11.4545454545,"DEF":30.5454545455,"AST":16.5454545455,"TO":14.4545454545,"STL":6.7272727273,"BLK":3.5454545455,"PF":19.5454545455,"Fls on:":20.2727272727,"+\/-":1.5454545455,"GW":78.0,"GP":11.0,"MINS":200.0,"FGM":26.3636363636,"FGA":65.3636363636,"FG%":40.3337969402,"2P%":45.9518599562,"3P%":30.534351145,"FT%":70.3349282297,"PTS":73.3636363636,"REB":42.0,"STK":10.2727272727},"NU":{"2PM":16.2727272727,"2PA":39.0,"3PM":6.8181818182,"3PA":24.2727272727,"FTM":13.8181818182,"FTA":21.2727272727,"OFF":14.9090909091,"DEF":29.7272727273,"AST":15.2727272727,"TO":16.0,"STL":6.5454545455,"BLK":3.0,"PF":20.1818181818,"Fls on:":22.9090909091,"+\/-":3.0909090909,"GW":103.0,"GP":11.0,"MINS":200.0,"FGM":23.0909090909,"FGA":63.2727272727,"FG%":36.4942528736,"2P%":41.7249417249,"3P%":28.0898876404,"FT%":64.9572649573,"PTS":66.8181818182,"REB":44.6363636364,"STK":9.5454545455},"FEU":{"2PM":18.3333333333,"2PA":47.5833333333,"3PM":6.4166666667,"3PA":23.3333333333,"FTM":9.0833333333,"FTA":15.6666666667,"OFF":14.5,"DEF":31.25,"AST":16.75,"TO":12.75,"STL":6.75,"BLK":3.25,"PF":19.1666666667,"Fls on:":16.3333333333,"+\/-":3.4166666667,"GW":110.0,"GP":12.0,"MINS":200.0,"FGM":24.75,"FGA":70.9166666667,"FG%":34.9001175088,"2P%":38.5288966725,"3P%":27.5,"FT%":57.9787234043,"PTS":65.0,"REB":45.75,"STK":10.0},"AdU":{"2PM":15.4545454545,"2PA":37.8181818182,"3PM":6.7272727273,"3PA":25.1818181818,"FTM":11.4545454545,"FTA":17.0,"OFF":12.0,"DEF":28.8181818182,"AST":15.8181818182,"TO":14.9090909091,"STL":8.0,"BLK":2.3636363636,"PF":18.3636363636,"Fls on:":19.0909090909,"+\/-":5.1818181818,"GW":91.0,"GP":11.0,"MINS":200.0,"FGM":22.1818181818,"FGA":63.0,"FG%":35.2092352092,"2P%":40.8653846154,"3P%":26.714801444,"FT%":67.3796791444,"PTS":62.5454545455,"REB":40.8181818182,"STK":10.3636363636},"ADMU":{"2PM":20.2727272727,"2PA":39.6363636364,"3PM":5.4545454545,"3PA":21.2727272727,"FTM":13.6363636364,"FTA":20.4545454545,"OFF":12.0909090909,"DEF":34.0,"AST":16.8181818182,"TO":15.5454545455,"STL":4.1818181818,"BLK":3.1818181818,"PF":22.3636363636,"Fls on:":21.0,"+\/-":7.8181818182,"GW":100.0,"GP":11.0,"MINS":200.0,"FGM":25.7272727273,"FGA":60.9090909091,"FG%":42.2388059701,"2P%":51.1467889908,"3P%":25.641025641,"FT%":66.6666666667,"PTS":70.5454545455,"REB":46.0909090909,"STK":7.3636363636}}