{"ADMU":{"POS":795.2481217928,"PACE":72.2952837993},"AdU":{"POS":793.1040523748,"PACE":72.1003683977},"DLSU":{"POS":930.513119817,"PACE":77.5427599847},"FEU":{"POS":893.6394922174,"PACE":74.4699576848},"NU":{"POS":803.9984034152,"PACE":73.0907639468},"UE":{"POS":787.8288194759,"PACE":71.6208017705},"UP":{"POS":832.9965199795,"PACE":75.7269563618},"UST":{"POS":833.7265114463,"PACE":75.7933192224},"League":{"POS":833.8818800649,"PACE":74.080026396}}