{"DLSU":{"MINS":202.0833333333,"FGM":27.0833333333,"FGA":67.1666666667,"2PM":19.0833333333,"2PA":42.25,"3PM":8.0,"3PA":24.9166666667,"FTM":13.5,"FTA":20.5,"PTS":75.6666666667,"OFF":16.0,"DEF":33.5833333333,"REB":49.5833333333,"AST":21.0833333333,"TO":18.6666666667,"STL":7.0,"BLK":3.5,"STK":10.5,"PF":19.8333333333,"Fls on:":19.75,"+\/-":11.8333333333,"GW":140.0,"GP":12.0,"W":11.0,"L":1.0,"FG%":40.3225806452,"2P%":45.16765286,"3P%":32.1070234114,"FT%":65.8536585366,"W%":0.9166666667},"UP":{"MINS":200.0,"FGM":27.1818181818,"FGA":64.2727272727,"2PM":21.3636363636,"2PA":42.8181818182,"3PM":5.8181818182,"3PA":21.4545454545,"FTM":12.2727272727,"FTA":20.4545454545,"PTS":72.4545454545,"OFF":13.3636363636,"DEF":30.6363636364,"REB":44.0,"AST":17.6363636364,"TO":16.8181818182,"STL":7.4545454545,"BLK":4.0,"STK":11.4545454545,"PF":21.3636363636,"Fls on:":21.9090909091,"+\/-":9.4545454545,"GW":129.0,"GP":11.0,"W":9.0,"L":2.0,"FG%":42.2913719943,"2P%":49.8938428875,"3P%":27.1186440678,"FT%":60.0,"W%":0.8181818182},"UE":{"MINS":200.0,"FGM":21.4545454545,"FGA":59.6363636364,"2PM":14.9090909091,"2PA":37.4545454545,"3PM":6.5454545455,"3PA":22.1818181818,"FTM":12.0,"FTA":19.1818181818,"PTS":61.4545454545,"OFF":10.3636363636,"DEF":27.0909090909,"REB":37.4545454545,"AST":13.1818181818,"TO":14.4545454545,"STL":7.4545454545,"BLK":2.6363636364,"STK":10.0909090909,"PF":20.7272727273,"Fls on:":20.0909090909,"+\/-":-1.0,"GW":72.0,"GP":11.0,"W":6.0,"L":5.0,"FG%":35.9756097561,"2P%":39.8058252427,"3P%":29.5081967213,"FT%":62.5592417062,"W%":0.5454545455},"League":{"MINS":201.6666666667,"FGM":23.7,"FGA":64.3444444444,"2PM":17.2888888889,"2PA":40.4666666667,"3PM":6.4111111111,"3PA":23.8777777778,"FTM":12.1,"FTA":19.1444444444,"PTS":65.9111111111,"OFF":12.7222222222,"DEF":29.5111111111,"REB":42.2333333333,"AST":15.4888888889,"TO":15.2222222222,"STL":6.9444444444,"BLK":3.1111111111,"STK":10.0555555556,"PF":20.2888888889,"Fls on:":19.9888888889,"+\/-":0.0,"GW":72.375,"GP":11.25,"W":5.625,"L":5.625,"FG%":36.8330167501,"2P%":42.7237781439,"3P%":26.8496975337,"FT%":63.2037144515,"W%":0.5},"UST":{"MINS":202.2727272727,"FGM":26.0909090909,"FGA":66.6363636364,"2PM":18.1818181818,"2PA":37.7272727273,"3PM":7.9090909091,"3PA":28.9090909091,"FTM":11.7272727273,"FTA":17.7272727273,"PTS":71.8181818182,"OFF":11.3636363636,"DEF":28.4545454545,"REB":39.8181818182,"AST":17.3636363636,"TO":14.1818181818,"STL":7.1818181818,"BLK":2.1818181818,"STK":9.3636363636,"PF":20.5454545455,"Fls on:":19.0909090909,"+\/-":-1.5454545455,"GW":63.0,"GP":11.0,"W":5.0,"L":6.0,"FG%":39.1541609823,"2P%":48.1927710843,"3P%":27.358490566,"FT%":66.1538461538,"W%":0.4545454545},"AdU":{"MINS":202.2727272727,"FGM":19.8181818182,"FGA":59.8181818182,"2PM":13.2727272727,"2PA":36.0909090909,"3PM":6.5454545455,"3PA":23.7272727273,"FTM":11.1818181818,"FTA":17.9090909091,"PTS":57.3636363636,"OFF":12.1818181818,"DEF":31.1818181818,"REB":43.3636363636,"AST":13.8181818182,"TO":17.3636363636,"STL":6.6363636364,"BLK":4.2727272727,"STK":10.9090909091,"PF":19.3636363636,"Fls on:":18.4545454545,"+\/-":-5.1818181818,"GW":54.0,"GP":11.0,"W":4.0,"L":7.0,"FG%":33.1306990881,"2P%":36.7758186398,"3P%":27.5862068966,"FT%":62.4365482234,"W%":0.3636363636},"FEU":{"MINS":204.1666666667,"FGM":22.9166666667,"FGA":66.0,"2PM":18.75,"2PA":45.5833333333,"3PM":4.1666666667,"3PA":20.4166666667,"FTM":11.5833333333,"FTA":17.0833333333,"PTS":61.5833333333,"OFF":12.8333333333,"DEF":32.5,"REB":45.3333333333,"AST":11.5,"TO":14.8333333333,"STL":6.0833333333,"BLK":3.9166666667,"STK":10.0,"PF":16.6666666667,"Fls on:":18.9166666667,"+\/-":-3.4166666667,"GW":42.0,"GP":12.0,"W":4.0,"L":8.0,"FG%":34.7222222222,"2P%":41.1334552102,"3P%":20.4081632653,"FT%":67.8048780488,"W%":0.3333333333},"ADMU":{"MINS":202.2727272727,"FGM":21.5454545455,"FGA":65.2727272727,"2PM":14.4545454545,"2PA":36.9090909091,"3PM":7.0909090909,"3PA":28.3636363636,"FTM":12.5454545455,"FTA":22.2727272727,"PTS":62.7272727273,"OFF":12.2727272727,"DEF":24.4545454545,"REB":36.7272727273,"AST":15.6363636364,"TO":10.6363636364,"STL":7.0909090909,"BLK":1.9090909091,"STK":9.0,"PF":21.0909090909,"Fls on:":22.0,"+\/-":-7.8181818182,"GW":36.0,"GP":11.0,"W":3.0,"L":8.0,"FG%":33.008356546,"2P%":39.1625615764,"3P%":25.0,"FT%":56.3265306122,"W%":0.2727272727},"NU":{"MINS":200.0,"FGM":23.2727272727,"FGA":65.5454545455,"2PM":18.0,"2PA":44.2727272727,"3PM":5.2727272727,"3PA":21.2727272727,"FTM":11.9090909091,"FTA":18.0909090909,"PTS":63.7272727273,"OFF":13.0909090909,"DEF":27.5454545455,"REB":40.6363636364,"AST":13.5454545455,"TO":14.5454545455,"STL":6.7272727273,"BLK":2.3636363636,"STK":9.0909090909,"PF":23.0909090909,"Fls on:":19.8181818182,"+\/-":-3.0909090909,"GW":43.0,"GP":11.0,"W":3.0,"L":8.0,"FG%":35.5062413315,"2P%":40.6570841889,"3P%":24.7863247863,"FT%":65.8291457286,"W%":0.2727272727}}