{"ADMU":{"POS":220.725685544,"PACE":73.5752285147},"AdU":{"POS":216.3272101449,"PACE":72.1090700483},"DLSU":{"POS":231.487785041,"PACE":77.1625950137},"FEU":{"POS":215.3924221499,"PACE":71.79747405},"NU":{"POS":230.2743143116,"PACE":76.7581047705},"UE":{"POS":216.8831770833,"PACE":72.2943923611},"UP":{"POS":226.346315621,"PACE":75.4487718737},"UST":{"POS":211.5747980769,"PACE":70.5249326923},"League":{"POS":221.1264634966,"PACE":73.7088211655}}