{"ADMU":{"MINS":600.0,"FGM":65.0,"FGA":193.0,"2PM":53.0,"2PA":121.0,"3PM":12.0,"3PA":72.0,"FTM":44.0,"FTA":80.0,"PTS":186.0,"OFF":39.0,"DEF":76.0,"REB":115.0,"AST":55.0,"TO":33.0,"STL":21.0,"BLK":10.0,"STK":31.0,"PF":63.0,"Fls on:":73.0,"+\/-":-39.0,"GW":0.0,"GP":3.0,"W":0.0,"L":3.0,"FG%":33.6787564767,"2P%":43.8016528926,"3P%":16.6666666667,"FT%":55.0},"AdU":{"MINS":600.0,"FGM":63.0,"FGA":190.0,"2PM":45.0,"2PA":117.0,"3PM":18.0,"3PA":73.0,"FTM":36.0,"FTA":45.0,"PTS":180.0,"OFF":37.0,"DEF":101.0,"REB":138.0,"AST":46.0,"TO":45.0,"STL":24.0,"BLK":17.0,"STK":41.0,"PF":47.0,"Fls on:":53.0,"+\/-":-5.0,"GW":30.0,"GP":3.0,"W":2.0,"L":1.0,"FG%":33.1578947368,"2P%":38.4615384615,"3P%":24.6575342466,"FT%":80.0},"DLSU":{"MINS":600.0,"FGM":88.0,"FGA":220.0,"2PM":60.0,"2PA":130.0,"3PM":28.0,"3PA":90.0,"FTM":30.0,"FTA":42.0,"PTS":234.0,"OFF":60.0,"DEF":102.0,"REB":162.0,"AST":63.0,"TO":58.0,"STL":25.0,"BLK":8.0,"STK":33.0,"PF":56.0,"Fls on:":53.0,"+\/-":46.0,"GW":39.0,"GP":3.0,"W":3.0,"L":0.0,"FG%":40.0,"2P%":46.1538461538,"3P%":31.1111111111,"FT%":71.4285714286},"FEU":{"MINS":600.0,"FGM":61.0,"FGA":196.0,"2PM":52.0,"2PA":141.0,"3PM":9.0,"3PA":55.0,"FTM":27.0,"FTA":42.0,"PTS":158.0,"OFF":43.0,"DEF":97.0,"REB":140.0,"AST":44.0,"TO":47.0,"STL":18.0,"BLK":9.0,"STK":27.0,"PF":58.0,"Fls on:":55.0,"+\/-":-19.0,"GW":0.0,"GP":3.0,"W":0.0,"L":3.0,"FG%":31.1224489796,"2P%":36.8794326241,"3P%":16.3636363636,"FT%":64.2857142857},"NU":{"MINS":600.0,"FGM":80.0,"FGA":218.0,"2PM":71.0,"2PA":162.0,"3PM":9.0,"3PA":56.0,"FTM":30.0,"FTA":49.0,"PTS":199.0,"OFF":48.0,"DEF":80.0,"REB":128.0,"AST":44.0,"TO":45.0,"STL":27.0,"BLK":5.0,"STK":32.0,"PF":67.0,"Fls on:":52.0,"+\/-":-28.0,"GW":15.0,"GP":3.0,"W":1.0,"L":2.0,"FG%":36.6972477064,"2P%":43.8271604938,"3P%":16.0714285714,"FT%":61.2244897959},"UE":{"MINS":600.0,"FGM":59.0,"FGA":175.0,"2PM":45.0,"2PA":113.0,"3PM":14.0,"3PA":62.0,"FTM":50.0,"FTA":77.0,"PTS":182.0,"OFF":31.0,"DEF":76.0,"REB":107.0,"AST":37.0,"TO":40.0,"STL":19.0,"BLK":8.0,"STK":27.0,"PF":63.0,"Fls on:":70.0,"+\/-":-20.0,"GW":12.0,"GP":3.0,"W":1.0,"L":2.0,"FG%":33.7142857143,"2P%":39.8230088496,"3P%":22.5806451613,"FT%":64.9350649351},"UP":{"MINS":600.0,"FGM":90.0,"FGA":196.0,"2PM":68.0,"2PA":136.0,"3PM":22.0,"3PA":60.0,"FTM":45.0,"FTA":77.0,"PTS":247.0,"OFF":40.0,"DEF":97.0,"REB":137.0,"AST":67.0,"TO":41.0,"STL":13.0,"BLK":15.0,"STK":28.0,"PF":78.0,"Fls on:":75.0,"+\/-":53.0,"GW":44.0,"GP":3.0,"W":3.0,"L":0.0,"FG%":45.9183673469,"2P%":50.0,"3P%":36.6666666667,"FT%":58.4415584416},"UST":{"MINS":600.0,"FGM":74.0,"FGA":191.0,"2PM":55.0,"2PA":109.0,"3PM":19.0,"3PA":82.0,"FTM":33.0,"FTA":49.0,"PTS":200.0,"OFF":29.0,"DEF":90.0,"REB":119.0,"AST":63.0,"TO":31.0,"STL":19.0,"BLK":3.0,"STK":22.0,"PF":58.0,"Fls on:":55.0,"+\/-":12.0,"GW":26.0,"GP":3.0,"W":2.0,"L":1.0,"FG%":38.7434554974,"2P%":50.4587155963,"3P%":23.1707317073,"FT%":67.3469387755},"League":{"MINS":600.0,"FGM":72.5,"FGA":197.375,"2PM":56.125,"2PA":128.625,"3PM":16.375,"3PA":68.75,"FTM":36.875,"FTA":57.625,"PTS":198.25,"OFF":40.875,"DEF":89.875,"REB":130.75,"AST":52.375,"TO":42.5,"STL":20.75,"BLK":9.375,"STK":30.125,"PF":61.25,"Fls on:":60.75,"+\/-":0.0,"GW":20.75,"GP":3.0,"W":1.5,"L":1.5,"FG%":36.7321089297,"2P%":43.6345966958,"3P%":23.8181818182,"FT%":63.9913232104}}